-- MySQL dump 10.13  Distrib 5.7.27, for Win64 (x86_64)
--
-- Host: localhost    Database: employees
-- ------------------------------------------------------
-- Server version	5.7.27-log

/*!40101 SET @OLD_CHARACTER_SET_CLIENT=@@CHARACTER_SET_CLIENT */;
/*!40101 SET @OLD_CHARACTER_SET_RESULTS=@@CHARACTER_SET_RESULTS */;
/*!40101 SET @OLD_COLLATION_CONNECTION=@@COLLATION_CONNECTION */;
/*!40101 SET NAMES utf8 */;
/*!40103 SET @OLD_TIME_ZONE=@@TIME_ZONE */;
/*!40103 SET TIME_ZONE='+00:00' */;
/*!40014 SET @OLD_UNIQUE_CHECKS=@@UNIQUE_CHECKS, UNIQUE_CHECKS=0 */;
/*!40014 SET @OLD_FOREIGN_KEY_CHECKS=@@FOREIGN_KEY_CHECKS, FOREIGN_KEY_CHECKS=0 */;
/*!40101 SET @OLD_SQL_MODE=@@SQL_MODE, SQL_MODE='NO_AUTO_VALUE_ON_ZERO' */;
/*!40111 SET @OLD_SQL_NOTES=@@SQL_NOTES, SQL_NOTES=0 */;

--
-- Dumping data for table `departments`
--

LOCK TABLES `departments` WRITE;
/*!40000 ALTER TABLE `departments` DISABLE KEYS */;
INSERT INTO `departments` VALUES ('X9JK',''),('3','0'),('ZD65','008V'),('60MH','08ADSK90R7TA8J7F1B'),('5','0VMJ'),('FU','1027'),('QK','11Z5WU5'),('D80','1848Q244M6'),('1R','1K9B7192931C56ZADG8'),('814','32'),('A8','4'),('7M','41'),('2T','5'),('2P','592K5OF0AD45'),('B','5BNIL10U9'),('N7','5X'),('Y5GG','648FJ9AGBQ7GY16Y4'),('X','6K86'),('78A','6W004GA'),('1374','7823H9ANM99OGB57T081J041U61'),('03','7I2OL8V7'),('E9DL','8LQ0'),('88','8YD5'),('158E','937ISU'),('A61','9DFL8'),('76','9Z26'),('6','CJU98056Q81'),('A89','E'),('5B2','H'),('3Y04','I69'),('50M4','J114IN5N5TX32M78'),('3283','J604NYT69A6'),('7','J6O3'),('80','JZC5016J29XU287N8G8H737987'),('S4F4','K'),('E1','K16G4H'),('8','KG0Z569'),('4U2V','M5186E4J63SE'),('2','M88'),('','NXVP6UL3M29'),('FSS','PU7'),('M022','QBV8D'),('W','UV'),('28IN','V'),('73','V1F47A95B'),('48KW','WA7S7'),('00','WCC9'),('H','WJQ6TV8'),('K93','Z'),('R','ZY88098W');
/*!40000 ALTER TABLE `departments` ENABLE KEYS */;
UNLOCK TABLES;

--
-- Dumping data for table `dept_emp`
--

LOCK TABLES `dept_emp` WRITE;
/*!40000 ALTER TABLE `dept_emp` DISABLE KEYS */;
INSERT INTO `dept_emp` VALUES (32545513,'1374','1991-03-23','1989-06-06'),(32545514,'60MH','1998-03-12','1970-01-04'),(32545515,'28IN','1998-03-13','1971-04-05'),(247293879,'814','1971-11-18','2010-10-17'),(247293880,'M022','2010-01-04','2002-12-14'),(247293881,'Y5GG','1989-01-06','2019-01-29'),(602646811,'7','1970-01-07','1978-06-30'),(602646811,'A61','2008-11-11','1996-10-01'),(602646812,'5B2','2019-12-03','1990-04-23'),(602646813,'X','2000-12-17','1971-09-25'),(602646814,'8','1970-01-12','2003-01-05'),(602646815,'88','1974-05-17','2016-09-14'),(817395176,'00','1987-03-03','1980-11-10'),(817395176,'A8','1979-03-07','1971-06-17'),(817395177,'A61','2011-01-30','2012-08-07'),(817395178,'A89','1987-05-30','1998-06-01'),(817395179,'E9DL','1982-09-02','1984-02-08'),(817395180,'78A','1979-12-11','1990-08-01'),(817395181,'6','1990-09-21','1971-07-03'),(1026851853,'2T','1978-04-15','2000-07-05'),(1026851854,'73','1970-01-07','2011-03-01'),(1026851855,'2','1998-08-16','1970-10-21'),(1026851856,'7M','1986-07-31','1987-12-05'),(1026851857,'5','2013-04-29','1990-06-10'),(1241600219,'FSS','1981-01-26','1990-09-24'),(1241600220,'B','1998-09-05','1970-01-06'),(1241600221,'K93','1970-03-03','1982-10-16'),(1241600222,'QK','2018-08-02','1980-03-11'),(1241600223,'R','1982-07-03','2007-10-31'),(1363127590,'FU','1984-11-19','2003-05-31'),(1363127592,'E1','2018-02-04','2004-07-27'),(1363127593,'X9JK','2012-04-19','2002-09-18'),(1577875955,'48KW','2001-04-19','2005-01-12'),(1577875955,'A8','2017-03-10','1970-02-13'),(1577875956,'4U2V','1982-07-26','1971-05-27'),(1577875957,'03','1975-07-19','1993-09-08'),(1577875958,'50M4','2001-02-01','1982-01-26'),(1915744138,'1R','1997-05-20','2009-11-06'),(1915744139,'76','1978-12-27','1986-01-10'),(1915744140,'N7','1972-06-15','1995-11-19'),(1915744141,'158E','1970-02-20','1984-03-12'),(2130492498,'3','1993-02-06','2011-08-19'),(2130492498,'7','2007-06-19','1999-08-09'),(2130492499,'80','1972-05-17','1997-08-16'),(2130492500,'D80','1983-01-15','2003-09-13'),(2130492501,'H','1970-03-29','1983-10-19'),(2130492502,'S4F4','2004-09-18','1982-11-19'),(2130492503,'','1970-06-24','1979-08-07'),(2147483647,'3','2010-12-21','2005-12-25'),(2147483647,'48KW','2003-03-31','2006-03-06');
/*!40000 ALTER TABLE `dept_emp` ENABLE KEYS */;
UNLOCK TABLES;

--
-- Dumping data for table `dept_manager`
--

LOCK TABLES `dept_manager` WRITE;
/*!40000 ALTER TABLE `dept_manager` DISABLE KEYS */;
INSERT INTO `dept_manager` VALUES (32545513,'1374','1970-01-07','1991-01-10'),(32545514,'60MH','1971-07-02','2006-08-13'),(32545515,'28IN','1971-06-16','1996-09-24'),(247293879,'814','1972-06-06','1976-10-09'),(247293880,'M022','1971-06-09','2003-04-16'),(247293881,'Y5GG','1991-08-23','1992-06-26'),(602646811,'7','2014-08-06','1989-04-23'),(602646811,'A61','2002-11-24','1988-08-23'),(602646812,'5B2','1990-12-29','1985-01-06'),(602646813,'X','2010-12-12','2001-06-02'),(602646814,'8','2017-11-25','2011-12-05'),(602646815,'88','1970-01-05','1974-08-26'),(817395176,'00','1985-10-31','1983-07-28'),(817395176,'A8','1992-04-17','2015-04-04'),(817395177,'A61','2009-12-25','1985-05-25'),(817395178,'A89','1970-01-07','1998-12-13'),(817395179,'E9DL','2017-06-24','1983-08-29'),(817395180,'78A','1970-01-03','2001-12-31'),(817395181,'6','2005-07-05','1970-06-25'),(1026851853,'2T','2005-02-17','1970-08-15'),(1026851854,'73','1993-08-14','2013-09-01'),(1026851855,'2','1994-03-31','1988-10-18'),(1026851856,'7M','1970-01-01','2016-04-22'),(1026851857,'5','2002-08-05','1997-08-16'),(1241600219,'FSS','2009-02-24','1970-04-06'),(1241600220,'B','2011-12-03','1972-07-11'),(1241600221,'K93','1978-09-25','2012-08-08'),(1241600222,'QK','1970-11-01','1971-04-14'),(1241600223,'R','1973-07-29','1970-01-08'),(1363127590,'FU','1970-01-02','1988-09-22'),(1363127592,'E1','1984-06-04','1979-12-11'),(1363127593,'X9JK','1983-06-13','1978-12-07'),(1577875955,'48KW','2005-08-11','1991-12-19'),(1577875955,'A8','1982-05-02','1970-01-07'),(1577875956,'4U2V','1975-11-17','1972-02-06'),(1577875957,'03','1998-03-30','2013-04-01'),(1577875958,'50M4','1970-04-08','1990-04-27'),(1915744138,'1R','1970-05-31','2004-12-29'),(1915744139,'76','1970-02-23','2008-07-11'),(1915744140,'N7','1972-06-10','1973-11-14'),(1915744141,'158E','2015-12-24','1992-01-23'),(2130492498,'3','1975-03-15','1972-04-27'),(2130492498,'7','1972-02-02','1987-12-23'),(2130492499,'80','1971-04-26','1998-03-16'),(2130492500,'D80','1970-01-09','1990-02-09'),(2130492501,'H','1970-01-02','1983-10-07'),(2130492502,'S4F4','1987-11-28','1971-12-06'),(2130492503,'','2016-07-15','1981-04-25'),(2147483647,'3','1997-07-05','1981-06-26'),(2147483647,'48KW','1984-10-12','2018-12-26');
/*!40000 ALTER TABLE `dept_manager` ENABLE KEYS */;
UNLOCK TABLES;

--
-- Dumping data for table `employees`
--

LOCK TABLES `employees` WRITE;
/*!40000 ALTER TABLE `employees` DISABLE KEYS */;
INSERT INTO `employees` VALUES (32545513,'1995-04-17','A9K25Y','73L','F','1972-02-03'),(32545514,'1981-08-12','6','916N679N','F','1970-01-03'),(32545515,'1970-01-05','J','18','M','1996-03-26'),(247293879,'1983-02-10','3S4PV20VB167A0','3','F','1970-03-06'),(247293880,'1988-01-29','1N9','M','F','1996-05-21'),(247293881,'1986-02-22','32','J','M','1970-02-10'),(602646811,'1975-01-16','6HJ','K','F','2017-03-08'),(602646812,'1970-01-31','UWH5L8N','3W','F','1971-09-05'),(602646813,'1979-05-27','28A1','71U','F','2017-05-13'),(602646814,'1991-09-17','52','C5B','F','1983-09-03'),(602646815,'1970-02-27','J20L3W','5DZS7F','M','1984-12-08'),(817395176,'2010-12-06','K18TQ71','1','F','2000-10-10'),(817395177,'1971-07-21','1Y5ZP9','8X093O5A8','F','1982-11-21'),(817395178,'2000-03-21','46ZQ2','','F','1983-03-19'),(817395179,'1978-02-09','UZJ72','H','M','1970-01-09'),(817395180,'2019-06-21','5S26','37Q','F','1976-01-13'),(817395181,'1978-06-15','925','K','F','1970-01-07'),(1026851853,'1972-07-03','4J8170','29','M','1985-11-30'),(1026851854,'2006-08-30','0C18','63','F','1994-05-09'),(1026851855,'2014-11-09','8','WZ0T3','M','1999-03-14'),(1026851856,'1993-06-11','4ZA9C75QXIS1','A9F','M','1970-04-08'),(1026851857,'1970-02-23','9','B6C5F0','F','1978-08-08'),(1241600219,'1990-04-01','Z','B0','F','1981-02-03'),(1241600220,'1970-01-14','23453S','C','M','2005-04-30'),(1241600221,'1992-02-29','EN','I98LY','F','2008-10-27'),(1241600222,'2017-03-14','L','88','M','2002-02-02'),(1241600223,'1971-01-18','0LF2G8TPV7P055','BH77H4A9G3','F','1971-07-29'),(1363127590,'2000-03-13','E7FA37P9V','629L','F','1981-12-05'),(1363127592,'1971-09-15','1E','7','F','1996-04-07'),(1363127593,'1986-01-16','019TRJ1FAP1S','Z539A01','F','1989-07-12'),(1577875955,'1976-02-27','R12','RQJI','F','1981-04-15'),(1577875956,'2011-06-16','5MU64S1LO','26G','F','1970-01-01'),(1577875957,'1971-10-09','54E9H','WAW9','F','1971-06-15'),(1577875958,'2015-09-03','T23','Y','M','2008-09-06'),(1915744138,'1970-01-06','P','','F','2010-03-11'),(1915744139,'1996-10-12','C','42Q','M','1987-04-11'),(1915744140,'1997-03-21','V','844','M','2004-05-27'),(1915744141,'1970-09-01','960HM','MI6H','F','1970-01-05'),(2130492498,'2003-02-08','A0CED','F','M','2013-01-05'),(2130492499,'1977-03-10','2MO7','6','F','1983-11-23'),(2130492500,'1975-08-31','2801','9VZ','F','1978-08-03'),(2130492501,'2016-05-14','C8','E0','F','2000-05-03'),(2130492502,'1970-04-08','45UE','','M','1989-03-25'),(2130492503,'1977-02-01','0D2B3VKHR0O','G','M','1993-08-31'),(2147483647,'1981-06-14','7Y96','','F','1970-03-09');
/*!40000 ALTER TABLE `employees` ENABLE KEYS */;
UNLOCK TABLES;

--
-- Dumping data for table `salaries`
--

LOCK TABLES `salaries` WRITE;
/*!40000 ALTER TABLE `salaries` DISABLE KEYS */;
INSERT INTO `salaries` VALUES (32545513,8197,'2010-09-10','1997-12-26'),(32545514,-607968000,'2015-09-15','1987-07-18'),(32545515,-49,'2015-09-16','2004-04-15'),(247293879,-1349122370,'1970-10-16','1975-10-13'),(247293880,-279696851,'1990-12-01','2005-08-14'),(247293881,-5621,'2010-09-15','2012-02-01'),(602646811,-248229729,'1984-02-25','2018-05-22'),(602646811,-652725614,'2020-02-27','2003-12-31'),(602646812,9,'1990-11-28','1989-12-23'),(602646813,52,'1989-03-04','1984-06-24'),(602646814,-1359489180,'2010-09-11','1970-05-21'),(602646815,-2111890643,'2010-09-14','1970-01-10'),(817395176,-1451344635,'1990-11-26','1997-02-03'),(817395176,-9544,'2015-09-13','1972-08-26'),(817395177,-352148126,'1984-02-25','1973-05-28'),(817395178,-716,'1970-10-15','2004-07-21'),(817395179,-1059516407,'1975-10-22','1992-11-22'),(817395180,-1497415048,'2015-09-17','1974-12-16'),(817395181,27,'1990-12-02','1972-12-11'),(1026851853,1334,'1989-03-03','1972-07-30'),(1026851854,-1792038578,'2015-09-14','1999-07-15'),(1026851855,0,'1995-12-07','1999-11-11'),(1026851856,-377981638,'1970-10-17','2004-05-24'),(1026851857,55,'1989-03-05','2010-01-24'),(1241600219,-334446344,'1995-12-04','2007-12-22'),(1241600220,-1701107507,'1995-12-05','2002-03-28'),(1241600221,-913543146,'1984-02-27','2001-07-26'),(1241600222,-1262714925,'1995-12-08','1993-06-29'),(1241600223,-4176,'2015-09-18','1970-01-04'),(1363127590,-1495667879,'1975-10-21','1990-04-20'),(1363127592,376,'2002-12-07','2011-12-26'),(1363127593,-600167950,'2015-09-19','2011-06-25'),(1577875955,-1568941220,'1995-12-03','2006-02-04'),(1577875955,-918980687,'2015-09-13','1992-10-06'),(1577875956,-892955930,'1990-11-29','1993-08-06'),(1577875957,-1063919768,'2007-12-13','1981-07-19'),(1577875958,-442965794,'1970-10-18','1970-01-04'),(1915744138,-68,'1990-11-30','1977-08-25'),(1915744139,-1087680962,'1975-10-23','2003-07-31'),(1915744140,-225391381,'1975-10-24','2002-12-19'),(1915744141,-811977915,'2007-12-14','2013-05-17'),(2130492498,-897662328,'1990-11-27','1976-10-22'),(2130492498,32,'2020-02-27','1970-05-21'),(2130492499,-1549389145,'1995-12-06','2003-10-25'),(2130492500,-911948206,'1984-02-26','2009-07-03'),(2130492501,515,'2010-09-12','1979-06-15'),(2130492502,-810932324,'2010-09-13','1991-10-17'),(2130492503,-207,'1984-02-28','2014-12-12'),(2147483647,32,'1990-11-27','1970-07-17'),(2147483647,-1920723951,'1995-12-03','1979-09-05');
/*!40000 ALTER TABLE `salaries` ENABLE KEYS */;
UNLOCK TABLES;

--
-- Dumping data for table `titles`
--

LOCK TABLES `titles` WRITE;
/*!40000 ALTER TABLE `titles` DISABLE KEYS */;
INSERT INTO `titles` VALUES (32545513,'MQDM44H','1975-01-10','1991-03-30'),(32545514,'9HGV4HLN30V54SO29L7292MP44G9NRJ01H114521I0SV3Q9H','1970-01-07',NULL),(32545515,'1ICEL192ONZYM','1986-07-01','1985-01-03'),(247293879,'81D3VAL56YV2VXRZ8KGQ8M6T2J1C9WWS4K093L2NKRXHV61OAB','1975-01-13','2008-09-10'),(247293880,'TE0A39OMUX8BF1P955D453X649D59609XDKJ5132','1981-06-24','1970-01-11'),(247293881,'PL3','1990-11-10','2002-04-01'),(602646811,'7RF2J2694E853','1995-11-14','2010-02-22'),(602646811,'P3Q602PY1L5EC6F23B4RU01ST51F351UX41','1995-11-14','1970-12-14'),(602646812,'0B5VI02389RR0KOD623UTI856H2US70I2Z01H76810','2020-02-27',NULL),(602646813,'S1C4363HFES','1970-01-05','2019-09-23'),(602646814,'O4TO','1975-01-12','1970-03-13'),(602646815,'0177834GP6OL641298913DQ66B896O0250BG3966O9069IZ712','1995-11-16','1979-08-02'),(817395176,'Q0','1981-06-22','1986-10-26'),(817395176,'V6M','1981-06-22','1989-03-30'),(817395177,'7RF2J2694E853','1975-01-09','2017-11-21'),(817395178,'WO45SNT4H3RE6UJ8KPU9181E4SX137512295T99X4N790H0011','1986-06-29','1970-01-05'),(817395179,'6IH9','1990-11-08','2009-10-01'),(817395180,'60BF2C','2009-12-13','1979-05-17'),(817395181,'81620HSCJ2A81','1975-01-15','1988-03-04'),(1026851853,'50B8B1DM6CT5C84DVQHIS57Z5KM39X159D','2015-06-21','1974-01-21'),(1026851854,'2','2010-06-18','1997-11-01'),(1026851855,'B0U3R0DOKRR074TRXC9467UOND3X62U5','1970-01-06','1980-11-19'),(1026851856,'14619LD71NTF99J68DG168HG','1970-01-08','2012-09-21'),(1026851857,'QA8345OJTV32VYV4VKF53615VCN7S73P','1970-01-09','1974-08-01'),(1241600219,'A22OD1H474409I0X66KG5J7U1UX1S','1970-01-03',NULL),(1241600220,'L5D07WIFDRQ5JZRQ2UF79','1970-01-04','2015-03-19'),(1241600221,'4JOSEZEF4CK86EDHN8XZ00T86T2NBT5O9','2010-06-19','1970-01-26'),(1241600222,'77R970G2UHQ358NZ7OHCX25FVMBG38721ST7GL35JP8W661WJX','2004-12-06','1976-01-30'),(1241600223,'2RY2329J1IYM13XZ10987421596EBO06P9HB7','2010-06-21','1970-03-29'),(1363127590,'M1CVHS7W13363TXY9UP105HM6','2004-12-05','1986-06-28'),(1363127592,'161','2015-06-23','1970-11-26'),(1363127593,'02P67HRR646Q91UP13IU2','2004-12-07','1998-08-17'),(1577875955,'SUG9SMM68WF7896F1787O09UYIMRHZ365GK991AGUV59978SXW','1970-01-02','2011-06-01'),(1577875955,'V6M','1970-01-02',NULL),(1577875956,'2QG669YM40Z','1975-01-11','1993-11-21'),(1577875957,'OT8L0LY3C42K50HJPQM1YJ31P80','1986-06-30','1985-12-22'),(1577875958,'40','1990-11-09','2004-01-08'),(1915744138,'7H6RQB0F9B487','2009-12-12','1971-10-10'),(1915744139,'D5ONQGM7Z50H2EAT2','1975-01-14','2008-12-11'),(1915744140,'','2010-06-20','2009-05-07'),(1915744141,'7I25YO84FKR8XQN3345GK98VAT','1981-06-25','1979-10-24'),(2130492498,'4AN2B3M8652SUG95VVIQY93H','1990-11-07','1970-01-03'),(2130492498,'P3Q602PY1L5EC6F23B4RU01ST51F351UX41','1990-11-07','2015-03-07'),(2130492499,'EC022KWNHZ2B480VE8','1981-06-23','1970-01-04'),(2130492500,'0Q81B2OK48500AW61W636Q7405607UUXIL0','2015-06-22','1986-12-20'),(2130492501,'AL0U919W83A2ATXIN3HN9ZEA4ZK76OUE0I07P9354739RML287','1995-11-15','2005-04-02'),(2130492502,'QUV41J2','2015-06-24','1987-06-25'),(2130492503,'24W0O24SKY6ZUQ16K25E92D','1995-11-17','2017-05-07'),(2147483647,'4AN2B3M8652SUG95VVIQY93H','2009-12-11','1975-10-29'),(2147483647,'SUG9SMM68WF7896F1787O09UYIMRHZ365GK991AGUV59978SXW','2009-12-11',NULL);
/*!40000 ALTER TABLE `titles` ENABLE KEYS */;
UNLOCK TABLES;
/*!40103 SET TIME_ZONE=@OLD_TIME_ZONE */;

/*!40101 SET SQL_MODE=@OLD_SQL_MODE */;
/*!40014 SET FOREIGN_KEY_CHECKS=@OLD_FOREIGN_KEY_CHECKS */;
/*!40014 SET UNIQUE_CHECKS=@OLD_UNIQUE_CHECKS */;
/*!40101 SET CHARACTER_SET_CLIENT=@OLD_CHARACTER_SET_CLIENT */;
/*!40101 SET CHARACTER_SET_RESULTS=@OLD_CHARACTER_SET_RESULTS */;
/*!40101 SET COLLATION_CONNECTION=@OLD_COLLATION_CONNECTION */;
/*!40111 SET SQL_NOTES=@OLD_SQL_NOTES */;

-- Dump completed on 2020-02-27 14:02:28
