-- MySQL dump 10.13  Distrib 5.7.27, for Win64 (x86_64)
--
-- Host: localhost    Database: chinook
-- ------------------------------------------------------
-- Server version	5.7.27-log

/*!40101 SET @OLD_CHARACTER_SET_CLIENT=@@CHARACTER_SET_CLIENT */;
/*!40101 SET @OLD_CHARACTER_SET_RESULTS=@@CHARACTER_SET_RESULTS */;
/*!40101 SET @OLD_COLLATION_CONNECTION=@@COLLATION_CONNECTION */;
/*!40101 SET NAMES utf8 */;
/*!40103 SET @OLD_TIME_ZONE=@@TIME_ZONE */;
/*!40103 SET TIME_ZONE='+00:00' */;
/*!40014 SET @OLD_UNIQUE_CHECKS=@@UNIQUE_CHECKS, UNIQUE_CHECKS=0 */;
/*!40014 SET @OLD_FOREIGN_KEY_CHECKS=@@FOREIGN_KEY_CHECKS, FOREIGN_KEY_CHECKS=0 */;
/*!40101 SET @OLD_SQL_MODE=@@SQL_MODE, SQL_MODE='NO_AUTO_VALUE_ON_ZERO' */;
/*!40111 SET @OLD_SQL_NOTES=@@SQL_NOTES, SQL_NOTES=0 */;

--
-- Dumping data for table `album`
--

LOCK TABLES `album` WRITE;
/*!40000 ALTER TABLE `album` DISABLE KEYS */;
INSERT INTO `album` VALUES (545139,'375M54',2291219),(545140,'DXG4M0URM6UI',3291216),(545141,'630QHR78VAERTYKRW042M8501XSUXFPFOWZHEQ0I',8530083),(545142,'PG51',8530085),(1545139,'D76X',2291212),(1545140,'5W4CL4223',8530086),(1545141,'HG4VX7L5HK9MB',507083),(1545142,'2V4JLQV7247V3J',7829903),(2763071,'',2291213),(2763072,'474I0WHSO7SGD3428T1A',8530084),(2763073,'P99YDM6IRYMCH7C658YJL4H341LZ40TC5',507082),(2763074,'YC7VSH1D11M',8530083),(2763075,'UVB3IY53MQ',6829901),(2763076,'O9T',7829900),(3763071,'00A848KWUQ74',8530085),(3763072,'I7H',9530084),(3763073,'5Z',5045097),(3763074,'C7PG5N4YS7F6ZIXT149K942QUZ6N3G7632CLG33C8EE2IX4I0Y0K497DCR6OD39KL119WC3GA38F290RHP58SXI1W66OIN82PZ672ZD41GMFJ5X131S5E68A803V45F97UC0PS35C8V922V59AHM56V5XSII8933',507082),(3763075,'37NG8KK9DQSDML1X2QY1446AH1PC228921LT0892EZ',3291215),(3763076,'L2Q8T42UC16NI2B88LR1KQ62896IH2E448AH0P53M9',7829903),(3763077,'QNELA4',2291213),(4242856,'3NO40JEX3LQ8SI15W4575I527TR7',5045095),(4242857,'0E85J6W',5045099),(4242858,'6JXJIE33671X1SYAN31Y62537MI7W',8530086),(4242859,'OW5W9H7W01EWCTQ3Q06829O6NJJ937LQX4M9S3W',5045098),(4242860,'KS9O657P92URTVWPH8KAOZYD366HMZWUOJB4ND1NLQD83TF2NY',4045094),(4242861,'',8530085),(5242856,'T',1507083),(5242857,'1M5U1V6N9SG2NVDS533QY504HS12T6S09DCX7JHN4N3USVKCUE720Y0',9530081),(5242858,'777F2SB0132F9KMA04',7829902),(5242859,'KJ88AJ71118K9291CAK98MAKR327GX76O30515FR6V21US4',7829901),(5242860,'WC9LS7150185VP7',3291214),(5242861,'LH8A4NPRE1UI452ND875OJHB69A88HR3JG09I42',4045094),(6099922,'KCZD65Y4N545K4X0R7Y67CRQ',5045096),(6099923,'F3CLW0U217ZX2J9SXI353FTIF7UNCF2699889L207Y4F2D3O6EMT4PK3WWC2IIR6GOGUM54SAW41LO0UKL5814IX1O71ZC96A98Z8S9IGU6O50U1IAA',507083),(6099924,'',1507084),(6099925,'U0Y3417YNW0V52D7S186131E2HS3W176X29J36NM8WW0G18K2PNX3LE42K573AD99653G5WLZ3T58W9P34',5045099),(6099926,'A30OLKM537RI1VITOZL0564S6R4O0R372SJ3Y0LO4',9530084),(6099927,'54Q25CW0SLCCQC0HRL1714T2MIL722I50484GHYA1ECB5F5A2SR5YRZE35C9VPX59D2CFTKM',1507084),(6099928,'5272SM30561B982TEVCKDC8',7829903),(7099923,'XN059MTLU99367KD9216JD8VU80I57QU41H49',2291217),(7099924,'367J68H58J9493Q4',9530083),(7099925,'',9530083),(7099926,'5',8530087),(7099927,'ZUW8L',4045096),(7099928,'B7DEQACWB5S9G8U342G5619474919313O276303QC6432RI1U79A0T9Q9HQHB9N79FQ1BCA587X58',4045096),(8757886,'08Z2QAPB10YC4V5350WU',8530085),(8757887,'6LV8B3T9Q5KCEZJ3CX2I26706L44J19GEK459699YX9M0NLLEU86CS1L3TE5SZ899A0S24Q6CX03BGSY',9530081),(9757883,'E9DL2Q507C0262787',3291215),(9757884,'5ML6QB4922R6EGRC1J5TUCI1D',9530081);
/*!40000 ALTER TABLE `album` ENABLE KEYS */;
UNLOCK TABLES;

--
-- Dumping data for table `artist`
--

LOCK TABLES `artist` WRITE;
/*!40000 ALTER TABLE `artist` DISABLE KEYS */;
INSERT INTO `artist` VALUES (507081,'WC'),(507082,'ROW2DRZ2005J0YK'),(507083,'A3T642GTLZ'),(507084,'G95P9'),(1507082,'1N721'),(1507083,'812N66M598NQJG099D79P747Y00T217LY27CG10112I5741'),(1507084,'LC97131EY1ZL9QR6322N9UC8EGJY0KS6020NS9433EMA5UB0BN81'),(2291212,'C04WA7S70'),(2291213,NULL),(2291214,'N62J'),(2291215,'S7U1LCSGK2CH698W937ISU648FJ9AGBQ7GY16Y4'),(2291216,'FSP47PVU'),(2291217,NULL),(2291218,NULL),(2291219,NULL),(3291213,NULL),(3291214,''),(3291215,'R011HR8810360F607A'),(3291216,'NXVP6UL3M2L2CE68XAU3V20D14NWAPL04NYT69A6008VA8N54161HNA0WS7Q9UI25M73LS9PY75I922893D25Z'),(3291217,'K7BAK65OPSO74NO2ILVK7BQ59K'),(3291218,NULL),(3291219,NULL),(4045094,'4AX9VZ977W7P3MJF68W4CGXAQ5KUB5GU2G0MM4OAUQI06ISX316J6DST11Y7VRR35IZ0FQ9K621K9846QR97JS4GP37RZ7K2L85'),(4045095,'KMJ45Q6KE3KZ4D'),(4045096,'KBOCNBSC62352F9D'),(4045097,'39W2V12X82K9'),(4045098,'349W'),(5045094,'98Y0TCG9S67X89G0N4C5YM0I6K31V0688'),(5045095,'7313WR1O'),(5045096,'UV53LFNZ952E622N1WXI7GM39AMP50M'),(5045097,''),(5045098,'8TS38M8L25Y9YJ2G98TJ'),(5045099,NULL),(6829900,''),(6829901,'UFQ6TVQV3'),(6829902,'U2117L42R0WF73'),(6829903,NULL),(7829900,'J6O39DFL85'),(7829901,'XU287N8G8H7379871K9B7192931C56ZADG818DQ16QY1OU1GE6YL0K5B08C75Z7903Q1P3RMQK'),(7829902,'4M46S3B0P0ZB1RJ8X545D5K8HVZ764159Q1S'),(7829903,'6HUY36OKBNTNBR0DTY2BU14OD317TT5WHV8M158VLMMMR9CMQ45V07C276386A8QFR8'),(8530083,'PU77823H9ANM99OGB57T081J041U61102E0E'),(8530084,'942N'),(8530085,'8VP26XB046O7'),(8530086,NULL),(8530087,'J45'),(9530081,'V1F47A95B5BNIL10U9M5186E4J63SEJZC5016J29'),(9530082,'Q4T'),(9530083,'645N'),(9530084,'397K2S51L');
/*!40000 ALTER TABLE `artist` ENABLE KEYS */;
UNLOCK TABLES;

--
-- Dumping data for table `customer`
--

LOCK TABLES `customer` WRITE;
/*!40000 ALTER TABLE `customer` DISABLE KEYS */;
INSERT INTO `customer` VALUES (84524,'','X2706O1H','728N9C8Q0U4MC7NKHQLQV0U','6676B86D65KW2A528B6D07134H',NULL,'P','863S3L5G','','9S','0','314H246FJZ85K3',NULL),(84525,'1870','','HWM7YNC7G0TN4ZR1E1RU48YVJ1LJ7V5LST6RUH','C52AB','0212L8S2ZNTNLK68WQ5','75769R','55105V','2081B','3','N2R788Z0DHE','53I2R8Z31XF8L',240589),(84526,'3N37','57LECZ8',NULL,'','HNA','U1366',NULL,'0DJ','A22OD1H47','0F9W','3CC782BQP438D77E5DX096J3SNGI9105U1C528Y',1240588),(1084525,'9F0','0B','874631M1E70PZ1415A7F2701W2RUOW87T66HKE032F2GN8Y9F9','U187AWC4LE0JN6056U7CBX5708J012CY181385K4U7K8U912','90A1UZJ72','05YV','1GP80Q1S','38U0XO8RM9','RF2',NULL,'JG',9873289),(1084526,'HJ1','2Z',NULL,'JS1S85MVQQB','320D2B3','619',NULL,'2271HUHR9O','7Z5KM39X1','','V1H78T15HL7PQ81OOX30Q8HU6U50EZL1N8MX0B4Y4286J66799X94040WW8N',240591),(1084527,'','5E5T0',NULL,'GNO','EPR','','','CD7KO3LLNB','09I0X66KG5J7U1UX','9','',1240586),(2179551,'JK','W','7782C8B87X1465AOEX9BT4SCUB3L183RVH4S','LQYL88117Q372601G65E8G7Q','K18TQ71R12','1Z','3',NULL,'Q0V6MSUG','81K2708','7UF5D851DK746KNPDJN74QR3F1LIVI81BQ8GF2EP',2533930),(2179552,'0499C3L1XC','3','9W09IH63MN2C',NULL,'6A0C','','7',NULL,'UY','A1','84U353V',2533931),(2179553,'83','9YZ','FP3MW1','91575L5C175HAO','P94','VZ6H71UHWAW9C5BW','1',NULL,'','IV08UG26Y9KX','8W9C7TD55TWXZ00Z5MLPZ3T9Y8SC9862VNHSW6116269',5472940),(2179554,'X','2',NULL,'H','TZ768','4418Y8837Q5DZS',NULL,NULL,'','','',9873288),(2179555,'RPBC50SNUKX6','3',NULL,'','5','3','212L',NULL,NULL,'','QIL6F419453EVYU51',3533929),(2179556,'PF','X','','1Y3FPFU7W9LDI24O63F9W6','B167A','63OFY0I','099J','0E7D','',NULL,'O6W89K26O44XR11MC0M2A5087AKSCM931L5M7W64W8G880PZF86MNI70BNRP',4472942),(2179557,'UC','90Y4FBND46','R007Y68YR89Y','G316B47VJ7NJBZ3F1TPXE5HZ',NULL,'4JG4324ER2Q','6V1344PI3EX6LAER97','E91C',NULL,NULL,'54355',5472944),(2179558,'10','9','24FC4H73J22W8953JQS49MU67J163',NULL,NULL,NULL,'9Y3E5V','UA9',NULL,NULL,'303POVH21J08015VL66ZV7F54W9FV8TAAF5WUDH314OX0ZB43',3533930),(3179552,'1','VS83M9','43GV82IUATN3NYNB1J84','C3S3F416651XAOA8GLX3094','','9U3B3F1RQ',NULL,'F2','MM','VOK80VQ9','M050',7042967),(3179553,'','BR3',NULL,'','ED6H','JI','1','30L4','IMRHZ','WHF157','8',NULL),(3179554,'','KD3625J','393JM7E1D2C2X0MP2V9LF89T7J99O5URS798EPL4','FG8AII80JSG550TPQT0OP5Q4K6M8659Z5X9BLA3076Z553MDY3YPT6XDW722',NULL,NULL,'3W','','3Q60','Z4W71','E3H4JB2Q0EOD19Z',NULL),(3179555,'YC568N45PIGRU7X','O21R4','O590K0460J77J2H384YV692S','3S516HVJ587PAAC4CFSF4VO1Y01S2K8U7B3','','','','','0','8','6X7LA9YEUP6A',6042965),(3179556,'G2','RUA2T06','7P5M1496N3HQZZP462','11O574824031PYM','3S4PV',NULL,'3',NULL,NULL,'','60C7HB0WTBA8X597H0A4M5QD56GI6',1240586),(3179557,'39','GXQ7','4POW4T0241A6PT','B56212G0H16BZIQ8D0N0RUGO8Z6DI60T55YD8ZY7U4D54J3935J52','VKHR0O019TRJ8','','1F8N0V',NULL,'D','X88A16HVEH','PAGUPE3PU1Q',2533929),(3179558,'5B4C8B2C','E0ML5NP19',NULL,NULL,NULL,NULL,'','896',NULL,NULL,'5G5',240586),(4207529,'0846YQV498J6','2','EF897LN7YI2452P541O3FO44',NULL,'J','Z0','0977UF','WTKDZ3176T','65GK991AGUV59978SXW08F3','98K','SH36Q38P4RQESL1VCJ2CRTKKF132167B4TVZG4T18XG7E3950TZP3IXI6PA7',6042966),(4207530,'G15W8I1','HH72T2XN','695B1','7J82SP','','','0T18O998','VU',NULL,'U2T','BGK764',3533931),(4207531,'B720206WQ1','7K07OP0','','W7L3XC134BB8T11O24FQBN7B','','7FKB6C5F0BH77H4A9G',NULL,'2W7','2','MMTDCRO535B871','Y25963W140IZMSPTY',4472940),(4207532,'3','A2','5ZVA408M0BP590Y0118H7B6SG0646YL3C2X5UW6V72KS091E860F',NULL,'VR6K5V','DEW8','','','5',NULL,'7Q16XTIQ58',8873292),(4207533,'7PA33Z2C1K7Y0EJ7','26','','3904514M649K3QGA6H9TVXVW8UNJ52844E8036F5L59S5W','8','9J','','YDT256','2694','91POY53L6147','3K26O3O035695B4908RF3WVYL',5472940),(4207534,'0Z0PZ47CCJB','2W46LGJ','C7TFP8J4K90','19H8S2L0T4J8TCGG0OESFCXV1I',NULL,'0FE1292780WI72CG85PC','KB9','','59','6M','019D4XCSI549JU33CT503953N8DJFNV43W02',9873287),(5207530,'43A80W2K742SJ','','363','AS1MN4DEW0OB68ICR2K40959KJEU1619QRO84ZFO847H10EM56915MIM1PB6389IM8O081','4J','916N679N42QI9','T705H','N8SV9',NULL,'W7F1W9','KS4',1240588),(5207531,'B','1N63','I','HL7F9S7D','0V',NULL,NULL,'55PT39KK3M','PY1L5EC6F','33D','28127R5MQ49I459ZL',4472942),(5207532,'B','62','KTJM2Y0GRPI32O53IPM4L53F0','1O','79DT3T6IDJ','6HJGZ539A01J','','5NWW3','1ST51F3','77SI8','X9LW8MMN7RLVYB01XP0CNJ7',7042968),(5207533,'XZ844H5357Z68670F2BB19ZP','B5861YB0','47BWRVNT','Y3M85Q848S82FIU089FH0V5TBLF15903I63RC5LB8W6NO55ML6U591PW76H4D4DD1XA0','4E9H52','22N90HL','6','5J6','J',NULL,'I2D0EX7E',3533929),(5207534,'I3','4JF0O','4P','J1M4M2006TI','75R1S9KU960HM',NULL,NULL,'1J','C84DVQHIS5','Z','7',5472944),(5207535,'XS5YG8IO','23R4S6C','',NULL,'FRASSGZH',NULL,'M','SU4XUUQ2',NULL,'4049B8','50Y938DH618UVA505HYQ45RN345T',5472943),(6584179,'3Q6','5','HLB10CQ2QW1R6XV9NDBN5MQNA6N','Q2D16150MEGZTJ5Z2RLH1U1CY9MLQ6A7F1J816R2OS09X1EXGIN1I62B129PWJ9T16F6Z4','Z','L629L3W63C26G8ZY369','018K47L63LFI1','44',NULL,'ZI','045BZO818K2VI14IL7SI',8873291),(6584180,'ZC4','9T','V7','P6UFY190178OC16',NULL,'8LYA9F7','465KL',NULL,'2','K65Z','5649T15T87T88Z9VC79DM7F20F30R981',4472942),(6584181,'','D',NULL,'','ITG9172L','N7T954',NULL,'YBJ9','1UX41','P3ST','U6IT409217K680RE5OM73C',NULL),(6584182,'E56S94S7QQ7S00','5492O3GB',NULL,'JKB5ZQD96JC7A9928FA0X32G2U34L2X0FY737I147J3663BNRD98O3LB6E864OBTT1','T2345UEL','',NULL,'17K','','M','K0F1V1',9873287),(7584179,'E7UKXI02','3P','2NH3VM9EZI41K362YHCZ','8D9AX','7Y9',NULL,'','01D447HK9','68WF7896F1787O09','IP','2AR',5472942),(7584180,'UH','Y171','23','1U','8170','T3','85CWN90','D','X32X28EUG','98T12X','563WDORJ4FWJ4S',4472938),(7584181,'9D2V','2GL','',NULL,NULL,'3MI','1H6PP5JI','183X','3B4RU','IOOWU1Z','1',5472942),(7584182,'','5','V2MR0Y2JGEF3V3G9','L1OSLI0Y0T4U997','','7YLLUL7S11W70SQ2H63F493ZGU1P','8UOX',NULL,'7',NULL,'G018Y',NULL),(7584183,'8X3','S','WF0BI0V5290585011ZSUYD093EQ7OKT2HKIPL93SY',NULL,'','LG1911RS55U9','','GIPP58B758','1SMQDM','960B','9Z5P3NA4T36L906TL1V',9873288),(8349396,'K9W61M31M','1PXB7','VHZP9YU39YN','','ZA9K25FD2356R3IKV7PC6AW','3','1I0',NULL,'95VVIQY93HP','YJ2','46L767CP75WR6V04U6764415896K3',8873289),(8349397,'D3W','1406','3RJJ2S3U5C35S3R33I2P756H6QY16A0439Z6ED29H873DP1CYX6IXLH5407LOQG2','3RQ3O32IMUI887ZRU7C6SA0MZGG82','2MV','UIP7G72WBT7','HA','6WB8B','E85','','H2E9X1R73ZR',240585),(8349398,'U2V4','Q1X','X',NULL,'5S26J20L3W92590LF2G6','PRJJT33JS9CR440N8WZTL4','BN','','B1DM6CT5','2NL02','MT0FLX0F0467X8UM41GCC1',8873291),(8349399,'NSYJI7JTB7S3S2','87U','',NULL,NULL,NULL,'','2',NULL,NULL,'6JSI34',9873289),(9349393,'DT3589R8A','BMO0MN8A','','6T','J1Y5','FK8X093O5A829B073','J8','','3','T6','A2',4472940),(9349394,'DTB','66',NULL,'Q17CWFERKAG495329Y2PW',NULL,'E0M8','Y93FG6EG39','','',NULL,'',240587),(9349395,'92V','P5V71','9','M15F24PV4380603C5','811N9VJ',NULL,NULL,'','50B8','','',1240591),(9349396,'9','9','554Q94WEYRCB775K170K3TR4G21Q24FOANIJM','N','9AEA0779D6','67Z85','5T2','AG','44','152FMZ99','5YMOK6Q60LXG3QX5RM48CESA3WB00Q2',4472941);
/*!40000 ALTER TABLE `customer` ENABLE KEYS */;
UNLOCK TABLES;

--
-- Dumping data for table `employee`
--

LOCK TABLES `employee` WRITE;
/*!40000 ALTER TABLE `employee` DISABLE KEYS */;
INSERT INTO `employee` VALUES (240585,'01','4W4I7EM0004C','A9U',1240590,'1986-05-14 17:35:30','1975-06-29 09:32:56','3H6RH','83681CXK01Q3T57ES66XPX3RD27VCH57HYOF9V66','Z16','HO',NULL,'38P281','I0QP302',''),(240586,'2DW','G3MX83','F',1240586,'1970-01-01 00:03:03','1970-01-01 00:07:56','309DUBAZKS64UXEM6NLZ0BS38U8K93QQ232M364UD9TIZI72H1D','218','9IY3','08NG19O','HVQG4','AV0','T','V2D236097F82N02Y968'),(240587,'','YZHEC','',NULL,NULL,'1970-01-01 00:00:09',NULL,'84J2','1','Z92II','','B6','7486','7G0W0F7KZ73ON3G04UF4081O31DF8J1P85MFY0BZ7LC'),(240588,'02','K6',NULL,1240590,'2016-01-13 03:37:35','1979-04-21 17:20:18','','MXQ45','DY8H048','','93RVU5','77','','Z25H59GF88L232K412ILI8OBF5N835N535NOYCK4YC1X6AL2HWC01370XT8U'),(240589,'CRU0V','49N','2G',7042967,'1970-01-01 00:10:28','1999-04-19 04:20:27','7MP2FVGGI70H0W43F99717BEAXJ696I3IE4HRE1HB7458568ZZH8Z5','3L9C5','W1M1XK77','','EP3B6XC3D6',NULL,'','7UL9NDHL4'),(240590,'42','RH','54U',7042968,'1994-12-15 23:53:06','1992-09-17 12:18:48',NULL,'3','6498X14','625VQ8','8949','','','X5'),(240591,'S613O','N7',NULL,9873290,'1971-11-11 14:36:35','1970-01-01 00:10:07',NULL,NULL,'','P','',NULL,'','5C7KKF8HBWE69WP2P0YZ37Z4U6KOOS11519D78BE9'),(1240586,'80','RN5K','JDQSM8',9873289,'1977-02-11 20:14:20','1970-01-01 00:07:38','P67B8','T26ML','G4XIEMCD6BPH61I48NR1','3I','','N7','5Q1QJX',NULL),(1240587,'DPB','TX','PT183H1KQ',3533931,'1970-01-01 00:00:24','1970-01-01 00:09:46','02C5N951SL3R059AJB7F6009FQK80K4G87X747Q1','ZB0E',NULL,NULL,'V','','41LGX2','413SHEB24HP109I7ZDUE4PT3O36016S8'),(1240588,'63','','060P85O',240586,'1979-07-29 19:43:20',NULL,'ORMK','77RK3','',NULL,'2Q4W','H','9GJSS6MF','B'),(1240589,'9212W','QY5X8','8H69ADVS5B43',7042966,'2000-02-14 08:03:57','1989-11-21 05:07:18','X81R0IG46037C4RR1QNZDZ05J8','Y1WK5HF8','E62QA3','A3',NULL,'4OD87',NULL,''),(1240590,'8J','FS914Y240','D59X5W',7042967,'1970-01-01 01:48:41','1970-01-01 00:01:33','Y0F25KBSC3WJR1ASWW705MTG2UE49093RA126U657C3P600Q2NQH854Y8S22J9','56J9G8T2','W33P49FMF',NULL,NULL,'I22','',NULL),(1240591,'3','0','',1240587,'1970-01-01 00:12:49','1970-01-01 00:01:07','3BC1Z67F0HU840','K2T','0JH0R','Q4DVLE6VW3SQS08TF83E36V5YVY4U5D4','0YN8016KL','7R0D7',NULL,'5L760MUZUEP9SB3UNA746D'),(2533928,'','Z3X5','YE',NULL,NULL,'2011-11-18 08:34:02','LC62EJKP3','','QN','3','H24A9S','M','02AS','6G'),(2533929,'5','KY','0O24YU5TZ451XPK814R04',2533930,'1988-05-21 18:12:26','1988-01-13 19:46:15','PB06462Z3','',NULL,NULL,'229L3','4601K5','SU2TQ12G',''),(2533930,'3','G',NULL,6042966,'1970-01-01 00:00:10','1970-01-01 00:00:05','',NULL,'5D86',NULL,NULL,'EZXS30','D4C',NULL),(2533931,'7U','F','',7042968,'2008-10-25 06:01:42','1970-01-01 00:00:09','7WB0QI558OU115AK69332B41003J8Q8ECC','AL','X','A030A','T','835','VN','N3P1CC1YOB62579LMYZ0EPDB86R6326EV5K3K6TOE1K45'),(2533932,'','Q998O','W',NULL,NULL,'1993-10-05 19:38:40','KP08','8626897RCA3Y','4327PAL36','K5','EJ3','R73664124D',NULL,'X2TLPL02OAL7JNES99RSU24JEK7WS6U1XHTQZ293K1T55X7X9741WJ'),(3533928,'GD','0P0','79',4472942,'1979-08-23 09:29:22','1970-01-01 01:51:14','N','H7I2K','6P4674GS4','864','J','U58','1','9YSKDPKY29IZ'),(3533929,'2D516QOH','TY6H2','8X8',8873291,'1988-04-16 01:04:03','1982-10-30 03:29:03','I41UICPM7BHMAAP3169S3ZL8W7IA41JM675C3ST8B1T16','5O7','794','4Y2','2N7OMS',NULL,'51X667OW002',''),(3533930,'S','P5TL','P',8873290,'1970-01-01 00:49:10','1998-11-22 09:31:00',NULL,'1PGNQK1F1N44S51VMIKC14S4QS',NULL,NULL,'BWM2',NULL,'K5','TZC770FJ44H9M6'),(3533931,'O','8HKYN','7',3533928,'2002-07-08 02:19:21','1970-01-01 00:15:51','ZYII34','4UD',NULL,'','','CQ','M1P34NQ','OA6BZ18ZC2WL512Q4U8TK8T263DPA5DAWH2469YF9C9A109XDVE73EH8299A'),(3533932,'I','J885UZ2L1G4FLGI','D9Z',240586,'2001-05-01 08:08:25','1973-04-08 06:45:49','M05032QY51WJK7FD33OP4XD801Q96CGGZR1G381C8319N4338','57IXO4YZXNL','JO','AJX2F7S12EN290K5','8','','5','SH9GTM1O0P1R8K221221T'),(4472938,'IJ','K','Z8J',1240588,'1970-01-01 00:42:09','1990-04-16 09:25:11','4GU5A2Q1G9011CZG12OH8N55Y3NFNXIF','Q6ZTHMQTVR9EY3','95BXI4V','K','8T','','WJ0QY',NULL),(4472939,'V4','9','94XXY',6042966,'1978-05-24 15:03:26','2008-12-26 14:27:15','O5CPTX7DX5673160880YS84UALM8189L5QO7QF5Z0YK305BR329ZE50GG96Z0C4','538RP',NULL,NULL,'','','4','51'),(4472940,'74CY','P','5514Q7QIT9T',3533929,'1970-01-01 00:00:05','1997-12-28 19:32:26','1SSUO9EO6Z13M6I5D1W87QBS6GOSVG7','2','','R',NULL,'DX7I','K5L',NULL),(4472941,'M','8','0',1240589,'1998-05-27 10:58:36','1992-04-23 14:55:00','57RD5S82E16GB','','','','9Q','A78YSL','1AC6YS','I37NZ051U8YH0JIFQD7AV28'),(4472942,'OX','','M0Z93A',1240588,'1970-01-01 00:01:22',NULL,'HK','2','443KH2G4PR','','5',NULL,'U3PG','HVBO5G6IU69239H875V2B41BCIC9S9'),(4472943,'Y','WB',NULL,240589,'1980-04-14 11:38:14','1970-01-01 00:00:19',NULL,'',NULL,'W99DNY3T0Y','','','H',''),(5472938,'3H19','','9WI0OZX2839C',5472943,'2003-05-11 10:14:38',NULL,'','RC86W22','','7AFW1VJL1C8','S','Y10P8I3V3',NULL,'KNRFP5MM88Q16DKVDJEY188398FL63O55B423OU4M457S25CF6'),(5472939,'E','0H3Z','2FPM06TNPCFML',5472944,'2019-08-05 19:45:57','1970-01-01 00:00:44','AEQ0','N','2','SCNS345E18HO37BG3102I','17',NULL,'B','L9R1'),(5472940,'KE6J0Z5474','','1UK69FX',5472938,'2006-02-27 09:17:41',NULL,'85236IGE','8','72S','','37','O9D7KQ4C','9HX668','5Q05A59CUI7GQLLCGLP1N91VRL022B9GB966K2'),(5472941,'72','P5','9UBH2Y6',9873288,'1998-02-20 06:10:10','1970-01-01 00:06:24','8L81MIN7L04F2','P8XP657OP9RW','6OE7I',NULL,'M','NE5','9F2','J'),(5472942,'0A8195','YD74W',NULL,3533932,'2014-10-11 09:20:45','2001-03-06 00:00:48',NULL,'','','0','O','0',NULL,NULL),(5472943,'97','9','T',3533928,'2003-09-06 22:54:52','1986-12-19 12:43:14','DPUF2P784633T1613K31A',NULL,'L5A9Q4XCG73UC0U682','R4',NULL,'','T','D6162H98C'),(5472944,'3','D',NULL,240590,'1970-01-01 00:08:18','1984-03-08 06:36:22',NULL,NULL,'','','',NULL,'WFL6VK',NULL),(6042965,'5MALZ','9','4DB97NCS5PN5G97WN6M4IZKA0',2533929,'1970-08-19 06:08:20','1970-01-01 00:00:18',NULL,'1',NULL,'1HE','7O4','14','JAES7','BG8O2'),(6042966,'S','EWD',NULL,2533929,'1973-07-22 03:57:14','1990-10-06 07:13:45','BX722T2PJ1QQ14SI8074113B0XD5R076703NRI3QNX2B6WEKEE7C2T243Q6OKY3E9',NULL,'5K55Z','UP2X','Z8','3XZM','URHP',''),(6042967,'2539O9OF6','CFFC','',9873287,'1994-12-06 01:42:27','1976-09-15 19:09:37','','0V9B16642','','','Q1G735','WV95',NULL,NULL),(7042966,'F','8','IOG0FO',5472942,'1970-01-01 00:09:26','1987-10-03 01:41:32','47D08708ZW089Q','IKR','RH','TQ1','','M9Q','51','AT0PFE6MJ8I43IWOBXZ08U65B57AK53M3Y91W0X7QYFB40S6D9VZ313141L0'),(7042967,'Z9Z','MW','',9873287,'2005-12-01 01:20:16','1978-10-15 21:32:33','WUW49PSA6H2009Q0602W96JM10QE2SC28Y84109Q00G9732E985VR7IBN8BVPCQ2YP21UG','490NKFF0B3I89NK015',NULL,NULL,NULL,'67M','SEU1',''),(7042968,'2SN','0B1250','L6',4472943,'1988-06-18 00:34:56','1971-07-21 03:49:16','7C1762W54AGUW','C8Z','','TP86NU486W484M2KCO','35',NULL,NULL,''),(8873289,'4365','','TCWVA48',1240586,'1982-09-28 21:36:11',NULL,'P3P3CBSGG91X8IX3HT0KT493R5H2F758919FV100AP776FX1O5I4172PI0EKQ0A4UEJ',NULL,'O14','EW4G','DQ909K','MM','','HWJ'),(8873290,'O3M6U43C9K','47','D4W4Q87J826',4472940,'1988-07-10 10:42:15','1991-03-27 13:45:18','6F8G2T0Z36101799L5G9FPE147ZA',NULL,'P1MP9W37Q','',NULL,'L766WE17','0DF3Z9H34',NULL),(8873291,'6A7','1JE027',NULL,5472943,'2017-06-04 21:45:43','1975-01-18 09:59:59','EQZ36AYAWXX8P2207VJOAO2L65I065HGY7XR3DKKFA','85158R402Q3F4',NULL,NULL,NULL,NULL,NULL,'UKO90D9VJOD4Z'),(8873292,'DQNBB3BBK3G6','48B',NULL,1240591,'1986-06-01 11:22:13','1971-07-02 13:00:04',NULL,NULL,'099U6EO','','5JW','4XZE42Z','GC','T0MBTH01Y9D0ER0H'),(9873287,'','0','8KKA0J4',NULL,NULL,'2008-05-17 13:47:23','5ZRCR3L149','Q7CCQ25','JU','13H5','H','9PXR929','CE30K',NULL),(9873288,'36H8','FUXE','3TNA9J4',240589,'1988-07-26 03:38:36','1973-07-03 02:29:01','0V216V5A97J7R33','H9UAJMHM89',NULL,'2TGQWZC','','9PTY','HQ0','9RQLD4BJA0FJ5Y0JUOPIVCEN4SJE9ZP'),(9873289,'CY9','EO','RF',2533930,'1983-08-24 19:26:38','1970-01-01 00:01:36','A2RME9MSM',NULL,'V96FP','JV97G1','6YW90OY6H','6F84DR',NULL,''),(9873290,'7O6','8KY',NULL,NULL,'2014-01-18 10:21:12','1995-05-16 13:12:51',NULL,NULL,'31022L','NY8DSG9',NULL,NULL,NULL,'SZ55S2NY7SV5H');
/*!40000 ALTER TABLE `employee` ENABLE KEYS */;
UNLOCK TABLES;

--
-- Dumping data for table `genre`
--

LOCK TABLES `genre` WRITE;
/*!40000 ALTER TABLE `genre` DISABLE KEYS */;
INSERT INTO `genre` VALUES (420948,NULL),(420949,''),(420950,'ISMUR'),(1420949,'Q2KUJ2VWGQS'),(1420950,NULL),(1420951,''),(2864002,''),(2864003,'0DH'),(2864004,NULL),(2864005,''),(2864006,'A4UDP9K37CYVA744430SO50334WK7GXN3BCHJ'),(2864007,'TSH4KZH014H0WDKYYW6COG008YK2769DPH1G5'),(3864003,'Z87TV556YP4NK2P98I580SB391D4PVG07FUW7V32L4KP838JPLWM39339B946Q3EQY56D05VO0J2X2OFX2Q55MM151609Z566J5NXZ0759L299H2K3SI2X01'),(3864004,NULL),(3864005,NULL),(3864006,'R0Q5'),(3864007,'OT09'),(4640272,'O3R8XM5HF71798074F4V8I4G8'),(4640273,''),(4640274,'6FOT67AR2N0FNV3CX2SY5238EF97B5'),(4640275,'TGG0Q9ZO2OA53M7G'),(5640273,NULL),(5640274,NULL),(5640275,''),(6008627,NULL),(6008628,''),(6008629,'6B5'),(6008630,'5R75KH14HK857YIMF84ULNWCXPGG9228VJ75M88W2H6Z3TO2150LGCT19755NDBP376S9EBF63417EAT2BK6'),(6008631,'7D4NH5R1OY3KXI0V9PIUY5R298UY35HWXN6UG2ILGW'),(6008632,'733I4J5KZ866954D9IKR6I786BK9BM2GX338'),(6008633,'RG'),(7008628,''),(7008629,'XN'),(7008630,'352JY7KJ13TF91Y855998AIW2UG4523F4W4O5140K1U4EY8T07M325NGIV2PB58P2ZB17EJ21Y1HY6B5199C4QMUD90T3TSZ50F0EA1F7ITU6105178TF05'),(7008631,'QEV1D32'),(7008632,'04F87VU4218J47PCKYK24D0TWYA9MX295D7FJ27ZX81SV1J5RV568A6E11Y57DN5W5HF6CSR7H28HR7P87X41TNC4Z839GA061YSF8MF5Z2XG3VC6Q9HU356'),(7008633,''),(7008634,'15OI74AXWG67UT8I88S80M287231O1B094JZ8RNGKS1LU5961904Y13139M3A772A37OE434F559F7PSU665HJ7O6L514SPBW9FV8B10CQHPVD80T3W8P5UL'),(8397185,NULL),(8397186,'Z42HSGDPHLM6N553N0D'),(8397187,'D991YT5KO7J3CO37YQU0311RKTYX6X'),(8397188,NULL),(8397189,'X4FR1'),(8397190,''),(9397183,'11MRQZSJ68EV059V0U4B1Q0801508J0676F77710BYI77A29112EP0ENYO1N57Z0'),(9397184,'UE0OGK0S'),(9397185,'49SBS7X546YU6XWHZV0J998S94FN679VWVVIADL8CEX0NWO6X43HY323H30TTQE1F745CNTA707EK93N'),(9397186,'HIHNK1W'),(9397187,'5JAN1U6N5T6ZN88RO9YII4LCSH'),(9397188,'8QCO9561QE5QQ4E3MH17215V9K3I2MO3I6VDP9C15C7IDJH9HP95365G0OJLJP813');
/*!40000 ALTER TABLE `genre` ENABLE KEYS */;
UNLOCK TABLES;

--
-- Dumping data for table `invoice`
--

LOCK TABLES `invoice` WRITE;
/*!40000 ALTER TABLE `invoice` DISABLE KEYS */;
INSERT INTO `invoice` VALUES (998392,9349393,'2010-11-24 17:42:20',NULL,'ZZE','V45S','O789V40AV','8V59',-83133092.52),(998393,7584179,'1970-01-01 00:13:54','JB3WF7BM1G4I6ED3U600N4ORZQ30G0O7','','9T3','NVXQK035UM','N',-83.83),(998394,8349396,'1998-12-22 08:23:33','E28Z3P6ZGE9K42I58GRW13I07CQB689P','','L',NULL,NULL,54859827.58),(998395,6584181,'1970-01-01 01:03:30',NULL,'TGYN60VT126I2','H7','','J',-380.19),(998396,5207534,'2001-03-08 00:19:19','19K05N2H42T60797844FKYNRS33O3','G7JMG',NULL,'',NULL,90726946.67),(1998392,7584180,'1970-01-01 00:16:33',NULL,'0KT4NP3G2','W1CO','HKPG5','G',-99.78),(1998393,2179554,'2014-10-05 13:56:51',NULL,'','9','6','',56635198.95),(1998394,5207531,'1973-05-07 13:30:48','','BZ2',NULL,'4','N93N7',33744649.88),(1998395,7584181,'1997-01-19 00:14:25','BC4L0ORQ70X',NULL,'BL',NULL,'',37668281.52),(1998396,8349398,'1996-04-21 19:18:56','1I4204KI','S2NMJT87BL9L','8D4',NULL,'',-27447167.46),(2776643,5207532,'1984-07-31 17:53:30','3','63G5S','XH','9','7P',-9742723.26),(2776644,9349393,'1977-04-10 12:49:09','','3UTI','','1T2','E',79424193.17),(2776645,84526,'1994-07-23 06:02:45','15ASOKY5Q182',NULL,'4H57T','ME02','Y2T7E',13290909.12),(2776646,7584183,'1970-01-01 00:05:37','','J6158','7QN37Y76AT0V2KL2V030ZXZ','0S','',-33.87),(2776647,2179557,'1994-06-06 21:36:05','4J7','R43SW2','Y7PY7129XI2G41649X6','163F1','9',25723000.03),(3776644,2179551,'2009-07-04 02:04:50','9BN083OV','','Q336372WS9B7EEBEBT92M704DL47N','H6','6',29458432.80),(3776645,2179554,'1989-08-19 11:30:51','',NULL,'P','488R','8T8J6J0',-25626211.56),(3776646,7584181,'1987-01-19 23:15:19','I24UWW6DVK53D7LIU',NULL,'32D',NULL,'',39576047.36),(3776647,2179553,'1970-01-01 00:00:08','760Q04T7HLI4R1F9V3060JQ78BY103SEVO5S','0DU16RWCAMN4D6F','',NULL,'GSM793C593',7.66),(3776648,6584181,'2006-10-01 21:03:55',NULL,'9O833',NULL,NULL,NULL,6874239.70),(4442510,8349396,'1992-02-14 20:52:41','ER74M1CAK768273359G56637HL3H8XWHMW61BO689633N6A93T2W87',NULL,'77','UD','1799GF7',-519812.53),(4442511,3179553,'1992-12-01 06:56:30','FTZH8Q2J6','CHCTA',NULL,'3','9',33121795.81),(4442512,9349396,'2016-03-11 04:44:31','2OY13QWQX2NR8O2T2D637','','2F','90MQ3P','4',-37916081.80),(4442513,4207531,'1983-04-28 10:03:55','8545J99N41X289O0KRA0T320','9E6',NULL,'Y3F0053UL','9',-20748055.69),(5442511,7584179,'2000-03-21 04:01:48',NULL,'3H7UG4PJX8549','7N',NULL,NULL,47697871.90),(5442512,1084525,'2019-10-19 14:56:14','3SOGK6LWH4K225L8BEL8','TA6KRM0','117BLGZ','670F9','H',98377094.62),(5442513,3179554,'1970-01-01 00:00:01','J72B46J82QQ51SL','PBF3XQBK6LE2Q30','BXXGR86MW25','','H',5.45),(5442514,5207531,'1994-04-13 18:46:27','56Z0S602674OVRE89','',NULL,NULL,'389S',-3765588.45),(6280333,8349396,'1977-10-05 00:42:46','S75BM0J9S5MTQM55321HZ6OCG6767C72F129C0MHFPVOOW4','UL6','D3','5XTVR','4',-97933407.57),(6280334,2179557,'1970-01-01 00:07:46','',NULL,'','27RG7','A',-46.22),(6280335,4207531,'1979-12-23 00:01:05','7MT5AJ8TFD41QA0DQ11973IUOLG7T9',NULL,'','68S5','1',15295124.76),(6280336,84524,'1970-01-01 00:00:16','4790FJBC8X3','9ZV403J0N3','964F3Y8VZ','7LEXIJAA',NULL,1590.00),(6280337,6584179,'2011-07-17 03:25:55','0H','JX79','0X4U','','KP1JWI',73761151.80),(6280338,8349398,'2015-09-29 20:17:35','','8444RIM8K5VHJE','GE90B7UC10','',NULL,61320519.60),(7280334,2179552,'1986-06-17 22:53:38',NULL,'O4G669J13',NULL,'H0WEJH','4',-34926774.49),(7280335,5207532,'1996-03-18 05:17:29','127','',NULL,'','',-92061646.94),(7280336,6584182,'2011-06-29 10:00:28','','DG1P3B0','68K95','NK',NULL,59773528.86),(7280337,2179551,'2008-07-13 22:49:51','8CA41Y35B0829EYLN','','',NULL,'84',77577547.12),(7280338,2179558,'1970-01-01 00:11:26',NULL,'NMCT','L9V1','8','7',-68.05),(7280339,7584181,'1972-07-07 02:06:08','WDJ9IM7ZU71I8T9CY1TQ1YC60','','I26','0D5Q5GPGVIDUC4',NULL,54216705.73),(8705512,3179556,'1978-04-28 17:35:46','P06D40VP6XWY5E09N5X',NULL,'945353','Q82','4C35L',67489163.01),(8705513,2179558,'2019-01-31 05:00:35','56S9255881ZX8BP9HZ44EI7L745G56UL6VG3G5TAU543DYH43K8466H6KTIIM924P20216',NULL,'9M','Z02','4',-8728387.94),(8705514,5207532,'1972-04-01 09:33:02','653L0PMV43V2T2YH0SR27Z4769V9','503704BF740300MZ9','','3FEN26DU',NULL,45577261.70),(8705515,5207531,'1970-01-01 00:00:09','T8695WE02G8S5U0CB6U62PQ4H597JX5I9V570','3X7F08','41TQ','5','T',86.50),(8705516,4207532,'1970-12-31 21:09:57',NULL,'2X',NULL,'R8C19V',NULL,-26795458.66),(9705510,1084525,'1993-04-27 08:51:04','VM7YW60OZ35PO3IET6DPJ51P0VQD475471B4A17MP12G3DF5AHAA','OL845T','3J','OL50BX2Y','VAE',-14743435.46),(9705511,7584181,'1998-10-16 01:40:10',NULL,'BGY5PWKF','BDTG8JOB','8O','Z7',30883535.96),(9705512,4207529,'2006-01-19 03:52:27','2KZQ0TX01KBVN3601X4',NULL,'AM4561',NULL,'Z',51742454.61),(9705513,1084527,'2010-02-19 12:18:49','0BY9IF9H5OO5W00','XA9H',NULL,'','FL9',-25787020.96),(9705514,2179555,'1981-07-02 02:40:17','KY826','0AO','C','YA1PF9E05D5','K7',33835868.53);
/*!40000 ALTER TABLE `invoice` ENABLE KEYS */;
UNLOCK TABLES;

--
-- Dumping data for table `invoiceline`
--

LOCK TABLES `invoiceline` WRITE;
/*!40000 ALTER TABLE `invoiceline` DISABLE KEYS */;
INSERT INTO `invoiceline` VALUES (497377,998393,6221697,18263155.39,-1844384873),(497378,6280335,9811303,4.53,-1376400710),(497379,2776644,1154456,-15259594.10,6462),(497380,998392,8811304,2.21,-757701708),(497381,1998393,9811303,46470887.62,-841086490),(497382,9705514,6221695,-84948500.69,-86),(1497377,3776646,8811308,26393267.23,6310),(1497378,2776646,1154455,4033.79,-829729609),(1497379,6280336,154455,12397912.00,-852465309),(1497380,2776646,154456,-64641353.26,-639813372),(1497381,5442513,7221697,-60252328.75,-1385025844),(1497382,2776644,2131022,-12049339.14,-1399447784),(1497383,3776647,8811304,28.45,-3),(2448474,2776647,3131023,-89712683.14,-1217528517),(2448475,5442513,4585546,-13366710.46,1),(2448476,8705512,154453,2738355.67,5),(2448477,2776646,7221696,3083701.96,-1870102288),(2448478,998395,8811303,714.97,-1437140810),(3448474,998393,2131022,60230299.28,-353635696),(3448475,5442512,7221695,26263640.26,-6),(3448476,2776645,6221697,-156.27,-1500456240),(3448477,3776644,154456,-32693040.44,-1970605739),(3448478,4442513,4585545,74.70,-288844297),(3448479,2776647,154452,605.85,-970506682),(4174095,998392,2131020,-9797277.30,-743938101),(4174096,8705513,8811308,-94310703.75,96),(4174097,4442513,1154455,-33893990.79,-584926127),(4174098,7280334,5585544,-29941383.40,-49),(4174099,5442514,9811301,44239394.92,-99),(5174096,8705515,154456,-44983955.40,-1990873516),(5174097,7280339,2131020,4978941.51,-518816354),(5174098,1998392,9811303,19993803.50,-1688474378),(5174099,998392,6221695,9552.93,-1547524983),(5174100,6280333,9811304,27720708.94,-1615072518),(6373874,2776644,2131023,-69144975.91,-2242),(6373875,9705510,7221697,5451259.33,-1879276433),(6373876,998393,6221694,-45701986.07,-498778948),(6373877,7280338,9811301,62779755.34,-413431522),(7373874,7280338,4585545,-96430495.43,-252661131),(7373875,6280336,6221696,86099849.14,-5),(7373876,4442510,6221697,-19658467.59,-575083949),(7373877,7280338,1154454,-95071385.49,-638893067),(7373878,2776646,154455,-49181790.74,600),(8289739,2776645,8811308,5867.41,-351919281),(8289740,998396,7221697,70.26,-382741220),(8289741,3776645,8811304,-9039671.24,-6835),(8289742,4442513,3131020,631.04,-853150287),(9289737,3776647,2131020,-69260746.88,-379668815),(9289738,6280337,7221695,4141442.15,-488),(9289739,998392,2131023,-35475865.88,-1157709420);
/*!40000 ALTER TABLE `invoiceline` ENABLE KEYS */;
UNLOCK TABLES;

--
-- Dumping data for table `mediatype`
--

LOCK TABLES `mediatype` WRITE;
/*!40000 ALTER TABLE `mediatype` DISABLE KEYS */;
INSERT INTO `mediatype` VALUES (519336,'N7LF2HW85TM5J4G3W387FLO9RX0KDVMOBBUTZC'),(519337,'GI45'),(519338,'98W28LI079507958GQ61DT013ILI0P82C4XYM481VYU69L'),(519339,'94ZVZ0W0G8C0DZFBV9P629'),(519340,''),(1519336,''),(1519337,'FQM2M3RZX32768PQ89WF0'),(1519338,'30318X6694'),(1519339,'2IXRU4HBCE5HIN069P0P9X239TH03050K2FM004755YK2JOPBW7TDM9QUVJHO57362FMH5D3396NC3O8P401G8871356CGSKJU4P652ZVLVCD9EI1B2154C1'),(1519340,'WO5C8G1S3OMZZJ2A64C57894'),(2889257,'36WMZG73O3C5H7C48YHF5AO6'),(2889258,'638'),(2889259,''),(2889260,''),(2889261,'ZWW4O5230Z8JC7O3A60W3C12XD2F834F'),(3889257,'DK'),(3889258,NULL),(3889259,'ZZ81A5THPKLPH'),(3889260,NULL),(3889261,NULL),(3889262,'MF1'),(4138769,NULL),(4138770,'02O'),(4138771,'R9W22U025TAH2Q'),(4138772,'D3WE97J8FN9OQA3B92020'),(5138769,''),(5138770,NULL),(5138771,'V4266GSX'),(5138772,'363965VF'),(5138773,'8W90220U3RUHMO21051IB6EINQ0I2625W48CX6138O'),(6858130,''),(6858131,''),(6858132,'BO0HA28INIB1XH3J947J7T2K134479T7719MU8R521Z92AN3V05VT158Z7B0T5UHWZM'),(7858131,''),(7858132,'6KTT7TP50G5XCO82N2435PVQ52X4CAT1I1WR83O57LV388QHI5A513HS4O1'),(7858133,'7MU6'),(8510259,'M98D37'),(8510260,NULL),(8510261,''),(8510262,''),(8510263,'71UF1GCS600JC6ZIF9B1T9A3L6M9944AMM3M1ILF9MW2FL52HK6K76W84TOL8I4DDW8UCGY54102N9NR75CQHHMJHC1'),(8510264,'JQG6RLLO'),(8510265,'421'),(9510256,NULL),(9510257,NULL),(9510258,NULL),(9510259,NULL),(9510260,'Q54618AMFH5GD3J31D72109D473X29AC34701TK1V58EEVT60U5T2H73'),(9510261,'3595245ZMR6LU'),(9510262,'K7107KS33AU06655NP1JYN90E7D46IBK13ZO173H0I16T25UB54TKHC9TLALT9PX6FLJQ6TROSR');
/*!40000 ALTER TABLE `mediatype` ENABLE KEYS */;
UNLOCK TABLES;

--
-- Dumping data for table `playlist`
--

LOCK TABLES `playlist` WRITE;
/*!40000 ALTER TABLE `playlist` DISABLE KEYS */;
INSERT INTO `playlist` VALUES (579352,NULL),(579353,''),(579354,'F4XFE588391454'),(579355,'84MMNO2X29L4UI3573L8HK2L2BGF9US0JZ04L27CO26QAB'),(579356,'5'),(579357,'86Z7XUG32R1963RCTO8AQ6E8067'),(1579353,NULL),(1579354,'A2'),(1579355,'U9'),(1579356,NULL),(1579357,'26G0K09HUFC7AYF4BEE'),(1579358,'XO04JI38I00D'),(2801898,NULL),(2801899,'T0'),(2801900,'2IWJ9083IBU5KGMUY26153125TY8I21MT7TB7MH16PK951'),(2801901,'JT8QA337U292638EV4F3G85'),(2801902,'00HXP1763E32YLVKL651UBTS6MV75P260DY53S1VE6FOY8GT7N62WAPD575U3W5'),(2801903,'I2QXDC38Y70ULBILPC08AR02ONJYMH829JHZ86O87YN8Y0WD8K583D7P37VFCU2'),(3801898,'B24T90GMWJYLPZGHA4K6'),(3801899,''),(3801900,'46T3N2VU8D8V5BDIK5870ZDDE9Y29418GCSGX70MO1'),(3801901,'YDW7ETYV4H'),(3801902,'32R95'),(3801903,'SZD7EVI6A'),(3801904,NULL),(4842933,'83ST40DB7IT69'),(4842934,'R2'),(4842935,'9HY6G'),(4842936,'64G9E5K557ZB7Q'),(4842937,''),(5842934,''),(5842935,'78X9VCS64X0NEU3V5O2BS585669QEON368K785RS5PDLP78716560GJZA1CXQZGLB0U9Q6HJB7666LCS0O34BLX323I1V136LN7'),(5842936,''),(5842937,'Y67AR8M4R64IX25'),(5842938,NULL),(6105534,'1RJW01D42Q34C6HKZO3NR491TMH7UOUXP7782QFOQA5AR5N36IRH3ES3'),(6105535,NULL),(7105534,'690Q7C'),(7105535,NULL),(7105536,NULL),(8818586,'RV2KQ98J32BK7619AFOV026P8VL1N0NJ1V0KE3NV37C390Z2Q7Z1X20040FBB3KK0XEQ305Q5L9JR576J5RO6DJWENIV26Q7Z'),(8818587,''),(8818588,'3C41ZC37A'),(8818589,'49JK793FVGN2I8LCJ72IF270B980FVK9Q7VB3E64YX17W37MR6XII15G8NU'),(8818590,'VBM947GYL27FS8'),(9818583,'1LA66K3477SE511N55S3X9K3JC40V34L40'),(9818584,NULL),(9818585,'3O'),(9818586,'FJR4UI9OEDKS0SI82L9TQ12BF077NXT449AHN2C4I92077I0HW11YA36PF3PITRQ42B08RLN'),(9818587,'');
/*!40000 ALTER TABLE `playlist` ENABLE KEYS */;
UNLOCK TABLES;

--
-- Dumping data for table `playlisttrack`
--

LOCK TABLES `playlisttrack` WRITE;
/*!40000 ALTER TABLE `playlisttrack` DISABLE KEYS */;
INSERT INTO `playlisttrack` VALUES (1579353,154452),(8818588,154453),(3801901,154454),(5842937,154455),(579357,154456),(3801899,1154453),(9818586,1154454),(579355,1154455),(8818590,1154456),(1579358,1154457),(9818583,2131019),(9818584,2131020),(8818589,2131021),(1579357,2131022),(3801904,2131023),(2801898,3131020),(6105535,3131021),(7105536,3131022),(5842938,3131023),(579353,4585543),(4842935,4585544),(2801900,4585545),(9818587,4585546),(2801902,4585547),(8818586,5585543),(4842934,5585544),(8818587,5585545),(1579355,5585546),(2801901,5585547),(6105534,6221693),(2801899,6221694),(4842936,6221695),(3801903,6221696),(4842937,6221697),(5842936,7221694),(579354,7221695),(3801902,7221696),(2801903,7221697),(4842933,8811303),(579352,8811304),(7105535,8811305),(3801900,8811306),(1579354,8811307),(579356,8811308),(7105534,9811300),(3801898,9811301),(5842934,9811302),(5842935,9811303),(9818585,9811304),(1579356,9811305);
/*!40000 ALTER TABLE `playlisttrack` ENABLE KEYS */;
UNLOCK TABLES;

--
-- Dumping data for table `track`
--

LOCK TABLES `track` WRITE;
/*!40000 ALTER TABLE `track` DISABLE KEYS */;
INSERT INTO `track` VALUES (154452,'987EPPM0ZYYR',2763075,4138769,7008629,'34V5A53D5Q2069LE9NS8V369S634QT55A9T126VV2XXU61C7MRQ',-236,963,78657400.70),(154453,'',NULL,5138773,7008628,'',-652,-1535650572,-74050066.90),(154454,'P1F2WAN0DA19567RCPMV',4242857,9510259,3864005,NULL,-4766,-1759410392,-23064649.63),(154455,'7KLUV276CQ96CEU76N4211R1D61D7UEY001420AU5ROSVVUC5H4JN2FA11AC8K6T',3763072,3889258,6008630,'9',-1578506108,74,-919.75),(154456,'EG53OEU293P5L7X702IIO02H9V83C8SQLJ37Y525739L17CY',545141,519338,NULL,'KQXX03Q33322JAE936TU2761Z4M4034Y1PP33L667L4',-1483018835,NULL,-4628.60),(1154453,'39BCT53BT360A33FJ94HV1',1545141,4138769,6008632,NULL,-503,6,-3.76),(1154454,'Y6L4L32HU5AT72EOJLDA',7099926,8510263,7008634,'X6QKOGO58726360J4R5N5WY22241',506,-62896086,-6021.91),(1154455,'457CM1YVFTA0FR9',6099926,8510261,NULL,NULL,-677,NULL,91873018.54),(1154456,'',NULL,8510264,9397188,'8XAE73I50D2D5YN229H397729M',-1030641274,-1397773284,-37906960.17),(1154457,'MWP66W24N2ZX4ZAYW8B177I8M8D1D20N89',4242857,2889257,NULL,'AR31465A1EUYV6',-1873015430,-28,18323310.95),(2131019,'6U5',3763076,3889257,7008632,NULL,-1369039584,-640,-54172522.98),(2131020,'L0CL8B309P6XWE5002',7099926,7858132,3864005,NULL,-98,-1870518557,65.32),(2131021,'',NULL,4138769,4640272,'E6R9093P379Y3',3361,-1247839363,768.51),(2131022,'V39D696OVN866EU5X1KLWY09428OV806GYU0K6WM9BN22343I4T815A385IZ405',2763075,9510261,7008634,'',-316276951,-859913834,-77246972.64),(2131023,'ECQEKI244S3C6Z8Y3QH56',6099926,9510261,NULL,'L0AAUOLK8EF2GF16KZ44JF22Z5LNE0SOPYHOPAY388D18IY25I55752Y8W6',993,-2335,93898745.16),(3131020,'6N0Y1GB0WMOYX4D0HWEQX119ZK2I326YVEO0RN1Z34R5UJHFQ6J96',2763071,5138773,1420951,'31QSU0E1JV33B9R2Z91894Q1D7OFIVAYIA6J9HL',-370,-2,-32691589.38),(3131021,'PVYB6AEQPSWRIPGR110MIYP0532A9S3NGRZVTQNH6SP0875EQ18NLFBHD6KKX86AFC2GXT09TIU0ED15S04XN2ER2NU2Q3TO87340',7099924,2889259,4640273,'G57225AGZ3LLAI8Y33A',-1208448099,-1915103917,-14263204.89),(3131022,'',9757884,519336,6008630,'QK6YOLZ02N18QT35A543PLYZB5KF5',-1678694346,-1489718489,68936033.73),(3131023,'E3OAX00043T91YA9SHNDER1A',6099926,2889258,NULL,'PUS3S06S95H0G8987UY9GY83UJ4R70QP0XRWOA3XDX57JTR1W63TIY76IEFIKN0JZ78M8R62L9KVPP9VCS1CQVY2ASK8',-1998781923,-2076358621,-36778702.31),(4585543,'86D2WBT',5242857,2889259,4640274,'H87ZOQN47AD3M5H677319MG149H745E1K4B36LYV7LOE5L197S1X2M444P3',8,-1997286993,-75023607.01),(4585544,'SPC',3763074,1519340,420950,'188',9,-641789396,-27111896.86),(4585545,'5Q78',6099925,519337,3864006,NULL,-1086169313,-758946989,62025545.81),(4585546,'4B1MS84GVE2S4NGG0C29E407AOKHJYQ2713FVNW5',5242860,9510256,8397185,'',-1542348721,-1069190194,34925459.07),(4585547,'6190W3U62N606',6099926,3889258,8397189,'398IIIFZK14L355V6CI',-2090108377,-1643504604,55488425.30),(5585543,'09NN42940YLRW8Q44729T9UUUT4VKJ95',1545142,9510257,8397185,'UY95P4PG0821MW9H389E7V5FD1HPHTP',-906490235,-587995524,-199.23),(5585544,'0J23',3763073,519338,7008630,'',-342718940,38,-9.63),(5585545,'DNK7LX5913LZWH94J32E4W5B',3763075,6858132,9397187,NULL,-1609177608,-617,-82.75),(5585546,'W129THC071KOI1E4Q3X96X',5242857,9510262,4640274,'',896,-1212034406,99106816.25),(5585547,'72',6099923,8510260,6008631,'350C3S9WXSWDDO4Z',-1283399162,-703069512,52807820.95),(6221693,'8DV6Q23BCFM6IB5KCH088',545142,1519339,3864004,'',-6,1,-45347357.72),(6221694,'P21Y2B7M527Q9J3E91',6099927,519339,7008629,'43OI7ZAJBFBXMT32L4',-693669439,0,-57.37),(6221695,'52HIO',1545141,7858132,9397184,'9O6E411WDX3',-1736618632,-861842806,18787310.84),(6221696,'O694KZ55HD1GY9WY5V0646CJNXY',2763073,1519336,7008629,'YHD5Q1A524X',-765,-257499888,-1600219.69),(6221697,'T24XF5OUQA2340Q23W5625U9LH9G749DVO10P1QM408Y170451C04W2243P00H8TQRUI6E3V8F7CE03EH1FKQMKVE65JNZ9D6FD4FII4R944WLX8759',3763075,5138771,9397185,'7NCN0',-1311725134,-9943,-39749678.50),(7221694,'',NULL,1519337,8397187,'OD6T7A838Z9X77IE2758Y07B',-838936661,-546437442,35872374.81),(7221695,'JL6G3XO4SIFXLJURSIUC3RJW85T8',545142,6858132,4640272,'G826T67CV',-1101081363,-498128999,94251989.98),(7221696,'M2',6099925,5138771,7008628,'K6',-1487179654,-6,-15055520.18),(7221697,'424562688I0AXZ4AUFO04FV525S38J2FH18NRF3J',9757884,2889259,4640274,'DKOCJ186468MFRP08M74UO2D3LN791N7J7P7L7K2F80058UPKTH2JM804JFM0SG6D6926C25NXDX67US7X32EKJL29M8S5VVD3D',-1463645634,-124827394,48543627.60),(8811303,'J539V4P9',2763072,8510263,8397185,'177IG770LI09T9AY3569PYH00UHZ45WY7300VLEJA673Y37SEWVIQKDWXYJ0UB4771Y',-631669795,-1770985019,-64.69),(8811304,'WI47',7099923,2889258,6008628,'95KJW1OX9IS132A83Z7FAAV5YG43LQGQP',265,-1139667261,-90806714.07),(8811305,'9TX0J7574E00X09YHY826MEI41AXK72Q9OXW8LF44G',545139,4138770,9397187,'32FX8P5JVG8G68899Q4NUJLW9LXXUFX3048PF123',-1600963829,-1509862505,7098473.49),(8811306,'PV2LU0U780QV12P0E37593LL4I9T452FO16X4FRLJX3V9886C371SVSD66F3V7UA967YIV315',1545141,9510256,9397186,'',782,-890342756,-98.75),(8811307,'61FQ23914TN307FK',8757887,1519339,6008628,'X',-822091629,-127,-96927280.71),(8811308,'7H1E8PC3H5H37AP2JFC58285BI4TFM6XGL87EY1',4242856,9510259,4640275,'LAEJSSE6G93V1AQ',-1189177416,-637923000,19383279.10),(9811300,'',NULL,6858132,1420950,'',-1858725229,-2095091759,-53194385.24),(9811301,'08X482O',4242857,5138770,3864006,NULL,-70354700,-1026143259,324.06),(9811302,'0E183741LXMIK53F3V8CPKQW04GGPEV434589L6A1',5242857,7858132,8397187,NULL,-2100673412,-1349822696,-49354447.58),(9811303,'HJ8A1W9N03Q7O4Y4D13G1P95E7XQ44HQUS11O47M02WD2X6M',6099925,8510262,5640274,NULL,-307803211,-481911716,4.24),(9811304,'KBRG3ITJHLGZR88',3763072,3889259,2864006,'',-1139232877,-1274930491,16723253.06),(9811305,'',545140,9510262,420950,'',-7446,9,2964695.70);
/*!40000 ALTER TABLE `track` ENABLE KEYS */;
UNLOCK TABLES;
/*!40103 SET TIME_ZONE=@OLD_TIME_ZONE */;

/*!40101 SET SQL_MODE=@OLD_SQL_MODE */;
/*!40014 SET FOREIGN_KEY_CHECKS=@OLD_FOREIGN_KEY_CHECKS */;
/*!40014 SET UNIQUE_CHECKS=@OLD_UNIQUE_CHECKS */;
/*!40101 SET CHARACTER_SET_CLIENT=@OLD_CHARACTER_SET_CLIENT */;
/*!40101 SET CHARACTER_SET_RESULTS=@OLD_CHARACTER_SET_RESULTS */;
/*!40101 SET COLLATION_CONNECTION=@OLD_COLLATION_CONNECTION */;
/*!40111 SET SQL_NOTES=@OLD_SQL_NOTES */;

-- Dump completed on 2020-02-26 17:26:27
