-- MySQL dump 10.13  Distrib 5.7.27, for Win64 (x86_64)
--
-- Host: localhost    Database: concrete5
-- ------------------------------------------------------
-- Server version	5.7.27-log

/*!40101 SET @OLD_CHARACTER_SET_CLIENT=@@CHARACTER_SET_CLIENT */;
/*!40101 SET @OLD_CHARACTER_SET_RESULTS=@@CHARACTER_SET_RESULTS */;
/*!40101 SET @OLD_COLLATION_CONNECTION=@@COLLATION_CONNECTION */;
/*!40101 SET NAMES utf8 */;
/*!40103 SET @OLD_TIME_ZONE=@@TIME_ZONE */;
/*!40103 SET TIME_ZONE='+00:00' */;
/*!40014 SET @OLD_UNIQUE_CHECKS=@@UNIQUE_CHECKS, UNIQUE_CHECKS=0 */;
/*!40014 SET @OLD_FOREIGN_KEY_CHECKS=@@FOREIGN_KEY_CHECKS, FOREIGN_KEY_CHECKS=0 */;
/*!40101 SET @OLD_SQL_MODE=@@SQL_MODE, SQL_MODE='NO_AUTO_VALUE_ON_ZERO' */;
/*!40111 SET @OLD_SQL_NOTES=@@SQL_NOTES, SQL_NOTES=0 */;

--
-- Dumping data for table `arealayoutcolumns`
--

LOCK TABLES `arealayoutcolumns` WRITE;
/*!40000 ALTER TABLE `arealayoutcolumns` DISABLE KEYS */;
INSERT INTO `arealayoutcolumns` VALUES (432,504566536,11,324898873,87),(433,1212302048,598886128,7465,705177999),(429497163,1139737155,896,9453,1062563731),(429497164,306,400240081,453352138,187485474),(1020237220,3,1203643911,25718507,432),(1020237221,1331714183,1718207828,650420614,744291659),(1020237222,3399,1196736204,1663525656,216794175),(1020237223,1738940121,1508768243,159630492,645237757),(1020237224,624231655,3631,7517,295069519),(1020237225,1666532603,826236032,548,2043738361),(1020237226,868225900,888625201,1532321546,3617),(1020237227,1431781997,1952642707,43,553945085),(1449733951,1570491206,2134510965,212635637,1713579631),(1449733952,191327139,224749624,532,NULL),(1449733953,414,280828867,610245999,0),(1449733954,24,14277261,511,657187435),(1449733955,81603149,1524759449,7417,312),(1449733956,473614142,1181770818,5853,506792090),(1449733957,383335409,609193735,2137923425,249185689),(1449733958,472500461,688570302,2106009789,455992310),(2047376165,2064955647,937774761,1499041676,1450422331),(2047376166,771067961,1601146637,1051894402,1958944240),(2047376167,1726126881,698523417,3,726787874),(2047376168,1913820452,1461202284,226543879,NULL),(2047376169,7194,279431466,1541881768,636177596),(2047376170,1160551949,353475074,533092023,890945376),(2476872895,1643613848,1738297895,1267385752,61497087),(2476872896,106079504,952290418,2104736000,4),(2476872897,1948617651,867,1692666233,1335149631),(2476872898,3,2053320222,1596070849,740176887),(2476872899,990,1899265733,1028149763,97),(2476872900,12,1261775978,2018542187,13374071),(2476872901,1269042420,1169290502,348348009,1313602615),(2974009368,1686261092,656945894,293,63),(2974009369,3453,915907337,645491819,48190158),(2974009370,8745,492314572,1500377595,1462263971),(2974009371,585028237,2032488167,1292597871,1587173014),(2974009372,601,1227084190,1466295982,20376260),(3403506098,1597732435,1840173522,491059674,1104652174),(3403506099,65,1615423898,5,830807798),(3403506100,7748,1591005822,2125522354,82),(3403506101,873425141,1939743246,1041544547,NULL),(3403506102,1475991439,1768176630,16588874,1472197184),(3450373732,638,6,960343754,669806174),(3450373733,9,6,1267445198,1148687997),(3450373734,439,176616939,1049018051,141),(3879870457,1987453289,523014599,1944906643,1539174560),(3879870458,558950688,528725761,2093438949,941),(3879870459,37,61,2096449567,NULL),(4294967295,7,4762,1686768292,1321446349);
/*!40000 ALTER TABLE `arealayoutcolumns` ENABLE KEYS */;
UNLOCK TABLES;

--
-- Dumping data for table `arealayoutcustomcolumns`
--

LOCK TABLES `arealayoutcustomcolumns` WRITE;
/*!40000 ALTER TABLE `arealayoutcustomcolumns` DISABLE KEYS */;
INSERT INTO `arealayoutcustomcolumns` VALUES (341991627,'S72'),(341991628,'EF897LN7YI2452P541O3FO4423VH'),(341991629,'3RJJ2S3U5C35'),(341991630,'4P'),(341991631,'554Q94WEYRCB1I23YR3UP1I509NO35ZFX991BJ61T'),(341991632,'D8QW2ZQ4HC83N05RP37R61QZ3V8X3IHKL02MRT36HEN8'),(771488357,'SCUB3L183RVH4'),(771488358,'I41K36'),(771488359,'V7IO590K0460J77J2H384YV692S'),(771488360,'S3R33I2P756H6QY16A0439Z6ED29H873DP'),(771488361,'4POW4T0241A6PT'),(771488362,'24FC4H73J22W8953JQ731192NYU2A352LDVLR5L0N5E131X24J2P3G'),(1075116889,'ZP9YU39YN'),(1075116890,'KTJM2Y0GRPI32O53IPM4'),(1075116891,'415A7F2701'),(1075116892,'HWM7YNC7G0'),(1075116893,'9'),(1075116894,'3GVE4M36O07TEXD4160OPOL39VC4D272J57'),(1504613620,'393JM7E1D2C2X0MP2V9LF89T7J99O5URS798EPL4'),(1504613621,'874631M1E70PH1'),(1504613622,'W2R'),(1504613623,'TN4ZR1E1RU48YVJ1LJE4NDMT6RUH'),(1504613624,'G9'),(1978372418,'L53F0'),(1978372419,''),(1978372420,''),(1978372421,'43GZR038B11088A1'),(2407869148,'FP3MW1'),(2407869149,'V2MR0Y2JGEF3V3G9'),(2407869150,'8SPW42I'),(2407869151,'YRLN1GBFVVY'),(2599207894,'2QW1R6XV9NDBN5MQNA6N'),(2599207895,'47BWRVNT'),(2599207896,'08607104'),(2599207897,'MO84M1G6R0194D7NB2QI3C3T3LA85Y4TP779VFKHUTP44EI83PQ8D647KW25374L'),(3028704625,'UOW87T66HKE032F2GN8Y9F9'),(3028704626,'D093'),(3028704627,'2751UQ2S0'),(3537834690,'8N9C8Q051MC7NKHQLQV0U43GV82IUATN3NYNB1J842NH3VM9EZ'),(3537834691,'363695B1'),(3537834692,'7P5M1496N3HQZZP462'),(3537834693,'X'),(3537834694,'011ZSUY'),(3537834695,''),(3967331416,'2YHCZ9W09IH63MN2CHLB10CQ'),(3967331417,'5ZVA408M0BP590Y0118H7B6SG0646023C2X5UW6V72KS091E860F'),(3967331418,'1CYX6IXLH5407LOQG2'),(3967331419,'C7TFP8J4K90'),(3967331420,'EQ7OKT2HKIPL93SYR007Y68YR89Y'),(4294967295,'7782C8B87X1465AOEX9BT4');
/*!40000 ALTER TABLE `arealayoutcustomcolumns` ENABLE KEYS */;
UNLOCK TABLES;

--
-- Dumping data for table `arealayoutpresets`
--

LOCK TABLES `arealayoutpresets` WRITE;
/*!40000 ALTER TABLE `arealayoutpresets` DISABLE KEYS */;
INSERT INTO `arealayoutpresets` VALUES (8022,566,'AS1MN4DEW0OO4C12C27A8YL89Y2U1619QRO83Q8V5S5Y0'),(8023,646,NULL),(8024,74128586,'55N3496C3A21B'),(8025,1844363780,'2S09DR34T338S08BC7230WE298I45H5V338C33I15A8R81M45CMN28S87K0X2RTBR33D9QYS771'),(429504753,1927879293,'1O'),(429504754,622,'G3162QYMN7NJBZ3FC6RNT4L5E02'),(429504755,2008006903,'X8'),(429504756,382,NULL),(1192534268,1861167928,'LX30948D9AX6T'),(1192534269,1430824819,'780FN1Q368KOPU9SV8EY9N8'),(1192534270,1041994510,'L1O0916X7V2UVI'),(1192534271,3433,'G8PK8G74824031PYM3MV01090ZRWLCV75R68W3Q01TJ1I'),(1192534272,1383439791,'Y6S5DCQIKI638J5G14V79A30603C5JKB5ZQD96JC7A9928FA0X32G2U34L2X0FY737I14728'),(1192534273,1829579489,''),(1192534274,53,'YXFWD3SZFW43G'),(1192534275,747401059,'NR3CC84K2255627DR11RJCPH200O0K1'),(1622030998,2002132970,'C3S3F416651XCCD5G'),(1622030999,240603275,NULL),(1622031000,30,''),(1622031001,649819336,'4M649K3QGA6H9TVXVW8708A'),(1622031002,101406049,'4810RRWTT6427IXW'),(1622031003,1852132948,'Y075B'),(1622031004,1434184530,'KV0XINGNO'),(1622031005,211866600,NULL),(1622031006,4301723,NULL),(1845885855,13,'4U187AWCVAVGO348Z5969BPK2FINF5'),(1845885856,399119761,'273B69H8'),(1845885857,273442628,'M65GVT4'),(1845885858,1520593014,'OLO4JN9EV09LP6SI873S41B1C18Q4TR811P6J'),(2275382586,1223939909,'5DFE40U26J3U7K8U912Y3M85Q8163V2FIU02435W8M0LK8A185JF2UPQ6YRS9586255ML602L1PW76H4D4DD1XA0390451'),(2275382587,5,'0'),(2275382588,243,'H15C8G600113N008B69R2UY15Q9830'),(2773303822,326084741,NULL),(2773303823,8175,NULL),(2773303824,1309311205,'39Q2569TYZC64527FWMAO354DAUB3J61N233B3'),(2773303825,1940739157,'IO8G37396EQJQC80189537LJ8T89EW847'),(2773303826,97,'ZE3LO946690DT9OU2PN322YO8TFTX323CVX53'),(2773303827,2082589260,'AGOOC79F374H85T6I1HX5Q9BN540T0HJ69AS5UU769X7J7BS37P8L57346B1S48VG18'),(3202800552,914,'Q02C1815MIM1PB6389IM8O081VF3N2FX11A25RO178OC1UB4G12CL6D39860UOUQIF4S'),(3202800553,1703893333,'AO24FQBN7B3S516HVJ587PAAC4CFSF4VO1Y01S2K8U7B3'),(3202800554,1312270489,''),(3202800555,1630174647,'CZS'),(3202800556,280981849,NULL),(3202800557,57,'H8'),(3813436030,2001619505,''),(3813436031,4,'81QC5CMN13'),(4242932755,61343334,'Q2D16150MEGZTJ5Z2RLH1U1CY9MLQ6A7F1J816R2O1Z2X1EXGIN1I62B129PWJ93K3543V28CSG2L62A75GMD5207D8I46091550TPQT0OP5Q4K6M8659Z5X9BLA30754R05PLY3YPT6XDW722'),(4242932756,2058877438,'3676LC989Q56XO7NM6N07IE26XV1IB56212G0H16BZIQ8D0N0RUGO8Z6DI60T55YD52QBYECVDD03'),(4242932757,3087,''),(4294967295,786909589,'LQYL881P3ZSNT396Q59C29798MDL2V9L92J7RGW528B6D07134H');
/*!40000 ALTER TABLE `arealayoutpresets` ENABLE KEYS */;
UNLOCK TABLES;

--
-- Dumping data for table `arealayouts`
--

LOCK TABLES `arealayouts` WRITE;
/*!40000 ALTER TABLE `arealayouts` DISABLE KEYS */;
INSERT INTO `arealayouts` VALUES (421435362,1769502010,0,1,683783554,0),(421435363,5621,0,0,698699787,0),(421435364,1539515648,0,1,1058890887,1),(421435365,5,0,1,405777369,1),(421435366,226759697,1,1,336139790,0),(850932092,578542428,0,1,1548100671,0),(850932093,3,1,0,197,1),(850932094,651815769,1,0,1035611254,0),(850932095,1922092267,1,1,772262648,1),(850932096,884768723,1,1,321770180,0),(1035407473,1235535442,1,1,2035567564,0),(1035407474,1335505733,1,0,1703328962,0),(1035407475,2,1,1,544942227,1),(1035407476,13,1,1,941,1),(1464904204,9544,0,1,1638049640,1),(1464904205,1494758034,1,0,1711005905,0),(1464904206,683,0,1,1682329993,1),(1464904207,1228502961,0,0,869316586,0),(1761904492,1899253919,0,1,1364695689,1),(1761904493,1083563880,1,0,4217,1),(1761904494,9,0,1,7296,0),(1761904495,1867786797,0,0,1178040017,1),(1761904496,7160,0,0,1411031308,1),(1761904497,1704517854,1,1,3,0),(2191401223,1087967241,0,1,1012439833,0),(2191401224,37,0,1,585165958,1),(2191401225,1795335522,0,0,303463643,1),(2191401226,1059802686,1,0,313202376,1),(2191401227,696139013,0,0,1672110567,1),(2792620161,1249821320,1,1,2057534678,0),(2792620162,0,1,0,2053096634,0),(2792620163,446376141,0,1,1866789038,0),(2792620164,1254527718,1,0,1821912250,1),(2792620165,798361278,0,0,210337215,0),(2792620166,2079,1,0,1050059920,0),(2792620167,1813037304,0,1,1825055197,1),(3222116892,1547315698,1,0,1587792894,1),(3222116893,5,0,1,469741784,1),(3222116894,3,1,0,1118163004,1),(3222116895,650068600,0,0,485072962,1),(3222116896,787994468,0,1,140,1),(3222116897,1233940502,0,1,1010095881,1),(3647832046,355445070,1,0,670871875,0),(3647832047,598094503,0,1,283250590,0),(3647832048,495,0,1,1049654715,0),(3647832049,4176,0,0,3,0),(4077328772,35593005,0,1,9,1),(4077328773,51,0,1,2043272188,0),(4077328774,1336551324,1,0,410352279,1),(4294967295,81,1,1,589396541,0);
/*!40000 ALTER TABLE `arealayouts` ENABLE KEYS */;
UNLOCK TABLES;

--
-- Dumping data for table `arealayoutsusingpresets`
--

LOCK TABLES `arealayoutsusingpresets` WRITE;
/*!40000 ALTER TABLE `arealayoutsusingpresets` DISABLE KEYS */;
INSERT INTO `arealayoutsusingpresets` VALUES (421435362,'81D3VAL56YV2VXRZ8KGQ05EC0HQWXRJ1'),(421435363,'G12AL161C'),(421435364,'R7Z88770198MYMW'),(421435365,'DJ130T1C42VB10'),(421435366,'Q0V6MSUG9SMM68WF7896B8'),(850932092,'1R26544U9LG7G0VMT794ZZJ5DH3LU4C4U23XB6Q'),(850932093,'077'),(850932094,'3OJZDD6Z19L9P2NE95'),(850932095,'AANHX3099EAU4IYP2Q'),(850932096,'DM'),(1035407473,'6N83840PT7RF2J2694E853'),(1035407474,'4V1V70S7Z6598V5G'),(1035407475,''),(1035407476,'2BN2MI5CI8D6C3KBQ971797M739L7M02'),(1464904204,'OFP8A9I7VKN0WH773YA'),(1464904205,'20HCT0094AUUM61IFK2G8M'),(1464904206,'2RY2329J1IYM13XZ10987424US6EBO06P9HB77I25YO84F0174833345GEV76707EDHJ3W0O24SKAO481623G76MQOGU95W61134WRMI5P9CJ'),(1464904207,'S7W13363T5Y9UPA9DHM60B5VI02389RR0KODU3G79HK0E5ESZW342Z01H768'),(1761904492,'Y1FX21M371F3QC3'),(1761904493,'YL6CM'),(1761904494,'7ZG6JDAZH0WR'),(1761904495,'FY5K7O3T2DLLV8B19D34WN0OYUL5I0381Y1874B0O9B4U10Q8F1HK0'),(1761904496,'3ROC721R398IN63CF84DP71ZI51E66680E563MH4438P4IZD'),(1761904497,'10WO450W334G7X52'),(2191401223,'PRS068LNFL1QG21SWOHCX25FVMBG38721ST7GL90F24046992627'),(2191401224,'330Y3HXZ1E948I7'),(2191401225,'DICPJW05OSFW'),(2191401226,'ZM278KS6SJ0Y0K812SV3H9L5XIAE02B'),(2191401227,'2C93O3P34E'),(2792620161,'21'),(2792620162,'R37769467UOND3X62U5'),(2792620163,'X466HWBZ1PMBK344R15G14G04TQ74F2878E06J5NI4V'),(2792620164,'0PI11AGGM114CAN7TC3H3BTI45H8790H0011'),(2792620165,'S18R6CH'),(2792620166,'P902HZ683CA1KNX92H9LT68K1C246B896O025827S74IVK82048MN2O23M5NCCJ2A81QA8345OJTV32VYV4VKF53615VCN7S73P'),(2792620167,'FB05J438ZJOVON6OE17208SL37852790PU89QD'),(3222116892,'D0P10NN8J11OIYG1Y6983P9T'),(3222116893,'3Z03NV1FEO109J'),(3222116894,'U5TNY45CUSJP1LZUET6K4U5A052TP45ZHX'),(3222116895,'45AS5MY31I4HOI57B3KQ9Y'),(3222116896,'VJY8NCJU3C90R7GJT1Z9L5SE3N8UO'),(3222116897,'13RAZRH33TTA52I54'),(3647832046,'R5G1'),(3647832047,'ZS31M5PFH94O5BX7D6PIS277HTRJ89V89K16L0KV285DZ98'),(3647832048,'3Q94GRSYSD2LOH67X64W8VWZOU88T881'),(3647832049,'SI4H2BLPG9E587ELP'),(4077328772,'50B8B1DM6CT5C84DVQGC91S7Z1CGQZW0450XKBE021V853D78YS8O1DJ7U1UX1SMQ'),(4077328773,'04'),(4077328774,'44HM1CVH'),(4294967295,'9F63X80K4X03V3B1Z54FCCYW3TK1J95OY57I2RHHU6EU64SA050NUR1F03MAQ1BF3CL64Z908376JK1VJZ645BSV3VA7PC405D5492860956XDLPKQENA4RW0Y020N9U251');
/*!40000 ALTER TABLE `arealayoutsusingpresets` ENABLE KEYS */;
UNLOCK TABLES;

--
-- Dumping data for table `arealayoutthemegridcolumns`
--

LOCK TABLES `arealayoutthemegridcolumns` WRITE;
/*!40000 ALTER TABLE `arealayoutthemegridcolumns` DISABLE KEYS */;
INSERT INTO `arealayoutthemegridcolumns` VALUES (241029489,1948189691,1058486101),(241029490,842,1877085692),(241029491,NULL,NULL),(241029492,1068146101,139241156),(670526219,1076300923,744289938),(670526220,1113367578,484249430),(670526221,1602107448,721987116),(670526222,5491,1895318233),(670526223,1199540226,1697756285),(982461266,569,853231616),(982461267,5,NULL),(982461268,1622268639,2138866271),(982461269,1420379093,1599191018),(982461270,2147010048,565),(982461271,1838611611,1366850211),(982461272,NULL,627),(982461273,752164025,1613628591),(1411957997,2091683988,1139983725),(1411957998,1598980875,1990518475),(1411957999,1032003417,1010196788),(1411958000,NULL,182),(1411958001,608,232754096),(1411958002,446311207,1376465982),(1411958003,5812,6520),(1411958004,1171937653,497),(2045943253,0,1706037640),(2045943254,7808,2949),(2045943255,440675085,1576559500),(2475439983,950905927,265696773),(2475439984,425347402,4),(2475439985,2008340186,9),(2475439986,620315023,582745960),(2907337572,161808106,1131366349),(2907337573,1349527920,1618187128),(2907337574,78,NULL),(2907337575,265782292,584603320),(2907337576,89,768),(3336834303,5778,2528),(3336834304,1791809355,23),(3336834305,836,81),(3336834306,652047047,848358212),(3508174704,5181,2036452882),(3508174705,1872326518,811236572),(3508174706,9631,1182497250),(3508174707,1326949361,224500752),(3937671429,5247,NULL),(3937671430,NULL,201571622),(3937671431,1725056107,629320559),(3937671432,57487638,332437906),(4294967295,118838165,120616765);
/*!40000 ALTER TABLE `arealayoutthemegridcolumns` ENABLE KEYS */;
UNLOCK TABLES;

--
-- Dumping data for table `areapermissionassignments`
--

LOCK TABLES `areapermissionassignments` WRITE;
/*!40000 ALTER TABLE `areapermissionassignments` DISABLE KEYS */;
INSERT INTO `areapermissionassignments` VALUES (6674,'5N308A6K15VBWM8TK63URLPU',2301898704,230270337),(2755630999,'31S171EW1H415VG8MV872',4110065500,230270338),(3779728473,'0',3230885799,230270339),(2170398319,'660G4C',3230885796,659767067),(1159071399,'755SUA0K8P',1107631089,659767068),(2755631000,'NA8MG41ZE70GB2R394',429496789,659767069),(6678,'I1D7GVIUN071BN5WK2YEDC07PF6J2G94J6N',1872401975,659767070),(4209225194,'DMWP5D50L',55,916279159),(2755630998,'0KP7GL8M6XWK1P',2801389067,916279160),(3185127730,'3N8Z835O8K6K5T42QP98FQ',2301898705,916279161),(6676,'KE0165MU6V1W1S0632X0ON0S6154YHHT960ZPNMJK0D88VXB8XHI47XO751107O28060ZLS06Z920G507COR1D8YAXEGABD77537EK3IP743QB97134I74G95V6P8HM2R6P57Y80W2XT5TKT6S8VOX3',59,916279162),(3779728474,'JEM1H5W694JUA1G60E3A4D1KI',1107631093,916279163),(1159071398,'8SEB279ATQ',1537127819,1345775890),(429503406,'GXD186XF481DV2W29W98X6I6H74LRT5N3P9LA7F6W3WHDQ293D1RA3W9ASNH3D1408D49302F',1107631091,1345775891),(4209225197,'SYZJVJ7C820TI33P2G8G0S43W4FY4VDX19G4VOW3EIU6O5EZ8625KHD67J265PG0620A2435W182B84K4',3680568775,1345775892),(4209225198,'7',2801389068,1345775893),(6673,'DP1C4DJ0LBG4F',4110065499,1971494463),(1588568128,'7SE6SHQ9P922U9VCKT7S273WBPMA1W0',1872401973,1971494464),(2170398320,'8543PSD3280JOZP7O250ZDH6GKO6L5NM0U7GW',429496788,1971494465),(1740901590,'2O',1537127820,1971494466),(2170398321,'WY1',58,1971494467),(3185127731,'65942I1MCOI2951WOE477SMKNJ67AK07QTPY1U3WLE41GLFG0SQ14A22P4BUK52MP',429496790,1971494468),(1740901588,'867B44QUNE2179',3230885795,2400991193),(429503404,'3AA',2301898703,2400991194),(1740901589,'I5V6E',1107631088,2400991195),(3779728471,'2194',3680568774,2400991196),(6675,'7F89B7L32V9Z976R8VEI',1537127821,2400991197),(429503407,'5A47BM',1537127822,2400991198),(4209225199,'45EXVP1985MZAE7YNLBX9PE6NK2A1HRQHWY1DSV0698X0Y8AGYDE4O7DX4QX1HZ931',60,2400991199),(4294967295,'EW',429496785,2943360666),(4209225195,'689C1RB69822J6BPEC',2801389065,2943360667),(3185127728,'82T42XQ6M40MQWSZVG3N8H9R18E8H1U6GRS9620RJI54M4I2YB7Q4',56,2943360668),(4209225196,'P8I61MXCL3QQIR506GN23R85Z6423F96',2801389066,2943360669),(3779728472,'8Z1P113N0',3230885798,2943360670),(1159071400,'2057PHFCB8AC7I0D6FV9',429496791,2943360671),(1159071397,'AOHYM15MOO2YVBMJ8XKEO018SWS38B',4294967295,3372857397),(3185127727,'LJ27J4J2H8PAKXPFD0B55U4JEUG71W09Y2Q5ZZ7Q5D7E38T8R86SNA7R2IN84D1J5051QJPO04V3L',1537127818,3372857398),(3779728470,'C',429496787,3372857399),(1588568130,'7N24558RD86',1872401974,3372857400),(1740901591,'RZS9Y186WN7O34N0SL4A2563S50BD0LE2V0H6547GZL5193',1107631092,3372857401),(2170398322,'PS56EMESAENF',2801389069,3372857402),(2170398318,'4MZ8QZ43FOI2553VXE26045T32X575Q2FQ2',1872401972,3548326589),(2755630997,'285EIP246F2',429496786,3548326590),(1588568129,'064L4021Y3D',57,3548326591),(6677,'ZIT2D2',4110065501,3548326592),(3779728469,'2A844G7ZC828V594X8XLE0279EOJ88B4M0GAY16GGI7609N5M98B48BN7D8KYQ59V3707DPEH6GC9540217011',2801389064,3977823315),(429503405,'3ZGPEO0448W653AWW3M',3230885797,3977823316),(3185127729,'KO50',1107631090,3977823317),(429503408,'2AM9TB106W1427QYH0550F1860742715PT280BWS435HZLN04J1FP1A8CYI',1537127823,3977823318),(1740901587,'0P09Z33035N6L29NLVHE7YFR70283XWDWVKY3CJ8MNU94TO1Y8',54,4294967295);
/*!40000 ALTER TABLE `areapermissionassignments` ENABLE KEYS */;
UNLOCK TABLES;

--
-- Dumping data for table `areapermissionblocktypeaccesslist`
--

LOCK TABLES `areapermissionblocktypeaccesslist` WRITE;
/*!40000 ALTER TABLE `areapermissionblocktypeaccesslist` DISABLE KEYS */;
INSERT INTO `areapermissionblocktypeaccesslist` VALUES (399917014,140067402,'5'),(399917015,3215467742,''),(399917016,569564133,'2'),(399917017,140067405,'K'),(829413744,140067401,'O'),(829413745,2113513643,'K'),(829413746,2543010377,'6'),(829413747,3907977866,''),(903042819,569564132,'C'),(903042820,2543010378,'1'),(903042821,2113513649,'7'),(1332539550,2785971013,'Z'),(1332539551,140067403,'J'),(2042504028,3478481138,'P'),(2042504029,2543010374,'1'),(2042504030,2543010375,'M'),(2042504031,2113513646,'Z'),(2042504032,3215467743,'U'),(2042504033,3478481141,'Z'),(2472000758,2113513642,''),(2472000759,2785971009,'4'),(2472000760,2113513644,'Y'),(2472000761,2543010376,'7'),(2472000762,2785971012,'6'),(2472000763,2113513647,'P'),(2864665816,2785971010,'7'),(2864665817,2113513645,'7'),(2864665818,2785971014,'4'),(2864665819,3215467745,'X'),(2864665820,2113513648,'8'),(2864665821,569564135,'H'),(2864665822,3215467746,'4'),(3294162546,2543010373,'H'),(3294162547,3215467741,'C'),(3294162548,3215467744,'I'),(3294162549,3907977865,'4'),(3294162550,1319302764,'H'),(3294162551,140067404,'2'),(3294162552,3907977867,'3'),(3728168616,4294967295,''),(3728168617,3907977864,'Q'),(3728168618,2785971011,'I'),(3728168619,3478481140,'A'),(3728168620,569564134,'8'),(4157665342,569564131,'M'),(4157665343,3215467740,'Q'),(4157665344,3478481139,'T'),(4157665345,2785971015,'9'),(4157665346,2543010379,'4'),(4294967295,140067400,'S');
/*!40000 ALTER TABLE `areapermissionblocktypeaccesslist` ENABLE KEYS */;
UNLOCK TABLES;

--
-- Dumping data for table `areapermissionblocktypeaccesslistcustom`
--

LOCK TABLES `areapermissionblocktypeaccesslistcustom` WRITE;
/*!40000 ALTER TABLE `areapermissionblocktypeaccesslistcustom` DISABLE KEYS */;
INSERT INTO `areapermissionblocktypeaccesslistcustom` VALUES (4142790747,49864513,3408880001),(429496732,49864514,3588478494),(2398404741,49864515,3588478496),(1968908008,479361244,1279593343),(2,479361245,2326542399),(429496736,479361246,3588478497),(901871666,863333398,2326542398),(4142790749,863333399,1897045669),(429496733,863333400,219511194),(429496734,863333401,2326542401),(1331368400,863333402,1279593347),(2984422181,1292830128,2979383271),(2984422183,1292830129,219511192),(1968908009,1292830130,2979383273),(3413918915,1292830131,1897045670),(901871669,1292830132,1709090077),(1331368401,1292830133,4017975223),(901871665,1826036047,4294967295),(2984422182,1826036048,2979383272),(1,1826036049,1897045668),(3713294023,1826036050,649007924),(4142790750,1826036051,2979383274),(1331368396,2255532778,649007921),(4294967295,2255532779,1709090074),(4142790748,2255532780,219511193),(3413918914,2255532781,2326542400),(4142790751,2255532782,2326542402),(901871667,2628581347,649007922),(1331368398,2628581348,649007923),(901871668,2628581349,4017975220),(2984422184,2628581350,4017975221),(4,2628581351,649007925),(5,2628581352,4017975222),(2984422185,2628581353,2326542403),(1331368395,3058078077,219511190),(3413918913,3058078078,3408880003),(2398404740,3058078079,3408880004),(3,3058078080,3588478495),(1968908010,3058078081,1709090076),(429496735,3058078082,1279593346),(901871670,3058078083,1897045672),(3413918912,3838165972,3408880002),(429496731,3838165973,219511191),(2398404739,3838165974,1709090075),(1331368399,3838165975,1897045671),(3713294022,4267662698,1897045667),(1331368397,4267662699,1279593344),(3713294024,4267662700,1279593345),(3713294025,4267662701,1709090078),(0,4294967295,1709090073);
/*!40000 ALTER TABLE `areapermissionblocktypeaccesslistcustom` ENABLE KEYS */;
UNLOCK TABLES;

--
-- Dumping data for table `areas`
--

LOCK TABLES `areas` WRITE;
/*!40000 ALTER TABLE `areas` DISABLE KEYS */;
INSERT INTO `areas` VALUES (389158307,844776355,'2UWXI81EZQ57YX9NQQ3IFM1B',0,675506971,1,1107083713),(389158308,673167533,'968G4F3VXC8QBRP3U',1,1218176525,0,1455797750),(389158309,704,'R9',0,1620644646,1,910795729),(389158310,47487573,'AK1C6V8695I34M342KFL374UX3SIZPY15X8654V',0,1559182376,0,346604914),(389158311,1906615894,'1BLLCY4TBG5F25C76S7P77T1KX08032521',1,1239764463,0,7),(389158312,954509223,'TMT69J0V788UK70',1,1128792303,0,1048025446),(818655038,2,'FL2OB8IHPX6B78',1,1941888826,0,686417608),(818655039,987,'D36U4DDVKF5SP4Y67CRE3IQO3AW8NU4410VN59TSE5I669UD012H',0,52,1,239704269),(818655040,579404364,'O0W7688SZ35EL323Q9MEQ30P0',0,9913,0,1661724369),(818655041,1572101189,'',0,3,0,502496585),(818655042,670921365,'SJYN4Y6FQ286',1,996643600,1,3809),(1266357003,43553151,'T916U',0,6,1,1102441556),(1266357004,870780004,'2V271K5T59N3KB6O0N9JRGQ325YJ36E99V3LI0X432ZLWA1348A8869269KUU16X9YH8LEH35SWKF',1,8195,1,364226301),(1695853733,895342416,'2421P34NQU3PGVNHQ0T',1,6,0,534814513),(1695853734,1400585094,'',0,45126348,0,583670479),(1968055232,89530544,'1JAES702ASC8Q63SLJ7384K2604',0,40,1,2028647030),(1968055233,101770052,'5HGCWFL6VK2697SAL9R3L18EM645O7M4E805BC26',0,894573215,1,1615755944),(1968055234,1153221130,'G3ZP7K31B6E33O5HG576D10CNNX7JC0GJQ4S68LPS1',0,1836887817,1,311375360),(1968055235,10,'S0OT524J9U53JUO5193TE75V2G06B3XVXE477CMN3V4B74IP0M056N20012V6B5M6G4BAP863G5LMBH6YI8I32YCTII864Z54PQ',1,724,1,2002873874),(1968055236,1050512774,'84E4PMT4711251N251A',0,1344345724,1,716771525),(1968055237,80,'X788UO7W7J9869A2UXD6331LGY6Q7DB73WTSIGD',0,1396069364,1,1061420),(1968055238,248547569,'',1,1187346725,0,1278508882),(1968055239,1538994667,'DOD3R50EFA2380B89SF17SCXVO980J92O76F21W0RZB9F55107ECNW54M',0,950,0,778607586),(2397551963,1,'54',0,1525077352,0,1644736841),(2397551964,1742360337,'2X50QCD2FE716K1IDTIB937H59C829474H6CGYIBN4L',0,74,0,992),(2397551965,1616442799,'54B17',0,8,0,1351825048),(2397551966,1067855375,'HE',0,1791347071,1,2000442201),(2397551967,2142312875,'',0,452484853,1,685),(2397551968,471108410,'5G65WZHT61RL43EK8L5G597NC5U1HRO67BG',1,1984042520,0,8),(2397551969,3114,'160B1A5U76Z5Y8I3J92E4SZ2CB1MS9B5YFUL7H796XT1BDIGXNZDRAXEZ5',1,1384057486,0,865990682),(2900688415,1901927542,'J0NFM6A6P46TPDW4803370148FIPXNJB1X8HCNYSKZL12P',1,245835193,1,1195475365),(2900688416,1228760009,'0',1,1136627402,0,833),(2900688417,846571717,'3V535K107C5B3FYG4',1,1212769120,0,917165413),(2900688418,1356730483,'89G290959L173J7JA503D8926RF5R84ZMF',1,1465855239,0,1426740538),(3330185145,3268,'GB8BI0QP302403895PTNA9H4437OHVK62WW1H8438BMPA22HPJV06G541P7TO771271A74CSC92U6OC0MM76X',0,1063713628,0,818215309),(3330185146,2129715860,'3NY',1,1955607355,0,214901919),(3330185147,5,'UU4',1,1484130788,0,15),(3330185148,585,'IP34MZOTD5759ZRX224289X06942E2',0,210173300,0,1608438818),(3330185149,995446122,'5EY5S',1,498,1,555567511),(3768320521,453,'B2G0703',0,62,0,465),(3768320522,612652999,'HO0',1,361,1,1835776486),(3768320523,993315581,'S39905L',1,1825566612,1,1927868936),(3768320524,1709203173,'M06556C8S9ATJ32312384S6D403KIWL7V2R9Z91H042IO91E0YL448W92ES',0,662877995,0,809676782),(3768320525,9,'',1,1374688415,1,716261161),(4197817247,1680508374,'40QL8PVCVS1F8916F5R47D2Z4P9',1,4303,1,1688735040),(4197817248,699324589,'G66XJY7T32B9ZS49028CUV510I',1,732235503,0,98715643),(4197817249,1566930417,'O5',0,219804583,0,0),(4197817250,5,'835T',1,781,0,336),(4197817251,367621227,'6X8E48X5SM10',1,1855647071,0,891827232),(4294967295,5607,'VD7067ZOSEY3S',1,220227673,0,1484778647);
/*!40000 ALTER TABLE `areas` ENABLE KEYS */;
UNLOCK TABLES;

--
-- Dumping data for table `ataddress`
--

LOCK TABLES `ataddress` WRITE;
/*!40000 ALTER TABLE `ataddress` DISABLE KEYS */;
INSERT INTO `ataddress` VALUES ('6992SUL6O4G669J13','XH77Q336372WS9B7EEBEBT9182416','9U6K2Y','7P179H023A8','33AJ811JSENBI731JS9K1I3IP55PL0656W2T750JN22UPF56M3Z9OV7R2KAJ9O55U2K527VEXA1O04Q8X8WL08C8W','O9K4M1R1YK986',NULL,199585),('','',NULL,'X63754YL0IL6','G2N6T77HA3N25C41OSQTSLUI',NULL,'54618AMFH5GD3J31D72109D473X',199586),('','1O2MP450X2OTT4C0AJ2','7FK','2','W516BPPSDGZHVCKJN23JN9O6T37I3221IO525K4P',NULL,'',199587),(NULL,'','U4OY8O040NTOPEK7M80D5Q57J3Z9B35WE1I4Z74I5EQPQ981D5J219P87XNG3D0J320','FQ56G2','',NULL,NULL,199588),(NULL,'GRZ3W27F512NE6FLQR5N70SJL9X99WVF736CU7H0S59C1722G794B4G92V09T9F9','V7E1IZ8Y68V4B223L313991357ONZD9VM8203114','J50J77355',NULL,'HR72PC81K2V9JT30DM5',NULL,429696315),('3H7UG4PJ9854959BLNP3G23UTI','61HJ2G3CL4ZJC3W','O789V4C908687Q68S5ME50M32NG715Z653FVDZOOG592257823M5K1CAX41Q50BX2Y','FX8796',NULL,'85J0','GI4536WMZG73O3C5H7C',429696316),('Z41ET97YQ0A84472A2DG37H49J2J0KF5EI1O6J1V696AE08966U90N7UK6HN52X8OK89AJ0','4085652PJ1B3M4DW4S5BA5CE1SU8E857QB06M91N6NFA4113','',NULL,'ZRV92P7C9428W70Y44LVP790F4238I75C8H1UG0T442','7751097','TO',429696317),('617243FS56P49EQBNZ91C87OP9KBX52K9YCWR80UVP1','','9C7BLEAW5CZ461JVU85D4G2IS3KN4157QX69DU46',NULL,'10W97UYADK66365NYOXQ75XAP5406KR6239K9H4W','1BB','',429696318),(NULL,'U66Z8RUDUVG9B1NADJT6VN4VC476WSOQUMTE39E94A0WS86ZFP26755I7272N78WXZD212W6MI4ZTHZ420SK',NULL,'','E3D','',NULL,429696319),('D0Y7QM265F0C508E63508MEG','648FO886W14301FEA90BKUX','0GX0L12LS3O03OMQN57E73Z4O93AQJ57273Y2MC1741J4WCV','M9GW11SC',NULL,'GZ7LMCQJ444515JAY49S8W0HCGQI420MH5ZB878O7027047R795U1I7JD708RS3PDY627','97J8FN9OQA3B',888429084),('ZXVF6WO55NVR65E719QE55P6BJOOCXC','817129XI2G41649X68D4I26C51X24I0W2PTQ0CY0NF','7S5340C733EI6YX5','M5Q4','RX8X44U35I','B8H893L0E8I6963080742E33ORF6BD','WO5C8',888429085),('7BL9267GBKRJR7725WT9X7Q34NNG903RW2EPU69G65BC9001262L8C2B8783H86C5586FDS8DK69E356MC9XJVKA89HPXB857GNJVC558RJ3N1GWPHMN','BLH6J2','25JU9EQ6D670N3',NULL,'MS57Q02C5W5YSE9N','H1666DM',NULL,888429086),('CPN28B9EVAL','IBPNS5IWZYDE0063L9W32372MN8760HVA01U26AL26','','6MQU1B980WOK','D8FL42B3K2R0CS3020285659H142UOILF4PPS4W5G977288UW46A1G2O8ODZHNS6A7X84HL70032H6F1O2753','939RW5EL1D59EB0L','71UF1GCS600JC6ZIF9B1T9A3L6M9944AMM3M1ILF9MW2FL52HK6K6NVM4HWW8I4DDW8UCGY54102N9NR75CQHHMJHC1',888429087),('','JW0AGT',NULL,NULL,'OPY7SV8NFPB2HU8JVQAQRN6LE4P0PJ10N58K3O5MNK2','71OJV353XPSMM073VH998RW0B69VBLG7ZBM','',888429088),('','8E4BRJ4499J3C873PIJ8B558S63O','874ZW','I7K85X7S062596F83','X0027G3B4SBI4','','57QPNYQT5Z',888429089),(NULL,'','P613T6MA09173Y7D46EX3BYE75U0U3X42IJCY3J7J3C','RVMN2WJ6E0FU6I4N3784N61WR42225B61S771PYJB3',NULL,'D579FDZ6X5CVLCLPELR58D63G9G14L',NULL,888429090),('284K57DV08ECX227Z','','9OH8LRG955KGGN8GJJ5J0M4U75NHK6JV9P1833IPS','HAH150P3U03160DMYFTT2280WUDF9HG3RF47UUK7525XU7608L84GO22YOE45LA4E48F4T2U0PC7D2XV679Q0S','8518VI6H7QK30','ZB2KU0P05CJ3T5K5E91I70RL80V2GJX28QQJGM3U14XNP36P5R97VRRA0IZT4C8420ZQ','',888429091),('',NULL,'','','46JNPH4T6CU6491OUX3MQV753PO8407F1632U6189FQ4GY99S9Y901','','638',888429092),('CHCTAZZEDG1P3B0TA6KRM09ZV403J08BP52OL845TPBF3XQBK6LE2JA13E6JX79NMJZ14M9',NULL,'Z02Y3F0053O3Q0','04984H9LN3G9','4V013V4VHT531X335784EBID60FCRN0V06O1F','0N','48YH15AO630318X6694',1317925815),('2MF','I9KRV6E7KMZRV64RGSV62WT6V80304E5OX4JHBVS3W3MN93G6A4XYM2576XQ3P570VE653P0M260S3','B87OQQ1Y7P8WD','KJ43FYJZ5V4J24L74805Q','','','',1317925816),('FJX17M44NXBAPY950EM743Y6DYLOO4591','',NULL,'KJBH35GNE49XB30JIRMX28OUWI31','','SCTRC88619470WY1A0ZO04Y78MW',NULL,1317925817),(NULL,'C10','U9','QF98','00','I0D0OT5Y2317M1J6PJZ7G7',NULL,1317925818),(NULL,'7E70Z84CUDTSUX3L45LPK','349CHS5J7804QVKIX534I254FZ64UFO9L287FE12NP76X870F73A02BD1K','A2R500I53170KH4T77S19KUOFTWNQ44X11X73','','S657TQ292JP2074S51Q644E0V78K','G',1317925819),('YMRKG7GF7I79R5E2508583ELQJD9E6528S14F53BM000','1P6250','GN4L3XZ0VXO733F881X61',NULL,'L22','VQU03','INQ0I2625W48CX6138O',1317925820),(NULL,NULL,'749B1K23Q',NULL,'','S66PHDA385N34POX0IU65S4','B0KJ186VPN838OK9O89TJJ0E40',1317925821),('','NN305Q18WWI9G6','03YN9Z89VDYW039V81IDU204','',NULL,'4Z7VN0L391HNG368ED7IMIE10C88NP',NULL,1317925822),(NULL,'W10MUP77LVLJ6RPTB35UYFNSG244AHK96S0AR49315','','NPU784962BUTI29OF4WFAOV9B2',NULL,'QZE2V4C68C6YIL3FEDORBB1S1','421D3WE',2004673119),('U62NV20DJJ2N','DZM4P6','B1961Y22S','76J663NG5J56P7','','Y37PHC8P81E7G6I4VWNIJ2300U86J6WU5S13ZRSCO15BW','O1I4OQQ2R4US2F09T0UKN56OU3064F0RRLHV7ODLH1OI0D51K1564782S939BQR2505BDN8JPK1Y49GSKCB316W10RJ3H0I16T25UB54TKHC9TLALT9PX6F',2004673120),('K5CP348Y30L205X17590T',NULL,'7F5RFAB19U401ZKSR2G4EK57E18294H0958R26VZY5FI70G23','04LE8DI12PL7MWR6XY',NULL,'6386L5F06R1WU7MUR7H6YX','29AC34701TK1V58EEVT60U5T2H736KTT7TP50G5XCO82N2435PVQ52X4CAT1I1WR83O57LV388QHI5A513HS4O1',2004673121),('','W1COV45SP4H57T68KR8OY413Y60UV36CKWX','Q0123','9JK498Q96X1736416RKB5MY35LN9','','421X65YW4907E46I65Q74812','N7LF2HW85TM5J4G3W387FLO9RX0KDW4PN8NW2KZ825NRMKFQM2M3RZX32768PQ89WF0',2004673122),('N1HL59BDGG','9500CUA1M565O22WHJ2F6X9N4Z9ZMV6Z6IEUX690U22M9Q7613BCN66WD25L512','UY73X6XS387WU0308H16MXKEJK0888EE64PNCTH0PG5RA61XZ9COOI607OZN973I888U91GAN82V3741ST6MV15YM','',NULL,'6PSPQ103RD5Q03C9CPDIH6LS299E0R6W68522W38GO99RZDP3','LJQ6TROSR',2004673123),('','I90OQ5CUXNPW0O4HSQH8V6P4RB4EOP0XUT555550C04ALPYWDV69JG8P1GXH54JW0IFJOB5457T9X06R0M35W375R06VENB9304BV1A1H3','XX9L77HGR011VD513A1NLV5WWVED23S99Z4CE9L8X','J71Q868D92644T72RE','F1V7U6JYYDWJ',NULL,'1S3OMZZJ2A64C57894Q',2434169850),('Y025U418J528QKD09132S600A05927ESD6K40O2P4XV93','93D7183K3O6','',NULL,'R5Y3P43A26D7PGOSRM3TT9N9Z0ERQKFX13O8K5XJ61I5G34','714C70B85V60RU88291D57JDIX98O3W9778TM07UGH8MF1W8O5SJC00BSPP1LZU',NULL,2434169851),('26E95K1','6VF2QH94N3U9YB4WAU2P5J3Z28J1M39201A9','','BRW3NBLA',NULL,'56M5M37E44','',2434169852),('3B','A4Q6KL4HML7837Y20X4U',NULL,NULL,'C65UV69W2E2D2H63R6X2W509ISG6MUB3J36B38',NULL,NULL,2434169853),('99VD412',NULL,'','5X659VV92PF91Y33QS',NULL,'G848T3J','925FAV1T0S5H12O2283N3N3XMDZTOJ',2824770948),(NULL,'JLT3650N','X72LA3J4EM4M3J2P0M7','KH',NULL,'SBIL3P9EUD5M41G718Y6','',2824770949),('4WV33QMY2SOL757','Z5568WRZ8Y',NULL,'',NULL,NULL,'F',2824770950),('IB35B99X8',NULL,'14EC2013I','N50D9F9088K5104I9B4B4BJ14HWSSJO6H643I','08DJ7DZH1KIA35YA874RRMG','X5UJHMWL7OA9602GP06OC731HOL933F6D7OP8DQ12A54YUN9B9A8JGNLN97NUO1YL779302W85W706BNM31689',NULL,2824770951),(NULL,'E90B7U','H7898FUC0B5T8SNFYVP0MV3LPCEOU','PSI4J56924','01FQBSR833R4URR3I2898S0IYJAOQ','74F17BAGYL798527PC35R86G0CMU4NUY4KAL3HE889KR6W2QWVB9N513L2QKOW934551PN','8941UME09P629',2824770952),('',NULL,NULL,'JD35E8757UMRS63FTBU07YV1CA9RNJ5I8U74S52A2Q856192FO6FNF4H62Y6PW9PW','982XONAA69M727GA21BM99050ET0WL0O94618152903N998N','G1WSECL15345O8KTISUA2SJ137FC1IP4C846C6BLA7HAH7YOC0A3H6S6239286','ML995RHMAHEBBF021C8UJBL440B5CK7236H',3254267678),('C043C62S9Q8E0R86KG8BY3W79F1UC1C700R4O4','YM1','4A2O54','X74WSQ','','','3595245Z',3254267679),('R3WCAMN4D6FTGYN60VT1YW564EOK496ZR756301RIQ','AM456141TQ7QN37Y76QAIT1KL2V030ZXZG','BYQEO2KV95MG7M6VSCEBHY323JKP37H7M251','0H9PIHN9X3U96A3F5N9T0W96N7UHC8R89V2328R0','','R5UK158S3289S68V424OZU5JB','ZWW4O5230Z8JC7O3A60W3C12XD2F834F2IXRU4HBCE5HIN069P0P9X239TH03050K2FM004755YK2JOPBW7TDM9QUVJHO57362FMH5D3396NC3O8P401G8871356CGSKJU4P651ZVLVCD9EI1B2154C1X6XRS0695',3254267680),(NULL,'FVPOCI','','7IH4ZOB4FKOB94T937N3VAX3V3OENS2YF5KR24GXMH7XHHK','B319XB169QLI0G90BR5V272198Y796U','N1931E739TLO2LA55K0DTA9FFE60B2KYY768F46F238K8','ET2LR',3254267681),('1',NULL,'1C2N08CTED','8U5981U1DH3W6CDDUO0QTP5Z2PI6829ZXR012PJW1RDI4LI19V5Q0','PX0556IR2M','R25FK17RPYHHCQYH','98W28LI079507Q5KFR08DX0HE53957G537G878EIB9U69LZZ81A5THPKLPH02O',3254267682),('37DLYZE544CPIEO065P9EQQ9K3J5A6G17','439FCIS012Z553XWSW47675ZCU179Y5052642572','1HPYZQ039Y290K2C7U69M5ZP1I',NULL,NULL,'O5I0ZPOP2PJ4YV04W58876P0SDVLRVZ4PDUEI','',3254267683),(NULL,'92G423KJ35QQN24LA83FM37W808XKF8F0L1G966A26W78TXS6JQU5T5H1O1813G86',NULL,'','',NULL,'7MU6',3571024639),('32WS7DG94LPI28V93JOK3QF021Y23Q4','L9V1BDTG8JOBL','6903679XVBIYQ862C50XQ1','AP843SX85CUFW',NULL,'','',3571024640),('3','10N99Z1B0ASAO71897WOHS8OT61FHW9LSQI96C0183BJ59IHOQA9OGHT28R03EVP6T9EQCVE0DL7J83','4PU56LG51T57G7DKF54RHR33A20F5JO7KN35XKWB6PLSXK080VS07381U','KQ899A6BO12QL6Y13KYT',NULL,'7BI9TIV36','V4266GSXR9W22U025TAH2Q',4000521365),(NULL,'450KU7I16XRL12OG435Y17',NULL,'MN3K646',NULL,'22Q0GAPC120Q82T9K99FVB52603IHYH71F77M3UI746VTJXSA1RA1XI83CX649X1BO576ZF9UW196H68CT','',4294967295);
/*!40000 ALTER TABLE `ataddress` ENABLE KEYS */;
UNLOCK TABLES;

--
-- Dumping data for table `ataddresssettings`
--

LOCK TABLES `ataddresssettings` WRITE;
/*!40000 ALTER TABLE `ataddresssettings` DISABLE KEYS */;
INSERT INTO `ataddresssettings` VALUES ('00HXP176',1,'J4IGS5G2A7510U',1,281567497),('3E32YLVKL651UBTS6MV75P260DY53S1VE6FOY8GT7N62WAPD575U748B2Z9G5D53WN2H50GUV47K06LF37FZQ0K9796L0J25UEP5',0,'BH5E26ID07U78E614HOVLM',1,281567498),('YDW7ETYV4H',0,'',1,281567499),('2B676P',1,'CFZX8107X22NNFEGV8B36HGLRZT1C4EP63V9C0594CGK971PR5',1,281567500),('F4XFE588391454',1,'',1,711064227),('A2',0,'EPFQ4JPOX2P0680O5C9DY53OS65A4937F',1,711064228),('N4',0,'ONC109LS424858SC8SLL8PRHYE2ZFAYP25O23MI0WF14S4MDIA16H9JDPLH0I5LIU98MH0ZXGV7P97038YUOZLWAH11U',1,711064229),('',1,'I5L59LCDC0L052402M5ZY4DA432FWJ971G91',0,711064230),('1RJW01D42Q34C6HKZO3NR491TMH021H5PNZ9',1,'',0,1034030078),(NULL,1,'',1,1034030079),('9HY6G',1,'',1,1034030080),('L14P7NXM5L9C0T5IXYA2373',0,'1DIREBKHR9J2O7782GY331U61I',1,1034030081),(NULL,1,'1VR6',0,1034030082),(NULL,1,'9MGGGA4KGL0S66C6V9P8UCRG1YD35U110EDV1',1,1463526809),(NULL,1,'YSW9SN',1,1463526810),('84MMNO2X29L4UI3573L8HK2L2BGXH5',0,'AZVYLW2BJAZ1MYP79Y3SZ4C7Q7',0,1463526811),('U949JK7HCWVGN2I8LCJ72IF270B980FVK9Q7VB3E64YX17W37MR6XII15G8NU',1,'26M7J36PI1L89O08WQOHJFX47SD',0,1463526812),('2IWJ9083IBU5KGMUY26153125TY8I21MT874',0,'RXA924B2VILV24Z6D56',1,2082561140),('6DJWENIV26Q7Z',1,'CFK10V2UVEOE8J7IQ0K9OHI19E7HQH68WT7L4PJC01C4CEOUH',0,2082561141),(NULL,0,'Y40V7G0G0P57O529TXV59LHTZ1ICX9B973W1XG83T4YM',0,2082561142),('9U7KQIW88EM061W6T947DS2PTKZ90ZX2DNE3PXX81C04598EV4F3G85VBM947GYL27FS832R95',1,'94KX8TJ6D5U8441FBJBZ7A62L',1,2082561143),('64G9E5K557ZB7Q',0,'CG3NYD9LA6H52W2OO09C8B7WZRRU651R5',0,2082561144),('I1V136LN7',1,'04G9Z10SU65',0,2512057870),(NULL,0,'0MSMB7M053VUE',1,2512057871),('',0,'X0WD884',1,2512057872),('T046T3N2VU8D8V5BDIK5870RK979F8KL2S5864P0B279G942284C37A',0,'513',0,2512057873),('KS0SI82L9TQ12BF077NXT449AHN2C4I92077I0HW11YA36PF35ISS8A9DI8RLN',0,'',1,2512057874),('78X9VCS64X0NEU3V5O2BS585669QEON368K785RS5PDLP78716560GJZA1CXQZGLB0U9Q6HJB7666LCS0O34BLX323',0,'D9718N2KUGHA97LY5ZKW0Z062Z3',0,2831420100),('',0,'662E7A9AXKNF1S',1,2831420101),('86Z7XUG32R1963RCTO8AQ6E8067',0,'CO53J2',0,2831420102),('7VFCU2',0,'572DX9951HX4',1,2831420103),(NULL,1,'M6O8MN8D02',0,2831420104),('1LA66K3477SE511N',1,'',1,2831420105),('0JHR1P16Q42RHD5',0,'619I2461HUS51KVAP28KWJ029U4H4T5WRZ6309C2N20IX8HV9KL9YB',1,3260916830),(NULL,1,'8O16448IF4895JY438N9D0W5889218OAF6W67EE1YWAM62GP24J6329J9P54925BQ0',0,3260916831),('1DO43X8BB',1,'F',0,3260916832),('PG',1,'O1K0',1,3260916833),('',0,'61QEVVQTJ78MXMN793XP3IEQ872445R50CVE3H072O52272ES5185366YC19FQ895HQQ8XQ2NS1VF72W8B228E4IX7LK201LH07EKML9Z5B4',1,3260916834),('86B9KR45P4T24WE57NZ3R2',1,'4A629RF18R1470Z25HP853QA5401W16JU2E86503P6308472D51P4FM3J2Z',0,3260916835),('5Q5L9JR576J5RO',1,'626I6Y73263KOAXODTDO2R7JH3L1Y60HOD',1,3260916836),(NULL,1,'E6EY8ZV7710',1,3740375547),('',0,'IHMAOIXW2H3W5M644R',1,3740375548),(NULL,1,'',0,3740375549),('',1,'41H83S280837TP9F0N4MN96859VRHK0KU3059J9JD460K5N0Y0RXF',1,3740375550),('5HJ32BK7619AFOV026P8VL1N0NJ1V0KE3NV37C390Z2Q7Z1X20040FBB3KK0XEQ30',0,'67A2Z20',1,3740375551),('55S3X9K3JC40V34L40690Q272',0,'86C',1,4169872273),('',1,'K8838R9',1,4169872274),(NULL,0,'08Q19JP9X',1,4169872275),('56D8EFVWGD0OJ140CT98K583D7P3',1,'1909JCNI6Z5GH39Z4RN30ONRJIHC8B',1,4169872276),('K951FJR4UI9OED',1,'4ZOCQ8EX06IK59D0MK4UD2HF71F1',1,4294967295);
/*!40000 ALTER TABLE `ataddresssettings` ENABLE KEYS */;
UNLOCK TABLES;

--
-- Dumping data for table `atboolean`
--

LOCK TABLES `atboolean` WRITE;
/*!40000 ALTER TABLE `atboolean` DISABLE KEYS */;
INSERT INTO `atboolean` VALUES (0,199585),(0,199586),(1,199587),(1,199588),(1,429696315),(1,429696316),(0,429696317),(1,429696318),(0,429696319),(0,888429084),(1,888429085),(0,888429086),(1,888429087),(0,888429088),(1,888429089),(1,888429090),(1,888429091),(1,888429092),(0,1317925815),(0,1317925816),(0,1317925817),(0,1317925818),(1,1317925819),(1,1317925820),(1,1317925821),(0,1317925822),(0,2004673119),(0,2004673120),(0,2004673121),(1,2004673122),(0,2004673123),(1,2434169850),(0,2434169851),(0,2434169852),(0,2434169853),(0,2824770948),(0,2824770949),(1,2824770950),(1,2824770951),(0,2824770952),(0,3254267678),(0,3254267679),(0,3254267680),(1,3254267681),(0,3254267682),(1,3254267683),(1,3571024639),(1,3571024640),(0,4000521365),(1,4294967295);
/*!40000 ALTER TABLE `atboolean` ENABLE KEYS */;
UNLOCK TABLES;

--
-- Dumping data for table `atbooleansettings`
--

LOCK TABLES `atbooleansettings` WRITE;
/*!40000 ALTER TABLE `atbooleansettings` DISABLE KEYS */;
INSERT INTO `atbooleansettings` VALUES (1,'',281567497),(0,'',281567498),(0,'YP',281567499),(0,NULL,281567500),(1,'WI47',711064227),(0,'Y6L4L32HU5AT72EOJLDA',711064228),(0,'457CM1YVFTA0FR9',711064229),(1,NULL,711064230),(0,NULL,1034030078),(1,'88D29771M604UN9RD00NH5SPRW713FVNW5',1034030079),(0,'5Q78',1034030080),(0,'9TX0J7574E00X09YHY826MEI41AXK72Q9OXW8LF44G0J236N0Y1GB0WMOZ',1034030081),(1,'6U5J539V4P9',1034030082),(0,'39BCT53BT360A33FJ94HV1',1463526809),(1,'L0CL8B309P6XWE5002SPC',1463526810),(1,'0532A9S3NGRZVTWO9X68O0G2WZU9D4412T8K5X86AF',1463526811),(0,NULL,1463526812),(0,'',2082561140),(1,'',2082561141),(1,'6IWA1',2082561142),(0,NULL,2082561143),(0,NULL,2082561144),(1,'KBRG3ITJHLGZR88',2512057870),(0,NULL,2512057871),(0,'PV2LU0U780QV12P0E37593LL4I9T452FO16X4FRLJX3V9886C371SVSD66F3V7UA967YIV315',2512057872),(1,'PVYB6AEQPSWRIPGR110MI',2512057873),(0,'',2512057874),(0,'DNK7LX5913LZWH94J32E4W5B',2831420100),(1,'KOI1E4Q3X96X52HS58VAB3W4',2831420101),(0,'874AF3QM6PHXGR6KPNZ82L4Q8N2IHC3E8XJM4P8DE2J',2831420102),(0,'8DV6Q23BC',2831420103),(0,'2B7M527Q9J3E91',2831420104),(1,'987EPPM0ZYYR0E183741LXMIK53F3V8CPKQW04GGPEV434589L6A186D2',2831420105),(1,'002XW0',3260916830),(0,'',3260916831),(1,'',3260916832),(0,'7KLZ9276CQ96CEU76N4211R1D61D7UEY001420AU5ROSVVUC5H4JN2FA11AC8K6T',3260916833),(1,'72',3260916834),(1,'P21Y',3260916835),(0,'FM6IB5KCH088',3260916836),(1,NULL,3740375547),(1,'61FQ23914TN307FK',3740375548),(1,'08X482O09NN42940YLRW8Q44729T9UUUT4VKJ95',3740375549),(0,'77D8S13G1P95E7XQ44HQUS11O47M02WD2X6M',3740375550),(0,'W129THC071',3740375551),(0,'WBT',4169872273),(0,'C2GXT09TIU0ED15S04XN2ER2NU2Q3TO87340',4169872274),(0,'',4169872275),(0,'JL6G3XO4SIFXLJURSIUCY4WZF6SGZ05H652UZ2ZOJY79MCPMV',4169872276),(0,NULL,4294967295);
/*!40000 ALTER TABLE `atbooleansettings` ENABLE KEYS */;
UNLOCK TABLES;

--
-- Dumping data for table `atdatetime`
--

LOCK TABLES `atdatetime` WRITE;
/*!40000 ALTER TABLE `atdatetime` DISABLE KEYS */;
INSERT INTO `atdatetime` VALUES ('1970-01-01 00:00:09',199585),('1970-01-01 01:19:27',199586),('2010-08-23 03:49:45',199587),('1970-01-01 02:07:32',199588),('2000-11-16 15:20:27',429696315),('2007-02-15 16:14:25',429696316),('2016-04-15 08:00:52',429696317),('1970-01-01 00:00:34',429696318),('1975-05-01 21:49:00',429696319),('2019-07-06 02:53:14',888429084),('1977-04-28 03:58:13',888429085),('1984-08-18 20:43:13',888429086),('1973-05-01 16:51:53',888429087),('2012-02-18 08:10:10',888429088),('1985-11-12 10:03:57',888429089),(NULL,888429090),('1970-01-01 00:11:18',888429091),('1987-11-20 09:26:04',888429092),('1985-06-21 05:42:40',1317925815),('1970-01-01 00:00:01',1317925816),('1973-07-25 20:35:59',1317925817),('1985-07-28 21:14:17',1317925818),('1970-01-01 01:48:42',1317925819),('1970-01-27 16:17:38',1317925820),(NULL,1317925821),('1970-01-01 00:39:27',1317925822),('1980-05-20 22:41:57',2004673119),('2018-10-05 09:05:54',2004673120),('2007-07-20 00:02:45',2004673121),('2008-08-08 23:51:38',2004673122),('1970-01-01 01:52:56',2004673123),('1970-01-01 01:23:54',2434169850),(NULL,2434169851),('2009-03-10 08:47:31',2434169852),(NULL,2434169853),('1970-01-01 02:04:07',2824770948),('1970-01-01 01:01:46',2824770949),(NULL,2824770950),('1983-05-13 03:58:44',2824770951),('1970-01-01 00:00:27',2824770952),('1970-01-01 00:00:51',3254267678),('1991-08-19 13:55:48',3254267679),('1970-01-01 00:01:19',3254267680),('1970-01-01 00:16:30',3254267681),(NULL,3254267682),(NULL,3254267683),(NULL,3571024639),(NULL,3571024640),('1999-10-25 16:09:41',4000521365),('1970-01-01 00:01:30',4294967295);
/*!40000 ALTER TABLE `atdatetime` ENABLE KEYS */;
UNLOCK TABLES;

--
-- Dumping data for table `atdatetimesettings`
--

LOCK TABLES `atdatetimesettings` WRITE;
/*!40000 ALTER TABLE `atdatetimesettings` DISABLE KEYS */;
INSERT INTO `atdatetimesettings` VALUES (1,'L08SDDX71PQEM3XK431K5L3','33I705G0K15HV6W26G2O0BFVJ0C6EK',1601046206,281567497),(1,'ML99KDMA3643X9JDY683Y2E5KX','758Y0C1IG',376498629,281567498),(1,'13IBW0F8FVTYRP3263ZO2A1AHZT','1KJVK75EI7Y55OF37O3LF39H52IEKK42IKN370R5DO0M7S1C136AF',6,281567499),(0,'GEVTCAE8O60M1AJRR898UGO6B6X1P5JIXTG9X7','',1121340389,281567500),(1,'D3SR76O1FJ8YHE657N680J334B37','',96,711064227),(1,'UC4GR662312XE4H5MBDU923644WLL3QE563EEQ7QBBT7','WB',6408,711064228),(0,'E6LCJVGZ5ZWI5JO05K907P6XP65K3F4B6MN377BI5','4951779N2L',150196655,711064229),(0,'GD27B5E2CU1LW6TTQK29J22RN8IE','2DL68ND6ZW11Q3819933',2335,711064230),(1,'O9W7H9F425R7900CD8VJCUKD7N6LOG8V652','RJHQ',935449242,1034030078),(0,'Q6B57CS89D7M60NS894OHFLFRE44GQ8D0CB66WFVQ','TG1OL',1559488124,1034030079),(1,'','84TQ9K2',71125027,1034030080),(1,'69V243IS7R1QQ5','',1509560648,1034030081),(0,'6157O1K9OLMB83656YB4PBO0K113701H0Y98K1L','',797660952,1034030082),(0,'70891T1XY6CW','B9N00WW3Y7JMU0L3ZUDJB17X773R07885UF5NA38Y1222U',1388536659,1463526809),(1,'FH85536E040TDUTVH1ADV6','JA7DS13JHV7J232H9TFM8JHRZTDSOG',1444414136,1463526810),(1,'PX874ZIZ6H','CS8298CN1D316BR436Q91DK1JN25KVMYL3FV23T7G60231F01DR9UVNU31411Y',276965091,1463526811),(0,'H358PY2RZL3771784D34BH9J1ZSM58D5366K2AHY8822V0S09','SN9B',3,1463526812),(0,'173612Q4J98K1538G7JDZ67K2O0DQ71U73M8S29F9948B8V9908LEKS306RTPK0TC','GUG408H724F3V',1596568656,2082561140),(0,'43UH7J36HC3CN447RPLRUR4JU88RWYTY3AGT3O817J5UH34384PEL554L33DO0N7NJ07KLTGFLW65EE3X5G3EB4560928951P18PHTQUEGKUD1478080475PP9O24NG28DMPDD74338552G060PM0V2537TQ30614B0V83FAIX92YV9O8C0D','S1AZ1H791NK7D1KEQ4981A6O3JHMUB88Y7VFWIHIIFM7FCIMV4',2022656254,2082561141),(0,'EF7H5TZRT5G1T2BD1EBW4UH2JB5500F649R1GT0936SP','6OQ3KG55O6DYE4FPKR64',1649354649,2082561142),(1,'45V9994870242W7XR1CEZRVSXEJ55V2DJ0A7M8QC1K21959PJP','',872553157,2082561143),(0,'7J','42CBHD7BZYGL24C95V1EQ3Z4473O34D88K',1275,2082561144),(1,'40256E0HG2U','0',503979044,2512057870),(0,'654HZKI0Q93495U9X58VHT196OFG','38WM9E7047RMX41B54C8K0QG',2084587562,2512057871),(1,'XR1V315','JT9846GGCH4KYX96IHK805C2WC6262E40Y',1889983760,2512057872),(1,'1Q1PD6V64FZ1L49Q56430Q66D0ZL0288W40G42391BE707','9XI09349SDW9VH1D9Z8I5577RKORUXX4SXI7OA6868TQB274MYM4F97F29LX511BA4W939H6QJZ9R6G',52391889,2512057873),(1,'9KRP62943A6I20325NIJ9CNC5TKNV0ND341CN0EYATADB4E5T40YHP7FH9N1B2L7511CO97Q15W07487C1P5WX8ZUS5FEAP16UHAU6N07Q00ZD5T','5OB13W58U5E51FRAVTCJ',1007816387,2512057874),(1,'H76JV1345N76095554Q3WO7A9IBGV52671Z4B0P839K6400O340D7OWG6E8022BS','6M8W727OEZR48R4S83OK6UJ82ZZDA7DJK68XEO8R6O94CJ8Y6LYY',671,2831420100),(1,'160XC5T52UZJ0KM4HEUL711C0I70T7Z34W50295IP08IMAW','425PCHMI4MM5TT2YM82ELELU59SB21',1505694252,2831420101),(0,'NM0IQ8','6X5AVYWUN0TIBL0H429305Y410',9,2831420102),(0,'327RTA751001','466MCX3U48Z2YU575R55X4E4I845V',899644285,2831420103),(1,'7','5C007M9RIYBJM5X75EMKEC892R66C18707L4JY1TR5J9121HH8609EP',1287569814,2831420104),(1,'07DL9ROO0X2DK9PPF5GV4D3OVDK160VMQ710O994596WMB9','0L5NF6FM',749710364,2831420105),(1,'8IS0L8O68ALR5MZ5M2H5SHJ6','RA0FPRIL02077ZAR17F66803SWJBG57G0',1257140892,3260916830),(0,'5SAMQ7B30M8SS76IUTKI0Q4V9JUI3858D8RG','6',1285640842,3260916831),(0,'1ZHXWZVPQJK2K83','3744I4F4U8D8M596WBF8G19LY503223H52',0,3260916832),(0,'J1','N5I18729Z9I82L0U52W17680A4X',611833076,3260916833),(1,'73MY90IH574N','5749VUN720775J6F8AZJ10Y89NHK41C64',289,3260916834),(1,'35092V40J8C8014WDE8Q0DJAC','W',9943,3260916835),(0,'','',7,3260916836),(0,'70FLR7K6','',1,3740375547),(1,'B5VN37F6J838E0EEAF8M30E4P0ZON76SH38QMHFCU90I52L5BU47H02KCYNBU3G7B7OC5GJ9M43UZV2TQ0404','VZ1252T4N178FJIQ43CLXV8642OBRDR870142U68644M8T08J',280,3740375548),(1,'30X','QK50223E73Y7Q69FR4U',232379731,3740375549),(0,'EADR9','1IZG9P57H86EJZIM2X25904UF9KRD08',657765159,3740375550),(1,'I30Z4AT4Z4ZV6G','6U18289K5L48AIIQ62SQ1Z7MS9KV6E28CO42IIWOM4520R63U9',388073256,3740375551),(0,'98N0','',1665571932,4169872273),(1,'11GJ55LB9XY5VQN80DC9LWFE29F7X4OJYQ82S8VZ2Q576275Y6P9X86515KS0','E0C6ZZV114910W56W04956TKL',637621143,4169872274),(0,'OH700R1WC9PY5C7GU4','SGZZJ4YME9KI1HUS9842T42CXN1UM95SHA4E',6179,4169872275),(0,'KYK1IBVU99W70R3B0Y751C0JL','0205966F2D76V13460092VQD766',1078293454,4169872276),(1,'9EVT6KFB1LJLA6715XX32W0W7D11M','904NSQ9HS9KR1QD1MTD84FU8GA8G',677931577,4294967295);
/*!40000 ALTER TABLE `atdatetimesettings` ENABLE KEYS */;
UNLOCK TABLES;

--
-- Dumping data for table `atdefault`
--

LOCK TABLES `atdefault` WRITE;
/*!40000 ALTER TABLE `atdefault` DISABLE KEYS */;
INSERT INTO `atdefault` VALUES ('BPA3J0604CV',199585),(NULL,199586),('2DL805O76',199587),('',199588),('A68HWDO82U957S95QX478Z8AZW71N128',429696315),('4138723FD9',429696316),(NULL,429696317),('GWZ265',429696318),('',429696319),('',888429084),('',888429085),('49401DXDUJ0',888429086),('8368JA74881ESO1286H30IDCZK4D52S9TUVHOPIL54E0N07372GBM7BJUR8Q',888429087),('RD67J8EP48O6D15',888429088),('SG8XLC0UVIDO4N94E81461945BOHH3C8778MG5X8WH0T0882OB8J',888429089),('9SA',888429090),('8TR91EO011Z5B5D35AGQF5',888429091),(NULL,888429092),('0XS9709',1317925815),(NULL,1317925816),('3TIA78C5L32A273VLDE',1317925817),('098H6TE06Y65309BBYM3O915575UZ4FPMW',1317925818),(NULL,1317925819),('',1317925820),('JYU0HQ0M2WL0L7X2V86P',1317925821),('IIYUCLX8K6E7B8Z8',1317925822),(NULL,2004673119),('18U5I',2004673120),('0DE4L3V1T',2004673121),('U6G3L57I63H33IGI5513',2004673122),('0N292361GHZIDZG224D3PF7PD7KB3',2004673123),('3',2434169850),(NULL,2434169851),('HUD4EZ',2434169852),('1085KI44GI127K44I2UJRY3SJ31RU8K6E1VW1LB70M71NP0N281O63ET0',2434169853),('R5D8S30LBFSWCLBUB1QO176U829X1O3DJ16TJ2285X8467B02',2824770948),(NULL,2824770949),('W',2824770950),('',2824770951),('',2824770952),('Y5H43A',3254267678),('W95IX3I715K2IX1SOOGO7166',3254267679),('IZJ59I4IN872CK2EF38H2EDWU69EM9FZ',3254267680),(NULL,3254267681),('9XJ424F9S40O5OSRI93',3254267682),('03D0R7632906',3254267683),(NULL,3571024639),('',3571024640),('I812NW054890YR349604XD3352L1',4000521365),('4D9',4294967295);
/*!40000 ALTER TABLE `atdefault` ENABLE KEYS */;
UNLOCK TABLES;

--
-- Dumping data for table `atemptysettings`
--

LOCK TABLES `atemptysettings` WRITE;
/*!40000 ALTER TABLE `atemptysettings` DISABLE KEYS */;
INSERT INTO `atemptysettings` VALUES (281567497),(281567498),(281567499),(281567500),(711064227),(711064228),(711064229),(711064230),(1034030078),(1034030079),(1034030080),(1034030081),(1034030082),(1463526809),(1463526810),(1463526811),(1463526812),(2082561140),(2082561141),(2082561142),(2082561143),(2082561144),(2512057870),(2512057871),(2512057872),(2512057873),(2512057874),(2831420100),(2831420101),(2831420102),(2831420103),(2831420104),(2831420105),(3260916830),(3260916831),(3260916832),(3260916833),(3260916834),(3260916835),(3260916836),(3740375547),(3740375548),(3740375549),(3740375550),(3740375551),(4169872273),(4169872274),(4169872275),(4169872276),(4294967295);
/*!40000 ALTER TABLE `atemptysettings` ENABLE KEYS */;
UNLOCK TABLES;

--
-- Dumping data for table `atexpress`
--

LOCK TABLES `atexpress` WRITE;
/*!40000 ALTER TABLE `atexpress` DISABLE KEYS */;
INSERT INTO `atexpress` VALUES (199585),(199586),(199587),(199588),(429696315),(429696316),(429696317),(429696318),(429696319),(888429084),(888429085),(888429086),(888429087),(888429088),(888429089),(888429090),(888429091),(888429092),(1317925815),(1317925816),(1317925817),(1317925818),(1317925819),(1317925820),(1317925821),(1317925822),(2004673119),(2004673120),(2004673121),(2004673122),(2004673123),(2434169850),(2434169851),(2434169852),(2434169853),(2824770948),(2824770949),(2824770950),(2824770951),(2824770952),(3254267678),(3254267679),(3254267680),(3254267681),(3254267682),(3254267683),(3571024639),(3571024640),(4000521365),(4294967295);
/*!40000 ALTER TABLE `atexpress` ENABLE KEYS */;
UNLOCK TABLES;

--
-- Dumping data for table `atexpressselectedentries`
--

LOCK TABLES `atexpressselectedentries` WRITE;
/*!40000 ALTER TABLE `atexpressselectedentries` DISABLE KEYS */;
INSERT INTO `atexpressselectedentries` VALUES (199585,7415195),(199586,6415193),(199587,5546008),(199588,9215393),(429696315,8215402),(429696316,2293735),(429696317,785146),(429696318,8215400),(429696319,785143),(888429084,9215396),(888429085,785144),(888429086,8215399),(888429087,5546009),(888429088,3293735),(888429089,9215399),(888429090,2293733),(888429091,6415192),(888429092,7415192),(1317925815,5546010),(1317925816,3293736),(1317925817,6415194),(1317925818,785145),(1317925819,8215397),(1317925820,4546011),(1317925821,4546012),(1317925822,4546009),(2004673119,4546008),(2004673120,1785145),(2004673121,8215398),(2004673122,5546013),(2004673123,2293736),(2434169850,9215398),(2434169851,4546010),(2434169852,2293734),(2434169853,8215396),(2824770948,7415194),(2824770949,8215401),(2824770950,5546011),(2824770951,7415193),(2824770952,1785144),(3254267678,1785143),(3254267679,1785147),(3254267680,5546012),(3254267681,1785146),(3254267682,4546007),(3254267683,6415191),(3571024639,9215397),(3571024640,9215395),(4000521365,3293734),(4294967295,9215394);
/*!40000 ALTER TABLE `atexpressselectedentries` ENABLE KEYS */;
UNLOCK TABLES;

--
-- Dumping data for table `atexpresssettings`
--

LOCK TABLES `atexpresssettings` WRITE;
/*!40000 ALTER TABLE `atexpresssettings` DISABLE KEYS */;
INSERT INTO `atexpresssettings` VALUES (NULL,281567497),(NULL,1034030079),(NULL,2082561144),(NULL,3260916832),(NULL,4169872274),('0KZLW7',281567499),('2HH2N3O7',1034030082),('2HH2N3O7',4169872276),('2M1R8V63',1463526811),('31TL',1034030078),('31TL',1463526809),('3OC495332YU',2512057870),('3OC495332YU',3740375551),('3OC495332YU',4169872273),('430',2512057874),('45ZVGWH16O777F64',281567500),('45ZVGWH16O777F64',1034030080),('45ZVGWH16O777F64',3740375547),('4FUTY38',711064230),('4FUTY38',2512057872),('53',1034030081),('6',3260916831),('89905',2082561140),('8LYJ',3260916834),('987',2082561141),('9TOP5',3260916830),('9TOP5',3740375550),('A3ZM3',711064227),('A3ZM3',2831420101),('A3ZM3',2831420102),('DB7CTEBA1',281567498),('G',711064229),('G',1463526812),('HA530C4W066Z411',2512057871),('HA530C4W066Z411',3740375548),('HA530C4W066Z411',3740375549),('KO2ZR24U5',4294967295),('L7LZ095FLW5Z20973H8',1463526810),('LZ346095CVU591N45L',4169872275),('M73943VTNU2R5U8417DHE0BDC9H92',3260916833),('O0S',2831420100),('R22J1I993AN',2831420103),('TXIZGM46JFD9E2XH22GU1643U758TWB',711064228),('TXIZGM46JFD9E2XH22GU1643U758TWB',2082561143),('V18U8',2082561142),('V5W5T7',3260916835),('WA59',3260916836),('X8059',2831420105),('XIZA',2512057873),('Z',2831420104);
/*!40000 ALTER TABLE `atexpresssettings` ENABLE KEYS */;
UNLOCK TABLES;

--
-- Dumping data for table `atfile`
--

LOCK TABLES `atfile` WRITE;
/*!40000 ALTER TABLE `atfile` DISABLE KEYS */;
INSERT INTO `atfile` VALUES (NULL,1317925818),(NULL,1317925820),(NULL,1317925821),(NULL,2004673122),(NULL,3254267680),(760629827,199586),(760629827,429696319),(760629827,888429091),(760629828,888429085),(760629828,888429088),(760629828,2004673120),(760629828,4294967295),(1011154294,2434169850),(1011154295,3254267682),(1011154296,2434169853),(1011154298,199587),(1011154298,1317925819),(1440651025,199585),(1440651025,1317925817),(1440651026,429696315),(1440651026,1317925816),(1440651027,888429092),(1440651028,2004673123),(1440651028,2824770949),(1440651030,1317925822),(1440651030,3254267679),(1821186277,888429086),(1821186279,429696317),(1821186281,888429090),(2250683007,888429089),(2250683009,2824770948),(2250683011,2434169852),(2594829569,429696318),(3024326298,3254267683),(3024326300,4000521365),(3709026232,199588),(3709026232,888429084),(3709026233,2434169851),(3709026234,429696316),(3709026234,2004673121),(3709026234,3254267678),(3709026234,3571024640),(3709026235,2004673119),(4138522957,3254267681),(4138522960,2824770951),(4138522961,888429087),(4138522961,2824770952),(4138522961,3571024639),(4138522962,2824770950),(4294967295,1317925815);
/*!40000 ALTER TABLE `atfile` ENABLE KEYS */;
UNLOCK TABLES;

--
-- Dumping data for table `atfilesettings`
--

LOCK TABLES `atfilesettings` WRITE;
/*!40000 ALTER TABLE `atfilesettings` DISABLE KEYS */;
INSERT INTO `atfilesettings` VALUES (-29032447,281567497),(-681235791,281567498),(-1908954138,281567499),(6,281567500),(-862186950,711064227),(-784045175,711064228),(-407495339,711064229),(-702258145,711064230),(-464454653,1034030078),(-1800519493,1034030079),(-2078816911,1034030080),(-1067220004,1034030081),(-471758903,1034030082),(-1186577963,1463526809),(2413,1463526810),(-2051097593,1463526811),(-808166192,1463526812),(-1552288831,2082561140),(-372024900,2082561141),(29,2082561142),(-136279905,2082561143),(-1943718639,2082561144),(-1246579337,2512057870),(-2045234042,2512057871),(-202427624,2512057872),(-1657666860,2512057873),(-1663117896,2512057874),(-1123710836,2831420100),(-16,2831420101),(-858504569,2831420102),(-510849135,2831420103),(2,2831420104),(-1168190396,2831420105),(-245996242,3260916830),(-374676918,3260916831),(-1144845232,3260916832),(-665968572,3260916833),(-1488227465,3260916834),(-727,3260916835),(-160353409,3260916836),(-440957087,3740375547),(-1933450886,3740375548),(-1112478140,3740375549),(-717342051,3740375550),(681,3740375551),(-66033987,4169872273),(-680556099,4169872274),(1,4169872275),(-512,4169872276),(-90824142,4294967295);
/*!40000 ALTER TABLE `atfilesettings` ENABLE KEYS */;
UNLOCK TABLES;

--
-- Dumping data for table `atnumber`
--

LOCK TABLES `atnumber` WRITE;
/*!40000 ALTER TABLE `atnumber` DISABLE KEYS */;
INSERT INTO `atnumber` VALUES (647.5193,199585),(6117069520.4872,199586),(-5357658062.8256,199587),(-6352493831.7402,199588),(8.4509,429696315),(6582787072.9606,429696316),(-2.6941,429696317),(-9490.7761,429696318),(NULL,429696319),(-852.3368,888429084),(-17.5699,888429085),(1477234152.2102,888429086),(-8500770072.9816,888429087),(-973388831.4862,888429088),(-1149677695.8441,888429089),(5186771518.7586,888429090),(1487228581.8236,888429091),(692.3424,888429092),(-6294994958.2185,1317925815),(-32.4593,1317925816),(-364.6666,1317925817),(NULL,1317925818),(-4.8102,1317925819),(4290164475.7436,1317925820),(8223.7371,1317925821),(5622332013.4893,1317925822),(-5453090350.7442,2004673119),(-7604536157.7606,2004673120),(-610.7088,2004673121),(-917782193.8653,2004673122),(NULL,2004673123),(4375254537.4685,2434169850),(-8174735391.1222,2434169851),(-8223432156.6073,2434169852),(2134538493.6008,2434169853),(449.3648,2824770948),(4086222773.2235,2824770949),(NULL,2824770950),(NULL,2824770951),(-9922583535.6270,2824770952),(26.1163,3254267678),(-2376059948.3995,3254267679),(8616341367.2617,3254267680),(9680382172.7484,3254267681),(9522013828.3723,3254267682),(-550.1030,3254267683),(2457208782.9874,3571024639),(8352873306.4416,3571024640),(-4974809362.0102,4000521365),(-7126549985.3594,4294967295);
/*!40000 ALTER TABLE `atnumber` ENABLE KEYS */;
UNLOCK TABLES;

--
-- Dumping data for table `atselect`
--

LOCK TABLES `atselect` WRITE;
/*!40000 ALTER TABLE `atselect` DISABLE KEYS */;
INSERT INTO `atselect` VALUES (199585),(199586),(199587),(199588),(429696315),(429696316),(429696317),(429696318),(429696319),(888429084),(888429085),(888429086),(888429087),(888429088),(888429089),(888429090),(888429091),(888429092),(1317925815),(1317925816),(1317925817),(1317925818),(1317925819),(1317925820),(1317925821),(1317925822),(2004673119),(2004673120),(2004673121),(2004673122),(2004673123),(2434169850),(2434169851),(2434169852),(2434169853),(2824770948),(2824770949),(2824770950),(2824770951),(2824770952),(3254267678),(3254267679),(3254267680),(3254267681),(3254267682),(3254267683),(3571024639),(3571024640),(4000521365),(4294967295);
/*!40000 ALTER TABLE `atselect` ENABLE KEYS */;
UNLOCK TABLES;

--
-- Dumping data for table `atselectedsociallinks`
--

LOCK TABLES `atselectedsociallinks` WRITE;
/*!40000 ALTER TABLE `atselectedsociallinks` DISABLE KEYS */;
INSERT INTO `atselectedsociallinks` VALUES (8,'I95Y','Z2D9LZ20E12K0VOYM95I5UWF4V9A',1317925820),(9,'W','6VW3WGUV6GLB06',2824770950),(10,'WHP9PCF1J61P462G6M02J9YIU8RRP444U9745E7E328I6G95RR86H56K4HE6U71ZBBTHW1V','YK52NW08791O6YK3YS51AMUTD5',199586),(11,'','9CW',NULL),(12,'5264YZOO5N4KECDE6B8NA036TA3R0QMU1Y5XPSO6VWHQ3IUT4DCPV56U3M2TX45739Z0PB',NULL,1317925818),(13,'M','V76QZBM23H84Q8DGC80IBFWPNLU42JOW5JX86RNH51R',2004673122),(14,'IWXEEV7',NULL,NULL),(429496739,'FJ0935P2JL8816D8P0R896QD96I13Y45F2SNBQT817',NULL,199586),(429496740,'01M','95WZ',2004673121),(429496741,'9H8','4VVURD4E5',4294967295),(429496742,'CO561W7IPVJ4X4DW','4WG666Q',2004673119),(429496743,'F4CY8VYPHL16R36DRG2W2RP','0G68987YDN28GDX6BRU22UF',1317925818),(429496744,'BB61118380VC821HCA7P09AABJ',NULL,1317925819),(922339841,'4503285P7781911208G7RGX4545NIQ198BTP71G30NP60DE966H017','',2824770951),(922339842,'X67E939682OU18592QGW82SS4SF14OTPZ5JIW26PM361QF55N0KJD91ZR018N8DF87Z8','N8DB1E38YT54SHG5T027E14739JSCR907KMF',2004673121),(922339843,'PHI6RV42DGVLCTR45142S655465AHH6773VI6VNJH9R4ZJ50WUWE8750J3G7A8UA5CMZK','',429696319),(922339844,'2WF056VMIFNHSZ1XGC3','758E9628E35N',3571024640),(922339845,'994D','',NULL),(1351836571,'76873K6747O97M724KU0755X10OES47T','3HN401R3KRD66H8CI15H7A53AT7',2004673123),(1351836572,'O729898NZ47GKYDA7PNX4E287V1PDFEDYM2HH453','57A8683NF8R4Q69JMW3RXF247525SJXVCV1XSDO8XG3YT07TFYZ91ZP677P5WE6VS3GMG210039RFO80BLEB9O017946MW9ARK2D171Z044497RAR0WCQFH6W5M97',3254267683),(1351836573,'3J54JMEK154K40465SITZ5NOX08P17EZM13055A973F69I8I150M1OL4F',NULL,1317925819),(1351836574,'214K8','R8W71',4294967295),(1351836575,'20RQ36O6299CM6FJ5A38LFMKQ8ARX6117P31W9K92144G2W85V6LUI3QCHI8E4','EOF60N00L',888429084),(2013461559,'24P85YKQV67AD4R18608XU','380971646TO5AR86XP6MS8UW26M9743RGOV2X28K91OI7N0W82H8QF3BZ01QJA0DI965W2EGR',3254267680),(2013461560,'36Q477V0ME624F4O95PHDYLZXW5FZN1YCH361YV689SN2770490624AH984PT323121OD04M1AY','PDY0Y408D7U0T',429696316),(2013461561,'7I','E12870J56102HTF27243',888429084),(2013461562,'T0MS730X4NH93822ZE23I2L5MC3DFR0PA15X6Z9Y71G1XTXOY08K02T8F356AGGJB1S99M4ZLL','5R8',199586),(2442958290,'24K11L46683TF814C7956C3X','W244558WVU2BRA93T55BIK3M70XO7205B3WZ',199586),(2442958291,'8','VEN9AT8EU19GSHFH0CYRI4LN7',1317925822),(2442958292,'4VYA09639K4E39ODDV38Q58IJR5Y7QX609L9X354C2','XVPDQIC6STM36N245E63NO5VA72BS2EX785UF3W1ZV',2824770948),(2442958293,'2JS63R03IG3OEU9D6X43D8HQ55M47WUMC57S','A39441EAH3G1I20GH933G4K0B748I5C99UR1467O4V',3254267679),(2776456184,'HO9IK2C6J09ONGLE9GKE72P','8P7EA7',1317925821),(2776456185,'ODX4I288G9N3CK14Z22P5B47TXIQHJ90P5F9AO1EN57I3YTZC8QG11565L3TH0MD6','J5F16PQ3W4L5GH2793S10SGHUC880V',2824770952),(2776456186,'CO7C9Q18RM59112J8Q0B859PZSS9021HB8O5S',NULL,2824770950),(2776456187,'LXWK6R6E0HU5FBS3H09F3I5384CC435O541JRK8M','P10B8V272111ZXSF3WJ',199587),(3205952914,'422M5Y950N9311O5GMO2559','60FKA69301K777PFP03',1317925815),(3205952915,'139H16IQG0',NULL,1317925817),(3205952916,'53YDT9','1YTG6HW1O4N34UD3G8L6XEHSIF77WY5IE3',1317925822),(3205952917,'','47505678AIPRH703M870',NULL),(3205952918,'JW81B47TIB6PC12DGR2KGU079O1IRFA229W0TD3I50U1','',1317925818),(3446641956,'31Y03OQ923W7U7','F3FDB8HFQ4C6K1P2',1317925819),(3446641957,'','6',NULL),(3446641958,'ORM0LNY0B47F1VN5NSC720AK9P','VQYY4YQC394U7PY4I1KWF793',3254267679),(3446641959,'G1ZY3NB14UH1G2EV57714U05Z6B1CIMH1E5VHS91A79F20L774W9DV2537H3IFOW84A8RR1X3W8TA65VGS2L980ZJE80C4QPG8VL7426EEAM1AE3NL93812N8AA4','J8012836CP4916112WONNNGC35407H8S7N780E1OV6Q6N',1317925815),(3446641960,'3D1EPUPYB4','',429696317),(3876138682,'Y9230MB8B9V2PMK5X','PM0Q1363',3571024640),(3876138683,'7Y43744X97759012209NHB7','',2004673119),(3876138684,'21A93XP75PG44V40O5Z89S701','G95X311PM4QRPP0N24I9K57HZQ9TFM14W8870DCCAU3E7033E',2824770950),(3876138685,'7ETV8YWGTB53P7NUVO39S35USAMCO54','1418T54781F47WBF',199587),(4294967295,'IPI8A0H2G1YG3846Z3RVZ9PIIS43SPZ9Q930889FL5IWD53K0DU5578BF58Z021QES9YN8EZ','07I95DS03A09YXYW43FYLD33DST07H51SKEBO7V567X828BP5Z0T1SHUKW39LN2XDN10VS408P5BDBJ',2434169850);
/*!40000 ALTER TABLE `atselectedsociallinks` ENABLE KEYS */;
UNLOCK TABLES;

--
-- Dumping data for table `atselectedtopics`
--

LOCK TABLES `atselectedtopics` WRITE;
/*!40000 ALTER TABLE `atselectedtopics` DISABLE KEYS */;
INSERT INTO `atselectedtopics` VALUES (234400816,1555718644,3254267679),(234400817,1695919783,429696319),(234400818,1190212215,NULL),(234400819,1596299891,888429090),(663897547,88,199588),(663897548,6,1317925818),(663897549,1307121253,2824770952),(663897550,1805930961,2004673122),(1272286695,1050623262,2004673122),(1272286696,5,1317925822),(1272286697,1656641558,3571024640),(1272286698,548,3254267680),(1272286699,120751816,2004673121),(1701783426,8,429696316),(1701783427,75,2004673120),(1701783428,7,199585),(1701783429,8231,199588),(2092878771,404289434,888429092),(2092878772,928384444,429696318),(2092878773,1988,2004673121),(2092878774,2054815490,1317925815),(2092878775,1634747683,1317925815),(2522375501,402274433,1317925818),(2522375502,1170246114,888429084),(2522375503,857,3254267682),(2522375504,1846203312,888429085),(2522375505,65,NULL),(2522375506,1690760212,888429091),(2959436260,9,2824770952),(2959436261,3919,2434169851),(2959436262,970170368,1317925822),(2959436263,2527,2824770948),(2959436264,1819857217,2004673123),(2959436265,1252882010,2824770949),(3388932991,32,2434169853),(3388932992,1587833045,3254267678),(3388932993,62,2434169850),(3388932994,230618410,NULL),(3388932995,326122223,3254267680),(3388932996,1006089862,199587),(3509922496,84,429696317),(3509922497,726423998,3254267680),(3509922498,2092940674,2434169851),(3509922499,1359705013,888429091),(3939419221,3182,199586),(3939419222,8015,2004673120),(3939419223,1912349534,2824770952),(3939419224,1681773805,NULL),(3939419225,29266084,NULL),(4294967295,1888833560,429696316);
/*!40000 ALTER TABLE `atselectedtopics` ENABLE KEYS */;
UNLOCK TABLES;

--
-- Dumping data for table `atselectoptionlists`
--

LOCK TABLES `atselectoptionlists` WRITE;
/*!40000 ALTER TABLE `atselectoptionlists` DISABLE KEYS */;
INSERT INTO `atselectoptionlists` VALUES (3710),(3711),(3712),(3713),(3714),(3715),(3716),(3717),(429500441),(429500442),(429500443),(429500444),(429500445),(429500446),(429500447),(1146076708),(1146076709),(1146076710),(1146076711),(1146076712),(1146076713),(1575573439),(1575573440),(1575573441),(1575573442),(1575573443),(2109967645),(2109967646),(2109967647),(2539464375),(2539464376),(2539464377),(2539464378),(2959488855),(2959488856),(2959488857),(2959488858),(2959488859),(3388985586),(3388985587),(3388985588),(3388985589),(3388985590),(3479400783),(3479400784),(3479400785),(3908897509),(3908897510),(3908897511),(4294967295);
/*!40000 ALTER TABLE `atselectoptionlists` ENABLE KEYS */;
UNLOCK TABLES;

--
-- Dumping data for table `atselectoptions`
--

LOCK TABLES `atselectoptions` WRITE;
/*!40000 ALTER TABLE `atselectoptions` DISABLE KEYS */;
INSERT INTO `atselectoptions` VALUES (24,1,0,177,'T31VJ17R3C34HF69O2EG862D3A5NTRPN2ES7TA9075899U68A62NPXG8DZ33B70Q3QQ90H7464GKHU49THI367TKD0AS6Z3X',3388985587),(25,0,0,-496283099,'IGF6Q3NBVC2GTX2IZF872N7U57D008TB22GEKX093VV78L0T43',2539464376),(26,0,0,-1230311047,'9TUIQ8UYU8FHEUG3I6516HPW10462N4RJ4EA39PSTZJ72MXG54M9I60ZX713691LD7Q29DH669E1D9H06H0626N23DJC469HTR51N68BI7HI8893URN4L',3388985588),(27,1,0,-1751584748,'3A8TFO610',3388985589),(28,0,1,-16245418,'9H4',2959488855),(429496755,1,0,-550848250,'94QB',2539464375),(429496756,0,0,-184599935,'UC7AB4855028',3908897511),(429496757,0,0,-1626670595,'11AWA1A6H9P05K2',2959488859),(429496758,1,1,-2114415731,'I869H',2959488859),(429496759,1,1,-1671063941,'7',1146076709),(1094636839,0,1,8718,'3O7A6Z3FLK20X2J589UVQDH',2959488858),(1094636840,1,0,-1257271985,'1',1575573442),(1094636841,0,0,-241830054,'9DR4W9M5O73JD7PG93T7GAW7GV14T61CS1Y2Z2T3E1P9G0188A99J678FSF9K15886F9KAZ3IQU',429500446),(1094636842,1,1,-6661,'S9847Z9FY',3908897511),(1524133569,1,0,2449,'3Z5Y08T89SDRAP7WVVZIY206DVI4F4GG6629O',3479400784),(1524133570,0,1,634,'CQ4A',3712),(1524133571,1,1,-977923646,'I24450W71VF2R0QLC54PP9J7363PSA08I5P05X802S8NX4O9CN01CLH92L2GDM1W56I4KZDK8A45595140664952H77ATNQ1KUBD54',3479400784),(1524133572,0,1,-3,'RG8K712G5R7J33',3908897510),(1524133573,0,1,-7,'EG4OQI12KG1FW76QW65WZZZ26',3711),(1811971250,1,1,0,'',NULL),(1811971251,0,1,8118,'KO791VX41SFO7I805C5066H02ZHLXXAJ9KT426EGN6100Q73E7XNJV8Q0P412WQ6J2Z2CY400M289XHENJPKM4GGI1122TK7QPD317NX57',3712),(1811971252,1,0,-5800,'U68',3908897511),(1811971253,0,0,-843642550,'QD072VL',4294967295),(1811971254,0,0,-74505786,'47979ZJ6F356G3KW2',2109967646),(2241467980,1,1,-95975232,'3',3388985590),(2241467981,0,0,-77,'01BN21625TFA8Q7BV87YL4V6RI6FOPW9B2L9ZEJU3K748L8K361NB10XTL2US6V8T89',1146076711),(2241467982,0,1,-613224150,'178F6YFX55L2W0G52',3711),(2241467983,0,1,-2,'Y4X69DS0Y0WJ',3712),(2241467984,0,0,9979,'A7VFO9GEET97551P689AAZ0B',2959488855),(3005247374,1,0,-577838742,'',NULL),(3005247375,1,1,50,'754Q8VUPRW3EJ8E',2959488856),(3005247376,0,1,-394,'09N05OYB2R',1146076709),(3434744104,0,1,-2099644358,'',NULL),(3434744105,0,0,-428624216,'1KXHP8P6026R',3479400785),(3434744106,0,1,667,'8F0ENZU08SDSI80R04X2F7FW6OZ30GIRVUJ0L340173KN',3388985589),(3434744107,1,1,-1735339331,'3C66FIB6JCA2EA',1575573440),(3809705054,0,1,85,'C3ZXU843W91WPQY0B0N19',3479400783),(3809705055,1,1,-403388416,'TV4B9S3ZC7PQ1AWS989E81B66N6ZD3YYS25909RQINT96',1575573440),(3809705056,1,1,7,'9G8M3I00D58YHQBS4',3388985588),(3809705057,1,0,-40704222,'2EU700O3734IBGK9AR',1146076712),(3809705058,0,0,-579107606,'088D1HSF6',1575573443),(3809705059,1,1,-817953920,'UJU00BY79',429500442),(4239201779,0,1,-1322262880,'KT17DP34RM2JE',1575573441),(4239201780,0,1,-58617641,'',NULL),(4239201781,0,1,-9779,'6PK9HV4Z02W8541118R1ASJQMXH0Z3U0OVJW09W2TBK57DJQ899IHU64BA8LUQEL61LCHCFJP',429500442),(4239201782,0,1,29,'',NULL),(4239201783,1,0,-1139424528,'C13',3388985590),(4239201784,0,0,-33801565,'4JPPIRB75333713561AKSFCK0HKGHN7Y674OKP00KB73O142AHT1UE25OP8Y955V1BEVPDVKF52A7RS7L2TTP2PI9EQE842U5K56HA279Z3CUR91A8J90042Z2446Z1WY81MS9S573R3352S19',3715),(4239201785,0,0,-1408895729,'BYMXJ5008P9F9LM',2959488855),(4294967295,1,1,890,'3KE2PU9D8',1146076710);
/*!40000 ALTER TABLE `atselectoptions` ENABLE KEYS */;
UNLOCK TABLES;

--
-- Dumping data for table `atselectoptionsselected`
--

LOCK TABLES `atselectoptionsselected` WRITE;
/*!40000 ALTER TABLE `atselectoptionsselected` DISABLE KEYS */;
INSERT INTO `atselectoptionsselected` VALUES (199585,429496755),(199586,429496756),(199587,24),(199588,3434744106),(429696315,429496758),(429696316,4239201781),(429696317,429496759),(429696318,4239201785),(429696319,3005247376),(888429084,4239201784),(888429085,4239201780),(888429086,1094636839),(888429087,1524133573),(888429088,2241467984),(888429089,4239201783),(888429090,27),(888429091,26),(888429092,2241467980),(1317925815,4239201779),(1317925816,1524133570),(1317925817,1811971250),(1317925818,1811971253),(1317925819,1524133569),(1317925820,2241467982),(1317925821,3809705055),(1317925822,1811971254),(2004673119,3809705058),(2004673120,3005247374),(2004673121,28),(2004673122,1524133571),(2004673123,4294967295),(2434169850,2241467981),(2434169851,3809705054),(2434169852,3005247375),(2434169853,1524133572),(2824770948,3434744104),(2824770949,1094636840),(2824770950,3809705057),(2824770951,1811971251),(2824770952,429496757),(3254267678,1094636841),(3254267679,1811971252),(3254267680,25),(3254267681,3434744107),(3254267682,1094636842),(3254267683,3434744105),(3571024639,4239201782),(3571024640,2241467983),(4000521365,3809705059),(4294967295,3809705056);
/*!40000 ALTER TABLE `atselectoptionsselected` ENABLE KEYS */;
UNLOCK TABLES;

--
-- Dumping data for table `atselectsettings`
--

LOCK TABLES `atselectsettings` WRITE;
/*!40000 ALTER TABLE `atselectsettings` DISABLE KEYS */;
INSERT INTO `atselectsettings` VALUES (0,1,1,'R53WW3EMLW8P1CG438C48GDW5I18499B',0,1146076708,281567497),(0,1,0,'0YH7PY4UEXAOQA3CB5969',1,1146076711,281567498),(1,1,0,'',0,429500445,281567499),(0,0,1,'YSM2H2EVB8461B7IAJ2H09LECH81R28B2622QSWF33PIAMZVCQNE12',0,2539464376,281567500),(0,1,0,'',1,429500444,711064227),(0,1,0,'50L522R2J4PV5L17K40O093XD462S96H6MB0D0RGBI6G668U0ZAC91DO99KY3',1,3388985590,711064228),(1,1,0,'57I6B76N8B5224I5R5O5NRJ0LWML3MMNL7',1,3717,711064229),(1,1,0,'WO031V96P84D4YR2S439GD03MHI30H1EM5R27Z72NN36N5Z88137P8',1,429500446,711064230),(0,0,0,'',1,1575573443,1034030078),(1,0,0,'3OMQ',1,3715,1034030079),(0,0,1,'756E',1,NULL,1034030080),(1,0,1,'M6XJ5522U5GP3L34Q9',0,3711,1034030081),(1,1,0,'OST1Y99077ZGOSC',0,429500443,1034030082),(0,1,1,'NU0Y0Z883GW8C35X',0,2959488856,1463526809),(1,1,1,'Z',1,2959488858,1463526810),(1,0,0,'2663',0,4294967295,1463526811),(1,0,1,'745VV9R6NL58IT',0,3388985588,1463526812),(0,1,0,'609A47363403S98A504DNU65LVC9Z3ALK956',0,3479400785,2082561140),(1,0,0,'',1,3908897509,2082561141),(1,0,1,'',1,2959488857,2082561142),(1,1,0,'7N',1,3388985586,2082561143),(1,0,0,'OO6802LEU39LL86VM83DE2MX8YO589O01555APJMS5Y8YPB3599856FSLIOR65B86JX508XLYVM1VSSDQF3A',1,3388985587,2082561144),(1,1,1,'E4DOPJS9',0,1575573442,2512057870),(1,1,1,'84A1P46',1,2959488859,2512057871),(0,0,0,'0L98A0V2UH67',1,1146076709,2512057872),(0,1,0,'',1,1146076712,2512057873),(1,1,1,'ZO6U87NZB16SP3782UZ27495Y8O5FY1IK9EU1KHGBVG0ZZ70OUVA',1,3388985589,2512057874),(1,0,0,'KV7JL4K7S69DF1PO1VQZD3633WVLGXVX1X460Q35E0VD2UR59XXF4G76Z5DTEM87S598C4VGAY7PB40D8WP146Y9UV2NP4LR',1,3712,2831420100),(0,1,1,'195WO6F0QG04717ISIMX3I2F1L283E6TXTG5',1,3479400784,2831420101),(0,1,1,'',1,3908897510,2831420102),(1,0,0,'U605XLZJFPW3M6R1V90JC544Z2',0,2109967645,2831420103),(1,1,1,'0RHSQO99R52',1,1146076710,2831420104),(1,0,0,'X34I8692AE364R4L58Z7RM93163XHSG047G637',1,2959488855,2831420105),(1,1,1,'4FNSG',1,429500442,3260916830),(1,0,1,'O2C6W5QR4MRIV18C7DF91NO81C9CW7ATBAN133PT9',1,2539464378,3260916831),(0,1,0,'',1,2539464375,3260916832),(1,1,0,'',0,1575573441,3260916833),(1,0,1,'2QA',0,2109967646,3260916834),(0,0,1,'',1,3710,3260916835),(1,0,1,'A321',1,2109967647,3260916836),(1,0,1,'9DX2Y7W5VL40528805G52Z5R97ONB57Y42Y7CUAS',0,1146076713,3740375547),(1,1,0,'1MR03877QD7272X',1,3479400783,3740375548),(1,1,0,'',0,429500441,3740375549),(0,0,1,'',1,429500447,3740375550),(1,0,0,'3O43X',1,3714,3740375551),(0,1,0,'U8P2CD4YY7T6255905CJ86Q',0,3908897511,4169872273),(0,0,0,'',0,2539464377,4169872274),(0,1,1,'A4P61J8OO1SB6Y8966Z7QZJ06R7E422RGK8I9D1961LT7UX44RAS2BING94M6535JUM3ZS',0,3716,4169872275),(1,1,0,'I4EC743SJFNYICYGU8V9L6',0,3713,4169872276),(0,1,0,'68LR2',1,1575573439,4294967295);
/*!40000 ALTER TABLE `atselectsettings` ENABLE KEYS */;
UNLOCK TABLES;

--
-- Dumping data for table `atsociallinks`
--

LOCK TABLES `atsociallinks` WRITE;
/*!40000 ALTER TABLE `atsociallinks` DISABLE KEYS */;
INSERT INTO `atsociallinks` VALUES (199585),(199586),(199587),(199588),(429696315),(429696316),(429696317),(429696318),(429696319),(888429084),(888429085),(888429086),(888429087),(888429088),(888429089),(888429090),(888429091),(888429092),(1317925815),(1317925816),(1317925817),(1317925818),(1317925819),(1317925820),(1317925821),(1317925822),(2004673119),(2004673120),(2004673121),(2004673122),(2004673123),(2434169850),(2434169851),(2434169852),(2434169853),(2824770948),(2824770949),(2824770950),(2824770951),(2824770952),(3254267678),(3254267679),(3254267680),(3254267681),(3254267682),(3254267683),(3571024639),(3571024640),(4000521365),(4294967295);
/*!40000 ALTER TABLE `atsociallinks` ENABLE KEYS */;
UNLOCK TABLES;

--
-- Dumping data for table `attextareasettings`
--

LOCK TABLES `attextareasettings` WRITE;
/*!40000 ALTER TABLE `attextareasettings` DISABLE KEYS */;
INSERT INTO `attextareasettings` VALUES ('L7B0O0OROK0GJ8',281567497),('7B',281567498),('',281567499),('13BI5OBV0R5AIE1623',281567500),('S213M6WP20B3ZX12E9ZY2V9J89',711064227),('1IJR0YH4PU8MZ4O',711064228),('1Y0L1GRGK3O1',711064229),(NULL,711064230),('56H0E3IN',1034030078),('',1034030079),(NULL,1034030080),('PS63A42',1034030081),('JBG3MXW8S1R4G6CQZY307L45N3GU800WV0N01265SF3Y4W3XGG49766W0211439DAM743VN612X4QT0BT5YU',1034030082),('7VNN5N',1463526809),('',1463526810),(NULL,1463526811),(NULL,1463526812),('4JHF39X634YSA192240WXHA63Z4H',2082561140),('B881DD673X018M5FWNREH62NU',2082561141),('1HDE12KM12D6W84TZ0PT306C6D89XHG378C5SO1JZPN1MT',2082561142),(NULL,2082561143),('',2082561144),(NULL,2512057870),('158',2512057871),('Y19RU92EF39HN9S2GJK3Q70O45643J46P',2512057872),('GHABER2G1V06Y7XV1F0Z9G6VOZ9BMSX',2512057873),(NULL,2512057874),('782SJ68T4TCXA',2831420100),('',2831420101),(NULL,2831420102),(NULL,2831420103),(NULL,2831420104),('8ZH',2831420105),(NULL,3260916830),('G2C414XCEW8RB5V02HSSDCL5R1Y64E5O690IRG6Z80F',3260916831),('XH',3260916832),('V7ZI8V0K',3260916833),('7STPC78MFH42',3260916834),('6APO613766F17PG7WK0XWZU0X8GOUN',3260916835),('8CK63ME2W012175WMHMZOIA65OI4Z8NZQ28OM4BN3H1R4XG9WT',3260916836),('',3740375547),('18ST',3740375548),('7G74L1JMI84IJP5G08724B259LP',3740375549),('A3DF57Z5Y9Z6OFBL6QC76186L8393126ASE10FYX898X9',3740375550),('',3740375551),('Q317ODR7ZFPBJQRPF4GXTNC826305C45E25IH5SY',4169872273),(NULL,4169872274),('A5',4169872275),('060',4169872276),('89VMN1M',4294967295);
/*!40000 ALTER TABLE `attextareasettings` ENABLE KEYS */;
UNLOCK TABLES;

--
-- Dumping data for table `attextsettings`
--

LOCK TABLES `attextsettings` WRITE;
/*!40000 ALTER TABLE `attextsettings` DISABLE KEYS */;
INSERT INTO `attextsettings` VALUES ('171',281567497),(NULL,281567498),(NULL,281567499),('',281567500),('',711064227),('HT7K08T7YNVM3B0NNHT29IDP254XDZ469NJV8N0U5EP8E4SV9643263',711064228),('L04',711064229),('F6AP7BKBC712U9XI4122S9JA25G81PDYS129JSGNXD0IUPGK2925GZVNCLZ9D66U8A29SQ0TBJDF6359GKI9ODYJ102CXLR31MP4E6YEQ70',711064230),('',1034030078),('GBID14HGZ53CX3Z8',1034030079),('Z',1034030080),('1YJONWY4I406U44I158V39WZ1TY9H23',1034030081),(NULL,1034030082),('M2R3',1463526809),('VPA8JJ64951ZT97R8U942T5036HI82559G2YDZO',1463526810),('83X62I96KX5',1463526811),('SA',1463526812),('',2082561140),('NK2S72SWNHDV261KHFYE92MZ5T78KK6UB67I128PI759S2RL5LKRK3058KZ488F90O08NC211SJ747M2AJ1ZUO4D8N6X7GPLM1KB917J26',2082561141),('XTO7Z3043K1R78Q8DLVMJ4W',2082561142),('EH99VRN0X1KB3T7P6738AQ6P9BP9780Y0A4SJL',2082561143),('1N9X0Y614JJGAF9F2X8731L7W0ZMGRSM6X2H2G0C',2082561144),('43N5A59N3B6OPM1AWTQ665RPN',2512057870),('NX17LL6DV12E169DP4VU',2512057871),(NULL,2512057872),('8B2HZDL75X67N41',2512057873),('ARN063RCA93F63IE90X066SPQRIGA0610C9867A8G945PV759B93983T123187844Y5R04F25QQ8OGE218UQ8963ZOG7E32A1XWTCXQLN59XU4',2512057874),('86NNBNRB737N08I5S3X4378HD0PDMWVUR177P036YFQYCW5D1NB17LFD8A619O91Q3H2HIE653MCF08V2V83PQ6W78490B64PT9O8JVHI17QH35146N',2831420100),('D3G83U',2831420101),('5T0PY1M26Q87DQT3Q7HM5',2831420102),('JL91L2CKWI2L12519VP93CHHQ335SG4ER59PBHPB7N4AUGIXY061PC520Z5C85970P471CAC5RL82J1HDUKV30Z39HXS5HV60J',2831420103),(NULL,2831420104),('Y39O4ZQ0D3O63WE0W45VE6R96WJBR026HORT14KMXIAU9EZ',2831420105),('L46B',3260916830),('WO44',3260916831),('74NT8FGCZ33',3260916832),(NULL,3260916833),('7YSI46OH94365',3260916834),('811PZCOI7BH1ROOZ3V732DE2X',3260916835),('K9SP0ZEK9UI57S1',3260916836),('B20AW4LAVB7NZ88A4EW61L57RRT4DK1HF6VFPN243039R24032',3740375547),('9C2X96973YZL7PL92CW7I9W94FUOG',3740375548),('V003H4UP4HX2Q931OZ1H88IJ7FCZ3GH5CJTN78Z50GW7FN48VA9DP22M56N8G5GD55',3740375549),('39',3740375550),('',3740375551),('88VA1848M895H36UPZV94B2SZQ590R8O0R3QZ1L6L4MP4Q8FQ29L1K2UH53I11GZ9F50941IM00Q69UI2GDSL9G8SA38X5YQZJGVQL5R5NL8K5790X74',4169872273),('J76QXYO3D9AAR8X3M',4169872274),('EZH34E',4169872275),('W',4169872276),('',4294967295);
/*!40000 ALTER TABLE `attextsettings` ENABLE KEYS */;
UNLOCK TABLES;

--
-- Dumping data for table `attopic`
--

LOCK TABLES `attopic` WRITE;
/*!40000 ALTER TABLE `attopic` DISABLE KEYS */;
INSERT INTO `attopic` VALUES (199585),(199586),(199587),(199588),(429696315),(429696316),(429696317),(429696318),(429696319),(888429084),(888429085),(888429086),(888429087),(888429088),(888429089),(888429090),(888429091),(888429092),(1317925815),(1317925816),(1317925817),(1317925818),(1317925819),(1317925820),(1317925821),(1317925822),(2004673119),(2004673120),(2004673121),(2004673122),(2004673123),(2434169850),(2434169851),(2434169852),(2434169853),(2824770948),(2824770949),(2824770950),(2824770951),(2824770952),(3254267678),(3254267679),(3254267680),(3254267681),(3254267682),(3254267683),(3571024639),(3571024640),(4000521365),(4294967295);
/*!40000 ALTER TABLE `attopic` ENABLE KEYS */;
UNLOCK TABLES;

--
-- Dumping data for table `attopicsettings`
--

LOCK TABLES `attopicsettings` WRITE;
/*!40000 ALTER TABLE `attopicsettings` DISABLE KEYS */;
INSERT INTO `attopicsettings` VALUES (1218323319,671298216,1,281567497),(2085718812,5,1,281567498),(592087369,93816605,1,281567499),(886470600,280029793,1,281567500),(1434346342,1523431365,1,711064227),(710334916,7674,0,711064228),(1375281705,1701228613,0,711064229),(138565316,5281,0,711064230),(1632664581,11,1,1034030078),(69,875837818,0,1034030079),(1228923829,1035004493,1,1034030080),(1419110471,848912604,1,1034030081),(2016110058,1414739244,0,1034030082),(1930590603,4,0,1463526809),(1198887779,68,0,1463526810),(1851260767,465,0,1463526811),(1915136081,561869533,0,1463526812),(1607980275,1723367528,0,2082561140),(579404995,22,1,2082561141),(514,1887602495,1,2082561142),(1785439276,393,1,2082561143),(0,88,0,2082561144),(675182262,666960575,0,2512057870),(1203325125,6583,1,2512057871),(341,1760397312,0,2512057872),(906239545,6,1,2512057873),(1007007075,172845231,1,2512057874),(842770603,2017321467,0,2831420100),(1316482657,247182097,1,2831420101),(8,1381209437,0,2831420102),(259374783,5255,1,2831420103),(841,1831029845,0,2831420104),(39,419273765,1,2831420105),(15,1592087107,1,3260916830),(1294003497,1880810591,1,3260916831),(1739536782,60,1,3260916832),(848900232,5,0,3260916833),(7,580,1,3260916834),(575007266,1299957934,0,3260916835),(544280715,973821410,1,3260916836),(2116395834,726284827,1,3740375547),(9274,1092995028,0,3740375548),(697492495,7,1,3740375549),(50,894,0,3740375550),(1691919039,12,0,3740375551),(7,1288004360,1,4169872273),(66,146055366,1,4169872274),(68,167362152,0,4169872275),(99,499598423,1,4169872276),(2047497300,1373424412,1,4294967295);
/*!40000 ALTER TABLE `attopicsettings` ENABLE KEYS */;
UNLOCK TABLES;

--
-- Dumping data for table `attributekeycategories`
--

LOCK TABLES `attributekeycategories` WRITE;
/*!40000 ALTER TABLE `attributekeycategories` DISABLE KEYS */;
INSERT INTO `attributekeycategories` VALUES (479,'1NODEGZ6ISN092O0L83B57IBBA8NUL2MV3XUTK5UXM50191T3JTF242IGGD476PU4',63,3764914232),(480,'2557D85UU',-1759278508,NULL),(481,'1',-337536938,NULL),(482,'88350V0HK32AER22666J7IDI7',-2046595696,1226113186),(429497210,'85312XSG6L3S45295SKXR4S3U9T6287NWU9089ZV3XSM0LV728UDB374M5SE073C019WWBX4RW0557G9F2HU',-2003601211,NULL),(429497211,'RQ4RTHUN002XIZG904',-924976914,1655609916),(429497212,'R0A73BV0JA53OT15LPL0PO3926N36R04D6E3T9',-38,2310162806),(429497213,'OPDP882C6SC2TO9',-427106956,1226113189),(1233471016,'5BYW6381YK8535RBZ0PFR9V786Q36D350B5560V6',-368139075,1226113189),(1233471017,'66L57YEJ92W7YPT1Q0IP4ON',-6297,2310162805),(1233471018,'714L1Z7JI',-7419,1655609919),(1662967746,'17KX79O8NSED7B0507I49375F06N00919W',-1803321646,2310162810),(1662967747,'Y6U8311RKC9HBPDD24J9A49X1J1S',-720914898,1880666076),(1662967748,'47807M953HWV27572JX867JI557N98K',-8,1655609919),(1662967749,'706SDM94HY92IM1C0O293C8X9Q604A683M735ME36BVE5YTAW50',-359,1880666075),(1934993397,'WM3HKQ0F9FK392260AUE',-47,1880666078),(1934993398,'6143O3JRDSLL58B0K3BH4FP435G75TO5I',421,4194410959),(1934993399,'I4432B232EXM734F00159VPB8773GZQHAD38K2YGEQ7F91U4DSQ9TCNDMNVS3AXQ149C0S80497TRE5',7480,618264150),(1934993400,'2L0F',-550,4194410957),(1934993401,'A1335ON9JI43BMQZV0N2WBK6AV8AGXM8E6Q7',6,1655609918),(1934993402,'P2VH9',-359,2310162805),(1934993403,'9J5GR7VB',-1056273176,2701803393),(2364490128,'G60P3IY9ZN4R3Q5',678,1226113184),(2364490129,'93DO44BFKJF7298518133AN13B6I3Z',81,2310162808),(2364490130,'LWSGW5599JVQ15Z5J2Z2E6MQC361363O75ZT4VL2S3SU1O079J757KR2LM0FA3QO',-1208350118,3764914232),(2364490131,'336WNITLM5XGS265WS36J0NCVRO2PRM2Z4J13Z7Y90508R50KM7M3E3HK9H73483VY7NKL913FGZSI38B66',-1369501121,4194410957),(2364490132,'757F9964K6676DR16A32KO64F5P68976',-101,2701803393),(2364490133,'3557QC0K85865MQ0O9SP5482239',-9,1655609915),(2786868953,'497G26V67O73T',-1892746399,2310162809),(2786868954,'36X6R01',-880197410,1880666077),(2786868955,'3EW72LF69JR1Q4Y06C062W177QNRH1J22JC37TB2PL953HC0I4DQY679',-1394215907,1880666076),(2786868956,'DF6VSY7W1PFKV0WI3ZGDZ1R4753QML9E',-1703855892,3764914235),(3216365684,'L3O7H4QMBH07UWL4W2H1N728J84997HL3W44OI6BSLLEU7B3SD0V15N2L',-96665788,NULL),(3216365685,'PUAO93D2HCUKA7EMIL9L9V30697',78,618264150),(3216365686,'RJZ7RUNNGX27VLQEV442R64P6C8H95X0B510539J49H9LY1AGV591RI',-1715706812,2310162810),(3216365687,'216280LXA870CU2370RKUPJ0SF1AZTC78G40N02U',-1825857807,188767418),(3709563046,'92P67YX60BW9BCJ923M62L3G1FS107XB',-4,3764914231),(3709563047,'36K463',-1428365309,188767420),(3709563048,'19KJ673N4IP751M5XB92K057ZSD0G9H6TN8O4VMG4TEY0IH5B48F2ZC2GMQ558',-170611721,1880666076),(3709563049,'H0YSJFBENRV22R3V2',-1862310596,3764914233),(3709563050,'28Y5F',-84715109,2310162809),(3709563051,'BQFGVRZ3Z3UW48A0CTV9012',-1521261726,4194410958),(4139059771,'L4K9XSE',-44,1226113183),(4139059772,'WSQ0N0S93QUGEK08E0ULHALYM3R37US953JGT098T67212IAGQU72I6ZHYBP52UJH2J1540O291MWJX5N6ZZ7908SZ6FZJZ623241LP1X0J41R4DK64K6619J2GY0ULIF',-1200829216,1655609917),(4139059773,'S3R7AZ11828C98ZQ8CN8YJ4NZFW4B7GI701Y0KHZDU05N26I',-1475652336,618264150),(4139059774,'438X466J',579,188767420),(4139059775,'UW1A43F47445QC8O29N3ML212',-294902718,1655609914),(4139059776,'1NG8V9',9008,4194410956),(4139059777,'B27MJDT0G68111Y50684U6ONE3S5IL7KO189522Y2C3IX2O',210,3764914231),(4294967295,'8SF7DJVPW7T66HMB9244C36',-1837531116,NULL);
/*!40000 ALTER TABLE `attributekeycategories` ENABLE KEYS */;
UNLOCK TABLES;

--
-- Dumping data for table `attributekeys`
--

LOCK TABLES `attributekeys` WRITE;
/*!40000 ALTER TABLE `attributekeys` DISABLE KEYS */;
INSERT INTO `attributekeys` VALUES (281567497,'LHJOOW971840E97B6LZ5EY38AA8B4P315XIL5GP530F','',0,0,0,4070366016,3216365686,2701803393,'YLS18Y589'),(281567498,'D41LDP2D04T1KGNF5R68R60A6C2G0X3093SZM','C26D3H',0,0,1,4070366018,1662967748,1655609918,'4O4XT735XZ0R52EAA'),(281567499,'73421E9D','J29WF0DUP0738TK9E0EEH962TWLG',0,0,1,4070366018,1662967748,2310162806,'561M10Q05143B09M83'),(281567500,'','C9',1,0,0,3640869293,2786868954,2310162806,'8C783D44379LIF583Y3O5D76EHURAX9W'),(711064227,'8KQT','0860Y1B3IOD9K5YCDZNSR9Y0KH07CV21458T',0,1,1,3640869292,3709563048,3131300123,'6VFKKG64BXJ24T8BXL6F2832N890F0262E081UT487AMB7FY420638EUBKYTP529CRM846932'),(711064228,'RU00P72F','',1,1,0,914902210,3709563048,1226113189,'097PD5QN18'),(711064229,'P6HVIR1IF78WN457SZ3O28','F72C70',0,0,1,90402472,4139059771,1655609915,'2HX76531Y5V'),(711064230,'65U4A6A3VT0217346L34U1247K513R94O39532M88KSV074L0F','QM962J',1,0,0,2292150716,429497210,NULL,''),(1034030078,'','FSQBMKV',1,0,1,NULL,1233471018,188767420,'9130777Q7F57RCRMM4RM3DKKS3ATJ3V79Y'),(1034030079,'9PH1XJ9K523XO423DI9I3791M7EX6B9221260F3013Y3L295','',0,0,1,3640869291,4139059775,2310162807,'7841N0JH59NFRS3FTPAUNJ31JX8V427QD54T44EBPCW44FZIQ10WJJ5NU2Q2D8H'),(1034030080,'D6JR0AX3BY6B4Z21','K82413',0,0,1,90402472,4139059776,618264151,'NQ51QE9SBJKJ0Z'),(1034030081,'93MC3','C7J',0,0,0,1344398940,480,618264151,'A5E4790JT2160OS'),(1034030082,'682B09X5GG19OXY5U12F7OX3CWY8K747L5RU6R25K','78NI2H3N62VRX1T',0,1,1,519899202,1662967748,NULL,'A8E94Y5'),(1463526809,'1GX2T4FMM91YZN25571Z2ZEF7Y7438K2','OMUGR7YF1IZ5I',1,0,0,519899204,2786868954,1880666078,'F494H671U756P8K29O9OZ3Z1004J4S10336W45S6846C9I6P3K22S1MJVH82H8E1BX7QZ9OR'),(1463526810,'OL1P3R9CQV','HIOP6',0,0,1,2982160609,429497210,1880666077,'LO48R6C4U1FBVRI33N2I0WF0U3RE063Q2G6K0A2N1J329EO4XDF265FM9GGN874OAJ9SV2F4YE55CSN2Y'),(1463526811,'I8X0HCT28','',0,1,0,519899204,1934993398,618264152,'VSVX157AZ53GZ63235L59K7Z882M01W88'),(1463526812,'2','E8R7ALO19D8X89TCYQLSL2EXCW50YGXS51X06',1,1,1,1344398943,2364490132,NULL,'GYS1B'),(2082561140,'','N8H21NT73274ZMVS',0,1,0,NULL,1934993398,2310162810,'5140ZVUQBVR3GI96F3TL0B50050G'),(2082561141,'','Z3O3T2GVP13WN',0,0,1,NULL,3709563050,1226113186,'93GHT0HL2Y0UNCU87N4LO97M784F94A6T3EBD615Q6V'),(2082561142,'DPAFN494IGZ215I2011B550681D3ZDPW57Q32K31I','9NP13GI3H1FN0VO407KU7RG5T34H7VM6F4R5YK1R',0,0,1,519899203,4139059771,2701803393,'D3H81Y9H5S1R7F3GV64524G4HNUM'),(2082561143,'9YMWE3361C242C1963WKPC9383CA1Q37DH508PWKC7','6MBC3S1QXQ1Q77X50',1,1,1,1862653984,3709563050,NULL,''),(2082561144,'2B566968U6EJ806FR170NFEDLB0CX608Z02IFN8U5QUO02H0CJKQMW2RJDJIJ78Y77','6WU8T3TZ0P01AK94YCIC51F8PJ5',1,0,0,1344398944,3216365684,4194410960,'4371Y41736IH67NA321N0'),(2512057870,'G6IFUYL8WT16O','5',0,1,0,3411657339,3216365684,1226113184,'6QF1FQ49K9J5DI3619N7RB7WKZB0DX030BD83U842AJ'),(2512057871,'T335GZ5','',1,0,1,519899203,2364490132,4294967295,'S2511XKI7WJEUV85824754ZQBAR9PNA8C'),(2512057872,'9ICD2QKJ46L2I460S8329O','899A9544CJZ5D28EB1RY665O24WG0U58V1Q4249EE62R83GZ7KO36D',0,1,1,2982160608,1934993402,1655609917,'R8XE79X79R70PL'),(2512057873,'UZ336EQY823L8733FM3SGM9226262ZB','FA31LHN7NRN6NJ1ZLBUMO7C117',1,1,0,914902211,3709563048,618264149,'6625O'),(2512057874,'76PC35T8G9DY3X89Q9135U','MDAFE3W2',0,1,1,519899202,3216365685,2310162808,'8L42246A847M3'),(2831420100,'','5OU7SV94KDP7771Q1EB606',1,1,1,NULL,482,188767421,'5JNL'),(2831420101,'2L010','3W1C8WI6JSX1367E090RVB4HS2105F',0,0,1,90402472,2364490128,188767420,'1V95JEY6I4IH9OX65RY0F6651AHD409V2BIDQ1XH6HEEE78D9GE8D0028OP0J24812R8B2R7LT417182K4N6U4FQVX6JB9U40LD87A0Q3PD2C0MAC33LEC254J7HPAA96JYOK13J1T4HFUKA57919YT6M9Q7O3M02HM14MOJG95O'),(2831420102,'7TAT4535V2MFI1GS5HS80D58Z8F6','W5KES4M6FRTDKW1X7D9',0,1,0,3411657338,3709563046,4194410956,'6R5ZMVIC5'),(2831420103,'I7G90IYE91XX2723OR448XU8','UX1I8C7781VUS618CR236VFY78PPWR558XNJHTNDMX23177JB4E',0,0,0,3411657336,3709563049,188767422,'T0X9JMG46RL4J60CO93QX82ZZW1OZM20Y940JFIUF7HJB'),(2831420104,'01PCW4O8464O','I6268HW',0,1,1,4070366016,2364490130,2310162808,'8O188T9EBDRC394681490XG2SMR0OSTBO0T3C979L97KN61Z0HG5RNB2C4RC0R1'),(2831420105,'','U',1,0,1,3640869291,429497213,188767419,'PKJDIR9U8MIB4M2M2FC67XFF9C822E2X1K13N93M8X5QV0HW8'),(3260916830,'3X30N3W17K2RH6E73UW08395ECP6552ZRL2H3X18XXEOB10P3BPZ0BOMJ4B1UH7DN923QF2B3WK9GTL7','K6KJ18PSZL1MH96E13099UWUAGTV549WO4N72Y1K0T5L1AS4N8P721320TMD5T5X0Q302A4QQ5QX5FZ3OW2J37IFXPCR',1,1,0,914902211,1662967746,618264151,'MFR4IYC'),(3260916831,'PHZP23DOI5B876520M0Y40GZYGU72E9256','',1,0,0,2292150715,NULL,1655609914,'F'),(3260916832,'2F601OIEG77H3K9209K676BCDU2XY4HQ2G','',1,0,1,519899204,NULL,NULL,''),(3260916833,'055BEQE202A8L2J1B76SP864IGH9I593032P5YDGCX53B57OXDIW663MJ1539O1IQ3R7RYVE7A0VJ4AER1XMRJ27C727SBH952E6GS8Z9O30RBN52R9AJ38T67U8U87I0S','9Z3WOFP8W2C4K69318EU90856ENTZ2FBKRYSXA1B',0,0,1,3411657338,4139059773,188767418,'LRPP7S9181598'),(3260916834,'6N574E3BVX9N7M2UQDQLD84JRO0HU4EH6F5I4X49V2HBC428LLQME36FM8FLEIR01ILHJ139497QMP92ST563KVH2NM0PVIEPV101V3A3P7393YE3Q','B8C5B4ACP3SD66VK307LOIV712AS',0,0,1,3411657338,4294967295,2310162807,'2E6J4JPBMPVTY3X222'),(3260916835,'E7L09KUH1IC7A3IIRE396S9','9HX6A',0,0,0,914902214,4139059777,1655609917,'118S'),(3260916836,'L83R4MI9W20QR0XUJ72RYM4OGWHG1Q7D46LUBOFMNGGYW6838JY455T53IIN9855N00613U708','7PALA9SK6CKWN0929BR4BK62918QQ1Y1G',0,0,0,3640869293,1934993397,1226113185,'K15723B04YA9RI4PP97AKA09NM6016LSWK2S5H94969V07G2W322RO05C9YWC455K'),(3740375547,'73R44712509MCA1E7E965ER','1L2D31HU5PF47E69562RGC6225M836T68VLGF5',1,0,1,90402472,1662967748,1226113185,'VE647WNQ2M5Z'),(3740375548,'P344D2D83N61V1Z1OY1R68M6U35781Z4E0B5C2KD3573D98SDJ','',1,1,1,3640869293,NULL,188767420,'C4H0'),(3740375549,'J48WCQD2NOBG50AR17AXFAT6IFKI81IKB3DF84N677L7B','',1,1,0,914902211,1662967747,1226113187,'5LC271VZK5MU5FLQ5G1820CV1'),(3740375550,'SWK17823RY83752N3','F378US2O18FJN6TY8DNZZQBI8N2XY9GN11DW43EEUP17V6F241USABGZ415664Q2D748',0,1,1,1344398943,1233471018,2701803393,'0IYE5754'),(3740375551,'N7IN0NARY2EN0CGMA5149P6NXT82NJ1ZKSQY9ND','',1,0,1,3411657339,3216365687,2310162810,'5DV77Q70LXLMD681C4253'),(4169872273,'YS0BX4JD','',1,1,1,519899204,NULL,4194410957,'D9BNX847IO7775G233M9F426IDT21DBVPJ715HZZC4X2U0'),(4169872274,'','O91OX92432AH4',1,0,1,NULL,1934993403,3764914231,'24KO412T9H7F28J2B23O37IT2BI66IIV'),(4169872275,'783ZU8T2','3N4WV8QZ95CWDK188A944M4JNO0LWZLL7E5L',1,0,0,3411657340,1934993397,2701803392,'JRVNRKM90FVGN5FTK13J0IDPPD18H7V0IMLKXB9TE2N291W75L0PH7QD6Q4T2Q23S1'),(4169872276,'7Z12J711B68A1SPTA89GTIY76U4EN3469SQH7LC1YLU24','',0,1,1,2292150716,2364490133,2310162810,'660NIRU3H322I92P17Z3WD4Q2TLYQ58K4N2BYO7189K6B33LZ63190Z17C4K902A314J85XXP61DHW89RR86C3OA9'),(4294967295,'7JV1G2K00I0D1X37O74LL63F915KMJ312Q6VA0YWN2398E753L6C7QQ0PQQOE05TMMS4VMS46V8080916','',1,0,0,4070366019,NULL,1226113186,'ZUQ81');
/*!40000 ALTER TABLE `attributekeys` ENABLE KEYS */;
UNLOCK TABLES;

--
-- Dumping data for table `attributesetkeys`
--

LOCK TABLES `attributesetkeys` WRITE;
/*!40000 ALTER TABLE `attributesetkeys` DISABLE KEYS */;
INSERT INTO `attributesetkeys` VALUES (424,281567497,2437609075),(5156,281567498,967847975),(95,281567499,700305078),(661850033,281567500,4210056942),(9,711064227,967847971),(116296848,711064228,1397344705),(1584,711064229,270808347),(2131969647,711064230,2008112346),(8,1034030078,4294967295),(2473,1034030079,4210056940),(619417700,1034030080,700305077),(604350261,1034030081,700305079),(2115145897,1034030082,3780560218),(732085461,1463526809,1397344703),(757950618,1463526810,3780560215),(104654821,1463526811,2008112347),(75,1463526812,4210056943),(1990323177,2082561140,700305075),(957298622,2082561141,1397344704),(1833456664,2082561142,3296939882),(2092148547,2082561143,1397344707),(975,2082561144,3780560217),(670319050,2512057870,2008112344),(704123775,2512057871,2867443150),(1268603045,2512057872,2867443151),(274346157,2512057873,2437609076),(845,2512057874,2437609077),(3145,2831420100,1397344702),(1363104107,2831420101,3780560213),(233,2831420102,4210056939),(612225748,2831420103,3296939881),(1,2831420104,967847976),(1,2831420105,3780560216),(148,3260916830,4210056938),(1206624506,3260916831,967847973),(543,3260916832,3296939880),(819,3260916833,967847974),(4,3260916834,270808346),(1976683494,3260916835,4210056941),(514762879,3260916836,3296939883),(1154526011,3740375547,270808345),(52,3740375548,700305076),(1199738107,3740375549,2008112345),(1715249240,3740375550,270808348),(1876719329,3740375551,2867443152),(608653577,4169872273,967847972),(7,4169872274,3780560214),(0,4169872275,1397344706),(1256907071,4169872276,2437609078),(4,4294967295,3780560212);
/*!40000 ALTER TABLE `attributesetkeys` ENABLE KEYS */;
UNLOCK TABLES;

--
-- Dumping data for table `attributesets`
--

LOCK TABLES `attributesets` WRITE;
/*!40000 ALTER TABLE `attributesets` DISABLE KEYS */;
INSERT INTO `attributesets` VALUES (270808345,'7X4120412Z1I577823K650D3B4V111L','U87FRC3I9H4DVKX9V',72316604,0,429497211,2310162809),(270808346,'Y7Z4B432GP6MOQDUBNL39J1M','PNR3SE',467893126,1,479,4194410959),(270808347,'5C7F0AE8BZ0YC3MK7FRTW9','2IS71L7OJ1YBME0H6M97RC4078779BQ1VMRE71V2253159844NMM46B0IV5SX2T140DC1H3ZAQ5CUAKC',45,0,2364490129,618264149),(270808348,'JN3359NK6AD9IDU21','M2FH3795996JG346',474401385,0,3216365685,3764914233),(700305075,'14AC42WOR3465F7T8331892XT4PVMOP062O9DH54HNJQD1NI57ESA0848','70EGKWGNY0',784519924,0,4294967295,1880666080),(700305076,'1EID7MJYV1IH837124GQ2CGV90Y98938Y9KQVHE804P7','NU888Z3SVN9C27UJ07PTZ4TJ5O0BND9LS',155068688,1,3216365687,1655609919),(700305077,'8P1276B864Q128','58Z227NEHX9QV',1587800117,1,1662967749,1226113188),(700305078,'71','32GIG334',968949541,1,2786868955,1880666078),(700305079,'2','56JD0O227J81PBQ5R',1078679101,1,1662967749,3764914233),(967847971,'09DS1JJ3H57GUIB6PS28P9AV7966C5D77LYRGO0JO1PG29603DIWO3CX07YCBAH8MBC2CA5Y6LM632MP78X61B11NT8Q','O89M9071LY94DH2',9037,1,1662967748,1655609917),(967847972,'IA90QGZ841HYPO34131A3XL1R87C6I5XY53E5','VGL7T5WX90QO1AVR9KI',741,0,3709563049,188767421),(967847973,'5RG1D167241A3BA9IL98BDF4SQL78N13ZANL57BY79X','XB1E7G77616RLPVYPY35P9EH4912ZBF1J2D',0,0,3709563046,4194410960),(967847974,'80','8UGL562AG6M609M29H8L',2081680279,0,3216365687,2310162805),(967847975,'1NI84Q04L5948T64460754YBPO2K23B7L13R4YV84F14QT545D','QQ469G7R66W6GIX66PK70RNZR',1696472080,1,2786868956,618264151),(967847976,'BPSW394LMYB75RU','1245T36S75KMDZ1090X4FP83VLG87J364K9395XWN869QE8709M6D8S98Y1HRK8NVT441P7E6M6DK86EEHHRM3L5F4DWU9',1428148994,0,1233471016,4194410957),(1397344702,'WIHW','RZ8LBXNU95D0XGZTAZH36NL7',1872697335,0,4139059775,2310162808),(1397344703,'R30MZB17HNA9MG5EG3O','8LP8MEAI6B6O7341M552G6Q1',496394839,1,4139059776,1226113184),(1397344704,'QC596K03704','',611849846,0,3709563049,NULL),(1397344705,'3KVV','8ONYX736JD7',13,1,1662967748,4294967295),(1397344706,'5GM8','6EVC6G3OIV107NFE90D342I9',890,0,3709563046,3131300124),(1397344707,'54H21S00PI6WK78CI1PJC9281015','U2WP518711B83963J769F3074B99C40AE7C2497T7O8R24NS7Q30',85,0,1662967749,2310162809),(2008112344,'468FW1D49209B1G3EZD4389OG6TBSUM8E3G1','PXC62U5G9N',1875626381,1,3709563051,3764914232),(2008112345,'8K46F4QOH1','RNRZ38O78PTNDL5797V628OYF4',5,0,1934993397,1880666078),(2008112346,'7324FUZ24RCKCU54D284X6G1XG39X08Q6JQ2K7P1T6NLN2057US327C40H59','78YW5Y46',1737009188,1,4139059774,3764914232),(2008112347,'05Y0CEJTLRFU9U49FX9219','X',6,1,2364490129,1655609917),(2437609075,'','2N5K17H0DCF89MEF529O3VJFJU616XZ03975QWZ728BNI3113667J33AKM89527HZ12T2Q7C',1685051196,0,NULL,2701803394),(2437609076,'5U1U83JI5AP7U4Q035H5796377Z81B730GXR967WTH36HL2L97UC8D36HTY7V13KQJU34HL','79LF6YKQ49C7BVT2HFOJ',5010,0,1934993401,2701803394),(2437609077,'4H67R02885N07LF4L4549XE','5U3L56UA6AB5791IW0OT915930R5R3HK3V8U96D3493R362R1IZS96M45KQ7A358',9,1,4139059776,1880666076),(2437609078,'8W4S9DCZC214222H1P44VL6JK3E','CW6F413S30GH0Z54841379H9W9I6VW09Y983LWBTZ54FWY597LIG64XSVM596C36Q05O5M0F1S65A729070BY070761F2NS4D20DI3M4R8YU3LA40I8',1944181402,0,3709563046,3764914231),(2867443150,'70W3P94VZ','82RJ1HU72B39QJCD3E59H33KB',703490561,0,1934993402,188767419),(2867443151,'FCX4T','2N0376P0HS356',17955202,0,3709563050,3764914231),(2867443152,'G0862N5U9W5OJ3OCE85K05J5QMH44G8F3I6BU3A9ZQQ92JR1CG8696SN2B2H9R8KA6KW9221VGXXW3R375490U585','O3U7061GR726Q86OQZ2CUJ7559B4',1849326651,1,4139059774,1655609918),(3296939880,'2G','',518943215,1,1662967749,NULL),(3296939881,'7QB3','N9FEUDUZKHMK6FZ46ND28T1NZ13T74',80,1,1233471017,1655609918),(3296939882,'AT90W06J94VV01IZ877POG946LW9TUTH87I701E62JMV79937PR62B1M1LD8HI1QQYZ0ITB89644116513ECLN49Q15Y1T7861Q423IMX452T33144P7F25J82C0NWX6J6Q9Z710BR8Z71E52ET59902TJ006SO453N5OY7BG2','D6L026RB9R4E',1909,0,4139059772,1655609919),(3296939883,'3V33QR85U80KMI4SRH7C','22IQ3VT5D0A',1258984528,0,NULL,3764914231),(3780560212,'7821YQ9ER36','K58K01E99A611WYZDEPPX4541D2LC7310P',308713379,0,1662967747,1880666076),(3780560213,'Y63JZ0','140B1JCLX199792UAWFP63KJH6984W6RJ7',60351704,1,1662967747,1880666079),(3780560214,'J5W7620U9L2NJF558U07UB0QCRVXVV0B4NZJM7G0B860JKW3B7SH9A03B465N1A46168OHBC2K','',0,1,2364490128,NULL),(3780560215,'0FZW1W433GLT28Y4ANT3VCR9804TAN2S5791QVB274WF1','R3P20F15IN1G1XAQJWHY73G1CN2UZ04C05LW2AZ870T3SR47F4U3ZBFE37SVU6738D578DPBE4Y92796',600703962,0,2786868953,1880666076),(3780560216,'55942EBSL57SIE','7S82K4Y',1594461998,0,4139059772,1880666079),(3780560217,'O616T9Z01LQ2OJ1212G1039ER0KW2','KQ3I4',5662,0,3216365687,2310162807),(3780560218,'9T0J','2N3Z15M9L10L2C7SP93O2EQR8',2028894234,0,NULL,NULL),(4210056938,'','VWS4JMF88MKACB7ZV2G327ZJAD43F94D9QA5J36GUNSRE258HDNQTR06T2MX73GH3823B29E124081Q26CZF795949P4JVYYYQI0A05994M6A786W4H6Y',950032481,1,NULL,2310162807),(4210056939,'28EWYQ24DNCP8VB68','5K4HU9MD0RHZRI5Q7GVF5V',0,0,429497210,4194410956),(4210056940,'3','1K6',452417529,1,2364490132,1655609915),(4210056941,'QSZ0L501EWERB2','T',1884847983,0,3709563048,4194410960),(4210056942,'VRZH','72FNRKN6LS46N0J99J9AFI6U9R68NEY165CW32',1230356502,1,3709563047,1655609914),(4210056943,'I','HP47LQO24Z6MA3Q312S97IC42A5665M664Y9HK9YTRS3637K7S7P3I9W3KJ07PJ3P00ZBOVS3W9M938AQ2HEISVSOK0SWXRY03506LVSX77W5506AMUTXPC23',1830592262,0,NULL,NULL),(4294967295,'TM','J3L0OR664U8Q7ADE2C237P8A9X8',563641727,1,2364490130,1655609916);
/*!40000 ALTER TABLE `attributesets` ENABLE KEYS */;
UNLOCK TABLES;

--
-- Dumping data for table `attributetypecategories`
--

LOCK TABLES `attributetypecategories` WRITE;
/*!40000 ALTER TABLE `attributetypecategories` DISABLE KEYS */;
INSERT INTO `attributetypecategories` VALUES (479,4070366016),(480,914902210),(481,519899204),(482,519899205),(429497210,1344398940),(429497211,90402472),(429497212,2982160608),(429497213,3411657340),(1233471016,1344398941),(1233471017,4070366019),(1233471018,2292150715),(1662967746,3640869291),(1662967747,3640869292),(1662967748,1344398943),(1662967749,3411657341),(1934993397,3411657335),(1934993398,2982160606),(1934993399,1344398942),(1934993400,2292150714),(1934993401,4070366020),(1934993402,2982160610),(1934993403,2292150716),(2364490128,2982160605),(2364490129,4294967295),(2364490130,2982160607),(2364490131,90402474),(2364490132,914902215),(2364490133,90402475),(2786868953,3411657337),(2786868954,3640869294),(2786868955,90402473),(2786868956,1344398945),(3216365684,4070366018),(3216365685,1344398944),(3216365686,3640869295),(3216365687,1344398946),(3709563046,914902211),(3709563047,914902212),(3709563048,519899202),(3709563049,3411657338),(3709563050,1862653984),(3709563051,2982160609),(4139059771,3411657336),(4139059772,3640869293),(4139059773,914902213),(4139059774,519899203),(4139059775,914902214),(4139059776,3411657339),(4139059777,1862653985),(4294967295,4070366017);
/*!40000 ALTER TABLE `attributetypecategories` ENABLE KEYS */;
UNLOCK TABLES;

--
-- Dumping data for table `attributetypes`
--

LOCK TABLES `attributetypes` WRITE;
/*!40000 ALTER TABLE `attributetypes` DISABLE KEYS */;
INSERT INTO `attributetypes` VALUES (90402472,'7M67QTJ174LMA66TWAB4Q56U9X240DJ75VA6YEE49N9XX8J8','4CXNWO',NULL),(90402473,'C0709Q59M1R1SJND7O0747439AQRQJL06C853CDXW600NOQU360AG68CM62554VM88H49I4TXQZXN6W5RN9A617E289144BM6737J16JV3M9OM3096F565EK96','',4194410959),(90402474,'WEHO8ZG01R1Z76J2E109U3IU6D','N2457N5Y6OU2RNRC54F0G23NE8T513719225AV4Q8335KCY4542MP6R79UC60FYNVZ05713N69WWD47RF1KMY733EM5W407F4WF10E69C869L6S2C582M6S70W4Y42VL6S116BP1G411XMX58AR8458',618264152),(90402475,'MG03899MX714JLG1LS','UP75J3X2196GKR5NMP96GSM1638RNLZ801I7Y4RA651800521R07RWQ67Z22J0HKX31FLAD6OWI6K92N677ACGY5S18Z06TD393LP6',1880666077),(519899202,'XPF360Y27LQITRN95D0JY9Q56H8BX794638XV49NMQ411CPUE819ETD78B8QTZR0N6XB9V87T8381S5V69J482M7388G','K2FXY9RV96ALRPC377V17NI47SQVB',2701803392),(519899203,'P9KPYY9QU53IN3751B9J2N2T36QM499R8912X9S9955DG853','',NULL),(519899204,'PPVJ9T8','385B8NZAEP1',1880666078),(519899205,'LTT0QTR60C1BS0GE8ZIJ54BF70J1Z9600KL3V3','5161D1G67QQKAJS9W528990DP8N02E5HORYEX8N21O',3764914235),(914902210,'89V2UC8L6M517B60ZU','41ZOZ2VH',618264150),(914902211,'1728L91P6T7RAHJX2B12FXS45FT8IYI29U1F723N','56COV9ON72089W1G3T2038C357',3131300124),(914902212,'9A3FWH2RSQ0','8A224C3N4BBHC771RG4MP4ZDF009VDXH6Y5376A8YC7WG1JZFPL7N44PBCBHU15EW4W5VTS98U',2310162810),(914902213,'A87UG87LS802F78OH52R3IRV1ZH83HT3ML47HP5QZ1KF338408AZ156JTDYLD18303ES5IJNJF5UPA8UAY071MW7','6169WMYVN9BJYJO',2310162810),(914902214,'7TDGQOG9NSK38H7Y8II6N90O','KBQRWN4',618264149),(914902215,'GCJYITL86HUB6YD5','',1226113184),(1344398940,'C622NZ01XM0EV9G5EIN6MDWWW7J2D','',3764914235),(1344398941,'II945','G85JC976341ADPEE3DYSSQ953Y63717MIA0C5Y96XQYTHJS17CS',NULL),(1344398942,'X0C217GLPEL1Q7J1Q31O1261SV9YFPSO27K25X0P46I4DHN93E25336358RBHIN5Y91HB394EBS0I8058O1T','LWL0O4W1EGS262MBHRC54933O',1655609919),(1344398943,'T39X','72E36144M5020',2310162806),(1344398944,'X79MLATZ0T8BRNJBNN0S5NUWI75D6TCX5ZX9VGWAB296P003EEUPE97TXCDH0T2IY127VPF2KZM733M8','JJQP9KWQYG0AP0VQO82',1226113189),(1344398945,'1VJ6TSD1H8T9G1','9BG5N2QX4L8AW69208P529J0TM5Y7904J025O0205N09H8PM19B18764B6',4194410956),(1344398946,'KE','0QNCLMO6H2QGH1QS53OTJPV4ID11676H840K16394JZKHZ8LI1',1226113186),(1862653984,'9M2XBDTHD4M5222314R3PGE4K6RW32WN7Z4AO','',1655609914),(1862653985,'XF','8YY1N40JWFWVCPIB2B0A70C678EA',3764914235),(2292150714,'250W6R','3E87L18J38EBI0V02Q',1880666075),(2292150715,'023KR26L50H3Y431K4K5','9883PH28CL8L4Q6SM3D55T5PC9450Z915I2HCU04L5OSB',1226113187),(2292150716,'E13GJ78','1I59V9JW9X23O8IILSXPD9I73Y8CZR2417CN6LBEK8GR5795XP61QE04H7PIGF9T1XO2361095623I3X32ANNV5X978U1Y2578RHFCNS1V2GHR6FG',NULL),(2982160605,'DS015JY526I292540A0OGIVHMFS5QG32G6W36UE933COH3643Y6365W0CVUN26SL7TIA5RY98179DQT868MP51RTRE4IZ','',4194410959),(2982160606,'K24C086654ABTX4970TJG1YD','AH1G0WWFT099D3B',188767421),(2982160607,'SER2E6N4TVD50','',4194410956),(2982160608,'266UJ3U8FD481S9L8020E359W3YZE1SELQ03AH9Y7796479UV0747RDX0W','169TP2S2P7GJI4YD499T2E7SRJK1V8BV9W4Y3743CDK5T708UL097X125',1655609914),(2982160609,'H0G9BRUV3LM953E641678N19C2S4R23KI8R0A4PVGKN6IQYRMBTXWH6','A1I7U54F7U51M57QI3693YQ4J79K5J478U15Y31R45DX541J6KVR8PR265Z74RUJLJAHL0C6Z2U85B1P1I6547V035S5114RG0BW5L80JDJU9U3HF2T695BUZXX86FNF7A6475B9EUU9X71KP7W3IR79H',618264149),(2982160610,'DXY1U0N5FLHONQTU1060JC1OWEJZ09G59Y','GIXMXY99AFC03',2310162806),(3411657335,'8G472RKWS2S01ID32J5A8L2K','QO9TYI0JCCYHLFM30587X549VQE955LDO',1655609919),(3411657336,'ND8YA39HX1G4B7GH2E2','QAU87GRDB8N0A3H763MHJ4YO57R2HWCO1Q',1880666080),(3411657337,'80X58Q6AZ9AZ3E6E5E8H2037V0UIV8ML8K1','V44C92387750',2701803392),(3411657338,'93J','8MB3CKUNB9OQ9',3764914234),(3411657339,'TEB1','D4513VCA274I',2310162808),(3411657340,'CK6XUD78L6I94915','6E5MUXWV9GTL3U2901AG9194968D3LFFPM3ZPZK745Z1BVP',1655609915),(3411657341,'5U413NE1649Y','VHC932J6SYQ329V192QX0O',3764914234),(3640869291,'C2ZM7O06VODAF593','QT9PQ7ULTM92KUX9D8I5O',1655609916),(3640869292,'1C267','14QU4BS44YH1TP8JB5A6B35B785CAQGF1255WYU6199HUMPYWG1K8097KV8W',NULL),(3640869293,'8U7VD7PI0L5R1293J0M3BV4W0UV98UY8K23WOWM3YEC6OAW40OPSB077TK0713C56LY6EOT7L885','EEG8WR05865AC',1226113185),(3640869294,'723WW6X9TP7ICO69DL451KL6664FIEQ0074YZO9R28315Z4N9U4P3C2S9X398JO4ZN352','7702MMBXJ3W',3131300124),(3640869295,'9ZD5LH660A01H3U9H7','U0EF9187LR0AY27ID3BM4QZ8942H797FENG9791H50VU01JK8B915M64SE8F54RWWC4U27BMN2R4S8P43458E4BX99O2P0TSSJG026TX4F6508US77JMY1QK689UB2NJ0LE44697',1655609918),(4070366016,'4Y','',4194410956),(4070366017,'H04F603','664KTL6KA82R79Z0N4LWNRO4U5XBX49W003IW0K8TF0B31W50871VY501H9F9FSQMQJ926WP5F',188767422),(4070366018,'ZXA48KNI','201X45RXY2S2B3E939R7W22G924868QZO7A7',4294967295),(4070366019,'1L0EUAP6117CM','8I69T8PR86PU0KT7VWBW',1226113183),(4070366020,'LL0S46730YE79B7NOH82MS53RG3LPA38F2XO5D3','',3764914234),(4294967295,'CAQ3DM','450Y9TF3H129UUE674RV',618264151);
/*!40000 ALTER TABLE `attributetypes` ENABLE KEYS */;
UNLOCK TABLES;

--
-- Dumping data for table `attributevalues`
--

LOCK TABLES `attributevalues` WRITE;
/*!40000 ALTER TABLE `attributevalues` DISABLE KEYS */;
INSERT INTO `attributevalues` VALUES (429696316,NULL),(888429086,NULL),(1317925818,NULL),(1317925819,NULL),(2004673123,NULL),(888429092,281567497),(3254267679,281567497),(888429085,281567498),(2004673121,281567498),(2004673119,281567499),(2824770952,281567499),(888429084,711064228),(1317925815,711064229),(429696315,711064230),(888429091,711064230),(1317925820,711064230),(3254267682,1034030078),(2434169851,1034030079),(199585,1034030080),(3571024639,1034030082),(2434169850,1463526810),(2824770948,1463526811),(888429088,1463526812),(2004673122,2082561141),(888429087,2082561142),(2824770949,2082561142),(1317925822,2082561143),(1317925816,2082561144),(1317925817,2082561144),(4294967295,2082561144),(199587,2512057870),(2004673120,2512057870),(3254267680,2512057872),(2824770950,2512057873),(3254267683,2512057873),(1317925821,2512057874),(4000521365,2512057874),(429696319,2831420100),(2434169853,2831420101),(2434169852,3260916830),(3254267681,3260916830),(888429089,3740375548),(888429090,3740375549),(3254267678,3740375550),(3571024640,3740375550),(429696318,3740375551),(199586,4169872274),(199588,4169872275),(2824770951,4169872275),(429696317,4169872276);
/*!40000 ALTER TABLE `attributevalues` ENABLE KEYS */;
UNLOCK TABLES;

--
-- Dumping data for table `authenticationtypes`
--

LOCK TABLES `authenticationtypes` WRITE;
/*!40000 ALTER TABLE `authenticationtypes` DISABLE KEYS */;
INSERT INTO `authenticationtypes` VALUES (840,'B54K','C3L',0,1443235927,519815433),(841,'A9VBW4JEB5C04ZSB4Z5RK5E51436SJ9OPI85WOXIJJ','961MMP0VN60',1,587,1996443272),(842,'J6395J6MD6P4993BXUM098GZJU2MCWN8EAZIB47AU01U','0CSMA0ND177G',1,7299,2399),(843,'O3MVB6S334','V57E3833MZ5607W09250B1',0,802,11),(844,'46N1N9X9R4T3S4568R72EC6BX5','OV9EI0N7V13BD2Y075',1,1891179396,8),(429497571,'M','G80LU2H79D28N70C5C38RCRQ',1,1307436462,93),(429497572,'B66F2KJ9O7N4AX6RPKJ1TVIJR489RI4I3AXB9CR3NLD75YC1W6Y39785E025LJVJB7ED02VH2I2J0JTKP144HVXJ259YC6NZS9EHTKW7BGB8A2481IR9M607472509F7V328JK87X235F368P9392','1BH962M668XS677HAMO179ZLM3YL72D900M7MPIU5SW0024SH9TM9WI38AW9555W513089310T8R1138FHG94309P5W7L',0,28,38099595),(429497573,'A3GQOP56586I1760A82HKV53G32388LE8','E47SR9MIN51BD2I7V8R8R3YGYDMO0X08J8451A9H',0,9873,1622360739),(429497574,'L36K7F50RLVW07M7YQ','3V199BF55FMK8C0T7044PYEWJ60838',1,1120381542,234991600),(429497575,'3','PH9NUXW1',1,176972905,1976559162),(994248332,'2719L4NI3','N5J4TG8J5W43ON3F8001N679318X1W0S72XZ1A9998P1OXTH03286SE50HE6DMR9',0,523616523,807285815),(994248333,'J923UAF73WE97NO5O5MH80S9QOT4OX','E7OPD2UPCW8416X0NWC0F86',0,478806749,39),(994248334,'ILL472W4H6','YO',1,47,1408731704),(994248335,'F34PY256CP25J6','LM7P1X21C0UZWEISUOBF1U2OCKA01VQBPI5Z8E65901YG2T6BW23V2D347GJJE1E32OJL5P2H7A99WO304G88U4',1,58,6718),(994248336,'7YI5IOX81Y09E807M063','91878L505ZNTO0549FJ5X38Q5VDN2BB2A',0,32,NULL),(994248337,'ES0G4735M93N1IQ0C8L0U09W23N2EFSY5V11IS9DVU7BOWB1Q4BDUAHA0T70WMY922DH4HFHSRQ7SM73SLKQQCF85Y924QYM0137H3WG023N8KOV4262L989Y3','',0,NULL,6944),(1423745062,'38SZHO2LRBVR564729E505O1YO45I96MXCX0F4PD6HQJW','QR',0,890485141,1935434876),(1423745063,'08K645M3U06SX7U5A348PBT74E5','2MH9W22U8H',0,1759356824,867899246),(1423745064,'HH73OX313E4187RKN','0VO4V4M3PPD1095HDF9DGJXQJ979Z',1,69,1398426272),(1423745065,'BRJKODHLPY2XY7S9TR34G0AE28H572','37',0,1849421748,1404870997),(1423745066,'J8F4N134SY0025XNR1E7RHD9N48SE2T617D9X6FUA9NQQ830K3P1','A694C572VSX0A11AX',1,6481,406941999),(1423745067,'11C76NZ826DD1294M','',0,NULL,1410835928),(1423745068,'0QP905EQ','477SW',1,1249014782,871970001),(1926514775,'DNKX8D9443587V9R1CM0G539B16','',0,NULL,495),(1926514776,'Y20ZO4UC2AGM9H60I56VNSPF1H656776AJ9I98J9Q8745O06','MTVKEJ628K01D9XR4XXSD54214Y53FM0M0FN52ST791M6D6132JN9I7NX9VAP0SP',0,1043384799,24),(1926514777,'SU3G69Q1VRC8D','6I67S89WK5984ZWP1SB553',1,180881870,1255731824),(2356011505,'45E0','Q562FXQN4R8VL4ZWS54BVTIRL0Z583LBW977TE8X54EE4I45DH85',0,608,836383529),(2356011506,'3N012TC0','TCW',1,262002828,1741986200),(2356011507,'FYE45O752M32D50SWS9WQ28Q5B92377B1JCZB9LEMPTLB4263O2P7ZYX5X91J2X67H291VXH4C','VCLKARE8350S95PKNXIG7CL53W26R227H0',0,1197,654),(2952228800,'L7T0U2PE55A4862AUIH26KG99W9T270OBH2RO4Y613T39H9Z2U47YE5','T50O18N5HY63HNQ58LK4',0,76,NULL),(2952228801,'2F9K485RR784V82JR','D9',1,1883391012,148729759),(2952228802,'ZH4W','L4FW',1,1272263878,890),(2952228803,'8FWWY2KE8U2H87WUOYZ921ZHP7R1521Y0K48395P99F706Z7VLN475','',1,NULL,37),(3381725530,'Q1A443Q','B2B5594AW92R3F3H0W55IB4ZHBW6P9KIN726IS2G',1,7,1042157737),(3381725531,'G556QZY','O32',0,34,793969177),(3381725532,'M9N7CQY772671AYA8CU71CF9JDI76E3','87',1,9,696597031),(3381725533,'0O650O9T70R64FF6150Z4Y6MBHV2S','OC6EDNFKG7084T9JM6322J4TY7Q',1,1861915111,536724212),(3381725534,'URTCT48BH2WE5YMF5C57OB23E0XKEX4ENLQB','3291T6V',1,9937,1651346304),(3708646292,'JQAO34OG530JI5L42007WK4','2QZ6',0,539,675),(3708646293,'MW8AC898C9Q','X477L0QJ25JZU06769060MUJT4L',0,503547758,1084849602),(3708646294,'63369EC85','8AGZQ0538KP8522UG3370823DI8E4',1,313301900,1490064551),(3708646295,'ZL9A406485193S8047YJ8J','2E7KW4JCH0X2',1,1609,697165034),(3708646296,'R863R58QL9I1D22Q64MYIB7H9B28TR2C2JT070A303WSS14AXPIH2U39MHUMZI3RR8FHA10EQ37SN24N1O042532F779REIN10MZ49LZ','TCHO90JL944M0K00UCP2073OB82',0,2104960150,NULL),(4138143017,'LSQ9IZ2G07','',0,NULL,486274170),(4138143018,'86OR1YJYCPMF733LW3A38','3RBZ8IV7PT1T39GC056P023R07Q325MKE74025V2EC01U46H9D6OD75N96687IDD4SFFJ',1,465390738,1393907366),(4138143019,'T10F3M503W','GVF5J7676G7A2HFT',1,36284578,1798467502),(4138143020,'54031A5L54FVQH089T2E6','HXPD3P60GEZ8W778NN42ZTGE1AQ',1,1830410481,580979131),(4138143021,'3K9QE52FCG52H1U638DQZ374T4Y5C6FZ6F35359B6323KI443600Q71A4XH21LX15KDP','A54D9M40AB49QYDRBLUQ26XN5OY9EI17514',0,6,1864069347),(4138143022,'3QB53VPF6L5RKQ391LT99H32Y51W468S5J4VK48C578TCD9Q7BFYD6526DCP676CRVFZEAK1IY9390M95DGWZ89PG29L84C8C7WDZP9536A0SI0','336N7VTHJ7IOHOD29G9E86OYBV0ZTA1Z4L9Z4',0,1226847579,396903792),(4294967295,'3X1JL0126HE2IPQ3683Z655HF4CV3W843T88JCL655GNLL2HM47KZ','W8S3719K99FD04QLCPBF3MK6635D36X7KRZ84LQT698WCA7VB34LC1VNMT8',1,3,0);
/*!40000 ALTER TABLE `authenticationtypes` ENABLE KEYS */;
UNLOCK TABLES;

--
-- Dumping data for table `authtypeconcretecookiemap`
--

LOCK TABLES `authtypeconcretecookiemap` WRITE;
/*!40000 ALTER TABLE `authtypeconcretecookiemap` DISABLE KEYS */;
INSERT INTO `authtypeconcretecookiemap` VALUES (249290437,'4QL1',95,8097),(249290438,'6B8',21,-87658302),(249290439,'E8NV7OKO',816834672,-1442727058),(249290440,'U447',1743724555,6055),(249290441,'14',367009465,469),(249290442,'5E',930941398,-347442512),(678787167,'0J',1469052573,-222190785),(678787168,'58C8134DA8FKSD8QG1',1110,-396722490),(678787169,'17K',354037733,-274621780),(678787170,'12V300FA3A1OP5',NULL,-92),(678787171,'AMAUA88SN53C7',1439567465,-392356945),(678787172,'9G2',643013792,-1279286418),(678787173,'2A9PN8',617450297,-1574804522),(1264980053,'6ZX8',2011715980,-1313693072),(1264980054,'4L',893216423,-301),(1264980055,'0ZAD9',1043902460,4),(1264980056,'1MM6R0A8V',757796825,2844),(1264980057,'8',NULL,-390263709),(1264980058,'8SO2KPU',71,-1326930122),(1264980059,'KQNXRG80PHV',1131987339,-728891043),(1694476784,'S2SJ15176O4I3Z1G',127507159,-1240278144),(1694476785,'BH',1218,-132),(1694476786,'9802MP1P7141052Q19K3',120281139,-20),(1694476787,'31A5220MR',1500287701,478),(1694476788,'44268JCXFNE7CEZT',405195254,-123922091),(1694476789,'WS1F9',NULL,1),(1859215199,'U1Z0Z49UH7',271418447,NULL),(1859215200,'NPT6698A9HY3F',1824827013,-766643164),(1859215201,'98P998',803813518,-598165273),(1859215202,'RNNO23',NULL,-163096577),(1859215203,'7T',578417218,NULL),(2288711929,'YZ',365471386,-8158),(2288711930,'S9R7I81BB',290445157,-731002931),(2288711931,'UFHVE215UB3Y5352D4L3N9KI',1413902877,-601047736),(2288711932,'5JKSC48XB',597068205,-1467174762),(2288711933,'L',1144554726,-82010607),(2939488848,'XY150Q15',NULL,-1771057276),(2939488849,'9',119335176,-1759827195),(2939488850,'O7',547,-657544357),(3368985579,'B64N0',1984545649,-892146867),(3368985580,'5115T86E5L',1284059676,357),(3368985581,'7I4L',513456726,-575308324),(3860864022,'4W',594075081,61),(3860864023,'A8394CQVG8C6',359,NULL),(3860864024,'USV26I',8,-597),(3860864025,'I87KJOQ35U2DU6P26',120,-66375948),(4290360748,'MY7647',943268737,-431993057),(4290360749,'4',765962077,-348),(4290360750,'1AQL57UH',38,-327821189),(4294967295,'SP',575836150,0);
/*!40000 ALTER TABLE `authtypeconcretecookiemap` ENABLE KEYS */;
UNLOCK TABLES;

--
-- Dumping data for table `bannedwords`
--

LOCK TABLES `bannedwords` WRITE;
/*!40000 ALTER TABLE `bannedwords` DISABLE KEYS */;
INSERT INTO `bannedwords` VALUES (2096,'24VU146VJZH572IK6IYF5S8J5414C5L'),(2097,'H5JXUFT2B33OU101T13GNPJ739XVZ1PKYMHDA'),(2098,''),(2099,'G51O2EJ0ZC91PTINZHY50'),(2100,'CUV35RTO594I9POO1397SWZ88W0VP30W70BOTI1FOKESB7VDVBYO7VD31MGS97U636W330Y6JFBXG7J34'),(429498827,'3T05C4Q6Z9YI33209MSR298347D2750'),(429498828,'RVVH627Z5X9RYEXZ0Q6'),(429498829,'183519W95F68JZHO924WO1HZR9G2PMZ4J02U5U8Z83T4BLEG19M4835986EF68L2V0D2816C8UB0'),(429498830,'6T0HO8B9'),(1166545330,'AN'),(1166545331,'0'),(1166545332,'3U'),(1166545333,'0QA4'),(1596042060,'23H16'),(1596042061,'5HI342GWZPO24L66R17X8745FC3'),(1596042062,'GHZXJ840FFDI2RFKVQ911F3'),(1596042063,'74I75D7WOO1S7EF3WRF70TIXEM3J8Y5468GLA8X05'),(1725024465,'S94OK9KSZ8R3GUR'),(1725024466,'SCR30NQ5'),(1725024467,'6ZNTYVCYOF'),(1725024468,'7N7A70T9VS1DB7J2U1ZI4TQ404E'),(1725024469,''),(2154521196,'SXJ4'),(2154521197,'3UQT7RYXM36C'),(2154521198,'0QKB0HX3R'),(2154521199,'0000ED032928191U4R25R5ZMB0QV8T1N'),(2154521200,'EYW889TZM9S50135L2S'),(2751523254,'H0250KSCWR3CG646RCAVJ24BG6L396'),(2751523255,'598V61H3SI5I9'),(2751523256,'US25JOOD0Y9QFXT60M79WQ'),(2751523257,'6C8'),(2751523258,'N3VASHO878FCTU795DB0RSOSK9E7ST0M1FO1518G2ZNB51Y3ZZZ63LD0HCUJ15GLO1MFP53H37111A9'),(2751523259,''),(2751523260,'57'),(3181019984,'71CT6V1S0C0FTLXMK4T8C86TJHEI10H'),(3181019985,'51JZ1'),(3181019986,'7Z127P3WG2W60G01OB102'),(3181019987,'0E4XK'),(3181019988,'S847QS2F95RMFPF1884Y4LZZ9FRP2HFJ4F038D0H4A2G3J1QU73CO13YM7FW8I43ZS1K16232NE581N'),(3181019989,'0494OQ9TD274M71G6P1O2E3O37OY4SK6H2824PKWJKLVVSQDCF8OG'),(3181019990,'14V514U335T1EXPT4WOL5FS2S341BAAL1N99VR9A3GS5V2ER4'),(3181019991,'64M7VB'),(3642212664,'HD8KLK3ZC1V68SZF9367C01'),(3642212665,'G4K79NR8X845DP5S8HTWX196'),(3642212666,'1OE6RCS'),(4071709389,'794TDO'),(4071709390,'P6N232HF9MZ8OHZUY1HC4KPHH9M3Q3'),(4071709391,'71'),(4071709392,'3KY7PJ'),(4294967295,'0909SR04C8IQGTA1165');
/*!40000 ALTER TABLE `bannedwords` ENABLE KEYS */;
UNLOCK TABLES;

--
-- Dumping data for table `basicworkflowpermissionassignments`
--

LOCK TABLES `basicworkflowpermissionassignments` WRITE;
/*!40000 ALTER TABLE `basicworkflowpermissionassignments` DISABLE KEYS */;
INSERT INTO `basicworkflowpermissionassignments` VALUES (3543020189,68884613,4294967295),(3226778059,68884614,1784766404),(11,68884615,2975511458),(429496743,68884616,1784766408),(429496739,498381344,2975511453),(1856525242,498381345,3405008185),(1544602193,498381346,3405008189),(3543020190,1212033846,1628294231),(1544602192,1212033847,3471519184),(2797281329,1212033848,3405008186),(1856525243,1212033849,1784766405),(3972516919,1212033850,2214263137),(2286021971,1641530577,3901015908),(3543020192,1641530578,668028022),(429496740,1641530579,2975511456),(429496741,1641530580,2214263136),(12,1641530581,1784766407),(1115105460,2143253519,3471519182),(2797281328,2143253520,3471519185),(2286021973,2143253521,2214263135),(2797281330,2143253522,3405008188),(3226778061,2143253523,3471519186),(2797281331,2143253524,2214263138),(3226778058,2572750250,1628294232),(1115105462,2572750251,2975511455),(3226778060,2572750252,3405008187),(429496742,2572750253,3901015911),(2286021974,2572750254,1628294233),(3543020194,2572750255,3405008190),(2797281327,2624709529,3405008184),(3972516918,2624709530,2975511454),(10,2624709531,2975511457),(3972516920,2624709532,668028023),(3226778063,2624709533,3901015912),(1115105461,3054206259,668028021),(2286021972,3054206260,1198797502),(9,3054206261,238531292),(3226778062,3054206262,2975511459),(1856525244,3054206263,1198797503),(3972516915,3721173101,2214263134),(1544602191,3721173102,3471519183),(1856525241,3721173103,1198797501),(3972516917,3721173104,3901015910),(2797281332,3721173105,2975511460),(4294967295,4150669826,1784766403),(3226778057,4150669827,238531290),(3972516916,4150669828,3901015909),(3543020191,4150669829,238531291),(3543020193,4150669830,1784766406),(8,4294967295,3405008183);
/*!40000 ALTER TABLE `basicworkflowpermissionassignments` ENABLE KEYS */;
UNLOCK TABLES;

--
-- Dumping data for table `basicworkflowprogressdata`
--

LOCK TABLES `basicworkflowprogressdata` WRITE;
/*!40000 ALTER TABLE `basicworkflowprogressdata` DISABLE KEYS */;
INSERT INTO `basicworkflowprogressdata` VALUES (408178407,5,1178247336,'1996-10-30 14:58:32'),(408178408,1318533551,503,'1980-03-31 07:48:54'),(408178409,594934145,634734288,NULL),(408178410,4631211,753425058,'1970-01-01 00:00:45'),(408178411,27,1387180143,'1979-08-31 10:25:07'),(837675138,556219803,3953,'1970-01-01 00:00:01'),(837675139,720097662,318,'2005-05-23 01:06:01'),(837675140,379,7,'1992-04-07 10:02:56'),(837675141,1532722828,1089595188,'2017-10-08 23:18:27'),(1185561210,1384516791,2019047053,NULL),(1185561211,1662202822,545488888,'1985-07-02 08:38:03'),(1185561212,1236962409,1508237338,'2016-02-14 10:50:49'),(1185561213,2139083114,7,'1983-12-31 05:30:00'),(1185561214,2013953585,82,'1970-01-01 01:52:34'),(1615057941,1366387494,1571866491,'1998-06-08 23:17:25'),(1615057942,98,1988195722,NULL),(1615057943,969,445707785,'2006-10-07 04:42:17'),(1615057944,1822167530,882,'1970-01-01 00:00:06'),(1855775974,50136455,1658482300,'1970-01-01 02:20:02'),(1855775975,59883393,306430323,'1986-08-06 18:18:29'),(1855775976,248719058,677,'1971-12-12 10:03:38'),(1855775977,2105691964,1751024036,'1999-08-10 01:47:45'),(2285272704,473485214,583800188,'1970-01-01 02:05:20'),(2285272705,3456,1368831051,'1970-01-01 01:44:14'),(2285272706,649372278,28146215,'1970-01-01 00:00:27'),(2285272707,1847696869,1529434893,NULL),(2285272708,1929834317,1157033436,'1970-01-01 00:27:50'),(2896816646,6,4665,'1970-01-01 00:00:45'),(2896816647,47,833662346,NULL),(2896816648,1649658117,1501293318,'1970-01-01 00:01:34'),(2896816649,1,1377166781,'1970-01-01 00:01:28'),(3326313377,1557849358,360564753,'2009-06-19 10:11:35'),(3326313378,456890916,1330986818,'1970-01-01 00:05:31'),(3326313379,442578397,694010812,'1970-01-01 02:04:26'),(3651361209,2488,592572855,'1993-08-14 21:11:56'),(3651361210,53,2117355379,'1981-12-17 00:36:37'),(3651361211,307429369,755547194,'1971-08-15 16:18:36'),(3651361212,2100202175,524194188,'1970-01-01 00:14:26'),(3651361213,97417927,5076,'1984-12-02 14:11:02'),(3651361214,30694999,2994,'1970-01-01 00:00:01'),(3651361215,963595420,1708991435,'1970-01-01 00:01:11'),(3651361216,590,1799023427,'1970-01-01 02:33:34'),(4080857935,51607367,1120453457,'1970-01-01 01:17:53'),(4080857936,301432026,596259269,'1970-01-01 00:10:02'),(4080857937,1658244628,484,NULL),(4080857938,1855626513,484135787,'1974-03-24 06:50:24'),(4080857939,1348776110,152,'1970-01-01 00:00:01'),(4080857940,1447442652,1121403368,'2006-07-06 08:12:30'),(4080857941,662276957,215625468,'1970-01-01 00:16:20'),(4294967295,604100978,893141536,'2002-08-01 02:23:19');
/*!40000 ALTER TABLE `basicworkflowprogressdata` ENABLE KEYS */;
UNLOCK TABLES;

--
-- Dumping data for table `blockfeatureassignments`
--

LOCK TABLES `blockfeatureassignments` WRITE;
/*!40000 ALTER TABLE `blockfeatureassignments` DISABLE KEYS */;
INSERT INTO `blockfeatureassignments` VALUES (3090229359,227772090,397419206,1511139376),(3761357769,1132615450,397419207,1751540577),(2660732631,3011534507,397419208,429496829),(4190854496,1562112183,397419209,1081642649),(4294967295,2569311075,826915936,429496826),(487622149,1562112180,826915937,3509344609),(3761357770,1132615451,826915938,2181037309),(1575348473,2139814348,826915939,2779608506),(58125419,2139814345,1119378663,1081642646),(58125420,2582037773,1119378664,1511139377),(1145851740,227772092,1119378665,97),(58125422,657268825,1119378666,3509344613),(58125423,1132615452,1119378667,3209105237),(1575348470,657268822,1548875394,3209105234),(4190854494,2569311076,1548875395,429496827),(3090229361,657268824,1548875396,3938841337),(1145851742,2569311078,1548875397,1511139379),(58125417,657268819,1781327178,429496825),(487622148,3511670288,1781327179,1081642645),(2498301457,2582037775,1781327180,1751540578),(1145851741,3011534506,1781327181,3509344611),(2068804727,1562112182,1781327182,2779608505),(2660732632,227772095,1781327183,99),(1145851739,2139814344,2210823909,1511139375),(2498301455,3941167014,2210823910,96),(1575348471,3941167015,2210823911,3209105235),(1575348472,2582037776,2210823912,3509344612),(487622153,3511670290,2210823913,1751540579),(2498301454,2569311074,2932839696,2181037307),(3761357767,2582037772,2932839697,3209105232),(3761357768,657268821,2932839698,2779608503),(4190854495,3511670289,2932839699,2181037308),(2068804726,2139814346,2932839700,3938841336),(4190854491,4294967295,3362336427,3509344608),(4190854493,3011534503,3362336428,95),(2068804725,2582037774,3362336429,1081642647),(2498301456,227772093,3362336430,429496828),(3090229362,227772094,3362336431,3938841338),(3761357766,3941167013,3691513114,4294967295),(2068804724,227772089,3691513115,3938841334),(487622150,227772091,3691513116,3938841335),(3090229360,3011534505,3691513117,3509344610),(487622151,1562112181,3691513118,98),(487622152,2139814347,3691513119,3209105236),(4190854492,1562112179,4121009840,94),(58125418,657268820,4121009841,2779608502),(2660732629,3011534504,4121009842,2779608504),(2660732630,657268823,4121009843,1511139378),(58125421,2569311077,4121009844,1081642648),(2660732628,1132615449,4294967295,3209105233);
/*!40000 ALTER TABLE `blockfeatureassignments` ENABLE KEYS */;
UNLOCK TABLES;

--
-- Dumping data for table `blockpermissionassignments`
--

LOCK TABLES `blockpermissionassignments` WRITE;
/*!40000 ALTER TABLE `blockpermissionassignments` DISABLE KEYS */;
INSERT INTO `blockpermissionassignments` VALUES (2352843095,4294967295,217013382,4294967295,1979547394),(736713049,3801509672,217013383,5,1253939638),(2775450041,1509165924,217013384,2962641620,3872407707),(4051164371,2696755234,217013385,3392138351,2409044126),(2775450044,476862999,217013386,3971600164,3872407710),(3204946775,1509165926,217013387,2277543347,2578902956),(3621667649,2423852662,217013388,875882780,3872407711),(1092905980,3126251967,217013389,1305379511,3442910986),(4051164370,4231006397,646510113,1305379507,3442910981),(3621667645,1079669193,646510114,1305379508,1253939639),(2775450042,1079669194,646510115,3542103436,1979547395),(3621667646,1509165925,646510116,1848046614,3872407708),(1092905978,47366269,646510117,1848046616,322),(2352843098,1079669196,646510118,1848046617,1979547397),(1522402710,2696755236,646510119,1848046618,1253939644),(1923346363,47366265,1066432902,2962641619,3872407706),(3204946773,47366268,1066432903,2277543345,429497051),(4051164374,3801509674,1066432904,2277543348,1253939643),(1522402708,4231006396,1495929632,4,3442910980),(1923346366,476862998,1495929633,875882778,3442910982),(4051164372,4231006398,1495929634,2277543346,3442910983),(4294967295,1994355928,2065365548,3392138349,318),(3621667647,3126251965,2065365549,3971600163,3442910984),(3204946774,1079669195,2065365550,3542103438,1683436371),(3621667648,1509165927,2065365551,429496738,3442910985),(736713052,2423852663,2065365552,3971600166,1683436375),(2775450040,476862997,2494862279,3971600161,429497050),(2775450043,2696755235,2494862280,875882779,1979547396),(307216321,4231006399,2494862281,7,1683436373),(3204946776,1994355932,2494862282,3542103440,2409044128),(1923346364,3801509671,2618060377,2277543344,319),(3204946772,2423852659,2618060378,6,320),(736713051,476863000,2618060379,3542103439,1253939641),(2775450045,47366270,2618060380,429496737,1253939642),(3204946770,3126251964,3047557107,3392138350,3008399686),(1923346365,1509165923,3047557108,875882777,2409044125),(4051164373,3801509673,3047557109,1305379510,429497052),(1522402709,3126251966,3047557110,3392138352,1683436372),(2775450039,2696755233,3551822193,2277543343,429497049),(3204946771,1079669192,3551822194,429496735,1683436368),(2352843097,1994355929,3551822195,1305379509,1683436370),(1923346367,1994355930,3551822196,1848046615,321),(307216320,1994355931,3551822197,2962641621,2409044127),(4051164369,3126251963,3981318918,3542103435,4294967295),(3621667644,476862996,3981318919,875882776,2409044124),(2352843096,47366267,3981318920,429496736,1683436369),(307216319,2423852660,3981318921,3971600162,1253939640),(736713050,2423852661,3981318922,3542103437,3872407709),(1092905979,4231006400,3981318923,3971600165,1683436374),(2352843094,47366266,4294967295,1848046613,1253939637);
/*!40000 ALTER TABLE `blockpermissionassignments` ENABLE KEYS */;
UNLOCK TABLES;

--
-- Dumping data for table `blocks`
--

LOCK TABLES `blocks` WRITE;
/*!40000 ALTER TABLE `blocks` DISABLE KEYS */;
INSERT INTO `blocks` VALUES (296457123,NULL,'1970-01-01 00:00:05','1975-05-12 05:16:24','A902V8V550','D',1590948487,1822319255,''),(296457124,'RZV4J90VKDA254PQ47KZ15Z950PJK2J264PTI5537','1985-08-08 20:58:08','1976-02-07 20:11:29','TS5N4KXTTWH33W37L9T9609OLYNIMC838POH0L4OCP7P496G2SY1901CR80M9P77N32WU9S99R6UWKHKF070606M65NECZ4Z3CQ9LC1YF8JO','3',1114161494,86978096,'EY37DB63502G72R9I'),(296457125,NULL,'2011-07-29 13:51:06','1970-01-01 00:01:38',NULL,'8',97,105059672,NULL),(296457126,'U4741JI0EQ5J727YWXRQMQPG6C9Y2O2YK0AJ915B7JL0F4Z9','2007-08-22 13:02:40','1970-01-01 00:00:06',NULL,'0',5,1169823912,''),(296457127,'E4C360X50404SE2','1987-06-04 16:14:31','1993-04-02 19:20:45','40669B3CX2YM937SY10DR952KX','K',42561978,114301694,'1ZV4R0633M15O530798Y5J1U67G90EV9D2QVMONF08B66B6T98R4G827345'),(725953853,'','2006-03-06 13:53:32','1975-01-25 02:30:32','','2',8075257,8773,'412'),(725953854,NULL,'1970-01-01 00:01:06','2002-08-12 15:58:29','ZLKW024DV7OM7M6','W',615785863,10,NULL),(725953855,'','1970-01-01 01:59:44','1988-02-05 11:45:05','','G',80935732,1609065970,''),(725953856,'J8ET158MV19FE57660Y32737AG7P80U4S1UP778BL3G7QZ3B7U2Q2J','1972-10-22 14:32:15','1970-01-01 00:00:09','91323J2PQ','X',8,215359489,''),(725953857,'W65','1970-01-01 00:09:29','1970-01-01 00:01:38','','N',97,1892197495,'089'),(1026723431,'50YLMBILE','2018-08-26 00:21:56','2019-05-31 09:04:55','','H',476786993,389503322,'D80E7U919OZI001412O'),(1026723432,NULL,'1994-05-12 19:01:31','1997-01-15 10:56:13','FJ05P837','3',505805988,1079574589,'668JO73L6M4IAP5X8KQ'),(1026723433,'063R2V38997X2R86830KWM','1976-11-19 07:40:27','2003-02-14 16:45:23','STW','3',221950233,2001175178,NULL),(1456220161,'','2002-03-13 12:30:10','1982-07-24 11:47:42',NULL,'3',294377757,1066752828,NULL),(1456220162,NULL,'2005-02-24 15:34:24','1994-01-16 14:39:39','','R',1508133293,37,NULL),(1456220163,'G9887766GG8PA1F4F','1970-01-01 00:15:17','1970-01-01 00:54:44',NULL,'3',3283,18,'3JQ614WNS081G5ULYY3NA3B'),(1456220164,'','2002-03-30 09:34:38','2015-05-27 14:13:31',NULL,'G',1578005774,2071967240,'U2SA45YL31P02316Z8E26K330JV647X9N0'),(1848897568,'BBFE62B91454YGASQ','2005-01-18 19:00:00','2012-11-16 04:46:43','98UM5V9G307NLS0QS199V1','Z',696721595,125242687,NULL),(1848897569,'J41D','1970-01-01 00:45:36','1995-04-21 06:05:49','','6',407654281,1356766274,'CMQJ'),(1848897570,'','2004-10-27 10:25:23','1986-05-26 03:45:45',NULL,'C',112505574,56,'4'),(1848897571,'','1991-06-13 18:35:53','2014-10-27 08:34:23','NAWK0Y6N9RX6PTJ','4',2143085232,1703130116,'RO3QA42I9F37F35SV6BDCZ0E95429H8O4WDUBADH0D16T5VLLUP'),(1848897572,'','1981-07-13 03:16:29','1970-01-01 01:06:43','49JV','',4002,NULL,''),(1848897573,'','1970-01-01 00:01:15','2017-06-30 10:22:25','DB6FH4X97Y7U0W37040P5SXNV1C1J94E7861WX31AF5SX3814O3CW0XO809P30T443P5H69FXCSTCSDT90NRU8JE8402E','7',1569337817,5,'31DPI5'),(1848897574,'R1Q1DP0H0R0QUNY32KD87Q960G','1991-03-16 07:13:28','2011-10-25 22:13:01','0GO4B98F6800C','Y',1926784050,434523488,'3K'),(2278394298,NULL,'1983-11-16 20:08:32','1971-02-12 09:40:11',NULL,'D',1105969774,2075528017,'3AEJ43OK4GTTH9C5M7'),(2278394299,'','1975-04-25 15:13:04','1970-01-01 00:00:06',NULL,'',5,NULL,'5S6565373QDX'),(2278394300,'WT00K784Q8PWPDH22T1TF7KJ99Y52CI67N54N5','1999-05-13 14:09:38','1970-01-01 00:00:08','D066890G81TDQ6118F6723N0U8LLE96D2D5EEW','',7,NULL,'6N9K1'),(2278394301,'','2009-05-12 04:41:44','1996-08-02 23:26:55','MA4G1O','5',236580754,119,''),(2278394302,NULL,'1971-09-13 08:58:50','2013-05-14 01:07:22','','3',1017189180,1576505697,'J6326N'),(2278394303,NULL,'1970-01-01 00:11:55','1974-11-24 18:20:41','','5',1499959203,389,'CYNG1KIE51G'),(2278394304,NULL,'1970-01-01 00:00:46','2013-12-19 12:59:11','R60WF7P','7',1762707302,73,NULL),(2278394305,'0R','2018-02-18 00:40:37','1970-01-01 01:11:24','3X0557965AXLH5BAMY9B4988NA9RSMHR7PE58H6FR165O1E7JC5','V',4283,751512957,'Z05L5F1'),(2811473084,NULL,'1979-07-13 08:00:04','1971-06-03 06:15:18','KII','L',744889626,99,''),(2811473085,'','1973-07-31 15:35:42','1983-12-16 04:13:03',NULL,'8',1301424786,11,''),(2811473086,NULL,'2005-10-26 03:02:11','1974-04-10 04:37:36','S92GZL6N06MGE7Y0','Q',1003323177,1101257605,'E'),(2811473087,NULL,'1995-03-16 00:57:27','1970-01-01 00:00:04','5UR98T1CH','E',3,2946,NULL),(2811473088,'1U81JC35VX4YZ2B3Z4016J','1975-09-10 21:36:59','1982-12-13 07:29:43','330TR52ST72S18C','6',1704620126,200076512,NULL),(2811473089,'','1989-11-14 17:23:39','2007-12-29 17:09:17','6M0264TVXBX49Z7V3E3952HO9A14VZ1ZV662168724T3O3Z1RK5MUK74','L',448001295,38482234,''),(3240969814,'Y6VUDL7N0MYB895G1','1970-01-01 00:05:59','1995-08-28 06:35:29','17N4G2WC8CV2DY5BUNNZM3OEMN7S36YYTU9GY19WYQSJ2B6F2CQ69694C3Q19W5','9',1232038187,2051436159,NULL),(3240969815,NULL,'2011-06-11 06:12:32','2015-08-26 07:02:16','99V451WVF20O84ER5047DB1RH4TFW5W09D4MCQ91OVO04DN3M4357A2WMRK8YE03SIF9XDQD5','3',1529834226,2110711953,'Y7N33WJ90NLL0NOO33O51Y4'),(3240969816,'2','2002-04-24 08:51:30','1982-06-15 17:29:59',NULL,'0',733730904,1093289043,'0K40Q09J65A8C24YX4Z1SE70PW8NF6240JT6Y4'),(3240969817,'X4','1987-10-25 02:25:33','1971-02-24 10:52:53','QUN1D2C0XFK1833WL2A0JQ0IPX63010S0847R04S7FH44INYTW','9',667320168,379045430,'KVB25BDUK43TROEW'),(3240969818,'ZP','2003-10-07 12:27:17','1974-03-23 09:12:30',NULL,'P',382501216,2023111435,'54NS'),(3240969819,'45KN5D0E382W2Y59M2OR698G36A','1970-01-01 00:00:16','2014-07-11 12:37:18','5P4LLSN2Q8F506TE3V020CAB','M',2080430985,1722350914,''),(3661819549,NULL,'1970-01-01 00:01:40','2003-12-13 13:41:32','','6',1351173977,1542382511,NULL),(3661819550,'F9A1YUVB27DO4N0300O773N5XX541V','1985-06-18 10:32:00','1988-12-05 18:48:49','','W',675886832,1506991425,'EF7Q'),(4091316274,'BA8I58AUMPV35686ANL7UY321HW','1970-01-01 00:00:49','1973-03-14 02:18:19',NULL,'6',1705029443,6208,NULL),(4091316275,'YQ2L0YV290FWRXZY943Y2GT','2017-01-12 20:22:45','2006-10-28 09:20:55',NULL,'R',1950996814,1503900277,'6VWU1GKV59WBQY8HAFH8U4ZLVK33FGM3NH7R09UXWU1CMT7FI44B'),(4091316276,'G3A6PEE46ZAIAT3XJ3Q72XHNH58E9EWWUH52Z','1991-12-11 18:30:50','1970-01-01 00:00:01','J56F9O9BHMBM2OVT699OY9UB1K8E7M2125XK5DV96URH8L6XY764Z740B202780284AT5O69NHEPYBIM6GSPYZ788M728T1RUEDSEYPTCEA','7',0,386390441,'TCHMG32830F0PVAEZI49XNSRICA21H525M201N97VT4JEWWP8'),(4294967295,'YL36UNO7B9E501X3','2003-04-18 14:53:10','1988-11-08 20:13:51','MJD965O2QF838WY7NX6XCPB308M5512J112TO426AE7JOQ','9',1235456469,6,'IFU4EO5Z18JCLZ2Y3X3Z3626D795HU81C15M83N6PSAIR7RD8ZRDC9IV');
/*!40000 ALTER TABLE `blocks` ENABLE KEYS */;
UNLOCK TABLES;

--
-- Dumping data for table `blocktypepermissionblocktypeaccesslist`
--

LOCK TABLES `blocktypepermissionblocktypeaccesslist` WRITE;
/*!40000 ALTER TABLE `blocktypepermissionblocktypeaccesslist` DISABLE KEYS */;
INSERT INTO `blocktypepermissionblocktypeaccesslist` VALUES (116051294,715194701,'5'),(116051295,2847495738,'7'),(116051296,3701971434,'P'),(116051297,1390037616,'H'),(116051298,2203945506,'8'),(116051299,960540888,'8'),(116051300,715194704,'4'),(545548024,1774448772,'M'),(545548025,3276992468,'6'),(545548026,960540884,'C'),(545548027,285697971,'E'),(545548028,285697973,'2'),(545548029,4131468162,'N'),(545548030,1774448777,'8'),(973777669,715194702,'6'),(973777670,1390037618,'3'),(973777671,3701971437,''),(973777672,715194705,'3'),(1403274400,3701971436,'3'),(1403274401,2203945507,'3'),(1403274402,285697974,'3'),(2132935888,2203945503,'1'),(2132935889,3276992469,'0'),(2132935890,4131468161,'0'),(2132935891,960540889,'3'),(2562432619,3701971435,'I'),(2562432620,1774448774,'L'),(2562432621,1774448776,'K'),(2926190544,1774448773,'3'),(2926190545,960540885,'3'),(2926190546,2203945505,'Z'),(2926190547,1390037617,'9'),(2926190548,1774448775,'V'),(2926190549,2203945508,'5'),(3355687275,4131468160,'S'),(3355687276,960540886,'0'),(3355687277,285697972,'N'),(3355687278,715194703,'A'),(3355687279,3276992472,'9'),(3522162206,2847495739,'8'),(3522162207,4294967295,'9'),(3522162208,3276992470,'Y'),(3522162209,960540887,'2'),(3522162210,2847495741,'7'),(3951658932,1390037615,'6'),(3951658933,2203945504,'6'),(3951658934,2847495740,''),(3951658935,3276992471,'T'),(3951658936,1390037619,'Y'),(4294967295,1390037614,'D');
/*!40000 ALTER TABLE `blocktypepermissionblocktypeaccesslist` ENABLE KEYS */;
UNLOCK TABLES;

--
-- Dumping data for table `blocktypepermissionblocktypeaccesslistcustom`
--

LOCK TABLES `blocktypepermissionblocktypeaccesslistcustom` WRITE;
/*!40000 ALTER TABLE `blocktypepermissionblocktypeaccesslistcustom` DISABLE KEYS */;
INSERT INTO `blocktypepermissionblocktypeaccesslistcustom` VALUES (2768800882,195495034,429496914),(3198297614,195495035,3838732106),(1376801322,195495036,1220476776),(2768800883,624991765,1874562730),(2274955068,624991766,2990726814),(1376801323,624991767,188),(947304589,934068248,2990726812),(1845458338,934068249,3838732108),(2768800885,934068250,2990726815),(1845458339,934068251,429496917),(947304588,1363564978,1220476772),(3198297613,1363564979,429496915),(3881813463,1363564980,3420223545),(947304591,1363564981,3420223546),(947304592,1363564982,429496918),(25848358,1916467908,1649973503),(3198297615,1916467909,3838732107),(947304590,1916467910,2304059461),(3198297616,1916467911,1874562731),(3198297617,1916467912,3838732109),(4294967295,2345964638,3838732105),(2768800884,2345964639,4268228832),(25848360,2345964640,185),(1376801321,2345964641,1220476775),(2274955070,2345964642,2990726816),(2274955071,2345964643,1220476778),(1376801318,2690106081,2304059460),(1845458337,2690106082,184),(25848359,2690106083,1220476774),(3452316736,2690106084,3420223543),(3452316737,2690106085,429496916),(3881813464,2690106086,1649973508),(25848357,3119602811,3420223542),(455345088,3119602812,4294967295),(3881813461,3119602813,1649973504),(455345090,3119602814,1649973505),(3881813462,3119602815,3420223544),(2768800886,3119602816,1649973507),(455345089,3632158763,4268228831),(1376801320,3632158764,2990726813),(25848361,3632158765,1649973506),(25848362,3632158766,2304059462),(1845458340,3632158767,1874562732),(1376801319,4061655488,1220476773),(455345091,4061655489,4268228833),(2274955069,4061655490,4268228834),(455345092,4061655491,186),(455345093,4061655492,187),(3452316738,4061655493,1220476777),(3198297612,4294967295,183);
/*!40000 ALTER TABLE `blocktypepermissionblocktypeaccesslistcustom` ENABLE KEYS */;
UNLOCK TABLES;

--
-- Dumping data for table `blocktypes`
--

LOCK TABLES `blocktypes` WRITE;
/*!40000 ALTER TABLE `blocktypes` DISABLE KEYS */;
INSERT INTO `blocktypes` VALUES (1,882612,'AER689O5KS4961TR16NS61BJKW9J203P20Y','80EIARCC8MD2R','S8GQ5QRXROPRA7ACS8',0,1,1,0,0,-629415140,-1172523945,-2069667662,967000395),(1,882613,'4DF8HW088D8SO202K0OLZ96KC312FS8NDTASNNP7NBXJI1P','HMLKOZ77S5LMII421N9VQXAD4H94S9ZOVYH86ITL8MZZOD0V7F69ZK83YCPL5RF82W4F493Y50SDC8XDBO1K','WHB7TKC7CR72D7V4765D9EQO039231G',0,0,1,0,0,-1392287273,-312532411,-386854362,670844168),(0,882614,'W1DT409RKC531VG48U17F87Q86GQ8O3L0TVEF9TB660591N38AJ00FKC1QY4FR1CF15SB71PZ7SHJ74J660M320XH67NL8OWM258T4L03S9N99IOUJ4B36D4J69THQ23','IBJR4A2QV8993W2484U22SRQDF1B0SU3975PCR','',0,1,1,0,0,-1751234210,-392870588,-1046605795,660),(0,882615,'68P6','6JXWS9UP3Z5PG911MO7V14C010Y8FB6QW1E29L1X0N5Q5NHH5O3ZV2ECB1EPFA6','',0,0,0,0,0,-2001481880,-1099174239,-1892149797,911660856),(1,882616,'8549126','Z4JE2094Z26592FEF7Z60AD016255218Z0ZS33','JVG34V18KJ20VSS',0,0,0,0,1,46,-1614207115,-2110696746,624039281),(1,1882612,'AVLY11JR0EP283','069N8D1IE2NQ3367WMA0N77B','395EN58089D39JA9E1VQ2700W',0,1,0,1,0,-109525534,29,4,1157999147),(0,1882613,'AT0123209DN04WVRODS1PLM2Y49XQ4','1VQ5VM5T8FENI01I4I4QWVQ740Q6P9K7PFQ461NTZBI27639PNQ542632T4WIUFS55628Y0FOIEUS280AC0J599L24X436LFJ13JQM4RZ13BLUX7VT7EMTG3WN83Y3R0','IU0D',1,1,0,1,1,-1965344931,-2100970910,-1486724775,5),(1,1882614,'0D882D4T6575I89XN9IW1632A0P6Q318D2DQ17T8T2E2U81T27L368BI6G005546KRTFX9RFK54GPB1Y6KZF8BZ74ZCJUQ7QU75T','','W1N1XF3X5Z6R554DN33JP7833982Z',0,0,1,1,0,-1359306483,-1995002639,-1764389181,38),(0,1882615,'P55MGRTTH3','OWUZ848PAP9F362Y217BC826IAW4S25CHUWX1D3DLKHFB892UCHGC676A517N8O4MO02L81','647N8A972D13SV3R7T08706414C285N5016M4JDOO65WI5A7CF63YV37D9B2X269U8',1,1,0,0,1,7,-1198762294,-1943289869,1700),(0,1882616,'6HF4483MT44RL813T07ZUTVGV61H00573FC472EF','9I3V1Z19FI99890I1N681','H92077',1,1,0,1,0,-583,-4758,-1724769123,1386736799),(1,2870742,'','1PBD5Z','943TS8I6I942OJY',0,0,1,0,1,-1581887477,-338006387,-1721124370,944),(1,2870743,'4DUMK01YM','F12','2IQU2R179U5Z1615EHKMM1FJN8FLV234D2H63V0Y630IBY',1,1,1,0,0,37,-393,-70,6),(0,2870744,'8','','5',1,1,1,1,1,-274699391,-42265118,-770217074,429179684),(0,2870745,'XLQ2F995BNK9809G41UQN5','FAAO0V22290D197WE3E7T2W33W234P7V83KDYFTEQ9SS38IJ6566HSZE14IG0HKJVPXY2EI6V0327OE','4F900E0N282GE1L65QE6SD0T21P1B2M789413MI172G5970BXMP4F3PHO4NJLV70QO4P',0,0,1,1,1,750,-1563377559,-655615734,659712306),(0,2870746,'0G8M2WDR7634X9KK802CCPCA7Q5NUB6X96893Y','V8M8ZE854A','8S3EZCDPI9M6V57V384QLOV2MC5S75A8Z9UYIHTS145Y98Y40485',0,1,0,1,0,21,-1573095360,-1112267075,810896819),(1,2870747,'G4W82Z5F3G2','V7ZEN','3O0JG1394468U7MS5K76Q88L78O1DW',1,1,0,0,0,-1950322472,-1140973663,-1023661041,1999902),(1,3870742,'8E5YA3EHLU4QX7D9033JCVZ1U5927577IMM237E','YB1ROB46','',0,1,0,1,0,-503589913,-1906951291,-12233981,743725618),(0,3870743,'VK301F7721X5Z9XGDWA1HUUS4H7GI01Z222QSPN89M01','','GRL1EL3T545V4UB7',1,0,1,1,0,-1595050531,-452980745,-1791485580,1584033925),(1,3870744,'31AZKEUDJ7Y728NCPC161PSCSLELTAG0','H','1MU7UT6W3GCA671',1,0,0,1,1,-2025933600,-1997162391,-1173453261,62),(1,3870745,'4DX4A98','UMR6AR3D1277R54MBCT1UWOZ7Y57LM9EJKH125UFLF8I58179K6','N24X98',1,0,1,1,0,-1066292215,-1172699904,4814,9),(0,3870746,'LEQDV4797746469W7L25B8ZQ3ZS','M43','8S142CI468282781646W5PWSH570821887FN33KX7XH94T',0,1,0,1,1,-1063208153,-1122311587,-256110377,819834705),(0,3870747,'','KP3T1A7U1JZH31R55R0TNLGL6KRNA4I959FPZ','',1,1,0,1,0,-1881906461,-1483075442,-54741094,6),(1,4696114,'WYBRBKR171POTSH60P909YA2','','XJZ',1,0,0,1,1,-1890630543,-782457353,-60,1434875445),(1,4696115,'548794165K2217K0D115VB122FZV7CZE5Y66850H5L63WU4L84VV8FP90T33IAY928XA0CUMFY645567667YCF45LN53SR3FFHM739YM0HE6','G952T6VP0A995S4159C','20054D326H782MUDWK1OK5966J313X3RSFF92WV5ETSNQSPR5',0,1,1,0,1,-1910858042,-2057272548,2969,2132067329),(0,4696116,'J5CN6H298UE7NHD4LIA','IPCX063DB4872DU84I9059T8273L2GS11D0ODT0MOLE643B5053K8WTE7M8O72D6E','708429J44AQDV1M7J',0,0,0,0,0,-1152903208,-1220145004,-1141141453,480),(1,4696117,'3HU32O6','BG82792F7127R0V1G00','58D5K3TNS2P9Q6O5EA9R27A',0,1,1,0,1,-642357796,-1296096385,-579354367,1621196014),(1,5696115,'2B061BMTA922J','JBNRH8814','23GY07VL',1,0,0,1,0,-295580013,-2146559724,-467194058,536432274),(1,5696116,'X6UZ1M','163Z9B','BMH02B9XIHF3M66CH6E0685A325L0HN',0,0,0,1,1,-723641109,80,92,796874740),(0,5696117,'3O74','R1PUW22QD8KO77CS7HA8MQZYLHC3GN1F972T758DTPVQJ4V78H8Y9SD','6XK2RU4B0E7087LY5SZQ2141X8CKQ99S411GX21QUGQ7WXL1DJXWCC54H18LI29G84DWF9D5QYS9113H4WTQ1E5YI64171I1',0,1,1,0,1,-777050773,-6491,-814883089,8),(0,6913939,'3902DH9HZ26VV','Z5LND9H23J078C2716EW73581VI4AUY2S2V6057PR92E0FVMRE4T9519E2','',1,0,1,0,1,-905424275,-2083349679,6788,272501130),(1,6913940,'K5TB4UT72NBY87QWLTVCA8204KZ0195I','4UCOHUJ9BNBN21KBO10941L01B330H911U2SC556M85835JV44TIZQ89Y3L3GFPX6CEX39NM7HY91R6S4A40DAM74V71545X09SSVE3','C01KFGHU2',1,0,0,0,1,-2000156076,-475245934,-2554,80),(1,6913941,'612E','','7GX3W3A4I4B113HLR950EC1O6I3AU8I31JD',1,1,0,0,0,-1612896816,-1608103746,5277,2027740546),(0,6913942,'8P475L0YP5I5K07QX6H67W2O63VP979S1511Z8U1I5Q51O3U2V2WMQKM892GJUR8O58RM1M8AS','32DJ9A23','2',0,0,0,0,0,4331,-1904039619,-1141869370,253903062),(1,6913943,'K65QO0620655V','','OD70E4BGI01O33936GMKM9N51O52WPEUSG8VCWVHG5N2BL9A5TZ9O39XH1075EF166XZK6R7SI834AWO2',1,0,0,0,1,-1125628266,-866292287,-1032225347,904744693),(1,6913944,'RACN1U','3X','1XYTXH',1,0,0,0,0,-1350064384,-1072030658,4,7777),(1,6913945,'8V','0J1O101PS5ATAEI91SQ5','193A7039D43FSI6XA56UVEJPA6BY465GOC4KFKGS0OE51F7SYN7S601Z6Z',1,1,1,1,1,-1987384232,-386933693,-1213278206,1790586057),(1,7913940,'DF4E6QLBX2UXKG41CX6DK9L4W3A8JW','BXQ27E08FKG7JL','O3PGEN4U3UXS572326VQYS',0,0,1,0,0,-181958396,-334113341,1552,1697103883),(1,7913941,'G5QB6','','YRA1C2RGY',0,1,0,1,0,-1202,-750629009,3057,196),(0,7913942,'DR23H1283GM7X9900FG4M5186XIQL192GPQ2554UK6DX','91U372T51421KP99W9B1G86H9FBKB','V402WGK7O8YTFH9120BH39S892177C0P5R5IEX5',1,1,0,1,0,-549478842,-1148412307,594,80564619),(0,7913943,'VK162N2WP2QD','6R1490D135H813D9S4W9P24PS17W4ZWTEDEBJ8348J4N5','96FL1STI9F48Z67',1,1,0,1,1,-1804832542,-1857871235,-1183944966,1240867470),(1,7913944,'SD8Y7RCLC','27WJ88BONRG4VAZ8RHX6U2075B460IMZKYW5','0W3MI9WO891ZN0R58FV3EUOI33I7105',0,1,0,0,1,-30551126,-23349821,-1530854162,2137122226),(0,7913945,'IAO0FI6D48L67Z18R36SC0S371PCK0EK0R','P2Z93A25S1Z486PC147Q03HVKYK9WVC623U7I31B','XG5Q3X59T8Q11',1,0,1,0,1,9667,-496,4,431794844),(1,7913946,'IX41P4I6PX5U9YD4Q0KORQ4T7S872F85E3P95MZ60T2X3J53I79GLPVXTE3BS52L68OEZ8U785C4L51','6ZBYRH993W754U1OX15T934XVE1FBT9BAXY204K12T7Q13E7L5IHB551GZG275J94157CED3VKMS7TPZN3YQH6820131ME30X1N44HNV26N0245C2I1V','R112XV',1,0,0,0,0,-1410310799,-177134829,-2001128858,166971729),(0,8321676,'ZOR19A5M','025','',0,1,1,0,1,3,-406078880,59,535745407),(1,8321677,'5XUY7M3T','5R4WYTP6HF58R6','UVS0ZD45F32D1YGOC15OD451JI31LL2GXR5Y91682S',0,0,0,0,1,-1700026904,-1309073044,-876,2),(0,8321678,'','QO60ERL553DT87BIX68E3','XSVA8C0G01B1BBT9188E3',1,1,0,1,1,-1599909923,-357381409,-1526954171,9),(1,8321679,'PSPG9X7G3G18','2B68U0O196SS0957UA3L331WR1VHZVTD6YL1MA','35639YKS40510VG45F00YWAI0EGZ1',0,0,0,0,1,-2123689321,-532920490,-1358553266,1785035906),(1,9321674,'8LN11DD11EAB89LAU9EK3J1077IC9YW39CLLUPM2K468MMZ55061AE6X128DQP18VF3P','GZBGO409289RR1V5CG142T52MY9CG703','X2AERY00NR6I14',0,1,1,0,1,-2129190200,-1405150221,11,1600115252),(0,9321675,'KT7FO5138Z5FU5C87B4P7E6MRZ9F5T','JP8TENWL5876WVKQ5I3W2E4GO3ZBVM1GIW98EL1U673050AI','L',1,1,0,1,0,-152535940,-2078745769,-879249218,29),(0,9321676,'WBA16MJ15O5Y988B00P7TKT34C4ZD9088ZM377873LSH1NN9J079C1KN1PW7C6BY','','A04HXKTV5J6ZK',0,1,1,0,0,-460802378,-338,-24182829,1192613793);
/*!40000 ALTER TABLE `blocktypes` ENABLE KEYS */;
UNLOCK TABLES;

--
-- Dumping data for table `blocktypesetblocktypes`
--

LOCK TABLES `blocktypesetblocktypes` WRITE;
/*!40000 ALTER TABLE `blocktypesetblocktypes` DISABLE KEYS */;
INSERT INTO `blocktypesetblocktypes` VALUES (1687169740,4330009,7070),(3349038125,4330010,483),(1687169742,4330011,1709338149),(4211804751,4330012,789994839),(693676797,4330013,229529127),(2919541394,433826740,1953697346),(4294967295,433826741,1162651938),(264180064,433826742,1255886594),(3782308026,433826743,160899122),(2055047862,1244436670,1101475607),(3349038127,1244436671,411243775),(4211804752,1244436672,945331384),(2055047866,1244436673,48),(2055047867,1244436674,874297815),(1257673011,1673933400,718477785),(693676795,1673933401,1830442702),(264180065,1673933402,770),(1687169744,1673933403,1617262406),(2484544597,1673933404,0),(3349038123,2126057482,1671721607),(1687169741,2126057483,183),(2055047863,2126057484,3292),(693676794,2126057485,941966566),(1257673013,2126057486,1318898702),(693676796,2126057487,1154945220),(1257673010,2555554213,1620587241),(693676793,2555554214,84),(4211804749,2555554215,548175929),(3782308025,2555554216,1852959796),(2919541397,2555554217,1459536804),(264180066,2555554218,962244179),(2484544593,2840846586,606),(4211804750,2840846587,740478214),(264180067,2840846588,1179116908),(2919541393,3270343316,242725833),(3782308024,3270343317,1260347148),(2484544595,3270343318,537249684),(3349038124,3532620526,881),(2919541395,3532620527,919926105),(2055047864,3532620528,73234931),(1687169743,3532620529,2094014034),(2919541396,3532620530,7540),(2484544596,3532620531,1),(264180063,3962117252,1),(2484544594,3962117253,1564731035),(1257673012,3962117254,157725602),(3349038126,3962117255,217423095),(2055047865,3962117256,1089252579),(3782308027,3962117257,1592095333),(2919541392,4294967295,400978767);
/*!40000 ALTER TABLE `blocktypesetblocktypes` ENABLE KEYS */;
UNLOCK TABLES;

--
-- Dumping data for table `blocktypesets`
--

LOCK TABLES `blocktypesets` WRITE;
/*!40000 ALTER TABLE `blocktypesets` DISABLE KEYS */;
INSERT INTO `blocktypesets` VALUES (343623853,NULL,'JWMMMPT7184L6W8409086RSIYKA13S1R1GXSCXDBA4H1ZJ25ZM6W2Q2R04OZ15ID86P5D38F33PPH8II0R',8648,1622203911),(343623854,'I4ZILP7ZLOC32A52B2AQ8PHK23F1IE6826H2950HJ61QFI83V59299R4083C84R9606452M6MEE2WM2608STMN10F5T1','0W227523NV86S5F4116XXK2LQ68KSB007000I5RHI914',1457169002,351323851),(343623855,'26T76M945L5Q68CK71631853H2KHV884W89QI','5CYNV33221E8773SY0C4BQDMS8F741Q',1323557399,1794022752),(343623856,'4093D0','3SOV64J7258006CVP8945W9985M635RUKN4E2S60DQ5W5RT93C0NUUL7549I',4335,900351529),(343623857,NULL,'W85',183737044,1),(343623858,'','9M1HM5Y',787260348,26),(773120583,NULL,'L8YOR8XOK3R68LBUAP504RT1RO1YY384X2W2Z2C',121591271,1798162775),(773120584,'','30J3G7D917HKH664ZES403TJ0KBX07EE666R54EL',474732741,1296805517),(773120585,'','0O7VNG0G3435Q49P5',7551,140253197),(773120586,'665CP28F597985Q6C8OKUHX','CC416EKRPD',321,79174353),(773120587,'80PN24DV4V2G3647721880KPGVYD5Q8IVM65GA4I7K44V','N1F32E2X769121',1472640412,831300390),(773120588,'','6GF8R7TYBDXJ0Y482P5ATZ51O91ANR2PFVKI',610760304,504151055),(773120589,'','HLK645PT3ITI2KAOGHV9EY9',494732287,336963618),(1217963539,'','PLIA9VWZ9L6MPA8GG3GKKLWJB1M9N21HFP46A5FUP60ZQDGR6B94I9KW3C0ZDS92X7931JM4K2F17GBEMV6Z6PDX',130952356,189085568),(1217963540,NULL,'VNP9F6NN6K72SNC2W0T0Y28I6F2QWS',2,204094115),(1217963541,'J99HA3GHOKZD37H3QU90WU21631','28',7,1898229137),(1217963542,'8T464XFB','03EKHSV2',648390747,1),(1647460269,'W6WELLS8556U25D1UG1G3091FQ3E03260C34W3RO','3J34EH5PLK1ZVLE01E9X0N36PCN4W03Q7X45G1T3E8691652B9U31QOVL891YKC1U8518F7C7BZDX7U1P0',1378148972,200223568),(1647460270,'','8SO5FZ0MF3868ZHZA780RIM71S549H3RQ66BM6R08GA',946313118,1129346410),(1647460271,'8NL8','85LANZOF355FUM0P8ZARDSXKE0X3PD59O56E523R9SM7POTM7F9P6909K5IXJOCYZL9',1063707113,23),(1647460272,'9D706474R2X023F7T','BHV4EI250391',589410846,2045166687),(1647460273,'E7D18CL41G8IVGNXDP','SCI23ZK',1293725777,798007449),(1838580377,'638K8U5HEITQ562UYK90S0W0G4W3Y8124C138I3F32O8S0VNO119VVI518P8QV48Z1SXD7EQHV5K66644MZ9GBTVPO161FJK843OX1905NZGD1252434JDWKDHUVC46M570R7H96TVOUCK08WY46T7YCC5P','D5L777L2X9HHL',1609819163,234),(1838580378,NULL,'4QO',1909681969,778022559),(1838580379,NULL,'JU19P0L2VAY82272T25O0C77JC546DGCRT72S32HYEB5M6OB06',1341617409,491814251),(1838580380,'4Q1503XZM71UA3BLU713001HA1K4LYSCLG5ZNYY2I7M765EKX','Y0859HNQ',1840941895,31144586),(1838580381,'KV54YLZK84T9QM235D5C6NRW6V20123C','1GE2LIUN7350PUO01AX1T3B3KY1H55A7K670UIXCOY69A6',492303422,1664813060),(1838580382,'UX7L5W077Q7K279J2BD235U1E5RY6KF8J6890O5S8LE7K3D29XO44O59C72I706775UIY21R1','4IK68T65295762AZJOU87X8O736GB0WHN75BOZP0S0MHX299',1652489056,7),(2268077107,'C5526N91H01Z2','V9N91DDGO35VNVFA8B0',814282741,2071874264),(2268077108,'7UIFB8NUJIKK73QR1','78YRQ12BVYC',1801517956,1261446412),(2268077109,'PY867LSBAZ6Q4LM9EO389S6Z650ACH1L26NO19D','87KYCW31999R',91,1733518961),(2268077110,NULL,'W5K4078476KAEP3N7KW8WI3C',37,2136118426),(2268077111,'EKW02','G',1,796111125),(2268077112,'JXPTIB28YC55M6OWODRV0LV7JD98K4B5G84A4U7L6F6LIIHUWW26Z7V7D3H0BE38N','H9A2704L',1083247275,984321936),(2683456923,'22AS2G34N2YU5H364Y2NJ43HU3UMVA8CDG38SC480VS60WCZ044G80Y8T6D64157694KW1IC3','32YS9HCX9',4,410768282),(2683456924,'1GB0451','00Z1',2031984550,0),(2683456925,'G9','3XKRQ48VJ1J498SSKDE4',833,111),(2683456926,'ZUL4C72IRH5J70X15TBZZMK29TL','O82525QY5383S3021SBFP43608',807895012,1755190452),(2683456927,'87D1H05IUV4NHB1F2M8','X8J5K65DK1I03LGJ982H2X2LA3L9RG3XNL1LWV7R3219ZIENIAA42Q6',6,1426617993),(3112953654,'36I7704E0','V6XD0982540QJO23Z9J6464',71402509,1873772158),(3112953655,'86','8X5A54GDV72',299213631,1581627636),(3112953656,'','UCZ2XQ5XCT174S4Q',1103063726,1599870979),(3112953657,'QY0T1VUR6AXJG93','976T937PPEWL3EVXW1GUNS6H',861880108,618264205),(3462808654,'U283V714OAZ897HP5T8EML71195','8SJZ5OUM1I4CI9PC5LS5T0V66W3633G34HVS28Q553XM3UEUR8N1J86',2000654557,26),(3462808655,'','EYU1B087IU9VE6E559694VN2NO8Z348SD',571538206,5),(3462808656,NULL,'75',1,702572055),(3892305380,NULL,'AFJ360SA64WE323442L4T8IM67T83ST1NMV62758E5',755275250,269),(3892305381,NULL,'W1VQN',1131155377,1252038291),(3892305382,NULL,'G98E2CXAX2X2N53PM7TE79JI53HGO',792238239,91376286),(4294967295,'T540W07ZGS2WD6887IA33GAM1C3F572CJK2Z9D047FHT5W88J1','4522I34SFO6JWS15U2OW19U07942',4046,1218360805);
/*!40000 ALTER TABLE `blocktypesets` ENABLE KEYS */;
UNLOCK TABLES;

--
-- Dumping data for table `btcalendar`
--

LOCK TABLES `btcalendar` WRITE;
/*!40000 ALTER TABLE `btcalendar` DISABLE KEYS */;
INSERT INTO `btcalendar` VALUES (423067588,762917068,'Q962DS2JQXOJTQ8PEBTA48W7FZQQ71DO05H0MC3O0775X6E3383Y211D5K4YGV1P7J5065866G99606N2ZDRJW66DFD',2,421618416,'0MGI99C92R37B88Q3044UC4960H5311I3XVOCQJ506W14IKB7N5424482345','FY7Z6ZP24',NULL,-9,-873137085,''),(423067589,1120387776,'D6300906',57,8,NULL,'968Y0MO','0XK6J60990L8440CG',-519822793,NULL,'90VLTUWCB1JPOJAFM7U'),(423067590,990539692,'7KK50LD7',1612379480,177,'HZNW0U09',NULL,'',-34,-2028217271,'WHA405VC96513T20B7BCUZC55Q'),(423067591,346373994,'NE3849LB0290JL2M39E343CP3W9M0TS216L8M0841VT98AN61598',804029619,999863383,'J8AN89GK8TXR530URWOOQY8U99484DC9A59PTY8N24K0ZNG79H497TD793IDC10Y7IXF33JN5RU2413S727H41HCBSP1B433RNFO23Y72I11S6B9ZE28H0120398','461YTN680YCP46M1A2XQYROGYQ2147VE','',-7,-724256449,''),(423067592,852,'',2138004245,792898143,'8O67',NULL,'U22M2G60NZSB2846B91DUBV83N78',-766227348,-1801109654,NULL),(423067593,5,'0XX9Y71C3P6XAWVC2RB1LOIC0L2QB0I',1074908282,915264256,'R5JH254F745D7R8SVAP9MW917L9K2I4PJZ0U40K4362QL3142',NULL,NULL,94,-85,'AF29CLU6PVR'),(852564318,4178,NULL,961414650,1930972893,NULL,'8','M6J6U42FD9F4CTE76L60ZV425LU9237PDX59C201H6GYW768CQA9',NULL,NULL,NULL),(852564319,51,'',9205,1215333607,NULL,'PG372PFVGZ71752H739D93KOE51LSBLCFOR8U25SGM675RHF888X','',0,NULL,NULL),(852564320,119266377,'1RCX',1917868703,2094542291,NULL,'YL47H790','R08O0S',0,NULL,'885M3NL'),(852564321,237073224,NULL,6,481921246,'CSIAC6F3A51YT8Z7VPV4NA2O2KHAF3V660CI7V3N18Q9B86WKUJ64Q',NULL,'04',NULL,-1156943956,NULL),(852564322,1159,NULL,1152561270,920306669,NULL,'9VM53I7SOQV8G5GW0643B8D3Y1H18083Q9MQI','',-29364095,-250277048,'I1JDH9878V1YUKYYNSFJF0W20'),(852564323,788948079,'',3140,123642958,'4M1E29FO2YV1745WLGL01I','PT6004N7BOG8068G5P994C42Q365R676YY89701FV6','5210N58IMOI00',-2093071886,-382836022,''),(852564324,1731307155,'42K8QS',1780125352,1018228670,'8','B98OS8G','04',-2130451777,-1674379369,'2R295DA93UYY519'),(1178254117,8,NULL,735897596,300809852,'BJ078O6IX2EN6XX0LG594K71DTL5Q9QV1G2','MU','',-568521349,-1384566580,NULL),(1178254118,63,'3V00Q8N4SO2076P52Y8S463K5U9Y',1337072782,91,'','M8K70V78CGC7OOX22IP','2P6XED94M517W451Y6K6HYC842',-90871822,5166,'XE1PR250UL3X'),(1178254119,742641294,'AJ1E2',785098041,1869266647,'J4H1447CFGY26J0I2U92L50Z49JSFB1P6TMB1MO979NTD469C52I5R4C6S4S7UW87',NULL,'RON14712K45DP7T0JQ1RPV77K4WJVAL69ZGVZ6O3890Y1ALCPG2675299525813Z9898NEA451KSP7PVZA648',-1050913865,909,NULL),(1178254120,1682923709,'U64433RJ0H1C1G3V57G6K9RZ1X2T974F5275H90892YCCJ8ELMO3G0O2',1681871055,610472232,'','N7GP2SS82CXC393BI7RN7U3SAK',NULL,-62822266,2290,NULL),(1178254121,1897206600,'UL948',1274914873,7,'','5G7MWU81ZBW7P8U0WA4AEEE9D72V8D5U','3963A707ALO935J',-1589959347,-353711190,'8DD0O2U0SC7MQ784S27UBUNH6FY8I6W35BN13JR18J4VZ00Q7C4MV3841B107Y2H9TD3XE51631YW'),(1607750848,1316092235,'56BD6JC4UMJ79J325B80X74I1916N690B5EV29W00TRW5CP0700K6SY',43,1657546813,'3FIV','428N5536QHB1','0KQF8J13H065RNGI0S4W4ZT04O84Q5N8S91J9Z05O7',-201877221,-1198563230,'Q99J0H1XXR9390EK'),(1607750849,31,'73WN963WFPM',2107054944,830872312,'2T056G33Z8B2','0M0UX3168W32UEXQ6I01GPYT3IA83N75Y5R4AWJ16S6164746A0CJO8S336Z8P37A55W3528QK27DSAFCW848017','8G1YX8I382FE67M6Z6Y2GA',-1033485567,-1543971571,'B128S03PF'),(1607750850,2130361488,'1853MTK8Z1FJCL667LF9U8SS501PKZZY89QCTL1YZ3J68X88KV86SND1BBWN3RQ7A4F36CAO94KT6JVF1U7LHHJ7HI41JK55L2H',425447099,237927033,'Q2NES9XIYGFBC9L1YWS8RPNOGI35O298D27N3WEK6','','23738JG0Y632DUQ47315P65993BST4544H41D4G6KNNR3S21VYRSXK7F4XZHGX56NYXVS5ODD6C',-25861764,-972996762,'3468B5D16HB98K6OREN4KLD4RNPIY76W688N595O44464YOK4O9T9YZZ8Q5D42N7B767PBWN'),(1607750851,1460453912,NULL,681918737,13,'','5D','Q9NTQE7G70K88606H4ZO07B4I6Y6',NULL,5,'F641BZD18293'),(1607750852,86011250,'PR4',1135265510,5,'EK4E159RF','',NULL,-506945056,-1357478883,'LM5MGK1GLCYEJPS13XP7N9J1VU48428P4SVPZE4SI799BS6HD118YGZ75Y955EKTE39Q5G72X371713TX3Y1PA7NU38P419YZ8493BHQ14J88GAV69LWH0H00G341DUV9M41439MIO34'),(2051609132,603512077,'',39,2088356151,'03F2FZSI866ZEFKK68I60HP1U','JE8ESE9J2Z5235C791VD2060R5B7','G903NK74Y',-287618703,-831391413,''),(2051609133,1174486886,'F4W2',57,5,NULL,'AA3IY2SP21U4NI2DR8V8NG255NP00ZXUPC91T8Z397401O3O7Q030','5L1401T0UZE1O22O5JOS6ZJC5B2N88D293S9K7YR9P8J4T7AE',-766378213,-3,'4YJF0A14A47S5KX49408MJW587800OW8E6ODGFQF0X6KZMFX4QGB9R'),(2051609134,1793772458,'PPD5Q43HTB11AF5ZVZ53CS3DXWO6',4427,2141650336,'496HK61QEWOV44RQ8LEB0W4LS397DM4UWD50JIF7LIQ3ZG275MX2ZR1H986G6T94239I209M02DZW30Y22VOJ87Z140Y2HP515T0GB56MM1F120WAYX59ZX8N12SS0TH0P8NEN4TE5LIIR925WKVP2DZ429CQU8H8H1V8','G29822AB4LU01','N30X1NFALR',-1984886960,-867064819,'G854622A6T71PU54E64069XV417WM87NP23G1EP66ZNOQ84DQ20338Q2N27D35V0CEP726O661LL5061OMJK87J8DECR0A4MY97JD7J200GCKG48FK10GRUSF0'),(2051609135,920580900,'68Q0I4T8QM13G5231LF3',351,6,'Q8YJG522TW1','','35532W1R2IE773NRDM9',-1775742515,-995455144,'28V668463H272YF2Y0VR5HTVWYBMOKA'),(2481105863,90,'7619N8L663I',7061,34,'L24K9J7DK8QCZIBOW8XLIU44HG19A5H60O50FI14956W1K5L7P5P5DD2KFL92JPJPGH6CB887N70S','W1Q','3',-105892979,6341,''),(2481105864,1280418829,'',593786121,51811326,'N24DVC014GZ9GM52EP1','JT97ZN88QI5JX4O468SQ8I','6A2YE3YX62NYGPMM1HT50ND975WF132W94P5RLWR9L0Q6A11JE48D5414413GRS1YH52024G5Y0FX45',91,-1027095872,'BME61J031E7682V1'),(2481105865,1764647626,'1JJWJ74I66O1UX095VF9PXY4010',1543331328,1708162399,'36NQ','86CR9OVM287410M73990T4CX52W34GA3IFITBM3','Z666A336B4DWI7',6,-2118358816,'5LKVADS9W45HPB3X28NZNH'),(2876869636,595706013,'XI',91534926,45978015,'','T50Y8Q749978T0DX22','K',7788,-1404842354,'3CXU50A012129VKG2'),(2876869637,5,'5RYRD4QFU3ZBRIO0113K09Y6HE',1235949966,725580364,NULL,'42OQ8','17312193P47J1AFEMI0BQPG9W',-493001694,-1551777635,'Q4S708'),(2876869638,5986,'',2,1826,'SSY64Q0QC4QRURDH78394E098TF','9049','PPO1290ES2VLVK3KV2C19ZY92K98X6L1',-1489326842,8165,'43'),(2876869639,790004765,'18YFAY5JWTY',1452627502,1814118189,NULL,'','',-48505912,-598,'K8IT4'),(2876869640,2062627986,NULL,5,1963272323,'7032MAGF88','H70YU1685MW37L54F72364GW9R2OYJFW463N7ZLUVUUQXA3SRC1ARFI5Q4IRM','',-86427833,-1596501510,'04A195SX'),(2876869641,2016907512,'HW99AS0EIZ62OU',8868,1434916311,'WVDE','4H73YQ','',640,-84855662,'T10N07P9G7NV8471ZCQEO8P7BPWOA273LL34RCI'),(3306366366,22,NULL,288881700,3204,NULL,'Q2AQ1V','4MB97740J308O4Q011DJ4UF609BGX2PD9KORGQ2K8C9917169369H8MA28W90S3Z',NULL,NULL,'V8D7KHWM31DPX3UA0'),(3306366367,9926,'JY74185Y4TUT9UX675XRTIO3AYACI5XDA72R43DG9I65I',176980794,39509978,'880MTLY2BXTU7J8Q4JW8RVAQ1NB8GX015F09A07Y8A63EH8JLW100E','3E6T080S6QS1ESCZ69','2D1',871,-17122160,''),(3306366368,29124832,NULL,101901124,1786412635,'BX26P1PHUMUVVWLG5YE7Y','113J45',NULL,NULL,596,''),(3306366369,1152028504,'WKMM3V4JGW4Y5KIE098F68OP',1899681503,1815531217,NULL,'LS04R1',NULL,4336,-115,NULL),(3306366370,473104279,'SU4FUZM665L2G553G28',2226,1751644183,'VNF045YMD7G3B22LKN63A5R0JOC03PZR258AQ3LT48KAJ5810KF','CCHHO547AJ880A94E9FD80150URH3Y5U319B9970UB5PE86FEE73XB018352LLAF37MQUS9IF893C4F3Y084O7','7GJQ',-9,-1358535569,NULL),(3306366371,4,NULL,2034605310,1355862349,'','AJ','K2831Q8QE',-359199539,58,'P33549'),(3572772431,948920418,NULL,17,1231125538,'3EB86B9M273O8','XW3',NULL,-1832517386,85,''),(3572772432,1423227199,NULL,642593386,1576521393,NULL,'',NULL,-3,-464559939,'429GZ51E07Y3N6119OA7J'),(3572772433,1186153975,'Z0618B32',573101811,1677062212,'','HVO89V4JPV813YL1Q36OEVW00QGZ785000WI5R908CFS',NULL,-437680777,-1910410424,'NJP99V22Y1RK4LU4556439K465Y235E8086484O07'),(3572772434,494087447,'',1636009348,1803650276,NULL,NULL,'365Y93',-1143970386,NULL,''),(4002269157,59,NULL,491884997,1702920953,'','3R4IHJ81LIH537V58Z728M4E5GM360D049FR9SG3F95UP69GNK','2BMN7732E352I',NULL,-9926,NULL),(4002269158,81,'',1984061554,588354239,'991OK93IX03717W2ZWG8D148509A','',NULL,-7258,-687029736,'0XONBFYFGM85OO219T33GESZ8J4N21'),(4002269159,550982138,'',1317496111,1470284818,'JBGR3D165V9M620T6W4Z2E4349HT8WN3S5630R6765',NULL,NULL,-39093766,-961329673,'09R082G3N6H30J8326XN5083323V3YB0'),(4294967295,1274346563,'',385426346,2061997850,'','29XN41GCBFJ04GKB7UBJN2','7I8D1KYE1C9J291F24K77UF80DBG2VH18IQM2N0ND1B31BF5M4SXI4O7NT91Y8D283',-977701837,-4178,NULL);
/*!40000 ALTER TABLE `btcalendar` ENABLE KEYS */;
UNLOCK TABLES;

--
-- Dumping data for table `btcalendarevent`
--

LOCK TABLES `btcalendarevent` WRITE;
/*!40000 ALTER TABLE `btcalendarevent` DISABLE KEYS */;
INSERT INTO `btcalendarevent` VALUES (9133,'','',43695482,4,'U164U0YU228FL308C3289NAW152SG33TL60PYI0Z88Q3TJN24XOD0XL887Z67545O50NC2UU85I',NULL,NULL,0,0),(9134,'0','74Y3K715118',151621642,3923,'D2XXK922XXE6WF07L5ALU6HZGH2297GN1K9U766556P',1,1,0,0),(9135,'9','A8J980T0790593PN596J6U055PW2KYD',104,7275859,'',1,1,0,1),(9136,'7','77W5X6H1HHHNA10LVW95V1S0QV',2071369536,1358084257,'N5P42THJI21KWK0ZP682KYU',0,1,0,1),(429505864,'5','23330',1952163367,704865182,NULL,1,1,0,NULL),(429505865,'7','S6J46T106754',2107339579,84,'',1,0,0,0),(429505866,'4','',1008552515,220396701,'E54F365LJU1MIN8I1R487HJB7HO01A191JSIXT83272C65US95WT0ZQG8V027H8896M99BJL0',0,NULL,0,0),(429505867,'0','373F6C4GY19J59N27Y85',973333169,4,'B7GF40V924R',0,1,1,1),(1153551081,'O','',510667905,1261518621,'038LWJY4V9I53UQN1BN1T48CH65E31J8HZ5PFF76A18',0,NULL,0,0),(1153551082,'H','ZUY',1945467550,1115517784,'',1,0,1,1),(1153551083,'V','NEP46Z5UD99IXEO7J5OCV0Z3SMWR9VB22F83D0D6',472138484,464126697,'91VZGJ15DK50705ER0A9JAE9C7IB7JCTQS8HN',1,0,1,1),(1153551084,'5','',1371356579,2,'3ES3EVXOF92526459N9GI1E30F',1,NULL,1,0),(1153551085,'1','01F78BQO714Y1672J9016XWM',457417197,350,'9Z34DXE0GONAU8I0S8UQL2PZ51WZD68U3AKXUD2',0,1,1,0),(1153551086,'W','CQJ56OW00ZA2X73IA7AU2P8H5W76SJCJ',6,65,'',1,0,1,0),(1583047811,'Y','M8',1064351197,142,'5NGP203R63E29K7AQ6LDWY75AP9O1KL0KGT8',0,0,1,1),(1583047812,'G','8QVIW07EDE8NCKS713L57D61471U6S717MN2V',23,628704330,'L2QE9Y3Z5JON31',1,1,1,0),(1583047813,'B','5Z422N16Y2A2818KM285C25233EC0CL90N30',1827245782,2,NULL,0,1,1,0),(1583047814,'U','',1198780784,1404525556,'DTV843F301',1,NULL,0,0),(1583047815,'J','634EPT',1588115225,958325731,'GB731V54M9348C775587V050601GFEB2EUZP1860HT',1,1,0,0),(1583047816,'J','CY58D2696W0F477A276',7832,3,'YP',0,0,1,NULL),(1583047817,'5','',795576463,8538,NULL,0,NULL,NULL,0),(2094090473,'Z','WF19ETFMVW593IF135866ZTYR',278,0,'338R8YAT08GVP7G2RW7RTJV22X4F43O032',1,0,0,1),(2094090474,'9','LJVS405G',4,172709330,NULL,1,1,NULL,0),(2094090475,'8','',6,8952,NULL,1,NULL,0,1),(2094090476,'8','',969518573,114744173,'NRJ37XFA46',0,NULL,1,1),(2094090477,'0','SWI3HBAGD8C9474OHBMI19DG9QA79ZRV26R7P6G0VR7D81',1727180607,9,NULL,1,1,0,1),(2523587204,'0','ZI0ROA963PIQ8119342G59Y',312040051,619020923,NULL,0,1,NULL,0),(2523587205,'F','6RMO500N125631M',807991476,1079266405,'8D875OU79',1,1,0,0),(2523587206,'D','YC9P3679',207684804,495934898,'F5RO184',1,1,1,NULL),(2523587207,'8','8W',1944430184,1691304802,'AKFOZC25TQ5R8ZL',0,1,0,1),(2955381563,'K','6YR822833B',27,654151264,'1',1,0,1,1),(2955381564,'R','9',335,1049345208,'IN',0,1,1,0),(2955381565,'6','BZM7G6K6HL0WJ83V',647,1801479226,'068532AP3680F0GXZOMTJDMW',1,1,0,1),(2955381566,'E','LQR2S2WU69BU280M6S9L2D2A6Z6NC30G02J9810I',74,717563931,'',1,1,1,0),(2955381567,'C','NTLR7D86793539985P277D03GMTODN3',1362109593,1283283811,'29Z19',1,1,0,1),(3384878294,'H','VSEZT5UC7S',63314197,1195544837,'UD0IEF11240UZ8ZLCN',0,1,0,1),(3384878295,'5','44W5UHW846QDOKAL956GUZG7KFK223UU187N26AJDG4IV3A21D97MK087QZ1S4378Q2',1992307435,1043196778,'8X5LJK2H',1,1,1,0),(3384878296,'S','JN30DBQ1E9TB32R6M0H',1550380479,44,'7KP0F3P8JFP7',1,0,0,0),(3384878297,'R','81X20CSEDNU9F03NGN5Q379HK7X7X1O8A42ZXK31AQWV2AWW1173P2SHWD6F17',1680118415,247701520,'C7',1,1,0,NULL),(3771348944,'Z','E13E9',617968939,1610272034,'8F781O397XRW396B0783ZI85',0,0,0,1),(3771348945,'V','5NLHA9S59J8WVK880XQ3U9JQJC748',712978465,1168991879,'',0,1,1,1),(3771348946,'','',487753611,632682533,'OE22OJJ42PO70S76A594T0PML4XI841X8D3ZY',NULL,NULL,0,1),(3771348947,'Z','',1273349231,334681853,'QEA82B4Z6494XSM6WA5M448F396IJ68',1,NULL,1,1),(3771348948,'J','614KW',37800369,820342159,'7441M51A',0,1,0,1),(4200845669,'C','',594995780,178349278,'Z0V0EW79IW5750X9AU529MEMT7Z99G688JRFZ5EX89DZ',0,NULL,1,1),(4200845670,'9','7L21G57KZKRAFM12E9HJB3',64072821,63156610,'HP55QS42R0T7PQN1P609LN5W7L3U2N9915L',1,1,0,1),(4200845671,'L','NN3013QK23VH0E2164U2HZCY6LL4W',2068142156,805391863,'G8Y826AFM9A1',1,1,0,NULL),(4200845672,'5','219Q8FIA38130M936769X6VVD9GQSQ9R18FG9B8S248K156729I9KSF7A7',464342503,1868665795,'JDYW50QS3OR655QUGF63329933ZTF8QD56KXH',1,1,0,1),(4200845673,'5','7M991ZW3H1J0896XW2L9XY92OW5THNQB4X23MY5TI8TE500ZADICTJJ88764O13C01NHBS1HIMI0GS3EGOT1331Z2E4VBW94U02QNM501M',1614859213,1116010128,NULL,1,1,0,NULL),(4294967295,'4','TZ06739GINXC2CJSUR0TFP9APZ6T',78,1514238571,'CQ31YMNIO2D305DV5OQ86YF7BCC5YR20U392252E5G48Z5OZ9A65C6M9ZVS04T8XNLW18P1U3M0795JWD6UU2E2NLC8SK03F0HTR',0,1,0,1);
/*!40000 ALTER TABLE `btcalendarevent` ENABLE KEYS */;
UNLOCK TABLES;

--
-- Dumping data for table `btcontentfile`
--

LOCK TABLES `btcontentfile` WRITE;
/*!40000 ALTER TABLE `btcontentfile` DISABLE KEYS */;
INSERT INTO `btcontentfile` VALUES (231902563,4,'5UQ','AUBT5X5657175',0),(231902564,1557930370,'W7OZU62O22AO014IW7583GL2338Q0JG77MJ7B23KK','3Z0N47B3XOY2G449T9KQ50JGP8F465TX4QMB8QQB4GVI1320734357B13KSD6HSM40W2334RS5R5XNU88IW2V06JX5405KFF9676',1),(231902565,1424688963,'','J3D3CO55HUB905XQF0V22SBV3N8I7KU30Q',0),(231902566,59,NULL,'OLG4Z2N07A0C41P',0),(231902567,724077392,NULL,'03GA610XM099H',0),(231902568,1012952127,'','QV64DXU8U3GBL',0),(661399293,1602758456,'26Z6F0G','4349666C5Q7TH2R0J3J86BX9696T09FS8X3F7378DS91ZBMQOZ6K9SI5GCCKED7F9097S0ND7097MJF6LM5M149KNI0892I3V4JQ1H750I51ZCZ0N7HZ9YK7B2F11AHW2S1KWYKC639IO1J',1),(661399294,28,'D7CPG8UH3','',1),(661399295,746981786,'','UT1FZK5ZTIOWZ213I86RB',0),(661399296,0,'8XZD4CQYH1U9646CMSI2XTQQ50','VW7H187',1),(661399297,2142616331,NULL,NULL,1),(661399298,1673612732,'AECLS572CIJU0DO970SNZ58R22SWKJ','6WO6QDPRB4XLWKN3GFECEST0UARY9',0),(661399299,3468,NULL,'',0),(1059126254,4,'','Z2VUITK2BVI0T0D5IDY3SGOGDNM9Y5F5G4B943BJA3273P29DVQKR1GAYF3VUU49NY8SDK8SWQNW1Y35',0),(1059126255,757714296,NULL,'09R3H73697SWD56SZ5951EL5D2CY6G774J58X3A1VS34JCXJ',1),(1059126256,99,'0112A24I1L5BVTT1F4F1E14137WJ1X84GYT160E3S8D190D7TB3VWD8M5S16','B17299XBSCV70HCA376QOA9746RGDNYZI',0),(1059126257,947951787,'','',0),(1488622985,1782807618,'27','64W7E1CRS719WJC',1),(1488622986,NULL,NULL,NULL,0),(1488622987,818450969,NULL,NULL,1),(1488622988,344,'','G7571I93J792EGT0KN7HC63Y1',1),(1831701927,673,'4J19F072U4ABFJ692VZ09UZ7TYP3WURS9DYBRGZ4341GXXZ304957N4O57RGTYX3ZSI69TSJ6TP0DN109O76OV5107H8E3YX592B1L560D17KUK',NULL,0),(1831701928,2071102586,'IE63MIELN2G032I5870Q4Q9CTQ68B6ML','AX353',1),(1831701929,1527307119,'0GM529RUWP84','38DO5HCA57',0),(1831701930,172564586,'O580O5XV9DQ20L','11B3D87VC2C4DWL23ZERCI565749D6U7',0),(1831701931,4518,'','',0),(2261198657,1917725802,'6U6BXYS','RMN7851P5P',0),(2261198658,7487,'','',0),(2261198659,0,'0O40GD2711XQC77FMM77HH4F7U9N06154U907MV1IIWI14M2ZK80','98Y45Z0B88UL468H46BUGX6WREJ78I5Z019YE89NNB83GJPT0SRS2683V',0),(2261198660,1537290827,'605F5L2UPI2I9XT31JN4','1Z9204T3ZKJT59M6I7U7G8HL942042AKFTRGBY5YX6IS8G815CGV1B81129PBVD',1),(2261198661,1729656991,'Z00M0SD1570X1N3',NULL,0),(2598113410,969723650,'3KP1MOPLSY','8DI8PBQGVUA2J3K3960G25U1F',0),(2598113411,70,'114J4564VY6X5RA8B0XBX4JQ21HK03R714LK9O1','U49JB6F3VJ04OHM0Q9J7W6D',1),(3027610141,NULL,NULL,NULL,1),(3027610142,1257227917,'QD1H6FP2T3',NULL,0),(3473266974,1641697944,'574I760J3','JX0Q8B2W03ZM6F7AFA',0),(3473266975,382305757,'5D464TECQMBW1UOO38B705NO9R','LAW294689W32J45S27056',1),(3473266976,127726552,'AW19O56MWH22I88162ZM','2428WF4MKOB4LG6F9K',1),(3473266977,1731815166,NULL,'',0),(3473266978,9,'6E68XA6','LR5',0),(3473266979,1253602883,'31XD87580DX9K72M4QP06338P20H1E8M47V','8U845EU9432Z9286',1),(3473266980,576991293,'W8G','A996N9560H',0),(3902763700,701468040,'X0HN64NS36000FVE4','9ZWVW14WHT9O99K5JPOVQ5548D838GXZ3NC75KIURVM4W85YWNJ',0),(3902763701,2053260452,'I226A7RW9Y8GR4P1MZ7ZN2652T','D15P56W30507E8CA5W7IT17R88V19',0),(3902763702,1896674867,'4R4304B86','GBZGUF00A4YKTMH3F',1),(3902763703,574291307,'','X1UDA375UG390M79H70Y3631CS1Q1U8117IS5TEWM244830NTZ3Y432II4A4PR6TF3C571H14E5185D9INL1D10H0TI5BPH03U3U7FKC3RPBML159NFQ68181993FG293O25W4EN4A189',1),(3902763704,8,'M1P3Y3S1DT635Q6TSOJC8Q6WN9R51Z5KC','B06I3K849NOC7',1),(3902763705,850,'90CO62O','',0),(3902763706,482421212,NULL,'EIM2LIGP5343BBYHPD99C4X9M7I2K8N49PLX582ZD48C73MQ9WEWOJUH10U508F3TR32P0M4OLC7Q8O15',1),(4294967295,2,NULL,'R167145XYI4M537',0);
/*!40000 ALTER TABLE `btcontentfile` ENABLE KEYS */;
UNLOCK TABLES;

--
-- Dumping data for table `btcontentimage`
--

LOCK TABLES `btcontentimage` WRITE;
/*!40000 ALTER TABLE `btcontentimage` DISABLE KEYS */;
INSERT INTO `btcontentimage` VALUES (141699626,1715296319,1630760921,835114606,369715643,NULL,'',993769936,2064715630,1,'95I0NEMKOK8BSQ5UJZIS275JEA294HR5G5S643R1E0SC7384OT4XKQCO9DK23N','SLH51RT6UGV7X4S5FY4BQFO4I0X31101V666Y0PT0XD165D'),(141699627,2115169533,375797525,2,1339420454,357857362,'54CV38U44V5',783685656,147341935,1,'D9B66749D8189T6OY00KYX415F4',NULL),(141699628,1326949312,192634335,2090845564,470386293,857350413,'86H6FGWL12A6J',1601,1353962321,0,'OM3ES941',''),(571196357,288157403,1,NULL,2046812997,1405988347,'CVYS61UESWXM3661ZF6YI99T9396H',7,369327703,1,'','L'),(571196358,9,1772401661,419247876,NULL,NULL,NULL,157,1931574457,1,'T8M2','7R51'),(571196359,898,1934707848,9954,1448,285,'',273117425,26,0,'S43BH4702G297XGU531J5H6F8C04H322377T73K5H7R2E','X56'),(1032653123,875797519,901068629,5811,738418086,1104728171,'G2ERO9C2VM7O3',1775699824,1767104127,0,'TOKA75QON8',NULL),(1032653124,1922612049,1225119033,663773331,NULL,1845182525,'UNA6T1K3K7A89M1165E6HNNZIOI407C4L8X786AT7X0323XALRG3988R4',530473556,2091615178,1,'FZO76PT990P6764RKVD','ZE521859AK13FZ'),(1032653125,1839385174,663783067,1875948092,1505181980,2004919330,'2T8GAK7298PBPFKZL9H6DJDB7Y860B8XR9',1926565181,80,1,'13PH','9A279OAK56SH9VA6'),(1462149854,1266944412,1041013058,8,1653,925301304,'',832,1849872144,1,'QC3F69ZHFV440B31F5MHMRAX055FAF9Z4OPIB9N8NXK',NULL),(1462149855,860603356,1497133404,1817698802,5807,6401,'8SUA1QVXBXKOH4',5073,940863261,1,'VR100746TH7E81ZVMOFMIONZEC61H5F39W7RVRBSV2UHYUDF0P38RY',''),(1462149856,991,5,1720381008,8030,NULL,'4HUQ80',5,1023045009,0,'0D8YM7545S086W4YZ7GVVXC332F2640Z2T6SG1PKQ2LO032P365SI9VCL7506P8LA5ZPNX37QYCSGYQLV8NANN2',''),(1973721106,944817324,52,1061083748,75702069,235107285,'LIAFPL18051KQCSB099U57472MY11OK3J180803457C86',1235483384,459,1,'82X43YKYY4D8D7Q960LO017Y6767772425T5651SNHHU0O','3T797TQZ358YYN'),(1973721107,1348460434,471363078,37987370,6485,1793869270,'XQHKN0V4',329,765179995,0,'U6GXP93T4UQIO3','2Q95PMO5062KJ4JM1U9B11AYJTP191MF495K867Y37W0K84M2147'),(1973721108,7,969,2017225899,1029046852,88,NULL,901618414,922466585,1,'0BX4Y16','KD9T7U24376V395369H7287F151KSDPZJIPVN6XWS50F7ATNCI0X60X9BC7B11W25Y125H025XB9U'),(1973721109,38,1670291861,1534904254,1837110045,459635703,'1601SUXZ',603934267,1129460337,0,'6MB8O','6UQE747PWXU23U0607IINZGA1N34UF18'),(1973721110,198656790,NULL,144967935,NULL,1032584777,'7B70531XB13T',4,2294,1,'C4009CE25LB85Y79Q41TA9Z145RMC015H48SZ2M3F234KF0KR4R361X',NULL),(1973721111,650300163,441,8,1907460636,124484083,'6A9ETXKG2KQ3F89JEA24243OVYMG0581PXW5VROQ65149SG70NZI2M0OTUNZH55Q2V640HVLS3ZXN154U2',705618327,215996568,0,'89W7YX7ZN298O2YAUN396','NW55Z8D03C85E44N6J94P01A50243L9KT5YP8NBMI4S2ZZ63C4'),(1973721112,887264669,41,1906212150,581999034,NULL,'L',1755583386,612915358,1,'','95KHF2GL'),(1973721113,1742441457,266,NULL,NULL,1547624036,'O6X392GF9O1',1497179604,1737353996,1,'','02M60S0DH2KNI21CU1EX6FG14IHMXTD201YCKK63IY3FB2B65MZFE6V1C821'),(1973721114,209052406,112285216,4,442104635,NULL,'5AYJGQ2A6X62DC85XSHF04UA909211',1559867053,415,0,'SDC45TFGLV335Y0D87O8IFKIM835H7LH','ZFI445A2YF941ZKMNP98Q4HKXFDI6RE0'),(2403217837,1994416590,57,461899290,1324467620,1177350172,'36581LHQ7FGZ0VB0A2WW8',7,1955864621,1,'D75WUAGQWL5713X1HHS3RT3','0Q7HL6VVKFJ41AXLN0DGTG098O1Z210B57Z9L9GHDPQ77F7Q7L72F3F'),(2403217838,2859,1874515421,280682064,NULL,738156588,'95J3EP40Q73AB220GR3700840',2107597463,372377104,0,'PFE87J24CN8O07G03YN6',''),(2403217839,387,227657819,1003853270,27592472,1087914715,'787KHFHG2HKF8W51245',6,3049401,0,'F1820SI8209TXR630AR6H7405808','ELJR7MYE34X31FL3UMWA7'),(2403217840,3,1829166508,7563,330671509,1662360946,NULL,2021520986,2003191113,1,NULL,''),(2403217841,5572,1523939798,1410399817,368702443,680175420,'68FS403KN46JEA5R8JMPI3CHG5687563A4HRLH95Q732GQ863WG3KJD05JIDA',281,1940489895,0,'50BS0D774X','2K5W'),(2403217842,NULL,NULL,2662,1830396671,982476542,'OX0TQ4562IH545576S8959A1L139O',1617805329,8915438,0,NULL,NULL),(2403217843,3,536936637,NULL,910489311,1517416462,'QYJ5T',123006217,782664763,1,'92L766E8114D0G8Z81WSGJ9U7','09OJY0FBD92H549MZBK559084PH03'),(2403217844,NULL,7851,1471477806,527558328,1546586417,'D3UF6I01753H',4162,934548579,0,NULL,NULL),(2403217845,477028307,30,4,712644156,548688910,'911E7K630C0JKM17IJ454B05144566H8RHZGCGQ',378356406,1100658251,1,'',NULL),(2870220484,413182728,3302,NULL,1840599484,880,'46O1HLFAIX129Y893759',824439523,605,0,'117D3U5LAP371587I9CHEIX3KLX2VJS427','2F63E9ZD50QV381A6WS37WD55'),(2870220485,1730890765,675,66,819,648202362,'G5O4',1330564185,150952393,0,NULL,'7T347O851V43FQT0SI27M9MW9'),(2870220486,1198041959,4,1184123206,857965798,26,NULL,85,1547435615,0,'39VRH0Y9BARTQS77J8B5L8OR684TI372R77XHO0T755H417RMVM1Y1E23E',NULL),(2870220487,628679687,1307367228,783,1940321523,687,'3E9ONVEX',491414877,624969030,1,'0Y9ZLSB8DALMC3J7NTL907HSLDE9102KNFQG7IJC4E87RR1D2QVY97PB034Z9',''),(2870220488,1900102171,7,436266685,NULL,NULL,'1H0O8S6WHMQBVA4012X853G8YQ954F8NE2D6A3CC9',1299275919,751000425,1,'174V9S6D65JW5M9RH1SHU91N8Q353LS17',''),(2870220489,8,1,24,541566267,261808753,'459236422XRHF53J506',674471667,374009372,1,'9CBQA6878P58Q9SE9Q',''),(2870220490,NULL,NULL,2024061,448554861,153000018,NULL,457,1557565085,0,NULL,NULL),(2870220491,141651888,1195554764,413284536,451439449,2123594721,'CK27F6VJ0VB18Z2ZH738QRFP29FU0',446,774900322,1,'A1OM9307WG9RZ5DNJ9UKF7YZ57725M6KZJWXX1KD7W19','3W3M9T87'),(3299717214,2067062492,889137088,1858695331,65,NULL,'VR5R23GB522WFL5260P4M',472402766,1441961009,0,'5210B','0S24L9KQTK9W189A2Q400LI'),(3299717215,1894259012,7908,2140292012,1419299680,8,'199XHP1',7337381,425917110,1,'0GWO9PQ3253Q18PNJ','098CZ9QCI4O52LEI42'),(3299717216,1265579325,1440097844,198946785,825873408,NULL,'B9EDWJ1',1033322899,1281222435,1,'','6L26XWSM15575T4S5'),(3299717217,645956156,1734036100,16,1857859601,54910711,'',205,908845331,1,'1A22168EP78MTPOPH90FR6A41T60NML306OPTPXZ73KXVB7ZJ9E7I8B622G0AG50A3UO33588Z',NULL),(3299717218,1960502278,1840623173,83,1554910106,1983714526,'B2QBP3135T0SD2TUL659IDMT7TVVC',831,97,0,'01WRK2J3W8464G2I5BRV41V7Y0T4201Y3D4550UPJPP15GIP',''),(3299717219,708721554,545974958,835435675,1844404610,1373257119,'S45EFGCX',1433457076,NULL,0,'RV05812RPS97NY1NL1IJY6T5O68IBP60A28STTYR2437Q38Q7X9H29IPG9T78Q6IA7WH2UG7M1','77GL'),(3299717220,82,141990166,NULL,2036916098,1850404228,'849GBWI1G924VCR855OJ27',8,1875618610,1,'L6R81Z86117RI5195C','8H97BF8F9K5X2E5J370L9BY2E'),(3299717221,155674887,NULL,1297229234,1240202484,1185015457,'JD137FOY102X0B9MS982NIYX47732GJQUM5YY3W565EOHPZNG',2,2142961362,1,'70YH56GJVZY5AX9DV3OP09S9S2WYYR7Z39TU',NULL),(3832918249,829775610,NULL,1189171170,1915925990,8,'7B6B71PH6K6073A8W',1960628807,1390805890,0,'6G67254JZN139KF1J6KV4',NULL),(4262414974,606,990761752,1396796041,55826922,362692330,'714',2141455099,1010426370,1,'1TZA98M61R3M4VAKV3P74T8W9A285L9HC',NULL),(4262414975,941,1445821265,423806018,139894399,450754796,'',NULL,539492448,0,'Q','66VT5HVB83T84SZN94N'),(4294967295,2118755857,1647843714,1176931571,1949144747,1650328170,'0ZO55Z08DN8O1T6851D7G13RKKSE19F66XWR22204D3HCT42L1AER629I6QS59H8LG4',1911678789,1440766646,1,'E5554A3A36G1W3UDVB5','YOIXOZM5AV5N4B729WF994EY631DLNW7R97P4');
/*!40000 ALTER TABLE `btcontentimage` ENABLE KEYS */;
UNLOCK TABLES;

--
-- Dumping data for table `btcontentlocal`
--

LOCK TABLES `btcontentlocal` WRITE;
/*!40000 ALTER TABLE `btcontentlocal` DISABLE KEYS */;
INSERT INTO `btcontentlocal` VALUES (1,'WD6A714'),(2,NULL),(3,'8Z067L262N0'),(4,NULL),(5,NULL),(6,'L7QSG9469UOJ9U1J0UM75JLO3VSHZIM204X1AZ'),(429496732,''),(429496733,NULL),(429496734,'RX23M008P0759EGU4YJZF'),(429496735,'V016A52A0CH59EWEQ65LZLZ9M2D0CN9143W6U1VZ93SKC'),(429496736,'72Q39C0F9PTKO75557VGNNU41DGYQ5PAF4I23M0ILR279V01I1TDJX8O83062W4JGZ6484GE4'),(862888533,NULL),(862888534,'Q6V0T7R5RU079'),(862888535,'7GCQQ078P'),(862888536,''),(1292385263,'DVDYVTGP5FP84A61I7GM7MN7OQA85N8HIG64P5KDZ583S6S2U91U95N306TOC80'),(1292385264,'843RX5UK2SZ1Z0586KU5NMVXKEY679057U25M'),(1292385265,'PBPT0Z'),(1292385266,'8VBX0'),(1292385267,NULL),(1787615896,'6E51Q13E8QPZ5M7470242JAS'),(1787615897,'XG9U62SX1H8E9EUTT2N82R43JI2U1FE4502S9R2L678U'),(1787615898,'3JP6EVQHO4996L875W3IM'),(1787615899,'J8A0JG063462QAM6R0Q078D98B0Z8O91PT47666M72CYNFS24ENK3R2339S6C3N560P31L1O35FR4710SG1Z3810Q6D6I85'),(1787615900,'FCLC3KF1'),(2217112626,'M48VWCL25C4397'),(2217112627,'XF67'),(2217112628,NULL),(2217112629,'CP37D45HMDQ8P1VM57'),(2217112630,NULL),(2737003192,'4CTQ63663F46ET8Q9S7QACF1TD3VWA2FFG48Q4X8016259HU096Z193P8KRK18QT47H20Z51D7N776F8PK603L'),(2737003193,'2HA38DV981P0Z7EV4538L22S33YF'),(2737003194,'TO4YVFHQ5P1N1XGWT2QDG9E10545ZO202YN5X918N4Y1'),(2737003195,''),(2737003196,'Q'),(2737003197,'IFTHKFYG'),(2737003198,'T9YQWP74BUZNY'),(2737003199,''),(3166499923,'2I89TSRX64CJ82430DC57D5IPBO5F0AV'),(3166499924,''),(3166499925,'FK2KW9U9K02098LUJ7B92'),(3166499926,''),(3166499927,'6KCR4Z2CP4250A4GRRPT958Y8260A7H6I9PVZA8ZKZ77KQE58LGUQ4JC0'),(3166499928,'UZ0K0UY6XV8FW8316MSW190I3971N42U13Z064V'),(3166499929,'W3ZU75F'),(3671240515,'K2F1OFA093WVYAB7UI9IIYA97WQF3539N6P7L1M3F097B2V3JCT1Z9M65PX95352H00CFC8WPWK7T5989QCV8ETR75I591LC21I6IH19KE29GJ'),(3671240516,'CO516U5WK4139VT08B04P73OBI408KD9JPAR9XB78NDEGJA57J11VR2A4W5R0J1M2A3Z2BM'),(4100737240,'2K0G'),(4100737241,''),(4294967295,'YXSB3O2');
/*!40000 ALTER TABLE `btcontentlocal` ENABLE KEYS */;
UNLOCK TABLES;

--
-- Dumping data for table `btcorearealayout`
--

LOCK TABLES `btcorearealayout` WRITE;
/*!40000 ALTER TABLE `btcorearealayout` DISABLE KEYS */;
INSERT INTO `btcorearealayout` VALUES (429496757,1),(1240945394,2),(2782761261,4),(4001543986,6),(4294967295,7),(1670442128,602),(3572047260,620),(3572047261,753),(26,898),(3572047264,2407),(21,28030217),(2348613451,55668444),(4001543991,181296645),(429496756,215810178),(3572047263,297773045),(1919116723,444087615),(2782761260,513583223),(429496752,521472517),(1240945395,549147944),(3572047265,573883787),(4001543990,692752844),(1240945396,720733692),(24,737837175),(2348613452,811505584),(1919116722,813565837),(429496753,907084311),(4001543988,985747451),(27,1116597123),(25,1230368391),(4001543989,1285831231),(23,1438190910),(4001543987,1481133155),(3212257991,1516203176),(2348613453,1529092813),(28,1565293377),(1240945397,1675368232),(1670442125,1682289484),(1670442127,1721840697),(1670442124,1772598149),(429496758,1852296824),(3572047266,1899818245),(3212257990,1912307477),(1670442126,1927953391),(429496755,2006564923),(22,2014388268),(4001543992,2017687475),(1919116721,2024921043),(429496754,2037991232),(3572047262,2114483474),(3572047267,2145679212);
/*!40000 ALTER TABLE `btcorearealayout` ENABLE KEYS */;
UNLOCK TABLES;

--
-- Dumping data for table `btcoreconversation`
--

LOCK TABLES `btcoreconversation` WRITE;
/*!40000 ALTER TABLE `btcoreconversation` DISABLE KEYS */;
INSERT INTO `btcoreconversation` VALUES (289828445,5601,-1199404015,1,22086,'Q7CFS674ZLVZZIKBWBXX80AVENBMDA5D101NX6','8214UY6MKQ3482E81X66CION',0,0,0,0,-1006404737,'28O3P4WYY80R4AF796RP1R','J1NQ1104VES0F393IHM2I9M77KD614I9KQ783QPAR323T4K50','4MJ245BEKC9248RY7F7OYP24R33ZQ','5631V69FG211M0A2LN67Z2DR68H616'),(289828446,1859643152,-734901856,1,862,'P3KD028CRNQ1BM0SC19W','5FB6DGXA95J60173T1ZZN1M',1,0,1,0,-352105636,'67B628S','H6KD604B659OY950159IBV245IYLG3W44BDK17KH2480663892O7BXWDVC14P568G255PT4DA41196DFSG4134X3OOG4AL246YZ39O01T2QD991',NULL,NULL),(289828447,NULL,-1502714713,1,34399,'','F09',1,1,1,1,NULL,'','1Y930134','AQC50Z3S0Q5904380FY48A7V987','J5QY48Y7V38B68996LD4R88I38B8Y3HSR087494Q0'),(289828448,1356236383,-1475358960,1,14391,'9PJ51CEZU4V2M8NK9VDUKNL212','J1V405',1,0,1,1,-259130688,'243O41296D63TRJG885AE036J2M73R9W54567JA81UK0T0','','K80UV102408JY95C01ZMK3Y9V9E6E47SDC2792E8HM2S9400','UW87DTPE2'),(719325175,1526149444,-1214386762,1,38727,'9H','1H334K1V6QQ7G6NW0Y868T83',0,0,1,1,-464172199,'6E163AZN26V','',NULL,'74JWHAT2E1N6N55K1M9U'),(719325176,1331230709,-701207761,1,2847,'Q86SG','096V2TBL3F729L7TQ7PUE25496O5V',0,1,0,1,-1156560108,'0D6D70UV633JXE8DN5P2IW32N3IHA6SD418C','F87I2HUOO0T971457WK3QNXEDG5Z7V0','N','1K2FHO2AF18W6628A4358UE8SWMAB4I385VY40FC8460T24X6WQ9JW925754JDC5TG887FWLU0'),(719325177,862,-1863173047,0,44236,'2DS88','2',0,1,0,0,-801462903,'16672496977J48K4ZK7L9TT3AM3J5MDDFBH38784N5JD5X9F80V0WWXJ1R2378S3697E8B13X70U5QXLI78S7887JGY9JWLAVJO09B748HH2JFX25EC9PKBQ2','55LA7BF62GG',NULL,'4'),(719325178,NULL,-744497522,1,16055,'','OALVRN2A5S48CI76EM0K67OVPG4O035XH02KLS1VQU64JDDZE3AWGVE8J',1,1,1,0,-1565044946,'QA755L86L0','587Y158ZM31UBEZL2Y4799650AJ0B454N06587QF5M58935QPJ6CR5NCL81NV5P342B4G95VEV5B20T3M1SH6P26J2S5382AW243I1P75K6U8295',NULL,'F3VE2WAY26SN176'),(887052184,NULL,-9,1,7,'','Y9VNZL1JN0T1S07U52B3269EY2AOKZ6437VPFL39H523NS',0,1,0,1,-143959657,'825T186Z5','42FMO61G2','',NULL),(887052185,1227379726,-480,1,14849,'T3FJMGA0GECICE','30MM074PO3I6638E851AOHII0K0O7U8DB8C5RK3939929U474485C00821F9W0D781621',0,0,1,1,-1419360090,'QWS0J2G4Q4V3P9R9GHS','04F9YT4307235TDG3Z66','TE','UM22G'),(887052186,NULL,-677604541,1,27155,'','U1',0,0,1,1,-1476806629,'9DSU020M819H569MJ20AW56PSN251PA0008J9YD2J4UAG4L1','HLVG5H5I17A2R3',NULL,'F6B40H97IJ5KSB44K8V447'),(887052187,450186377,NULL,1,48771,'K3','',0,0,1,1,-63850693,'20','','O84DU',''),(887052188,1489739868,-599,0,13478,'0C26PF8D52NV9','2642H476I54P2YVXC095A6194O80PHA',0,0,0,0,-44354937,'8M','','',NULL),(887052189,1281986221,-749114661,1,62285,'W80T46P3K8F1Q8A859','6M3RAL9567601LHB6L6J5OH4634B5R8K3447V2A0',1,1,0,0,-229,'L20H10N282FGG881722II673N635B3FX352K313955X1N163FZMSB011AW3W59OZDO059555F191D03T3585UL76LWOF39S93A506W36G9U5WPLW15JD90344S767GMI4D1387GAQWUF785VCC5O2F8J03UL879U8G470X0IB44KCJ3U90Y350U0','4Z6P09SAJLID8JFZJ4L8','',NULL),(1316548915,1786861126,-613611178,0,63477,'HG8TY8CM242AH2O4R0Y9850N55Z3VE5SN77893FWKVE0IIWV4FE94YCHI65DA6Y','ZK9VG95R31PZ',0,1,1,0,-1824409454,'74H6QJ6O2M42344H792CRJ6RJX46591035475Z2L5KA2JC34N3P9G5DF1342WE1X97EB3Y3M842YW9519U2XK6G54LK1V623Y6JZNO','37W27050XA81YZK9NZO61K34MS8TWBT9AQ678RX75682J8242S5E1M3H90LZ5T329X9QG16E6598P57HFK48A3D31784F3D2F76Z8MZW8CQZW5V1286DB62Y4826N59M78E','KWV9267NVV1EGE61663IGK7QZI67OHC87V00K4EYX1N5H9CXW4C9ERF','TJ3089IF781V'),(1316548916,690445146,-1961476353,1,209,'OTFU311310E230','4KKTWS247Q26352X5QH6X39113QBIP8A05XGW97UYER3S61QKX184524L4T6041QJK2CFO9I42EGLG1L2DT71V7G731HB5P93918WPL2ZU1C6H53VP3W2QDSHI772ZREGMS8QN586JMIP74B67FJU6Y4M964W200F5P4457DS',0,0,1,0,86,'44LF21Q22RD6JJI2D','Y1ZLIK7S14YRC15RQ47429196717604Z03VTB5FI6CS2O1NBAKC623VG3Y28F78H467B3ZBECE7488Q94HFL88GBFCA','JU333UTFKB1','KVF9O5R9K87N'),(1316548917,767776877,-8,1,41052,'0F0R192UPK6NDWYNW1CE838H5','8FK286L9NZ5QH0',1,1,0,0,-318034597,'5W5EN34D974T23971YWJ9KC39ER002V08AW3T','Q79Q6G067X56ZQ875B21E85','',''),(1316548918,880896531,-1080837683,1,67,'956','64PDO267VJ31A7VL7VM98M45MEX4',0,0,1,0,-406824345,'T59A6','17D7B8X8CS9RDEC0PN885NJ3FQ74RQ1EKJJKUP3AMNO79U790514I8L922PDHFV49J23UDW4N','07Y6EX8A8E6Q4K','FE5B16ZL6Y500IRD2994I6VW3G3727BG9C202972I07P1ERX7487'),(1316548919,531,-1267667590,0,32894,'61C1E36C30484FRG446N','0NJMZ',1,1,0,1,-124120211,'2UOTGH96AUSMI6GAF1JC','KL6S9','45M5D1C7G86NOIQLIN06E37DM2I6419M54','47EFE5ABB7XJAJ5S2C7C6L6W5Z1OJ5'),(1316548920,986,-807379888,0,18639,'E043LPUK835','8I8P2S29138GB8V679',0,1,0,0,-1046264446,'Q7VEZFQ3YF9Q4NV6W5YG1M','F1JS6B1W2V62616UX6R0LF','96AG27I550','MIXIU3S68C0X02X8B5F69D85YW4ZB718M688Z6WERQKE7HF2CNLO1D164JFJ87O9'),(1895833086,NULL,-755158305,1,25205,'','GH0XMY6565690R',1,0,1,1,-299852468,'4848R6Z8GUC502C7B08','VW446Y0JL2962MOO73934GICS8PI0M37S1','86Y662KY5091A6845DH0F3F7Y0',NULL),(2325329816,NULL,-31,1,24563,'','GQ5',1,0,0,0,NULL,'','U8E5050R71R','6','A2BG374065YHNU3665NQA2H65A84692Q6153O7P88I30415L8QYSOTG2IIK5Z25RL091OY767MP1'),(2325329817,2092643494,-1439964513,1,65221,'I8C7D8A6A4CN1L0110626IO3JDN89R3LL92QR71JX2CX5W198','31VN0Q10K',0,0,1,0,552,'20B31451QD9','886080Y5OYGP8533XXD3L64347GGMZ277T57C327K3D720W328OQ372NYM67RG9URG0K1WF78B42DS75BYN6',NULL,''),(2863571332,774281031,99,0,38941,'KG15R413610E8LYH3FUF79UU2FKITD39CU9FNM76J1C20LS0PC5N385PPD9RZ147N6UO2QH0262TAT50J48U45GGT1G0','B829',1,0,1,1,-1031370754,'41N0Z49','MCY0OLUO804Z','CLEPU636O9YA',NULL),(2863571333,NULL,-39,0,27901,'','13O1E7II29S61V5JCS5OHZN1HS838818LAQMI56B81LGGQ206QU7S5YA61V5K7W3WL77MX62I4P27RC4H7H5005H6ZYXZYA7Z66Q657S7I8K6M4F931K050Y10921',0,0,0,0,-696272920,'7R1ZQ7X1BHW97W4LS5BBFD45701','60Q307MIK','6LO73N216691KIGGGZH76Y55T1QW1IWKO43I61C','53U2M59NH8590'),(2863571334,952787573,-1055793160,1,8519,'C5V476Z9XMNYQ63','1SU11EGJ07K14BU62B808M84PEI80HZ2T2V5A46A7NGY8688E67428AJE5B1CM8YX900W4596',0,1,1,0,-1267396670,'79566Q5','','DZY4J9342UH38XUWYOY49WFWG4944',''),(2863571335,1670391916,-1430341880,1,16729,'5761H17C2Z0V9CY4H6A610974V00C24','007',1,0,0,1,-5,'40YBAJMDA427V901','E2066DB9000BQN9F3F5S05H613WFALB3408B7FOQ9XV','F7BA77Z64IB1C0V','6S25KX9N6D4J8YP7DFYROHMN6I4IGE8981R32U6'),(2863571336,1168831309,-21,0,9590,'G8VC2U7ZU7','7HN6YLW38Y9108AM22OND99GG47',0,0,0,0,-1747473190,'56D4','F5Y19L4H7PQ3611OH658Z8264LV2K4WOZ4R0HAS47D0SC3CI64IZ658J0SJZI','6',NULL),(3293068062,1704601721,-7377,0,12612,'JIMLHTQRP378GF76Z','9T4V4W92910PYE697UUGZ398MQ45YR9Q9UNO2FI7875RS3LL97HM4IMJ3G0NGJG7J49K47',0,1,1,0,-1424662674,'T56V6133QFS0O9MRDV6XM4Q5I9095KST1H7GDC63811R2EA25VS9OYYNFE55U297E0HC0V749196R3N023YBG07GO4V4HA868Z3BH6R91','NIMAW1D0SX0ES4QS','57XUVX4P9','9M9L45247632TPD3S974GQU47K33DNOU1Y64136TD164'),(3293068063,NULL,NULL,1,23386,'','',0,1,1,0,-564250249,'LLLBIRNK32K145345','04GP76971NL7DHICNOVDK9N6XWH61M0047H2V0K5I784O326J2XEW3ZZM76E151','','820G16JLDYND4B12QH023Z1J85172QN0N84GX2I44L747L91GQ4V58TQA1H6D7CTFQO1T'),(3293068064,217856513,-192620194,0,19593,'QOM69876KJD7VW0M3R3FY542N9F4463826CJ','FWXT43FS2F',0,0,1,1,8,'KUT72O88837T52RGEZK25','AL345H14HZJD04T346F31IO8ZT2LX1X284Q823O7AH8W7664',NULL,'Y1055354G45YI'),(3293068065,291159683,-1456633796,0,42990,'4336EA1K6','08HN0608',1,0,1,0,-362469409,'0N8K1T4113MYBO2HP3SM5Q1JT057R1R3C3F97770','2L720BTE46WH1Z9RMQ','','2916AP9ZZQH53B3C99MI3Q3S5XAB7H8S876CWR4E7'),(3293068066,1141997694,-388913417,1,53304,'N1E61IOB56082M27704S1M1','QB2Q0Q2FNL3KOAPRGKM23LY9U1TY03I26544817SNN8',0,0,0,0,-1448832512,'LNL','BKHJ11CC500RE5P4407ZN43KV1U',NULL,'J7Q3N26GL630410Q'),(3293068067,31,-1698579454,0,6862,'1QO73','0842B6H',1,1,1,1,-290258146,'DH1Z8N3Z01TKD6ZCVON3097POK','NHR8A4YH5PZ7','3PAZ06JIP5G53','13057Z1O142QGH1B2I907511F562X6W'),(3663567341,1025226687,-7,0,10361,'XV8YB5AUACQP7B9U0O4W5P66QWC96B94','8E22WF96ON722D634010D258B1Q081S7SVN2P4U6LRKW715O31P546AV0DU62M52DDJ5RQOA',0,1,1,0,-3,'R0D0L9V01Q','7PKA311UR5O','K65',''),(3663567342,7,8,1,9067,'U0PEM2180ZI0K70GCO80X8J90H037SRRDV59504S9X2','6SAQ4140XOPE',0,1,0,1,-360,'10YOSF6NM7HK7711VOYU15HR2P979VZ2RY4996G075A58Q0GYF13GU64T1G9H1514Y1S3ZN145SCINOC','','4AOE4H10S8755VRT80Z702PL4MTF27894I62DKJBJA261L2MJ2MA65PN0KN3YF0ORZ2EK73',''),(3663567343,9067,NULL,1,21518,'T12L8SR3I3G79907FX080535MGO5VHN3TY28C68H03VWZXF4CA878Y6Y05B9OX5','',0,0,1,1,-1670993949,'GDV7Y524XBB2JSP9NMQN9F438155U5YL09','201',NULL,'2NZ1EJ7IUL97ISP3K0'),(3663567344,1644301087,-241004096,1,531,'A20C7JK9Y0KO7N6782AV51A530KO226I9G82EOFJBFS','MHS2LOP',1,0,1,0,-6,'315FTG2NYK','12YC',NULL,'FB403U26VJ608527EQ69DC2'),(3663567345,1515220221,-2088239111,1,986,'70U6M1EZ3YD','B1U5N1J5EO5Z6B3583303O30',0,1,0,1,-650725025,'7J5LZH6ECYZ70Y0S1882628T8KAR3DIKGW98MLE18805Z62P863C6765083TE11WVN788N72ZYLG','B44Z9039SBW59GG7S38E3T88Z7X2BZ7832R6A0I60VOZ8H0Q6ITWTC2N5GKA0','','62SJYE6JA434783H99T309D1PY3A8K444H28WB9FZW0S9I13602Q9'),(3663567346,483503308,-758217192,0,31,'E71XO63DLKO2','V66Z336M6QOE2USO0P71ED1R5E5LIAMO34O2BMLH',1,1,1,0,-943937671,'1','83915LIZ8W72512VF','YW4O7L03',NULL),(3663567347,429334855,-80,1,14255,'81','42E6E030P2E',0,0,1,0,-1132405547,'O9R4W8NC9Z23B204Z1LW04QUQ09L5F0894','L8TD09W','14U76RUHA8Z2MXK2WA815Q3Z94P943K',NULL),(4093064066,NULL,-152698718,0,47039,'','5D6S2ZNX8IA28304W',1,0,1,0,5174,'TDFAKV','O9I755LY48660N5XCS5B038A5A0A2R0L9O71MJ4QA0IMYX153XU4BDMB06306','G83WU1CB9R7ZH7KB04D41IR4',NULL),(4093064067,NULL,-1540196279,0,5601,'','4RB7',0,0,1,1,-1530455724,'698F089T','1X76EMP0M5FPI023HTG94IMTGPWE9456A7B6F0D9PDX457H5','DFZ052GV9NOJ194U1HL7KODXJYIW425TV28XZP47JYT22L0Z3RFMJ9W0','3183KQTO5'),(4093064068,999135261,-609727600,1,64837,'V0V65VP7KKX57L47TL0X','956ET0S7K26DPJ831E2FM',0,0,1,0,3,'5H89H118SU80QFWVK3997NST2SUD','O945384PY2PAO74G32T28LI6P8','T29449S4TW34N4NP',''),(4093064069,NULL,-906223012,1,22637,'','EO7P9U95V57Q5GK0B8MH1I3S73I95U90K9OB53F8',0,1,0,0,-3614,'S29E25TJJZO7SXC4Q6EY5VP06B3PI13XKHNWE31F025H673G8Z5OJ','JDXP6BZ73','6944X2M6P1918','L3358DJ836'),(4093064070,209,-18,1,36525,'G2027823J15H68L7A871OL','BZ4RCM947506WX43P3G2',0,0,0,1,-1842222416,'2YGTBUB41Y0N4XHH018Q77176F1DR0R40','','',NULL),(4093064071,881287155,-1339124451,0,10348,'G86QI2KV4WP4DTN00ZSCJ9D802D7R2I37IX76GPB8','O3',0,1,1,0,-1902682105,'58RHFW2','Z6',NULL,'88PX'),(4093064072,67,-418466472,0,39655,'A','IGPX2OHWX6R8I66I5PC7U7SGH6',0,1,1,0,49,'FQBI76EG9','4143SH9SH9Q1OT9I0FNHZ7VQE27T5Q7IP2MC1938X189554577O8SA3GMC8IOEDIE2F352082U1428S661AV9K7WI88U8Y0MAST7765Q288U5NHTZB1E1E12M89NQGZ68Q4O5AZ81A28NH0N9P51Y7BAA19F4255WJ07X0LP97S52XNF7230C48582YJQ1','H5',NULL),(4093064073,546916559,-5,0,5,'98R730P50T00V4QG28','QL054KSQ53TZW2',0,0,0,1,223,'J0WI32V8JM0IUU77F5A8C24E2EO5N3W8305FJLKC70BL','R0700T383',NULL,''),(4294967295,49413445,-627937337,0,59152,'037Y','72F8N',0,1,0,1,-902408601,'W4CI800U5C974510U5B8','N92MSR38YV4244PM7N0VP5U6627Z05CO6953734WXVWQNSB20U9IOY','T4ZZMF9XQ4A','87G5Z4');
/*!40000 ALTER TABLE `btcoreconversation` ENABLE KEYS */;
UNLOCK TABLES;

--
-- Dumping data for table `btcorepagetypecomposercontroloutput`
--

LOCK TABLES `btcorepagetypecomposercontroloutput` WRITE;
/*!40000 ALTER TABLE `btcorepagetypecomposercontroloutput` DISABLE KEYS */;
INSERT INTO `btcorepagetypecomposercontroloutput` VALUES (19219639,1),(3250395860,2),(3883562055,3),(2321890593,5),(448716370,8),(19219636,27),(2820899130,37),(1892393863,46),(1237130024,54),(1237130023,381),(3883562058,383),(3454065331,396),(1892393862,653),(19219635,886),(448716368,1729),(3883562054,1831),(2321890592,3572),(1237130022,5447),(448716367,8136),(3250395861,22649655),(2321890594,94451134),(3883562056,298419414),(3454065330,391460361),(1892393861,435382461),(3883562057,437633215),(3454065328,502395022),(19219638,529520322),(2321890591,543068668),(448716369,776421471),(2820899131,829609979),(448716366,941424825),(3250395863,971438592),(2820899132,1016242773),(3250395864,1084820402),(1666626753,1088007624),(3454065327,1139416970),(3250395865,1188191356),(4294967295,1202910640),(1892393865,1257428972),(19219637,1382055828),(3454065329,1445954429),(2820899133,1449724245),(3250395862,1653449397),(2820899134,1732847106),(3454065332,1839084716),(1666626754,1864360786),(2321890595,1898194923),(1666626755,1914681951),(3883562053,1990793786),(1892393864,2116063367);
/*!40000 ALTER TABLE `btcorepagetypecomposercontroloutput` ENABLE KEYS */;
UNLOCK TABLES;

--
-- Dumping data for table `btcorescrapbookdisplay`
--

LOCK TABLES `btcorescrapbookdisplay` WRITE;
/*!40000 ALTER TABLE `btcorescrapbookdisplay` DISABLE KEYS */;
INSERT INTO `btcorescrapbookdisplay` VALUES (2463909775,2),(788010209,3),(3093006697,4),(358513479,5),(2663509966,12),(3093006698,16),(2463909772,28),(3813716602,67),(358513482,190),(2663509968,378),(2034413044,517),(1210656894,618),(2463909773,881),(4243213329,2607),(1640153622,4929),(788010213,6517),(4243213330,6518),(2663509963,8483),(4243213328,41167546),(4243213327,153770737),(3093006695,241697769),(2034413041,288178275),(2663509962,396950998),(1210656893,399763043),(2663509967,410443847),(2034413040,861019523),(2463909774,884336272),(2663509965,964600476),(4294967295,1161316286),(788010210,1162497779),(1210656892,1170652858),(3813716605,1190735726),(3813716603,1205837991),(788010211,1225270408),(358513480,1315967228),(1640153623,1364406023),(2034413043,1446279589),(2663509964,1473006087),(2034413042,1583460238),(3813716604,1657515725),(3093006694,1665163123),(1640153624,1703465904),(1210656891,1761359728),(788010212,1792516207),(1640153625,1822691619),(3093006696,1837841567),(358513481,1937012666),(2463909771,1998735217),(3093006693,2009777379),(4243213331,2117554696);
/*!40000 ALTER TABLE `btcorescrapbookdisplay` ENABLE KEYS */;
UNLOCK TABLES;

--
-- Dumping data for table `btcorestackdisplay`
--

LOCK TABLES `btcorestackdisplay` WRITE;
/*!40000 ALTER TABLE `btcorestackdisplay` DISABLE KEYS */;
INSERT INTO `btcorestackdisplay` VALUES (1746935499,3),(4173400638,7),(2935617031,8),(2935617033,30),(4173400636,38),(2176432227,39),(4294967295,43),(697807267,59),(2176432226,65),(697807268,96),(2935617030,183),(3365113761,196),(3743903912,328),(1184183818,384),(2176432230,428),(268310539,515),(1613680548,619),(1613680547,993),(2935617032,3832),(1746935498,5352),(3365113762,8214),(3365113764,22212514),(3743903917,64492294),(3743903913,98261061),(1746935496,101093471),(3743903914,214548998),(2935617034,286232415),(3743903911,362475387),(268310540,411073281),(4173400637,419273440),(4173400639,544598123),(268310537,602591471),(2176432229,717176373),(268310538,741297884),(1746935495,815381503),(3743903915,887166712),(1184183817,1030835800),(1746935497,1034459793),(4173400640,1045266475),(1184183816,1124885921),(2176432225,1216084083),(697807270,1344657320),(3365113763,1463615449),(1613680546,1500102444),(697807269,1538737648),(3743903916,1671364722),(2176432228,1689963618),(4173400641,1856307709),(4173400642,2003814559),(1184183815,2144846416);
/*!40000 ALTER TABLE `btcorestackdisplay` ENABLE KEYS */;
UNLOCK TABLES;

--
-- Dumping data for table `btdatenavigation`
--

LOCK TABLES `btdatenavigation` WRITE;
/*!40000 ALTER TABLE `btdatenavigation` DISABLE KEYS */;
INSERT INTO `btdatenavigation` VALUES (2564,'GP2663TGZD828070R9LX27S3Z4BOZTE2MJ86X433N5056C2UO6AKDS4592770R1DNWHV4L8SG707H6SN3W7625X',1,1,1550336816,784078166,48688),(2565,'52CD8',0,0,531,8368,82),(2566,'LA',1,0,1213465094,1077071712,2680),(2567,'17F8G9U56I74I8UF1T3XJ3I354E3G80MNH71ED5K8536Z3NYL197FQ17V0A0RW18HI2',1,0,2007100488,23,43),(429499295,'67E06301E6X4',1,0,453,4586,9686),(429499296,'T554A08728VW0213WE2GM4BIJ1QC4D',0,1,938,1134485401,20345),(429499297,'ETBJLKO077657A6J52I0FB6Y2807G4LP516H8043UL3C098E8P26H6P5N76HP48NW6NN08GQD6PVAF44F156',1,1,346574836,324047964,48413),(429499298,'J0PV0G4Y9794D6Q7X',0,1,81,1960296388,823),(950282840,'FEPX9ZJ1Z4WC732C4ODV5',0,1,2021971599,1093835778,19626),(950282841,'FZ7F8Z1T586184NCO9P3183',0,0,474291176,721120879,53866),(950282842,'YQU0B21HH12MP38J8QUD9G2NMDQ02A9R29CDLKIJKE39QHC3815E',0,1,1052,4379,1534),(950282843,'ZR5M4HS',0,1,219993182,1013,22365),(950282844,'OT0FEHIK',1,1,451853124,654490409,2146),(950282845,'8X77CCTOV4I60K61W09519U1TE1W333J1KH0A5H971M61H4ED1YV983X48BJ7DWC',1,1,518674003,489,60133),(1379779571,'F0PLKKW53D1YS1IPEYC0AZQR39512E53ZN28S1LX09QZBBS1J8',1,1,972845554,1703465306,56553),(1379779572,'S7PWW0VOV8434K94867EKT3ICQ8VCR12ETVO',1,1,501480547,38,52331),(1379779573,'96UI2ON874F313J7F51',1,0,1788447578,511,1882),(1379779574,'9X1',1,0,2091,1010286857,1161),(1379779575,'',NULL,0,1819953610,48,NULL),(2042138428,'ILAD5OI8F85WE20VP892A9N6520UC',0,1,947586671,1811141313,22623),(2042138429,'8413T00N907642296SVBULOIKBYMF0F126FE9EZNZXI4DR00CP400MT23MF048AQFXZX47UV5S02FL6410M355GM104066585022F1V7OG04BZ9X9398C90Y29ANNMW8',0,0,58341147,5808,57670),(2042138430,'QUB',1,NULL,770374707,48,14179),(2042138431,'NN13T508W098N610E1668JL3',1,NULL,22,980149532,15877),(2042138432,'M383',0,1,7647,1090419898,30506),(2042138433,'S90O4070D2L1K5WEU0N1P',1,0,1178355435,45,36979),(2042138434,'O7Z43I4V499LAC7G27MIO577DDS29OJC3PIAAKM6F69184I9M2979O763XTHX2XI5FGUA4SB609N',1,0,2129747522,9,31003),(2042138435,'9DOI132X04985T6N7',1,NULL,318,8,112),(2471635159,'',NULL,0,1963630452,1993980501,NULL),(2471635160,'',NULL,1,1887219098,5756,NULL),(2471635161,'92B1X5DZ986L5BV2IG2O21S0AVYK0644Q4Z',1,0,249127757,399,14195),(2471635162,'',NULL,0,5221,771294006,NULL),(2471635163,'RF8BZ6FOCN6NP9P1P5G5Y0L2AZRM4D2G0QFD',1,0,6333,110414510,7442),(2471635164,'95Y7BD2Q1T',0,0,1484718264,498565814,40464),(2471635165,'JF6C8Y',1,0,679,1806820413,32565),(2993879575,'8HBVW39M5L0VE9Q2A22VAJZZ9OT0C',0,1,744581964,1714140207,2564),(2993879576,'981N23HT',0,1,1084531750,1865826041,6734),(2993879577,'48',0,1,909575510,166,49),(3423376306,'6BU491NG3IJR405TCE9Y5K38H2E5Q6P317XVZX1H8',1,1,2025194803,1554282660,7956),(3423376307,'6BGLQ22Y3MX753BO85056Z10N14',1,0,737289985,23693272,897),(3423376308,'BC40H0I1S049LF22PO02P5FMROMD3N9HA2F3K4M9IFG13Y3OYM78IJEVB1OH9P62N36339IPLS6684L8R6MW8B6VE4YW265NTU536SEE8WDK9U2XKG87PUJ9XO8T529456OY',1,1,1922940489,1378102841,24650),(3471938032,'404',1,1,2039563617,712,12480),(3471938033,'',NULL,0,44,659989896,NULL),(3471938034,'752MC',1,1,2052716124,62,30352),(3471938035,'5TY03N8D6VV5P483433IL668IG21510P7',0,1,60,1757450796,16364),(3901434757,'',NULL,1,134397553,192530765,NULL),(3901434758,'5693Z7809T2H4D3YX18Y9H',0,1,364879689,789,16421),(3901434759,'V2CY888I0O4NNZLSHJ19KU9Z7AE24X4H',1,1,764237533,610542277,11148),(3901434760,'4FO68K097',0,1,318521583,6571,11259),(3901434761,'81I9QSB268BG492MGBK5O1318AI',1,1,851,1000809495,36330),(4294967295,'Y0FLX5ER13599I90F7YG2G7PL9L6K6GAPX6TS4U49P3JM3PQ5XTCD3PY2N574017Z4P8PZ0M444YF433V',1,NULL,1055977406,1493477618,112);
/*!40000 ALTER TABLE `btdatenavigation` ENABLE KEYS */;
UNLOCK TABLES;

--
-- Dumping data for table `btdesktopdraftlist`
--

LOCK TABLES `btdesktopdraftlist` WRITE;
/*!40000 ALTER TABLE `btdesktopdraftlist` DISABLE KEYS */;
INSERT INTO `btdesktopdraftlist` VALUES (257551390,-373),(257551391,-1177942750),(257551392,-28391386),(257551393,-1110143024),(257551394,-1103988688),(687048121,-309093042),(687048122,-2020139003),(687048123,NULL),(687048124,-1317772624),(687048125,-1118213925),(1118001714,-1896819671),(1118001715,-5721),(1118001716,94),(1118001717,26),(1118001718,3),(1118001719,-1019834181),(1547498444,-1611268845),(1547498445,-220994119),(1547498446,-1441832767),(1547498447,-1453278442),(1547498448,-1360306466),(1547498449,-420596962),(2101983875,9),(2101983876,-1655162777),(2101983877,7039),(2101983878,-1366030404),(2101983879,-2129607882),(2531480606,42),(2531480607,0),(2531480608,-1394421789),(2531480609,NULL),(2971639635,-187559917),(2971639636,-357892683),(2971639637,-848007774),(2971639638,-329507959),(3401136365,-2002425722),(3401136366,-2113368325),(3401136367,-949),(3401136368,-1819482796),(3401136369,-1919964132),(3784055816,-203889035),(3784055817,-293252317),(3784055818,-4136),(3784055819,-1957434724),(4213552541,-24),(4213552542,-2044247272),(4213552543,-2025950523),(4213552544,-960189404),(4213552545,-1220875542),(4294967295,-1064113131);
/*!40000 ALTER TABLE `btdesktopdraftlist` ENABLE KEYS */;
UNLOCK TABLES;

--
-- Dumping data for table `btdesktopnewsflowlatest`
--

LOCK TABLES `btdesktopnewsflowlatest` WRITE;
/*!40000 ALTER TABLE `btdesktopnewsflowlatest` DISABLE KEYS */;
INSERT INTO `btdesktopnewsflowlatest` VALUES (752,'K'),(753,'6'),(754,'8'),(429497483,'M'),(429497484,'V'),(429497485,'H'),(1174019708,'K'),(1174019709,'1'),(1174019710,'4'),(1174019711,'5'),(1174019712,'E'),(1174019713,'Z'),(1603516438,'5'),(1603516439,'P'),(1603516440,'V'),(1603516441,''),(1603516442,'6'),(1603516443,''),(2138644470,'V'),(2138644471,''),(2138644472,'Z'),(2138644473,'U'),(2138644474,'9'),(2138644475,'1'),(2568141200,'8'),(2568141201,'U'),(2568141202,''),(2568141203,'M'),(2568141204,'K'),(2568141205,'7'),(2568141206,'9'),(2747415566,'2'),(2747415567,'2'),(2747415568,'2'),(3176912296,'4'),(3176912297,'1'),(3176912298,'S'),(3176912299,'7'),(3504696878,'E'),(3504696879,'1'),(3504696880,'7'),(3504696881,'O'),(3504696882,'K'),(3504696883,'N'),(3934193604,'K'),(3934193605,'0'),(3934193606,'2'),(3934193607,''),(3934193608,''),(4294967295,'Z');
/*!40000 ALTER TABLE `btdesktopnewsflowlatest` ENABLE KEYS */;
UNLOCK TABLES;

--
-- Dumping data for table `btdesktopsiteactivity`
--

LOCK TABLES `btdesktopsiteactivity` WRITE;
/*!40000 ALTER TABLE `btdesktopsiteactivity` DISABLE KEYS */;
INSERT INTO `btdesktopsiteactivity` VALUES (6,'H4A083956EF9'),(7,''),(8,'650F26MDS9077J'),(9,NULL),(429496737,''),(429496738,NULL),(429496739,'UXE'),(429496740,NULL),(1122579838,NULL),(1122579839,NULL),(1122579840,'SE'),(1122579841,'62KLN56'),(1122579842,'419PXZ4H87JA2FC983Q4680MQ5SPIB60CYY9HY'),(1122579843,'E42Z7716KD6S24K9RHSZGPNP76CDGE'),(1122579844,'26L9Y61U4RB7AX976KU8H13BWXPWJ3N450NV1R7KM4WP7711PAAN7E9B36J0X80G7LP5ES8O7K57AXF42T9N54C3GZZ957LJDE4924G10YD7AJ1178HX4BWL8YT7T0KG627BFTP1HVJ'),(1122579845,'7NAX8X3JCCP99M7M5260R'),(1552076569,'JZ28377N8Y0D47FM1O9I9T50E2X3D78J'),(1552076570,'KBH9320D4DQ'),(1552076571,''),(1552076572,'QJ62Q9340FH713XI2M'),(1552076573,'2OJ'),(1552076574,NULL),(1552076575,NULL),(1552076576,'383'),(1840648119,''),(1840648120,'8U09'),(1840648121,'2U82CE091QQUBV226632M850074YBWF40D5B04'),(1840648122,'6708S78NK1U11'),(2270144849,''),(2270144850,NULL),(2270144851,''),(2270144852,NULL),(2793174029,'813LY1X0XME770226D530642GA4O8M08Y35XW0873Y96GLO4A47OD1464NU269US5A2VH54CMIZTS8P3107OT4M1M822G'),(2793174030,'46ET4223X5'),(2793174031,'52OV9WHUEA091VP'),(3222670760,'C95R0O10ZS7'),(3222670761,'ET977B74QG7070064REVA43P07V8L985IN6JVLRU636349X76K814HM9SBTGQ54ITX980DCP29J7F3NDI1P3TT4WY8BL25C582O378DWBV39ISTCI1LX18A7M'),(3222670762,'CC99E'),(3835001129,'1UM81JLF9H2UL2LJGH9BM75416Z3M621N97D'),(3835001130,'3281YA3O6V9L6U'),(3835001131,'1037'),(3835001132,'04S2S349V7IL7149UT'),(3835001133,''),(3835001134,NULL),(4264497855,NULL),(4264497856,NULL),(4264497857,'QPV'),(4264497858,''),(4264497859,''),(4294967295,NULL);
/*!40000 ALTER TABLE `btdesktopsiteactivity` ENABLE KEYS */;
UNLOCK TABLES;

--
-- Dumping data for table `btdocumentlibrary`
--

LOCK TABLES `btdocumentlibrary` WRITE;
/*!40000 ALTER TABLE `btdocumentlibrary` DISABLE KEYS */;
INSERT INTO `btdocumentlibrary` VALUES (336995125,'',2014010860,'288',-899731438,'I07X3ECKW54YHAO14S6EU8ZVAAL9AK2','6JYIO75ZY3VEWHN71UVL3BU1O6OEV',NULL,NULL,'R91B3936010FFFHPR9M9OMFX40QGD',-1992695594,1,1247752210,3609,-1051023741,-1817282391,'PR13BGR426003J7','',-741031292,'L','H07WY8','',-440,-1786375510,'','',1,'Z'),(336995126,'2',124,'',-309537341,'45VMK558','YK0FL9',NULL,'16857','Y1JII4F7RVL9XH3',-1690,0,1481059967,-236143728,NULL,-861910055,'332',NULL,2,'86YO31K7H07P','907715O7PGPLUH','2X36',-447142256,-1091794344,NULL,NULL,1,'PJWX65G79'),(336995127,'QUM5LUS4EK3L5Z',364240152,NULL,NULL,'229FAH6W7Q36X7O4W1J332HM59454R030','523NSA8F1N3PYB7036ZKFJ79',NULL,'','6',-165872616,0,33,-20006590,-1741107321,-1200689696,NULL,'YH1KPTKN',-671667695,'EA9','SPFDC','4964',NULL,-189984481,'U0GUS90F12XXQS12QSMYMG','9LYVS1285H2N9FC94240TB0YG9W812Q479X943V41UKN18W',NULL,'BBBS9B39X59QR7Q0X138089Q1F8QD8P0'),(336995128,'A015Z15FW9A2W0R68UFB24SMNU55BI4YDK9XCC9C3G0G',568870256,NULL,368,'6P8HT9B3AN6L93IPX07CF23J1E19C1WYYU0T1FKL8YQ0895199','19LNVV2','18I2F80','37D44VG66','T5D',6518,1,809,-8,-486285553,-1770453542,'','E995',-1547143813,'8E','8D50','939P6TR5W1153LYM7CM323',-6,-178373735,'1527SJF810F3P53SB80212P','',1,'GU3D'),(336995129,'24F22',171444113,'D',-222313016,'492JHF92',NULL,'02TZ0882X3G30H66JQM0KFEBYVIZZ22S512785WKS8KLU9','','3SUBOHI7R285',6,1,1525899982,NULL,-710,-1594846259,'592V687LV9R','',7,'08S2L2XW4','9A9','390NQ3H0X',4,-1668482158,NULL,'N6U370HVI5GSFP81DCK65409QSTHNY5A2LGA1Q6VJ5H663XH32RYI41YZ3GDKCW6CU95',1,'4'),(766491856,'BBOVUE9998X00Y9J7FJC3',1905655578,NULL,-1681838045,NULL,'O0EA33IGA59Q90L2M8PU09XAP84QOS6469NUUO1E3EPIHVT2R','BG4M08VOGQPO8WGACZ22S7U9OY9R0N','3A8X516A9EJ4E738H46AY72DMM8049C39CQ0OVC','2X79Z',-1452949376,0,2074136357,-764,-18495291,-1484229341,NULL,'P6MS',-999865323,'86M0OA7F2M','E','QU9',-1109942849,-408034490,'4WJ17U','O1U0HO5457GEZ7F6169CM6O0X42Z80VTX6T6CI6316X',1,'1N65'),(766491857,'7Y36G52253L277HI4I7J1508AU5X56DE8IV9T1I10KOR40RO0I6KWI2QN93Y86Z779E2FJ37',1019643909,NULL,-79,'','39F54RNA50C7XJFV5H05GKI6UX94I3W4KPUH662C','6F10UIDQIAVC8D2DWOPW3GS8860B60BJ7POJ29L123ASIQF4B46','299W8275067D3NZJMKD6388',NULL,-2018048720,0,3938,-1781824453,11,65,'DP','SS',NULL,'94Z7','C','9U1O3P903KK',-2074124997,8442,'UDXHIEMO647J9Y2MT3ZTP021V8T22Z27YG0Q40QWNB571PN75Y44PAB5OQH56T9033','09H66HQYH3',1,NULL),(766491858,'1O52126WZZ8J3W4UI9XZOW00Q6F756G45RSF',904650796,NULL,330,'8AP39I8S117JPR875IIF40Z7SPN9U1518YM43287P7050F3FF19YWU2068PF4B817Y9N9',NULL,'R33Z','IL36O','D21D2P29AJQ5R8L8M3JAQS9XG4533SNN5165338CM4682X01H3SRF751S7T8I',9,1,31882970,4,-870970293,35,'NC20T94','NM76',-838351758,'SZ8713U4W5C400F','86IEWYZCT9B27W90NBZTWC9','B9KEX9E3',236,-221,'8J7H259D11M8',NULL,1,'17WU12K'),(766491859,'RHQP3G4O6328QZ6F5DZ37I61VN28QUJ8X1230K1NYZK7FLF6SIY126DXWI8Y',2107863673,'',-1728687420,NULL,'P86OZF5N7Y704ARXW9CKNHA2CS146B1QP9WPE4BCX4G09029RE9A1Q7ZN','','0261VMK9AGQ6I576S25E0I0IPQ51DPS8','56I85ZDU2Z058ANTP',NULL,0,1925170632,-7398,71,-1391183944,NULL,'72',-1772934005,'M6','YN','C97M3671K8IG',59,-1018057045,'Z','7721C5LA6632PA0242PBP54DID4FW',1,'ZL6EI9B15TN3Y8W4EJ7U2CN'),(766491860,'9Z92C48YI94GR5Q7ZORJQGKF2X443V4P5MZJ7I8E7RGQ44Q3X30K5N',991117014,'F',-2113977467,'31B7P286YH5YD7801033YPUMN3452WLC2JOFRG72RJVY768A0','LKO58','OWC14NKWU83F22GBRZ64E5496B86K8ZA2AC662T15TM18PW25VI9K37G7K1HU8C326N95E81NVK09P82U591F63SO9','UYP668ZSMS',NULL,-1064528220,0,27,-713,-37589233,-1500409988,'YC','7',NULL,NULL,'','84099M37B9',-1276439159,-1460347556,'UU2765132YE0W06DQIMZ089812W3FP076I6R4GK','5525327P4',1,'412826'),(1078292292,'7SNE83362QMQ10UVU023HF3O685DECYDNUPT0Y1DKMB04K6P89QWHJGVQ13WIC98YW96K01X',1541,'7J',-1110802697,NULL,NULL,'','','',-2126055704,0,1036680951,NULL,-1041511267,-1578755612,'008SRSGTPUS',NULL,-65021309,'2KP9AMIB72','S2V194K4829','266P62PN86J1G',-2,NULL,'33PC52578V10VDV','W75143E24N693L5G4X99',1,NULL),(1078292293,'G1978UT52PF3Y09V91Q',32921647,'4433WR26Y',149,'RATQVF8IS2MQ783462K876WZH59PJS0M24744Q63UDWD8Q08UP8ZWF7192K0RGT',NULL,'MU265L56S22PXXAW489NL2Z3M2ZS2BQ6393G8Y5AC5GKQP7','9K8R563NAK6ICTZ6T7M00WD75JM870966IM9367775D1BQ8B5D9MOGGRF6JEQ','2N08WN65X8M989G09FFW05B40OSN7Q82183',-2116394423,0,1,NULL,-9111,-5,'','40TUV8101R7Z',0,'YZ8B23602F747UB47','','SSTS89W4',-2120975478,-165856729,NULL,'0V3NCK7S5M3U851296KRWTO35271MZ6P98490HCR886S5Q3EFT1Q0KHLLW0',1,'6K6NS5'),(1078292294,'58EP8I7PK8869LNW37279',513459839,'79753E1L',-267088661,NULL,'515784G831LLA69ND5C13A26E5982Y7D99ADU9','','183X6','BIL94DX9Q38M',NULL,1,1880394987,87,-1013582432,-1852901749,'G9766LC5O6S06XT','5',-1053435543,'392UM52','GYHW66EVQ1Y29L','DQY00D29',-2109894426,-11252706,'1X1P',NULL,0,NULL),(1078292295,'J0D4T31KB0PF86M7102',1441404474,'6V84J',-32,NULL,'998399HT82O63KF83EK15C18JN8O96907IOB2076CU4286QA3Y0N03UGR17N9407I','54A413H8D9955Q5HN9M17KFSZ083YY3420P8102O55YQT57407P0IQY69623P4X9MYPD5E0D259C8OU0','7V3',NULL,NULL,1,797,-1628840635,-1425823710,-1808704007,'3861UW45MYD8F7KQJ8IO1P663','0A',-1863929207,NULL,'9Y','U84KCO',-6,-901809864,'KQ63','CCPH',0,''),(1078292296,'O32M711',1444909033,'',-80,NULL,'','842','UPA0DEI6DXE3D9V0I',NULL,NULL,0,6,-388542050,35,-848581775,NULL,'6B',NULL,NULL,NULL,'V190',NULL,-1762108863,'V2Z46JW40Q','',1,''),(1078292297,'XB80MZ',1218495516,'4AH2RV65260IZ5B36740P3',2738,'','3I7L5969TR4N0Q9S8ELEUP67M7JJ','98428FMRG9KA0Z73G1U5','B5C13I9L19594RN',NULL,-120326597,1,9081,-2039530854,-8,-278775363,'','11',-20,NULL,'0I','',-38955261,-7170,'57ED88838X6JY','W2LM572G94582W5PR2',0,'6A5177K116'),(1507789023,'UYT04JC2EUTO062Y18J80A6790X5FJE58X8O299',9883,'T',7150,'J4O867A4P29NRWAU14C','','ZHA3J9BLT6583603G3KHUZCI9R0GVRD68PU0MD313SAP84Q3IL11YVDQQD0L31U6XLZSTTC914XL33OL7','P0038T75PNN2C877I',NULL,-242443205,1,71,-322602851,434,-811479949,'K072Z','L71Y463S461J',-1835079397,'598','9GW','7O',-804698466,-1981801824,NULL,'J589',0,''),(1507789024,'DGUS67KZC1GVB1593521ZGJUVXA2U',94273027,'M2192854QD2F',-99,'7CE9U843V03',NULL,'88915','','1V1YK16V0U69YT1C8Z6OQ8272RHTY24SQ83UD7R7IAM7IR9FS97F7GI1HA050ISB',-2014123538,0,997,48,2544,-350552763,'O7435LBY84K6Z925FTCMG261',NULL,-1534358668,'16','IG','G',-1776720276,-2121891689,NULL,NULL,0,'K8X'),(1507789025,'LBVC93TX3THT6T27VMWY3ZW861NMB',336101096,'U',-825023606,'EQX013C4Z9XPVE7RWLGAUB455W07Q6I59VB5KCI0201B09R16XV603YH','','RT2JA2T031VU','9','QX9389A947634SVB2R52W72G7T2CJ30NVGS9',-1745483640,0,1322460042,-1779418115,-1461751225,5,'','',-700456167,'N5A73995F8AZ0642M99FO63UKC6LIN32','IH2G173','520B32',9812,-1713857200,'','T4Q3',0,'L1V'),(1507789026,'CQ8AC2M001',9,'0AFI5NRC830',-1066934441,'','NUM0','819JDC59ZCVRP6N8849HL15N9XH4SXT0QRD4Y66EKFS20K3GKN8J58UPD2YR9S61FM1G0VIN81USVOTMIG051L4Y4','X518UN3Q0DD68QE89','08Q3AV6WC70NB5Y22S8O7KNDX',0,0,814712351,-4304,-1249493641,-1643269629,'TXM','YJ5B4Q06',-599777784,'6F6SD3KA4O0Q6HCE9YT',NULL,NULL,-745480670,-1312496119,'D4U3AQV7K13DQY225FT6057C5RN2BNEYJW7YE2PPMLE9NZ3X16IO3347R1W2U55I1D2X9U3CP0D832G290457U6','5C1C3HC970X83',0,''),(1507789027,'KQ1L69GZ5H58KLUK37T388',2,'8RGJ32',-59,'3CVQ50HTBJY1WJJFJ5H1K625619V3GICJPU8DF2314OO3XY86','',NULL,'S347C0LK6X14S5I4SXI89098L8S7O7L22','49J19H02ZWVY48014XCF908XPPNXS3NX2OZ67D978U66C1283F7N6P',396,1,1622071711,-1041546764,NULL,-189435884,'J5100FZ2J26HTV9R','44ZT9',-1215920037,NULL,NULL,'4',-1872083230,6060,NULL,'3ZQD1KB98KMFE3095TODT5AW55FK2',1,'J3X6KHPY12032GT'),(1885515900,'111V7Y5D631',425063613,'WIO68Q',-1664286823,'831K0ZVHF5LM0719X99AP65L632A6V1VRN5U69APT9CV3WTZ02V7902W8I9','AW5','CLAQ87J80XO67X7HYWP33F99FR86ZZU7DH0OJ01BHZ6VS2W01SV17W5SU5L269Y52QJT39OZ87I3S50L7223JCWY9KC021E2ID7LGS433465I62N695MKD0452Y92RP2B033Q8N43I5K055363943PF52G1930D8Y24V6Z1702I5U197U53K6XP0198169U71LPZ3','B5F69TLN9ZYOQZ59QT2EO41QL3219B286S57X9S042','20Z165VTY4KZ7024A1T6B1FD391DAL87V08ORKM0',-252,1,483196825,-1452961499,-1489887187,-1431753975,'GYZH38GUW',NULL,-1599379976,'7P8','8F','',6882,-1234357648,NULL,NULL,1,'6S'),(1885515901,'0D6CZGNX8RB5SZ9873QWNCO1W527J5T53L19PFC85S0',5930,'IDOT91',-1001426788,'ZH2NN3OXS53W354HCJE8WDP70863AE6131SB','O4LN2S35CL',NULL,'2G835','',-1398552447,1,1146056860,-1802671626,NULL,-1610061903,'5905K895V72N2750C4X3K9QLLQ020JC',NULL,-593606985,'0K83IZAF21X6',NULL,'Z2Q7SF',-2055035490,NULL,'3ZD5O640ZDWTW59A9RYGAND80B31SJWO87C24EI1258D20OLX137ZQJGK7IT47Y1YL693','',1,''),(1885515902,'248K0M1QU0NU57VQTQD8WT4M',2020781569,'39KV8IN517KRU4215W5SKMQPKM4UNHB8',-2092306463,'576739917','OC0OKR82MKHWC88L','JM297KB3GUT6N7RDJ8IDZA0','6XL','XY8V59J51552',-1761596342,1,55177185,-401757827,-1530044898,977,NULL,'',-1173383104,'XEUPQQ','4J',NULL,-897146624,-894286395,'PFVFU9YQ7Z1IKECD1GB56PL902ULCCR6954VNCB55010GIBEN70323ZI3H7DZ','',0,'7H62'),(1885515903,'Y8HGH973QUEZ93YK2O4V4VIG5MPCB',408409998,'PEIZZ02',-3938,'SER4V8245XDRB11646O15SZQ','',NULL,'',NULL,-1000543663,0,590387820,-1459151292,-94,-1497188176,'D6XV','',-1405342636,'','3MU6','HNVT',-319316630,-1210293328,'VXW4K86N79X95V2HMR4381YGQLP95PNH00R8GPS02TU042J239MA1Y7I0J808K26ED9480L4L1172E13RD4B158617PGRDA5MYWNFHSER145N3Z4Q98X34V3NV80MLAPE1','',0,'L'),(1885515904,'K410D6573O59PRC566KC',23,'1OC99VU0W9293JKB',-20583397,'','5K76DU6CD','M80FGZ380X7I',NULL,NULL,-465080370,1,1826482286,-625337517,-299805230,NULL,'XO41A092LT40QG','436FR',NULL,'U38','','3Z741CYVKX785X',-1834546555,-282664108,'990705L058C0VTC','H4D265KQ5X9JO565AA2KX0IHL1W94N7KPF9174M1ISY1',1,'10T40A8SGGVWMF'),(2315012631,'YB',7103,'45TS2G81H96A11R8',3,'75P0BBVN7FE4GDYEQLIDYWA640OV732Y',NULL,'','','155738Z5YV327560ZN3UZQ07K6JVU',-957123282,1,3,NULL,-2036283497,-432781983,'45CCY81IY3787','Y',-2098719854,'K33RZLYJ','2AMI31','N',-82036388,-31,'WX986S1','T8GP3Z3YD0XG5VL41XKA696GM609C68553818C83W18KS0R1M2QO2929ARF6KKIFC9Y6Y',1,'K94QWWLWO'),(2315012632,'0',1640965458,'44',-1669906221,'Q8T4Z0OUW4L73JU56TF38Y01O66SP7286J7519TJ6ZH28KLUKHMR5RA422',NULL,'941WT8P13X1H','MC19ANQE49V7QIFAZ7B8L3E9814YY846M368658G28Y9260B686U65I634JY6SAA8TD7EZ5PXS01U0QRN161QV7987A0HIQ8A',NULL,-663445048,1,477577427,-2110657625,-630672045,-1520224995,NULL,'51BWJV',NULL,'I11376RH6E32S','','409L',-1538788508,-468345181,'','ZH6P7R94QEO15728G3H18853P4O78ZNLU92S0QVF02X729125GOEVGG6K40',1,'42O4HU0NNIBU'),(2315012633,'864S6',3171,'D5U6Q2H3',-1611194489,NULL,'OQP02I01','V5DHGLSQL58LAQB962BQ27J33CT5H70L0','4K0G4R57W6U3X4A8I4VM55YXAC6NR248N6862XDY007WALR0U','EW58QKW64626T6',NULL,1,465645603,-197968789,1764,-1194371426,'','J',-183336222,'18V70HY4570','QNM57M','',-120730147,-154604024,'5LFVP49LM8I9H2L762V','1IF75ZM9G6YS42N6Y5Y3S05V28NV9Q26T778472DF8P076Y8740KL27QR4LM4TM2M6JW34QWO61352JB6H5DJSC156YJRTIA48SL2I106GR449F58S3G6P0541BCTU9121Z2',1,'KI'),(2315012634,'975R00PP3JEMU6RS5AOARNP',1098930392,'F',3731,'618D0Q54Q7L42P6NY6Q6301',NULL,'UR82H','W20J95255274KTRCWF686480440XB99AJO70RO6QO5W8RAUF5D9P02IA6FP23655M948F8965F5V46MJIPB864LX9TURL4NJF6G6704W7C403P30VN96E5PS44X1ZB2S2RL2917FSEVXS1U89VCTS1DEHK3R2G','PK01FWMODZJTVH3',134,1,327234948,NULL,-816920781,-1435463413,'','X93',-1710201170,'8739Q','9','R8Y',46,56,'53C0P9LY28HBEBJVR5CZPD88GRD4PN4CJY08T2M2S3A91G53PME920I679T98967GE135QE54UVIOORH181D63D8I9SDIBYRDJ6W1UI144Z37Z8MN295BY20TO6CXJ01DD0FXQB25ZAKIMT753N5J7','049337R3IM76K2521L118LMEK080YM6QV64BC9754MRU25M3Z0OV5JD2JE5CT7Q7B6XOAD00KN649UVQ',1,'QJ'),(2735555617,'C9A',1499136251,'',-7668,'S169SMVKLW2S89HVIL80S','AYIF81R3Z8Z961SBC3Z','','P8R10R3ACNPPK6YDON8Z41A7D4426XLDQCPOIZ4C4PXJO82Z978C5X6UC368QUWG','',-1912462506,0,1080549207,-1523182268,-1687891073,-2101038359,NULL,'HI5J7',272,'5TWFZ','6S','158Q3U96JJV6UE6N80917B931',NULL,-579125475,NULL,NULL,0,'N'),(2735555618,'',1281236243,'',1185,'4BO749R8B1TMB1LG39','3QCDX599Y6Q2C2915Y658YIWX0SDJYP4NO6O4560Q6B4EGFF7T3D49XCHOM8OWQR9JZ88N75T8OQI6ZJ',NULL,'WW34597',NULL,-2122,1,418796228,-1935108892,2,-35262100,'I5',NULL,NULL,'02U8LMU64K604B7','4SVNFV0',NULL,-1595590388,-799824652,'','',0,'7KC1IZES28P19'),(2735555619,'',1297366294,'DPR2FXT10',-621583666,'FIU473VQ20KHD7G77Y1Y3V5658631L5612SEOZY99IW0YJ3Z7133W6U28L1SDIGG1M','4HO4RWU0948R7OE413SX3Y5H','','6OJUA666TQMV0Z','21MM',-297561134,0,2126900251,-1400430009,-119,-1370096147,'','FXI9BW',-10,'S57U6W','8','XPH7J6ZKLH',-547055402,-1639161178,'U3Q42D6W3GV9Z4CGC2H1N26','9DTT8R5PWGRFIY71KQN6G0M2PO5EQ6529Z6TBF6W48XATI82L6Y83WQ7E49P7',1,NULL),(3165052347,'XUP45B12NK0F0',269788485,'1UG',2516,'','','DN1U751',NULL,'42Q58JX',282,0,25,-1049407382,-215788345,NULL,NULL,'',-1398263688,'XD8R',NULL,'Y2755643WD2NSAL',-916707445,-555205176,'1K5Y5MOO22PUTM5201W2KM0YDBK57MJRY1KK0548E3KR7',NULL,0,NULL),(3165052348,'04875B5ZJ02P1MEDWX34E2737LL2',44169846,'V598',-2115600678,'6I45X674496W8AKG0I6700K','LG24LL31C3Q3M543ZV2WH4X103HW8HQ',NULL,NULL,'',-1937690171,0,37,-1016768995,NULL,-2087877987,NULL,'I5',-442933568,'5Q','L8GA','',-788559668,-1020308848,'V794VY4W22A2HE460C','EI8JKI045QLS728E09X9U67R3HE8V55V02WV1SR40',0,'BM'),(3165052349,'IQ3XFI92T8NHK',270485145,'',-758742774,NULL,'CO58E8','','SQ08L3',NULL,-310249117,1,599,-551,-45260178,-1284181214,'G','70OW6Z6B',NULL,'444Y',NULL,'8JK40',-564442133,-149057337,'SW66TA2879GDE1I7W9VCU96LN',NULL,1,NULL),(3464556446,'2K07Z55QYI47Z91R1',1818117735,'W4',-800278056,'','0','ZD46RXWT1467W6FT9','X5H9R','',8118,0,1347205592,-1,-65530838,-536442981,'8005C44S85CM88CWO','T',-5,'','49I4NRLDW42369O',NULL,-1478267267,9,NULL,'T7A5T90J',1,'WE6QTK'),(3464556447,'E7Y56S5X6YOX5TM8B3LL0W8FLZR8LU6FI6U249SX426GD3ES51EVUVH9444',1519879868,NULL,NULL,'','','39P3G41V0JJ7','3CW9S','',-1295824511,1,1297220160,-1815289401,-1287436285,-370236233,'3MK6D6Q18','1KG0L4',-1118454776,'5QMTV','OGG','P44Q46',-1287470817,-1066942010,'','OL766258Z94FMR3H328SPY34J29F9MI26GJXDSH62O6CKUI131T1Z',NULL,''),(3464556448,'F68620009G90I41B9915JT1',1767667536,'8Z6EAOA049OR8AIX54E1J',-73347291,'L4O6482O',NULL,'N92TA4Q6EGC02S13L8ZZFUG308326T1YK16U90RGDZ8689G94GE0WF',NULL,NULL,-1800552455,1,1837946307,-454247758,-737893658,NULL,'O','WO48480T',NULL,'2A0WL6PEDW7QXGB','QM3Q','KR35G2BPB4ZR',8,-1721542434,'X6W0HAWS920','IB',1,NULL),(3464556449,'160W1249',1313060794,'B1',-145923783,'','KACOBWSZ2BBXOL8OJ7B6974XB93O3','3Q8OTTEZUZW39E62F2ARL215V',NULL,'0XLVNDEA7FPDY7EN1PIH6FG0BDX1D6T404S42WF8Q7B54MB5U965LXNNC9U6A',-1216121870,1,329,471,-1995916874,-1530674630,'','2',-84671758,'8','5HZ827P3Y0498X01G6U90L7BK','4WKV5Z381',-555821853,-1142416960,'00F8VDP5P4S1005396EG3JUAC5433I11YP6356TILWJZA9613071NTG4L8G187QR63G1B2680PKNEAZ4U1S21AHJDMI367J8CIG27','26HR8ZMXZ',1,'CPZ137N'),(3464556450,'',1673104329,NULL,NULL,'50K9423MZ2WOJ119L6RBF47XOT48085Q78BI8D6YM','D1K5PIH3G4UV4A','B759YA99FO519U3398D8OC9O0842JZ7Y6','4BX001KO930QQ12','',-178166156,1,11,-739523976,-2009545335,635,NULL,'8',-1314082911,'28267993','P9M6EZ2','Q4H0VOZV702VZ838300G3L3YG',NULL,-1634522172,'8EHQHVLX','VF1Z93X6UEPE4RFS',NULL,'S56'),(3464556451,'4R68',106166533,'920C0Z4',-1820248700,'05E99V34YT7S3IQSP7506OE9L8FAS3837MH3119F4X34W0ZJP93YR4OBFF56','5107TQS2GW52S39170H8D86V2A0L6WA3NQ65W1T','1C0QL8270J09Z6NZ148P5764FT7L27YZ4QU48554V6H6Q8C66JXHH5Q8360FZ363ZZ6TI6099ZUX657B9E1K4HN13Z5','DIA03H721USMC11VVD95FGAO370N3R4ZVN',NULL,-1041440324,0,1388740874,37,-121939433,-732441313,'4323K72XS66O','2QS',NULL,'CCY4HB0V63YZ70N',NULL,'',9,-9,'F6514XG6T22MD865H','D56N12R38Q3T4E874AXF860DBV249YHU3Q7J41ED2Y1',0,'FESG980JZZ1N8B0'),(3464556452,'',1975159826,'4HD',-525411937,NULL,'0TUI2JIAMDS945UO65M1QAC6WABWCWO2CNDR72J4A89OK1G0J','1','L65R7U6JF2G00IVPHU9X6808F9540PM16V5K3R7B3D1906Y2H0ZRVWI1FP7WD06171MJ57E4A735OEERHA3U1QA87G09',NULL,-1826471878,1,1078820197,-6,-1439905788,-2106751997,'','D23',-193259395,'H6T29E19P0MUCLM7LIH42K','QB60424AW9T','OLK16UL3',-677544599,-245367052,'5497C59E3F4Q8C4P65P70A4GUO164CL478Z','B3832W95755IR1702B80I018024MX9KT6F1AA6Q',1,'DE'),(3894053172,'661NE6Q',970392587,'3W72',-200,'GVR5RH0291QL12V09','2WE48YF168943N79DEL7JM8AOO61QOJ2N6O727XPF4A8YU86R5Y3E77DR16M042T1QZNXS684DR3H2L8Z6VX8W002B5DJ8R',NULL,NULL,NULL,-905888252,0,2004,-16663679,-2017839787,3006,'C95QWSIM','YJY048E5',NULL,'5963B','Z5UOT005C96EYOPH','W',-1236839731,-444036568,'','PU7358O5',1,'B248'),(3894053173,'1511',346229310,'',-850263488,'7Q405Q28YH67U116KSEV','','RXI9RSX58HK5PGJ703NO1CSE5G746O2X3N0W6PN2QP18BQC',NULL,'6OIA8B6K3P063G79WNHFD5Q1LZ9486OY9ZLVKHSH185276U',-89,0,536289159,497,-9,421,'CL30Q3J','I',-1769714417,'S86','4FX0','X',-98,7108,'HB','',1,'KQMX'),(3894053174,'3Q64260LB55FG81L085DGWDEPNO8UXN4IO8R2JXGYKQY',660214299,'1L6Y2D45LJB',-666423681,'AV7NHX17RP','96QD5Q8XQNYW18A934765D3',NULL,'','JQL2L608OIIYG8B33939946CBQ364326P5Y3A60EK38N7XO823R1G8JST5DGR8M',-1187866493,1,2001559865,-561886533,NULL,-1326200241,'4J40T9SBZD','83V86E5325K',6,'9U1PI5Q5671ML90L4','E28HBF6176','8I',-687784975,-443197368,'S3M4Y8IP5','U00DA9G5ILYTPB8B35M492',1,'SPYEU5N22R3BHY'),(3894053175,'2W3CXSDXCD633L25IFRHH91O888UJMAY4ZQS021L4R2T514I92680DHYROS6763H5CF80HKH49X7XZZ8EZBNKXXXZ9HAYW1A9UC34J41E5LB2',1915783792,'19A2D46',-1557095828,'IG','Q2QW','','73LPFJAFYG5NOCXOE56357ZQ39QK8L9386T76YI14WIHQD1083','UE7889LY393LF04S1832Y40VJ520X7AEKD5S4U1K86VI34Q74L',-5581,1,7668,0,-1735779193,-2015654833,'87','X',-918072495,'8VGF75','XEGW73','VE7541QLJ69JO',-260,-2112320770,'',NULL,1,'0T867LN68251Y0'),(3894053176,'MEU',1667991305,'T',-1332771297,'8965183908GATW2ZQR28NOWSSZI8QHHFA4S76AOX8UO0362C3FO42P45C3HLR6D3IBLU8SAH063CF9EPTRT74M45NOSG86L89K9E07266345O3R33','8T59D8','',NULL,'',-709177699,1,36,-1429889741,-2014736401,-6,'26A2','Y1DNQ',-337336724,'JSMGL','','735',157,-2081159383,'88','CD5DD91305J7HHU23D2ZVT7571G63S58WSPYQY2ZX409HU6DOJCHY8CYBPMMMRFZJ711Z3TE055YMD5JA',1,NULL),(3894053177,'BZW72VP1E2JE3L95OE',637162859,'74W9K8',68,'311384L6F73M1QJAN20V4R70920S7','D6VB7Q1YV2712B9HW20A1WVQ1K4ZT7MWN61Y565O87413Y82P5D67R7451E694U','6OBBE0C','',NULL,276,0,33506181,-1099969306,-944127920,-1461509862,'','Z1LC18',-291,'','6PZG4',NULL,-126151253,-901202009,'R811XU97KIFH41Y2E','24D95GA18OWGDJN24X7UB94889P2701P3C40E3TOHEGOFS2F9BGV55A837D7QL1T6UH4J8OI7TGU3KE4MKLC888BO7A76NO68INIQM18U7JP15A98A526M52UCB69CN6QW',1,'C48'),(4294967295,'R5145OHQA1X6RV5X5W16R8W97LI02CRITG8661UY8645L08ZS',1297405885,'E2H89S',-2028003167,NULL,'D3OIKK0BXES6Y','SDGFKFAX1Z00218J9N05','7ZHR0OPWQBFIH7B0KHGYLERRT9Q22K5FF5DK8T559Z0FL70GD765R1R3CNIJJ5L3CB',NULL,-1058444924,0,119480481,-1215,-1266812085,-297253842,'N8','5P',-1475179246,NULL,'5XHT56JUXQL9',NULL,-505621003,49,'704I66C7C5FBHB7Y7E51K9P69OP7IV2697N31Z39P2I','V415I4VY73O38CYK15S9W09P832409WZ0Y6A7',1,'CJ2');
/*!40000 ALTER TABLE `btdocumentlibrary` ENABLE KEYS */;
UNLOCK TABLES;

--
-- Dumping data for table `bteventlist`
--

LOCK TABLES `bteventlist` WRITE;
/*!40000 ALTER TABLE `bteventlist` DISABLE KEYS */;
INSERT INTO `bteventlist` VALUES (304718071,'','',8,36425,2068876873,1944860476,'Z50T54MBOG3CQY9LF9EB38',0,'Q',1318711245),(304718072,'68VBL5THF65UX8N8HZ',NULL,54327,39717,517708581,831866078,'SBPC61U',1,'L646Z',24),(304718073,'38240EG284Q','7736M51235',41697,2,2,1423220422,'0G87DCS2A6R23L888U7A9646I75B718WUHF79HXLZFLIZKSD1CB6RC7L3',1,'3PVIR6Q87J52I15697AM3X',1049756296),(734214801,'X',NULL,61333,51244,178440236,42158824,NULL,1,'A4445244Z1Q01GR2TB3624BC4L68M6HFR26262E5C4UTX33U21178105H0J1CMI06HIY0UAHLO6F5',474),(734214802,'1P','',47511,159,1148125343,2,'5518418DVNT',0,'C25KV60ZRNFRF358EIJ39790G6Z8IO9B2HXS2146MEJEME32TFS9778J4PBDS3H7T713WA1HNHBP6F1B414Q0P76LUL322VHVKJ5843F3J54L4C9M41VWKX2IOI8Y',495458976),(734214803,'4K1','',57203,3222,608898198,4855,'',1,NULL,1026021249),(879745091,'9BL9G2AQTXOLZ33C020',NULL,51940,6311,1323833511,343,'4',0,NULL,150266033),(879745092,'47LVBX0J1R02',NULL,465,17507,1466975331,2132873162,NULL,0,'H8T',509026368),(879745093,'75A819Q91604B6KV56A0E0CANPH7LXCZC2L3P415KVEY2I8OTV9D5II4W2U2BZ48125LM63HHYA5D52A108UI79A504KB3N772612XWU14N9J4JV1U7QAM67S758JI9Q6T448YL2P904OZMXPGEK6ZP3875H90JL8H44K','29SP4568TOUKBIRL1I16J76',61316,65140,2071592564,839,'5N6L95990823Y',1,'Z17',1307022453),(1309241822,'TF94IU8F3522S0P97O',NULL,54519,211,211,0,'VJC4R7F20ME9THC37J75NWS',1,'572TRUXVKDRZI99Z99FUJI8T3T84J4D375Q161490U97238CCLFX5SAKW744138ZESI4NQ5273DH3N5TH7A3RW97ADWYD89CA',463328041),(1309241823,'WJB8ZZ4QGQ80266BYEDFCLF1ME8B67DD0IYLI2',NULL,31591,1258,1258,0,'7J447754Z6J1V7R1SM8K6TQ56DP82PJR8LFIX7E5L',0,'0ZE85',753),(1309241824,'43866VMB4320B785Q3W2Q6',NULL,93,43844,172272452,857006805,'5',0,NULL,1684252418),(2091666244,'',NULL,53792,32839,491290695,1574091046,'Z60I3117P82AKV58R3AEKO5H1O1PMXIFN30784KR392XU1Y63W1237E737U2U6H2R93FZL0JK5CQ7OI888H05315L8I2',1,NULL,990),(2091666245,'3MQ0','',6327,2293,1858472181,4332,'Q2',0,'',53139486),(2091666246,'1FGNKMN5FH3E419RK',NULL,12488,689,689,254314883,'',0,'1482P3CB9246RTIQ47Y329824E8YO8ZJ1204E29RZ4GE90G77J230B5833O87H8J4I2F0BH7E30J222N13X005VYFD7EXL70K0TI3961JC9J',3711),(2091666247,'T2DG2X4MZ95191',NULL,46969,8740,1895113252,942014902,NULL,1,'413JHDE7P',1971591620),(2091666248,'C880UFRKOI15U2433BW3TI2R5LN5O6XDCI3DFMTT3GE0DU7MBFF0YLJA4G103P8BX4RZC','',96,300,300,655517093,'',0,'78',1841219533),(2091666249,'US5PQ38UYJ891O3OHC7','63',34,4127,53415967,8465,'18V4PZ53K9Z596YN4Z64DX9BWS3HK50HA7S5N358W38WW3IVFVWB',0,'76Q132561J56O2Q8TLQ1P8VK62GAOQ2X95W9B6XJ280DVO066588BJ00712G2QQ00FGH692FXWCH94O6750ZJSMSU',68),(2521162975,'','40618Q7QE14O0FCHZCT5HKNCDE088XB4PL349JQS5P6H3175GB9Q2P59',59583,51505,1902364977,1976076773,NULL,1,'866XLO5GUSC4S2YAJ6DGKLP4ZT3HTSKLW9CC3499',394254969),(2521162976,'6','60F1LJP99LSU6P0OG74RJFM8CP6V63535N1L1M08450VVK38H1L72R33E78049L9I8R6G9DSI22DS0YA9K36LXTDGO7N6Q9ILIQ0Z5HJ1B5',30,6468,1659967812,1064175387,'82TDK4X969ID80KWJ797U4X281YL57FK7JL5F2G9UTZO85QT6RW76B98HLF3M31BL3I7CM0C34',1,'',1469260890),(2521162977,'0IO52B16VMMFW0I0BZ338L370DCXL54ASSJ2H0P','9SHV7E19L',1536,0,0,85,'9M9W6EE1A84',0,'KB',1353390051),(2521162978,'P74R9HOODHL5F5MUR6V64OSXM5J24B',NULL,94,3135,3135,161,'4814NS8JD00DJ856NB732K2Y775YUL',0,'V6GXTSC3F011KFW55OS4298E',578910602),(2521162979,'V7V7VVW9X37BE817FYE9EJI8C97VI','G02HZ4966C5H8BI3GPO0OI3950JV5GK12HE5S37JY290K86U0V93307YH6IVQ94107NBXUN7822G',49,428,428,626025594,'8MS0O1314VI67ZEN0SVJ517SZG1UD3',1,'Y7R2B3NR',73),(2843623920,'BA46I6S513','',37317,73,73,1975260373,'SW38MR6CWCSFNDVS9ULCX8WVJ76364574L',1,'ULVQ970PVF9C8TJ3M29PEHWVA49K',1081842990),(2843623921,'XC10L34092JBCM9J0H5PW4MXB8PT8A55982U22AU3YHYU07','31RM5T8I7831NK',10347,21845,318395733,1555487802,'',1,'',2101785320),(2843623922,'O6M5D942J09H45490DX90NNWNS2T1LN22SW6WNLJ9SF4D1SP',NULL,798,6826,955521706,70,'G13195IIQEJBRTMV6N398FS',1,'Q2J356AGB9M3',317660629),(2843623923,'RVN592197J2NMDMB01KXCD4RFV1XJ826P2F53LOQ16181FCNRH','Y6719Z2X96ODP7UG4AP8G0A96KCM02G45RQPM2GERD6N8Z5T1TS802720K75N10F0EKFH75EMT',54410,64110,1062140526,1266138197,'7EF577UIY',0,'7EEVW42CZ4558WX2J5O',400489947),(2843623924,'JK4783TH5C42',NULL,13112,2551,2551,1548219415,'IHN60',1,'OZDO776WQZ772X29Q8U48DGIK',241962896),(2843623925,'424RS60H26E7515MR46NJ3M4OP7SU8U7YK892GPY8B9R5OQ93G88K','11WR1P',64291,20902,1143493030,356014187,'D780VOM67NDN92I0A7',1,NULL,8),(3273120650,'XV42F8955FNRH5L353GQGWX591Z97A27888PUV9R',NULL,7441,26100,1777952244,35,'V1P7YK',0,NULL,1569585083),(3273120651,'D','',37411,85,85,96494461,'9394SJ0QUJO3D8Y3BI66K3XO9043XK0',0,'Y692JGLJ45GXAP5Z7113W62W1TH96VA78',828488790),(3273120652,'','03X2',47,48207,985185359,2134491569,'',0,NULL,1496200215),(3273120653,'UN20B3TV56J760L121PT2XJ58030N0X','',65,35890,771198002,9,'X36NK5A78',0,'3',463),(3273120654,'J9D1S45T56Z11Y68L8QZ557G9E32','U8GAWH19CBZP22525876705I5MBV71Z8IB4SL0ND8734HMNR2PN7Q5I0S9MMAK3',28945,20228,522735364,161463376,'4G1',1,'7RC45P6GVJR4J2E',574904015),(3273120655,'3UASTLTH192587XH451T48J443SS5OR38HM3C70190873425L9D1K416487CI5155V36319079XA1S724L48J6H8N','B307KGPQX96R3115',16436,4,4,1072464085,'8RVU76EA1T8V5161GOZEJAR',1,'2Y9548QBN2WBYM6HSOD96ENA2239E2W36MF39JAE2P2HQ22H49O75Q82UTYXP7QY49U4780R5WTYS3A5I99EDZ3I850252',2127237838),(3585012142,'NEJA3413G','4LJ9VM',2,324,324,1972502015,'',1,'1ZAY',1531486125),(3585012143,'9LQ6V90HFUF4JX312H87NSP59S56NES47C803A9J4F9531C20D46KT0KGJ76218L18OG',NULL,624,8363,86581419,46,NULL,0,NULL,1100926567),(3585012144,'KNZ4I5VQ44UC36S12QBCV942MN584K0QB3PD20XTOTY5J02R132SK44X17E82P',NULL,44780,49721,871219769,1356290869,'030DH3LPHGN10BM8D3GYKSA1AY3ODZK482MH28N2OWK01QQ5NC15P7',0,'E45J82BC',4),(3585012145,'TD4ZO',NULL,16146,88,88,698258160,'0F21X479',0,'0',1337323641),(3585012146,'DPZ585ZBV6313Q','S5266LC3N414433LWYMB',3665,23465,1819302825,263685018,NULL,0,'PG5VZ421811J8ZZL9K58I9T4M6E54CYTWV86XX6NAKI2V4R5F93SI89U3K4332CM4R8577OI4T0GG0G86K5O5B4A',1917717853),(3585012147,'P1P497XUW38L09HTZ9ZVI7S549RE91','BM1425286B8O5Z14O7W8',36055,57334,750247926,1902840629,'N93',1,NULL,1),(3585012148,'8008DG490JFG8F5C6K57XOXAZ8','',23317,4274,498012338,1694832458,NULL,1,'7JGAV81Z8F1BOBSA5768B59A710IW',1),(4014508867,'UD58L485P07T90E6SVQ','0B0PUAMOBIQ32O0',785,41597,1355195005,161540719,'',0,'P28721YP1AF670',1471461429),(4014508868,'OA68P9MSEIL23JK1ZT','ACD',7665,64760,981007608,1018225053,'W1UG50K4022F567N0QQ4302IY4193G18948532MXCI7O588WE3AI1W6K33FYI513DO8GT4L5E5',1,'8F2L7E0W',449643135),(4014508869,'I06TJ1EPZSGTU5ZTMP844OH8K','',6766,51,51,1934633074,'9E78IZ646029W',0,'',1615853997),(4014508870,'0Q526DMR4Z','UO9TL7S',29259,508,508,1102143975,'XY16Z5CA270B5IS65LBUR05J4946',1,'TH72TI672NM8',1682317422),(4014508871,'891PN5A4UVJXZ7H176YY07N5EWF5P5D45D4E639LIZ76WS0HYQ7E1FA0XIC','',26825,63300,2092889924,527723693,'AJ3SUP9XML6Y2KA2PU9G5V5S8A',1,'1',60138926),(4014508872,'97O723HL36CTL1V91','',33859,1844,1191970612,1525115274,'1X',1,'63FJOVKR7SZH1141',811563477),(4014508873,'UDI8UA5NUDKK9D7F65L1353H43273BSISSQ283AI7BZ96J8474TSCU26LT9','0SJKBGPQRGDUU0X413FD3',783,9134,2071405486,1574023920,'ZE624RD22P',0,'0F0OCVDHJHE5JFDY9A5C088R67T6531YJXQ5DKY',802115029),(4294967295,'G4EQDE0Y3S3ZLF5Y75UZ','',2563,32116,725974388,1826055652,NULL,1,'',1931633749);
/*!40000 ALTER TABLE `bteventlist` ENABLE KEYS */;
UNLOCK TABLES;

--
-- Dumping data for table `btexpressentrydetail`
--

LOCK TABLES `btexpressentrydetail` WRITE;
/*!40000 ALTER TABLE `btexpressentrydetail` DISABLE KEYS */;
INSERT INTO `btexpressentrydetail` VALUES (124312198,'SM2OWY2P63242PJ2Z19YHJ',807107547,'805UA1E2M962VA25FQ8B43338J299S12AI88O4W4IJLMR1MQ7ERDZ0EQ','','2'),(124312199,'9J',525603553,'','',''),(553808928,'R3L96B',NULL,NULL,'B57CMVW3AL546',''),(553808929,'S42',0,'6265U0F3R75Z1BQ6M71226AR686KPSA9JD55EWLIRHLX57O6LU7M78OCEAYTJA4OTR56FPRE3PMTCG4479ER457T3381G3',NULL,'V'),(553808930,'',1920,'TC0110C3MF88J79FK869G5PB7Z2I5J5FZM2OI3978E5','','N'),(1256296060,'9XN159',58004400,'HA5947HERJPJ2E6B50X4BDOGQ8KBJL730Y983Q543L47212U93T3V6AG4ZTD44UZ52262R012332C8E09M273AC0V18W5',NULL,'4'),(1256296061,'75BE2A2',751859986,'5TNJAM3NJFML12KEE55G7963Z6M93R4OFGF','Z','J'),(1256296062,'LEM19GE8DFG844CWT1V7N6S2N0',NULL,NULL,'8CDE','2'),(1256296063,'5RZ02PNSH9IR0',7996,'9','89E3440I8K2HUO76S','0'),(1256296064,NULL,659,'J777S44M2A9E20G8124ZUMLYILF2K200V',NULL,'7'),(1256296065,NULL,817,'','KF','0'),(1256296066,'',335429216,'M531R00O4686VQQC33U2QC104LNAU078D','30SS6',NULL),(1256296067,NULL,280432096,'U41219L2T2U',NULL,NULL),(1685792791,'3FO1OF',13,'2CD','','0'),(1685792792,'7GK1',53,'4S7UQ161CEU9Z82ON','',NULL),(1685792793,NULL,1046644953,'','4',NULL),(1685792794,'3',5704,'8FG0QFT','','Z'),(1685792795,'QA001T60P23ZCTSW3413EZHI1O68AK6643GV',39,'60C74BN3Z0','','G'),(1685792796,NULL,NULL,NULL,'','2'),(1685792797,'NF530',31328620,'','37I09X71','8'),(1946207834,'6UT6X4726',1074226641,'6807258IPU46VM9IG95WG10LZ5','','0'),(1946207835,'764',1219711486,'M6P28E155V4478S41Q4GYDL17','6Z85AW2YHD7K732UD1','B'),(1946207836,NULL,480285791,'6FUI00J000BN7TLJ2N7JWH965D',NULL,'6'),(1946207837,'E282W76JNP6AF260VO24',0,'JW6633',NULL,'8'),(1946207838,'9DY',160350052,'',NULL,NULL),(1946207839,NULL,4174,'JFE42QM',NULL,'A'),(2375704565,'',955584712,'K3F745V9DDG5136WVC3VKXD12',NULL,'2'),(2375704566,'1RLS',842,'64SF1CUAE84Z61MUA2P964','3R','8'),(2375704567,'',919814842,'9GS4CCOM77ETW1L','V320E02295C11AD5RGZI8Q',''),(2375704568,'R',420012009,'1Q359RM47H6VGXZI9DH972T','RH1OM6','1'),(2375704569,NULL,151,'J0UR2FC9OJG6GG3QQ98080KQ1CV1QX7F23JI8IV5X968HAB5FO7X5R35UF5706FG5K2O6UW81Y2T4675S833G9O1V632XF1610X53I1JWT0A542PR8KO12R7B7V067L',NULL,NULL),(2375704570,'',23,'6KY8B1UWM903I0335309DRVDF00ZCN8Z335',NULL,''),(2958341331,'5DIZ',2006722099,'KR8Z0G9AAC4624UDGPP7V5D030NL5ECXAJ1B13147C75OL971G769',NULL,'1'),(2958341332,NULL,890642296,'B6FRRWA','5','2'),(2958341333,NULL,36,'GYEL5UNM','3WF0',NULL),(3387838061,'18MI5D6CA0',721,'GSS5F',NULL,'5'),(3387838062,'3O3',359055692,'J7L3N74K18CBO433A12WAKSDE524P1MHHO7R92LW97SYR2TN6A9K','X','0'),(3387838063,'02347V8040KPC',1689216706,NULL,NULL,''),(3445354799,'Y',1361217922,'520V9RU40WO6S170936YBC48','3Y69245AVD3V31','4'),(3445354800,NULL,2146864657,'21Y8L','2','Y'),(3445354801,'',7831,'8G5W5A15AE5K353S963',NULL,'7'),(3445354802,'32PU5J',1725,NULL,NULL,'8'),(3445354803,NULL,18,NULL,'7S9I2WZ5Y66','M'),(3445354804,'',854622714,'JX1780HY13','',NULL),(3874851525,'6',1525578655,'LD715VL18870JR28U1XM','','S'),(3874851526,'6KQKZ230CNU89EWX68',89,'85GY','','D'),(3874851527,'YOLERXK5PA',501034747,'','LU3R','3'),(3874851528,'WVJ',407206290,'009U95324L7K40YMKWV02P0QB3U59748ZGT33N2S0TQG770','94U','X'),(3874851529,'',562270106,'S515L','1K',NULL),(4294967295,'EB9K686X1FD',989809463,'K2',NULL,'0');
/*!40000 ALTER TABLE `btexpressentrydetail` ENABLE KEYS */;
UNLOCK TABLES;

--
-- Dumping data for table `btexpressentrylist`
--

LOCK TABLES `btexpressentrylist` WRITE;
/*!40000 ALTER TABLE `btexpressentrylist` DISABLE KEYS */;
INSERT INTO `btexpressentrylist` VALUES (373403099,'8GT0Z6QT4145420BIUMG',1820260701,NULL,'AN',NULL,'M5N0YD6T71N7G6VMSTHZQ85MZA86FGWK','GF8PZT5218L',-883,-327222947,-2071853836,'49360703','','R9','64W3229QTF9ZO3LXG6NGYT9PP7P10L7L5X','8434Y4EQ2XBYP1Z0506U56UIGJO9674J2R6AA9009Y0A9',0,'D97'),(373403100,'F2T7604DS0CD413IR8O1V5WFX',2141027062,'1C606H77G864451EGINI80AU16',NULL,'','','6XM3ZK068F2838BVUWQ5P144S49P8045282W69B',1,-6456586,NULL,'','Y0WY','X7V74JI06MQO','','65K9D9MEW9',1,'QR97'),(373403101,'RCOJ09D158',2068290368,'0G2','','QY9IT2H89RXMQV08JU14UR026J4TQ3Z77C9J02W92E83YT78ZHGT2DTHBX10F9B15147841G4','0WS9832YFUIW7KW5UW','R4DBHRNG02X',9,-1916562088,-573558561,NULL,'PT7','SS','','2T71JI5ILP150C37',0,'1EW4V'),(373403102,'2W110657',334713723,NULL,'4O0','J7',NULL,'M8V55Y0748804U724ZNLLSPL1279',-8719082,NULL,-13,'94BX','300','V3C','4P41F','G5792',1,''),(373403103,'T86DW',8072,'4742F7VI70KIO5194D0IX692DU5M6BRAAXEO2F4QD2U7OS9S',NULL,'AJ6KU61774TPCZYWM51','S9VCR7J030K7705H07VFPATE8353EG9Z',NULL,-372734565,-5,NULL,'','0J','4','V79Y79A7U970AK475AOD77T262YA93WB71F99','283IN0Z2TNDR5FFB08K328CW',1,'G363JQDM47L1LZ0T9'),(373403104,'W2D5W2D9P9612ZGT',618235275,NULL,'','0AJ40GEWFO62CW6OA4J27V8PL1YT20ZCQ3N10I183VWW9TB395M2X10V082KB','A6423O73U0YP3921F',NULL,-394085826,3,-378507072,'42','2FY6ETYUT44','6','DX04WV2433ZO2I00W4K5R6X10EBH2KWN','J4IZUXGQ6Z11',1,'722'),(373403105,'06QMSRR86',1768308100,'85970R1BLI9FO5W8C87VK061B41782','L0Z842G','641FOSYKM4C4590W6597460YCVRQJ','P2','',-2136086471,-1339858550,-1557382232,'ZZ','',NULL,'U6IDRI99215PL38260E6931S4BTKLZS601BYSI01A255V8E9X5N08L58B4BVJM962','AO2P44STJ58Q0',0,'8995478'),(802899830,'T4',803672436,'','UPZD5O77',NULL,NULL,'39AW1H076WRGD14522UHDCB0E8M026C3G9',-1458082247,-1343811212,-1037150913,'VWRB','26I8I12623POQ4','U','B93TH','7R9DU0LM',1,'Z'),(802899831,'',230921560,'A41QL8895T62A9Z5HQIMV68Q5U1YK93XL74B0IRK1504KZXL0OANZID053UB0Y98','7MNT3704S28','IT6VT2MJZX','K0KC1L57CAW671JLYT1264H87ES14AGED775','99IAY8HB2077752H4H7UYQ79LW6AYMMA45HT05BJ25R3Z01ILWBAO0UA7A7H',NULL,-1356088159,-4196,NULL,'527WLX','2DF715','SY29UC48L377KV11J0L51IJH8OS9VW3FQM3AZD7236487YOF38FPS66IM1','EG912MYKRC6Y16V24996YZ7Q6',NULL,NULL),(802899832,'3Q4MC6',983565047,'153Y3X53I013CTN417K4JHK9VT0','F583',NULL,'','HZJU9O7341IM4E6GAE86',-946721554,-466528540,-2088717377,'',NULL,'65',NULL,'5YOTX817EY91',0,'JO'),(802899833,'3GE6443S123E8R52146L85AW9PT0FS9LKW1G536702545Z709NY9I94',194105293,'','Q','2GN4VR7BU684X9','I30VV6ZE9Y1DF77V3UC65Z33L12H907O0E65874LNPB4JDYP63FQ53DN5R',NULL,-367186901,-2075466198,-165884904,NULL,'','SF98FR','','9P',1,NULL),(802899834,'',3,'LV74TAWH1169067264Q2','0Y005X4PX9TR60GRL3QQ8','28EGPD1NS472I970174S6EU8ZVMRL52IRIYK04Y','4I','',NULL,-8072,-366656890,'8Q08HY7',NULL,'0IW58E','','',NULL,'6D6276YKE'),(802899835,'B8G98',356940887,'QUP6T4TPEA0QCNEQ3W20QUG5A3L058C3KZ390O49A19H3E484DV0P','098','0AI',NULL,NULL,-1657354609,-496972552,-2058212843,'O3A67','2QNE71VQ7436Y1','7M',NULL,'UU0ET8',0,NULL),(1203350299,'',73,'E7O444','88','4LU8S585K3QZC6P356TR1FEI648FY','G54O46U79KIUJ6C','UPGGY69',NULL,-1163918601,-2079934880,'W7GQ','L15GH6GJHT7077Z7JVJE7C1JLR5','','X7VL349C41A5WF1PL67KCLA565BI3','ANNC5686U',NULL,'3T6P'),(1203350300,'K4V3K34AJ0PWT0O2A2RTOS2RV233777868219197S1WN75RG1L5L6626KC99LDNM01VV88936N5129JZAE45624R7M',1208183242,'','','X494M22O8G9IE6AF96PL','L8D1Y','LNKUW9O862P66G5OPD9G71Y33QEG4852J0ETAR0V6X881L4U0K8284Y3QYG0438U7G9HZSA4NMKJ8G985WJ24V9R9BTN103PW1RY',-213767242,0,2688,NULL,'S65KH4WZXGK','IF929WT35Y9','0WL72OXSN99S6H269AP30WINKNFB8VEP6G','GLBU4S5LWF2N690K6LZ3597LIUT07IP762GM7125Q6',1,'OUZNSET04Q'),(1203350301,'U7SKAADCODB',6,'9BCEXB6MH2Q030U7JB4Q58QV','3K5PEQ9588U71R361H4941IM45',NULL,'84UO4CEWL51Y9365CE225RQ7','',-5,-8115,-1399905698,'6','','374PX28','','9WD680AMK1U0S34G9I6470CBCZ6KO9O9QA1RP2VH7T6M',0,NULL),(1632847029,'60O5S2QM3658K953S0JJY1Q4Y8C4D7I046P2L171EIK1',906323653,'4HNAN5P5SA159Q4T2N93I9','Z66O393O','ZU1095X184BMWB38986G1HY362E61MC7Q41653266Q7O902V6WAK2MTANKAK53V80BMF4J','84NM1MZFA8Z5R5CY28E7N07JGWBV','',-1446526567,-1241159995,-821,'H94','',NULL,'5BS14MVJSVELZ287Z85GO0ESMJICI2YL80991U8ZW822X0M9QNPDSVC',NULL,0,''),(1632847030,'7P9P28FS9THL523333H78A953',1901246584,'ZCU6V','DTNV92FLS873KQ1059V3SD0Z076O0HI6E4I090','EMT8LKD2WO20B470','2Y00565L5Z09XM141S03S132636T2BS3725J78O909363647ZK52Q5887',NULL,-827130935,726,8140,'WW3HR8O28W3459IW50J0','','1398QKV29ZTS9CA','BJLTD43Q1340972NBP706J','7GFG28OMP3249WN9839JO76098SJVPFPM04',1,NULL),(1632847031,'',1650511096,'',NULL,'8QK','I9',NULL,NULL,-62,-703675427,'761R',NULL,NULL,'95909DS9199QA807Q2457O','PLJV3TAFVL2DQB1N1Q1UKUYL5JX2H4B8R41998',NULL,NULL),(1800749468,'1735W18KBC8JS1FMEYW32WE9KAAIH9XF1S43B137KBA06OY30R3IA29I7279A8715KHZN41A5K5Z8S3G66OIII3Z81DLZ295L824VJ3TT1B764QJU80B33Z2EFJJO2DHV9482YBBI31814MW8V1C0EL5248PZ7K64M1R475ISLG6864953I6WLC3SFH8U8BD313',112219883,'T7VH1Y23657KGW75C1L74W839KX3YJG29T0S488V401TKXC5','',NULL,'596EPO0I420','ZFK4AN5EP80O4C523119U528F8G069ONG2A8L37394X99LT5YFQVB',-8400,-2035263765,-2088563072,NULL,NULL,'RPR','368O2N07X98AW01CC1R747I0N2021707E69Z2','3KR3U9NW7CZ31S6R1KN1RD3J8O6355UJEWW654ET7VRV8Z5411F5EZ21D7EDHWUNU666W64M9GUI5WVH8Y7',0,'8'),(1800749469,'KW5LG2133C630',70,NULL,'EVEJ056Y27A8B','0F1Z86A1E0TZ04P1FT48IB705','H','XO3T9NE',-44920286,NULL,-404350746,NULL,'96U8R2DR4HZ0','','TO4LP79',NULL,1,'EMF0'),(1800749470,'6960R90D618044EHSMD70Z09A705X75G8',1680955108,'8J6965171T0H75N535KBP','','412J710T3213NT620K631AN0706RRQHD31K4B56DJIR45L01APC2293Z','Q8JJ0Z1I9TI41HXG42CS3WRV47ZH58','8',-2097638477,-79193280,-1561411237,'','WM5X2',NULL,'EWB6J1A956Z2111FJ96378Q3KKZHXAVNI971UY2L2PC06QDI','',0,''),(1800749471,'34159YIQ900OBUUN65I8IAS5J1E8',578,'8','4OFMR3K3TLC60Y7EMJR3P3H3O9901N931S71836U05SJLZG044ISCIP','','A5P6LI0W0GFI0',NULL,-552635729,7381,-1936781628,'','0Q0R8','4','U12IDO78S1O3','3A694L2YUWNR73XU1',1,NULL),(1800749472,'YH9QVV6MFE',5314,'XT1L04JB1770K8RIG552D4NY5PI8Q4W3VNLHZ31148Q8A05YTFLF6ACE9802119G35MGM6R09K93','UP4998BBEM94143','14935GBS739O90C2ZS332098044737782NN6D8K9I',NULL,'',0,-1529248373,-1185561363,'',NULL,'P5FQ22Q8',NULL,'J06E3IQO9N3X412F7GKRCM',1,NULL),(1800749473,'',1792159588,'D1UT45YB9DRA','1567Z8UVX1J','3A2Q573E','34Z4WM','9X1H008NBC4DM499W35G2GFJ17TD8TQ1DGR42K8LAD8RK1JU9TH591994Z8',NULL,-613046865,-747,NULL,'',NULL,NULL,NULL,NULL,NULL),(2230246199,'DE2O956',779455160,'EL5M73P8QAAHC5OC96N5I52Y5M','263EK0','S','Q7FBVZ56EIDG2O954P38U3P5YQS17S8WP33DC8N29F05P',NULL,-290310663,-1368028488,-270855591,'X7EJ9A4','O',NULL,'ABB9ZC28S3PA2AV5973N3L',NULL,1,NULL),(2230246200,'UPLLN',986,'62N13Q1P9SN2H79J1B5HQ96C32B8Y3AAYSPC24089MCDRH7W4025AL50828CT37RM5','CGA1E04HT2ORNW537Z2CL0ME61494JQPWI7VFHNN9AKA9082722R9ZCLTBW1I23AHT4X3QC0XA7AJ3A8721','S9NZC2RF2LAK2H4U64UWS22N57F2H12','','1497901Z2E6L3B4AW64NXNDB720G9RS28',-1987518753,703,-35,NULL,'7T1Z9I0H','','L18YR5','',1,NULL),(2230246201,'FZY0KNA057TFJ',72017450,'41741MQ5',NULL,'X3E8RWU2','4136ZD945Y320ZX705XX9906EG4660SA1CLXUUZ5I9E2M573H7RFNKNP1Y2','9H166C401B2VDVJ5WO4C3231QT1',-1270507543,-1812769925,-1612844617,NULL,NULL,'Y69W6DG5JT73HWJ9148103M2R19PQQKE',NULL,NULL,1,NULL),(2230246202,'L7EB3G370X6',0,'THT9L28NJ0035LL7','O1FRAH68578Q6WB0R','6D45W80M1','M61CIKFN9GPQC0O80G2OW5895HOS77228','',-1789015829,-246237064,6,'33FVV3AML85K02X1PAH8YJ65',NULL,NULL,'4IW','5IVOCHFF358FK63U19968Y0Q4ZH09L59415Q9NM850K1699FN268R',1,NULL),(2230246203,'4ZEK73G7DF',412423802,NULL,'','','1YG1MJ3NT204J532O5L','RP65I3JP5N7984SER0525HEBX06DZ3DH2306CP9Q7R6Y18F09W1KB7MO',-586544394,NULL,-899623681,'3Z5BL1','','U8S59','626SLD5K1N14K8',NULL,0,'9751J149AK0'),(2230246204,'UU8YJ0Q97Z2U1W229Q3D997621395',1604338513,'YFHQ78SHQQA5ZO9NS53LV','80H24010X9PX9LR4WH0S3E9IV9HRPB3Y1MD40VG87W6EVTDXWRAOK4J016XRN0WY93PGK4548ZDK3860',NULL,'9HNQ26U22W0246','M4257AEXBPH8K988UI92R1C0RC333F55UV8A4ZAB9IPY7WTBM708G21L1UDRRPF5AYZ0K4KMV5',-1172368313,-1198760351,792,'HM','477JL5637','47P','04PS3Z960OQ5P9Y8','I58ROZUJLZ3188QJ5JA9710WS3NZY4NO3H3C2AZ481I32NF',1,'5'),(2643562506,'543V899T',944483600,'26135U34TP4872DK36JL3THJO9N18','RSNWNB','0P9',NULL,'9P1D2BP9WT170Q0O8504444Z42Q80AX2ZB2',-25074644,-1203000048,-233441805,'I9T4','V97992PGUN','T9V9',NULL,'J49',0,'01XQUY6O9H79562HA167'),(2643562507,'25034',39,'J16BBFL4809Z869N647UOA','H','AZM2TK1G7','','MA86LG5M2T7W316915VI78L6708R6',-1107773120,3998,-1667503091,NULL,'','8JJREW','P847FXTT88872488Z3K9Y67L2W9HJD486NEIE080J476LQ74600CNM5AKO40D9Z','MQ1VE771GQ',0,'8IA69W'),(2643562508,'X67187E2',522712364,'1054','P4W58H3H2B581L2KUS6L508H888Q3917PXC6XVC9E42Q4M81B8','9BFDWL0PR2YFR1NHP2HWL3B020L36',NULL,'X8Z2Q30D06I73',-2135634854,-1624771284,-1809736494,'','L9051Y','HZIJ6242','O2G8209ZZT4','RMBBWZO4140V06C1FM512HRZ5394CZRO0MNJR8IMT4MVWV64JQ5HE685OI70YT730YDQ5758W7E75',1,'39L5390Q279KS2AF8XC'),(2643562509,'TF299ZEMI517DZ1V2S3XFT6HYUZ2YNH5B2M1905Y2SP8D5S',2140307818,'',NULL,'TXG96I55L4252',NULL,'93D9G2918UJXKCYMWT1G5',-817462458,-251932598,NULL,'OR9','3E3BO3','N3W0K0JI0467AHB75582O75Y2WQ6',NULL,NULL,0,NULL),(2643562510,'Q55P679Y4037E647V85F49ZYOR24E9RN1P8C043PWQ202SH5Q28W9W8EF8',620,'7VA2','','3IU7G99X2869RKS4798IK','2UATN50',NULL,-1239372278,-531,-71,'6UIW8NMF6XHJWA24E','4B333F44R15WJE',NULL,'2QNJ23097J2O5ZM',NULL,0,''),(2643562511,'FLFUS6C2T6WQ1LI2KGUR',5229,'TSTI85X87GH849DMPD8PVE915S0I0VG01694U09H23IGET18716348652U0O',NULL,NULL,'T59G5U9G204780U4TR394W4457E8BXAN','1QH8DZ',-1062900041,-1218,-93,'W195','','','R2QJ58UYWI','KXNQ',0,NULL),(3073059237,'455D06B903S8MBTR55B9YY8265P2XHU60067H98N733FZC8W',1253644538,NULL,'A2H5EV91','4P61P72CJ22DKC57WY8JJ11LP','','DVP6H1KJIVAH6OW1W0X3S0Y2Y7IOIL4J',-422926967,-893839110,623,'653MRB',NULL,'72Q','','Z82Y6H18EBCC82SY658',0,'X'),(3073059238,'E1',1947182856,'LIZPIIO','','','6Z','3KLZK0VR4',-1787997871,-200300792,-262780371,'7',NULL,'Q','A1KNGV878MW98CHB6LYMJH3HZYTQRHKGX20D78V','3S',1,'3'),(3073059239,'182NB41AH5A20BFJW7ONLT',1895551050,'7867R2YV2ILPR2FR4OP071I9X96G3NT4R85C12292',NULL,'18','6B495O3R','7PMO65SL5CFF1P266UU0A9L6EX547HV73BA4RJZ9U0VZ8AY8O32BAICJ7P81X6336DGLMAKR8F2IJ96637U9Y7OGM5K642J',14,-98,-870,'K611','8','U2OB11CBVDYV','C864X7T4W395AO69RE608J5864E07','',0,'UQ85F4EYA9HAR'),(3073059240,'324AH0B146JQPFWG71BY9M8PDLVT74DYN62',72,NULL,NULL,'F33LTUB3WTB0P38QF249998F5XS3J0F6R009R92P5348C843BW4X2HC70QEPM9C827ZO3XI2108P8C249Q61MZ6L23GCV5J7P','','68664ZHDN5V06XS9606VAQF31',8996,-1953378355,-1986902926,'','1','2XT8C8781LK','IG15SCUV7KGU7','139JFV9AYFL',0,NULL),(3073059241,'HN3J0444NUIG',1161908097,'215UHGN7F9TH3B59J4K5V4M9V0MCD9644Y886597N458QVGEK2U6HI78JP5200479WD',NULL,NULL,'735BRYWVCOS2VJ89TH','27Y9C89C58',-515120923,-939300406,-1468111427,'',NULL,'056','D84AZ41RVBY5D1TSII0NL35P7EQD3T5K1EG9T963TX0F2O66PKJ215ZZ8Q3VH8E54926RDS0H0Z8MHPOFHSMZRV6','NTAJ5E0C99G2KUKY009GYW66OH86M7Y3L9283W05F301HPX48TH7',0,NULL),(3073059242,'I1H1K79BTC9083PR3J7N4H5IDUDWW120YRIK9ZGB7GRLUWB0VMAYLO9T2A64UU70D6QLO7710XU05Q78L607WR34GG527MI3W07K1HV2F96681D7',948723297,NULL,'','O4IAZ9JFS5A41T5HM33KAQ576K2DN9ZVI590H82IIPD53MDUN8K1TCH5MH4H09PIA8C4WN6101KY4UY15IAR7QKF','WU1','',-96,NULL,-14,'','W9R2V5AW2P7X','G','G7ZM9PA9S9RL9K3723P8A9VG1U1876X3CFR4XQY44MOR7684L3IV91WCV3SNX740795086I15YP5C0630CV7BV','DB2KJ672G0ZF3NKP4LTTV7D1X3Y2H29YK9VQ6WTJQG7ROE8T55731PSA7Y3629L56097RM',0,NULL),(3735160584,'M78NC6Q5QMB333YC098LJ17',8115,NULL,'QKSY5NRC9BB902EMQ0E6K0I7Z035J6AG1QPUM73YH769YC','Q8EW266M15YB214C','Q8M939D0XH5UPM75CBL12O574WK3G2XK4QH6','',0,-985575551,-2118006753,NULL,NULL,'','D85C42','C871JE3HJ83U7H787ZA1S407X3U47SIIZO9PA9561608IADWT32H928TEGUVIL040LXKR3M78Z2UU',0,''),(3735160585,'P5HFBZ2Z1A',807625098,'72X3LMI84K0828T6T747NUU64QICVS50F2722WPFV2YYZ65L98HYBSC7KP6TJE8B343','3S740Q791V5M25AJL42IO425P6B6R8KF89V','',NULL,'O872CP',-651682761,6,-901151236,'D640I','P3C8','2PM3I',NULL,'1SJ66V4S49B64O4RV030',0,NULL),(3735160586,'8041',347,'U8A9417NB60XNM8','EL070AE7I8X4Q27YX74035MS7QS779C45T6843UB6013YU1PD74MKMEN947NL5N747EJ81H0KN0CA2YY7','6OU32YGV4A8W48GV1532P2MOK39YD823P4797567536918QHB8027THN41SB5708RRPHU2','','',-1626512622,-379175548,-830701300,'04','','9A91730HN','','874GW1928IFG8DAA159UZ3K6K35SSIMF45IZT11114KKJI02W5SI',0,''),(4164657309,'94VY6MCD9F361Z0M6M234YYF962',791395489,'3C0KUIC8ISAUTBGR','JW236I788G','D645616MOH1SO73B7NDY1V494Z6','N2FXIW4XL8QC','F8K',-341471305,-7175830,-1703430748,NULL,'Q','4','D39371X580FQF97XB6NB7DJP44A3IFVJ12QHAFVK5DF8315Q3T0W9JD7515Q1VQ1TC127','',0,''),(4164657310,'5',1218,'QD2E','MXVVE6NN2H3I','89XV9LN6POTHSSDTF7LI44FKLEHG','','3A01EN4552KKXOKMKY69T66',-1160971136,-1790542761,-291382724,NULL,'HO5J6L9394Z','',NULL,'',1,''),(4164657311,'4ZORHGRZ045V0Y8B4SB51D77G6255CXCCO',1534436783,'','T302D54U9KBF91I8EP0','3V0N7H3M25N855T75N7EZR','9','AY',-946210450,-522,226,'PU3','F36','N08D','0M466BWP54PHH4','R84K7T4I',1,''),(4294967295,'802GK58F806JK23KN7304V24244GJK99584YSJ0ZH22FJ329C6IA5PZLL094OKQF34T6X47HM7XP8HRZSY4E2EJ',7,'',NULL,'',NULL,'HA7L86QYR6R3',-1072403111,7,NULL,'SU52','K89P8XHLLGS7I','G736',NULL,'JJDCI48SV2G4Y135D6YQEJ37XC040ABO4229Q7U0',0,'AO4KIM4I8H48');
/*!40000 ALTER TABLE `btexpressentrylist` ENABLE KEYS */;
UNLOCK TABLES;

--
-- Dumping data for table `btexpressform`
--

LOCK TABLES `btexpressform` WRITE;
/*!40000 ALTER TABLE `btexpressform` DISABLE KEYS */;
INSERT INTO `btexpressform` VALUES (261681815,'15','',NULL,1,'F4GERL367EL4703MJ3EUE32599NQ5ZPAV',-1778905389,0,9601,'XA7EG75E',NULL,-1044158171),(261681816,'UF039V','','',0,'BF6K54K6KKZ34AWQ72NMXWA3QLFM1V3H01W',-359094254,0,994258979,'EOOV383IH079922838L39TV1ML121WY62O18V',-1142226468,-1548064920),(261681817,'WGV19I1MZPWSWI02461CROA822K1BU1',NULL,'',0,NULL,-230316088,1,338926674,'67I59BHHI92H41R7NQ',-859087012,NULL),(691178545,'59',NULL,'WY204WTY',1,'592LZJ2N7QW2136A9L469T750',-1275277610,NULL,NULL,'08LL09UXF2CM752ITT7A2U61X83O5521M8L',-1483644771,-514086528),(691178546,'',NULL,'XS62J4',0,'',-1768373190,0,2010047705,'W60S52K22M5XG97YF644GHV6L99330K6',-553379568,4),(691178547,'0NJDB1','','7AD1B99CEK',1,'YWLV9563BY16RNDE08GTOWXO972K5VXQ8ZHGHN0B70HX0Q47QEM821HN7I75Y6PDIQ1BOGZKG06PF13K803R7CT6IM8K',-562054074,0,322096556,'80ZP4503K',-1888931813,-1625911001),(1044512519,'34X','','706C65853H5UG1UFK428WS6R25657L07VJK9WFE0HM13PJOX06KT44230XZ19BN3U5RXB',0,'0WTVM0A7JR6XS1J417P7RLFB9KC',-1462148529,1,27294560,'4NXV5DSV380T875K7A8V05Q12980BVD8FEL9OE02J3327SC',-2055760128,-1131823164),(1044512520,'6P9','6I89A102','2W73577G1Y',0,'4K11C0S61G8PD491QZZWA6H29UQC9145276L346689R18879Y70DMHV7WOQ884919LIG57RM57TB1ZAN',-702697889,1,297222810,'2A037602N4JHIP7A5YD2N8B7KI3IAG324FCGQ4V',366,109),(1044512521,'9P86HLW8335','2CMRD4','050M',0,'',-383205936,1,2108605049,NULL,-957159279,-9733),(1044512522,NULL,'Z61KYXA59F4Y88T3LBK3LX22S','3622JHWE7Z33HSTNPD',0,'Z6ZS3BRTXHL0PJS4YYO87K34V136WLH17J',-2066524389,1,1598905319,'2XL7WJSY73XB66P643U0TIE879EC70BX10ZT30189EW',-347970618,-1034867909),(1474009250,'05VTE','L7G2ID112GECC6C1Z3J747EFQ765J805F','',0,'',-132184284,0,573844753,'9I',5498,-28),(1474009251,'04543P77UL','6MRMEC2D7V2QW4G52S7861A877NDX2LEE802IU4KKS2C77594EHW5U9D4BY811','',0,'',-2016451857,1,612931732,'IQU8AX8HRQKCXN0K8Q5W11VABT4JZJI3DE94R603884UH91',-709327514,-1868333425),(1474009252,'','D9K9A9D92K',NULL,1,'2R3BK32W88V6G4R60JBI98N0838JL6P6YH9940UD2J8U6F4094YEC87BO9',-807742546,1,1516960421,'K7A7AGS',-2106240890,-28),(1793871458,'0U9YU','2OB','',0,NULL,-1835241262,1,1821503053,'OWY6J4OE8T',-573246028,NULL),(1793871459,'1','0E3P5Z0FT2WWN68OSP7516W9H4R3W8',NULL,1,NULL,-678534574,0,1557493763,'',-1437824012,1858),(1793871460,'T6W4L','233C1F8QA',NULL,1,'956M57Z8JL2H',-1181185421,1,1,'Y9751YPFPN0Q2XP91GUI',0,-1133717535),(1793871461,NULL,NULL,NULL,0,'',81,1,2147421698,'ON44284SW14BI8CHM8TYU2UN3Q',NULL,-1894372),(1793871462,'I11Y','7H7L4C9H87MVV247TZ7EF0480D5CI2','H5DLO12E8M0A',0,'2CY1R7XPUA0B140O1',-1170352080,1,1239749919,'SB918G1Y8O3DQ0',-97638127,-1149647019),(1793871463,'286PP560N0B908VO1NK','3L040MXAS726B4709Z4M72876L3VHO7XRJMC8U413UGM6154F629R2E0KK1PX66HL997B','R20TM1U708N108603F',1,'7Z8QL8Q1WBEI194W4',-747862628,0,1895091037,'6NAX13PCL3844J98821G4BZT85HMU900Y359V7000335454W346GE0657VO32IS28591Z5QQ169KWFZKS96U36L12YBIN63E6FVBO2',-1712373713,-737241719),(1793871464,'J7VBL0J',NULL,'4S',1,'5799786MO8QR9WYL1453DR148KQ1',565,1,677498363,'Q73SCQ0QD4',-1401959390,-64),(2223368189,'50UN','2654KKX1XUFG26641HOK4O',NULL,1,'',-1017449649,0,92,'5XXAZ92EGN2HDL4QK39ZP',NULL,-1660841626),(2223368190,NULL,NULL,'',0,NULL,NULL,NULL,NULL,'VJM636JG',-452510885,7325),(2223368191,NULL,NULL,'',1,'',NULL,NULL,NULL,'X66',-1282905664,-1262655366),(2223368192,'LRR8N8IX',NULL,NULL,1,NULL,-1862740524,0,1051765616,'V45IYFJPHK7SO9GUPDZO',-2102993660,-659483862),(2223368193,'','EW',NULL,1,'D0366N16S8DU5CU9H28J49H65567BN8648DRSG1GOBLUE71I1',-165124516,0,857202617,'KKKD50B23JB89H50KNQU28J25',NULL,-982797432),(2223368194,'7S57','O6EP1R317W','TL6510XT6D8B821R8M21V179J',0,NULL,-148927130,0,34,'ZCTQQ07EZW3L02144B5WL83X24ER361JT778K89I',-975389710,-786895441),(2223368195,'HY2','4VNJB9H0SM2AUCQE6357J7LSBXS8GWB7J8','55YYKA1D3RB06R87CFU4LP346KRA75PJC926NPZ4AHD4PJ568R85NF99R370H3D8Q2B8V29U2ZZ2G842S833C878GNTP016A8LW2X7V917EG9K9MAN6E36Y3Q2FSP7648AD6Y1UVZIONX',0,NULL,-1050626662,1,1690341125,'TEKIC1SO98HL3AVOM80Q5YOBB733EZSA1502XE2CYPSWLI32QV0G1S8Z7J5NX44HOF520I28A',-866840570,4),(2987715278,'CJ085808','8I40XD196S9VO0YB94OL49NL','03FW76830YB1G9M5N8Y943WS2ABU9JU5037279FR9RZ6T307XOH54',0,NULL,-1182721774,0,1836550506,'89VEI699ZX14Y2G02558218PN0LIPDB38949VP9Q4YO0PKLEHQJLS23V21AE750XP3Z409N0M7S4',-1718974838,NULL),(2987715279,'X',NULL,'',1,'',491,1,1530610497,'TH',-915889345,-1660341064),(2987715280,'','','O3883H78NG8E',1,'55F4',-287434671,1,561663858,'87A7I4C71H46887MB669A60N8B2Y360269U591ESC3N6',-901513486,-528338586),(2987715281,'OTL7CG9Z','5MX27950CDM1A7399NAQ0L9DPLWLBT93156O8TAA4LF20TQ9ZVX3A320',NULL,1,NULL,-1539185642,0,1229830284,'0UI19F9UDA6',NULL,NULL),(2987715282,NULL,'3100W3KAZH87W5IW4R585845P87UZ70N3GO8L6EY1283QIX407A7','71JI6IFPM9L6Z2KX',1,'U',-1374061127,0,122692417,'P6',-43035611,-2055745369),(2987715283,'16RM7','','55G20KT',1,'77C17UR3C15O8376983I488GL8EDD020',-1178965279,0,858921669,'4W6UC1TA4OFAATWEW619AQD8E71B4XDD3984ZHDNR585',-959773731,-1384092772),(2987715284,NULL,NULL,'U59K4Q45G50R6MCBX',0,'TO5C80',NULL,1,77,'',-1127039550,-99494358),(3417212009,'D1M2Q','N2527R87OPRBOS7571CZ8G866ZXVC93K2A811IJ7CWYLU279FWT44XU','8025013JU8OTNJJ951J',1,NULL,-57,0,279615527,NULL,-567755427,NULL),(3417212010,'','','N8784J91',1,NULL,-13206606,0,1009310532,'8FDOG6XK88Z5AZVJOR5U8HRN2R7B7DE02P63E0D8C7ZO2VP5F8PH3J910P84Z5924XTZOQLPJ1Y2FVH63KR3BR16KW537N8ZCE40Q5LYQVET',-14375860,-734316781),(3417212011,'3AIC','MJ54510B71VFAZW6JIRN01Q2H937H','1W4YP3W45M4R20HPA575WY1KQ5Y7JW3H29UZDZ',0,'',-381234936,1,871566562,'G3370S8R8YEB8UM319J0SL43N90SZ9M7',-1870587854,5774),(3417212012,'8ZJ','RZ4189OY774R8','99907WL',0,NULL,-1160042636,1,423,'3R849V58SZTVPKJ7O41814049615S27319E40KVG9C66KGW1P41',4,-1819585815),(3417212013,'IV75',NULL,NULL,0,'VVSO4J42X6ZK0G1VE1TYF0',-249050653,1,1,'05DWCH1P0V15V06CAD7D8G28PJ059439ZB6J3WHW',69,-1054413702),(3417212014,'PE','BGU64AYN79CE0621WM4V73K20HTY35W0L','DU4M6DK942MXM00X24Z3',0,'C5JH84BNO63VN9HQ7N7DMB7R70',-828821887,0,1182582228,NULL,-446551306,-660206062),(3417212015,'FVT470','50F5Y49XU4MHEY44WSD','5KH7N2199VOJ5Z37Z6DK',0,'EE3BLD17A8DQM6PBV33Z7WH54SIEF6OS231LL173NTX3U401ON0R2OJBJW2II8WDJ',-1637208641,1,6701,NULL,-829943802,-7),(3745652502,'B',NULL,NULL,0,NULL,6408,NULL,NULL,'5E70T8786M3D',NULL,NULL),(3745652503,NULL,'',NULL,1,'YR4C0SZ15SI',-1831441157,1,1974154013,'6W90B645NVAG5V347',NULL,-846),(3745652504,'07','3R7BZ8','9TA4F51B1',0,'E5J9466LZ0H2S9Z5',4958,0,1657381889,'87EMV',-57363785,896),(3745652505,NULL,NULL,NULL,0,NULL,-1786135770,NULL,NULL,'7XO772DJ',NULL,237),(4175149228,'4R91D7S44PK9',NULL,'2N163G47R7FLJ87BL11WDS85C8UXZMJ8MBU5BMLLZ',1,'',-246011583,NULL,NULL,'8X5MV7JTFO1GMM476T59U7W45S0773QQ',-1266463954,-112276145),(4175149229,'162ZR3','KIT','A68HJ5ZCO52WATGL371',1,'Q7926J3KP8416T01E',36,1,930483769,'CYEQ9',893,-1224126281),(4175149230,'2234WI51','AP2B680I0H5O8K1VZC6PX7AC9XSUD','',1,'',-1190948481,0,1972454255,'N5H91',885,-509),(4175149231,NULL,'','',1,NULL,NULL,0,1109155631,'',-1837292060,-524),(4294967295,'','','',0,NULL,-1863625320,0,29715374,'4R4RAX',-1541457499,NULL);
/*!40000 ALTER TABLE `btexpressform` ENABLE KEYS */;
UNLOCK TABLES;

--
-- Dumping data for table `btexternalform`
--

LOCK TABLES `btexternalform` WRITE;
/*!40000 ALTER TABLE `btexternalform` DISABLE KEYS */;
INSERT INTO `btexternalform` VALUES (455,'30I6243TC'),(456,'36H5W793Q6UI91K4D72BF0920718N384YKU748FS0N9LK173X'),(457,'15V'),(458,'9M2WXK68G34S00PH'),(459,'43IKSTJ4Z9XIIA12YB7V37'),(460,NULL),(429497186,'XL5C4067V6T153K0E9R8LJFX056'),(429497187,'X86WC6R64SPZET360BS8'),(429497188,'B688MZZ21TD86W15NL979S2Q1LV20V85WF2CWY5JL'),(429497189,'T9W2I47BJV3J98X4817KN1V93BD71G6JYM20O8815609J0YMGPS851YM'),(429497190,'1YIQB76X2080RG962B20Z1W8706X0U242R9IOS0H84516'),(1161025459,''),(1161025460,'S3UKQH1F1F36M3E3ZO18X4681233BV0PB2617A3S9E0FEZW045AZAQ87DCIF73R7PW14'),(1161025461,'34P83KOF137CQ'),(1590522189,'D5CZ7UV939G8677U7R3K1ZDI4J'),(1590522190,'R7AGX7CAD4TDB6Z9P451ZP7N38MDS25NEGSABYI0PE386M5TZBS7930Q46517DLQ9G5BM18XX7UY6B5UR2'),(1590522191,'B'),(2078213797,'T91I1V3F1DLJC387341VA445D6VK38C536C594Y5094Y98BDT8M7YCW253KD8DT24'),(2078213798,'1U8W85B78MQ8PF1R1K8B843BB3F0LS90OX8FQLXTBZBU7V3PS412U3LKRCKZGQ0TK70ZT5Y674TM828Y2957V7LP26ZQMK2'),(2078213799,'NGM5VPN3JF980T3B'),(2078213800,NULL),(2507710527,'6'),(2507710528,'JV97FDP2OCM881Y21MLFQX4TWB78OBVHC5KF53A549DJT'),(2507710529,NULL),(2507710530,NULL),(2951273870,'9Z35C96IT6XCRE9FJ3MFW'),(2951273871,'K2QG6365Z6506204PZJG1H62O'),(2951273872,''),(3380770600,'39U'),(3380770601,'36'),(3380770602,'7JVA2L6XDI4GC3D28D5S1GT7E64DTCF566E4W7M8W6P4JDN2F46UQG98Z5CKU77Y44TEUQ84BR2048977EL71W00ZD78UJP1H9WPG2MLSOD8S6FGDFT48H3FA0JL0E0L'),(3380770603,''),(3633833958,NULL),(3633833959,'272UFP4MV7H944'),(3633833960,'EKMP5MHK1OK8196U7KGRY25U6C59X3W83A2N35WGQ5L1S869OOK1L0U5'),(3633833961,'AQZ815ESLTD4M26A0Y51A5K19A6047EX4Y8R338ZCB8US03O'),(3633833962,NULL),(3633833963,'T89OT0C0G16XZYY855IM6ZVF'),(3633833964,'TAS7MYA00Q8YNB6MQW247PVS925P4UUP3H14U38Q76UQSB78S8KI7E8B2'),(3633833965,'M3L90D7X4G17CWNG9C561347NMUV1KC3MKG3F848'),(4063330683,''),(4063330684,'BYK36KNEG77A91ZI3F4AD1R6X1'),(4063330685,'I6PNJXTFLZ05291DZ1P7JQM9B9I13OV7J88ORC3Z675ILTI681HR4T0X8RN4EZ549056QPAK7VW7'),(4063330686,'471SZ30K9N7540F1LWYSTULM3'),(4063330687,'D794DO1QE2KVO8404RIBYBB191WX2'),(4063330688,'61W5Q793M'),(4063330689,'9D41R12Y70MP691GBP'),(4063330690,'DS9K6XH8S'),(4063330691,'D5EBEVBV20EDK19C5Q1YME9'),(4294967295,NULL);
/*!40000 ALTER TABLE `btexternalform` ENABLE KEYS */;
UNLOCK TABLES;

--
-- Dumping data for table `btfaq`
--

LOCK TABLES `btfaq` WRITE;
/*!40000 ALTER TABLE `btfaq` DISABLE KEYS */;
INSERT INTO `btfaq` VALUES (3,'RZ67CUX048UP8X56C0L0F894W73109948NSN3L3O15SUF63201210IC04IF936VHJ6'),(4,'P9'),(5,'S353PU2HVE52'),(6,'A01GYA5L2H306'),(7,NULL),(8,'WZQ2N0N7HV328T9Z2MIG94ACRB2M7L01TNXZ0UK85NDJ834X0S'),(429496734,'3S5K3692R85FWTP956RYD3ML7'),(429496735,NULL),(429496736,NULL),(429496737,'SV63RQ6TZ83RH6GJW3I8SE14WY8LMFQWZ3M'),(429496738,'0'),(429496739,'5UX9ALJB8L37W5T611DXI8N246313B21WUCWR72857AQX3S1YO1I96DKLALWM616KSHO15O11X0G1K7934FEBF9X6W91ZC3RNXZDZ7Z8L3B5173YH9IZ78HPP85C678354G09VQ48R2WM8UYOWVG488'),(1109585144,'6YDC4D14F17YI899T3N1803TRDT186B50634F9AYA04K397QFK3B4YIP16RZ1F4BF835E8Y6ZL1HS26CI65VO1F0I62597FSL83G24730B6A613IO99N354ONUHKOS9S443GM7VN6Q29S8A1OJYCWN96'),(1109585145,''),(1109585146,'LOZ6J4R329SYT85Y73DZQ4KS7LHMKF18B26'),(1109585147,'3AY4E'),(1539081874,'3F93X963N52V'),(1539081875,'M7L3271PJYPA9ZEUGD'),(1539081876,'Y95T1639SW0V9I70C3HN814SP5ZZ64YU0A37C9'),(1539081877,''),(1780217396,'6Q9BTMIR81C584UOJY3K7T92VD1JL3LI01VUG8ZS7O'),(1780217397,'XK5D'),(1780217398,'7IIQUYN5T9'),(1780217399,NULL),(1780217400,''),(1780217401,''),(2209714127,''),(2209714128,NULL),(2209714129,'O1CC07'),(2209714130,'66WE2F49Q434XYYHIB5N4HR0J76PF7339'),(2209714131,NULL),(2997031888,'39S92IO7254TJ5UY7AD990DG652L975V3KQW224W3V6'),(2997031889,''),(2997031890,''),(2997031891,'9WHN84XYI'),(2997031892,NULL),(3426528618,'OFBX10UG4WO7IH86E43W'),(3426528619,NULL),(3426528620,NULL),(3426528621,NULL),(3426528622,'8Y5P7889Y9F0H3S4I1315L2FFM39TS802GS496LQB29KS91X3192PT3QIPP396O8'),(3534641483,'VR902W1JX8O3ABOCME622R3'),(3534641484,''),(3534641485,'1C43G6BVA15552160QOL3F5JQ224Q157828C2K8H6I9I5P5LP54P5Z2W18WP8UI2VJCDFHLF092D221213TTV12WYJ3T6QV3SB4P'),(3534641486,NULL),(3964138209,'21SLD045I422825NYV32N5A2UIAW50UU5KHA1ZEMYN285HK92R9L54R6'),(3964138210,'CWRR1I3H92348902A7NZ3T43036NN06FE8PTL1ZH4F6UEV2AET6E7K2PT08W60PKF653131Y511L7MX9UKQY97K2H2V1'),(3964138211,'8UT1TBF9392'),(3964138212,'M991ZNP'),(4294967295,'1GM4707G04PMVK18H2K75Q43H5G88817EDP4D92182YO7G6T911PH0M90MH33N0J10K');
/*!40000 ALTER TABLE `btfaq` ENABLE KEYS */;
UNLOCK TABLES;

--
-- Dumping data for table `btfaqentries`
--

LOCK TABLES `btfaqentries` WRITE;
/*!40000 ALTER TABLE `btfaqentries` DISABLE KEYS */;
INSERT INTO `btfaqentries` VALUES (160719726,253,'V','9K',-1415018096,'Z3X77ANX'),(160719727,9,NULL,'',NULL,''),(160719728,88,NULL,'LSQ430XX80H18NZT2Y565U81S6',829,'216D87GPA8Q4N46FW563HHSD253LZ'),(160719729,918762000,'','180J2W87V4B7K5R',-549824913,'9NX643A0NGY65633'),(160719730,657771226,'OMSWH188QFY66309470A682','7F039ZHRTEC14190R167C15HWW1734736M9LFS3CP4RA0M4VJO918SHZH4533J32030E1E1572HQ6GD9RE9',-1507628170,'1C40BLR'),(160719731,2013165051,'Y026HZU432E939G2XSXPL182','78YP00A9Q4NHMV873OW2Z1SG5617UP8PW984XQ8VR5TNAIRKVA5Q4MH3N',-796714126,'Q9X1367ZRFCH9HD'),(590216457,1447711862,'0ZI37X','J41064922VHC95H76536LN78D576OD',-207965850,'R6K5V10Y82HJ74W37J'),(590216458,748673169,'4D61M6Z5Y1K0837','9BD46RO641STF3',9931,NULL),(590216459,1438161078,NULL,'7Z1CL4E4GWML59P93QDM76OPM4R7QG2O53GNE5TY4PFN17I3FBOASP7506B90XG4L2962395XUUTA7XC0YO2S57I2E8VWUZ611T815WOI6H8X33F94331E98S2X8JPWU0D475BSRM72C15',-1365996017,'0G7B2Z63G9R4MWGB70197T3Y33VHOG26B6DUU8211LLAMK7KB04'),(590216460,1381970275,'1347X6PI8I57BIJ8UG4045V4C7CELN184568XW0PZ0SZC42USEG','I7ZX',-1406738613,'242NR03N'),(590216461,1953255246,'7USZKV1D434SS5PW8FIPI3MM70MUUHZN','5',-1661629550,''),(590216462,535,'8ENUA3','HIFIJRZ171IZ8R3M901CI7CVJO845CR49',-41561621,''),(951857336,896248409,'VS6F2U88V6HBI431T1401DD1OI1OSPM51WR417DR8N','Y0VYEB0NSW',-780323096,''),(951857337,3,NULL,'53RQ18',-7,'1U63361EJ4NU5F406R'),(951857338,14,'','14',-330563401,'2M2FZU2NV71AZTALE5GX6YK3L85H17PHT15WDPD77LL6KCAPPVNY61912N5JURJQD8XH'),(951857339,1576786404,'9850I9J12PFWLF3943ZU9W7XE9Z5BO385KZ42C5RG','760U191E6M5F985XMUJ82N8984FUV275A3PF2',-1450922201,'3441V0S7E8QE6VW6A35018CU8BS3Z2H97NOD4OR9P'),(951857340,172097197,'9HVIR0EHI84NE2IE5UV9QEJ4K','FMHV8C092',-596666086,'9RLH8L8H'),(1381354067,391,NULL,'24O68G459MJ24BT62616I0Y3X5F1H7BK4UBPOA01CH',-1913089792,''),(1381354068,NULL,'6HF0DH77',NULL,-111295708,'XK5A'),(1381354069,2032097780,'F580F2XB9C40EV14','MYMEG2A4Q80OX56XMO30D1J6P9VF3BM50PVLN8MIG59TTA94L87MF',-527455419,''),(1381354070,116926189,NULL,'2ER8',-934498999,NULL),(1381354071,9,'3C2642589B81009RS4Q2B3EAREB87B6B','T5S7C24AGZ7QJ',-1420353097,'6C35BG64J5Y14A8661FV557LMSSE740REXB39TK1N6TM9GW3823P68N9KUIX79G399X672005M4Q390'),(1861441848,811,'YN',NULL,-114897442,''),(1861441849,1817033131,'6ZH3GIQ8J31SXY14Q7A5D3H2166A18QN1QA','7PF8VK',-462,'B1BT0QXRJ'),(1861441850,1805613833,'','',60,'A3062N93EV'),(1861441851,63,'V24698UO8C0Z0YA9VE76Y803P52OEQ5Q6B5K3X378EQ2UGHYYVSY5972ARNIVM72G3LWF9I3FNQP748OU','6J8JCTEQ855Z4V924X536668H80Z3NP991227N5DAZVY1U33J071B8108BT',-827907666,'KS3V02VZC7YEI852GB0BTXE55426VN9FJ2ZR6'),(2290938578,513058087,'','',-6150,NULL),(2290938579,87847097,'','',927,'V757U6145B1I46I286XHJUX'),(2290938580,14,'','BQW6JIF9Y5EO742RQ',-1290569948,'R3NKX1Y05K2X9DT3AG4JSJKRO26GN19LC5WHEXQ757XV23UZ3393G5EH893N6H3415466QQ1882D072QG'),(2290938581,8989,'B6X3X202I8','9DUM33J24FO2Q0GNRLSX25S',-319175945,'4NAL7ZS4FK977'),(2290938582,1693661107,'3E5S5HRZ2V18RAP','659OF3F0LH84W7GR4GV9B2',-1275739819,'S5164647'),(2866348666,777308082,'CG5JW8ALQ51NJKJLA','6HU99Q',-1428308778,'E565R7V76Y4N2ECKP58Z36XGD6XJY0IN4YI64R4Z84IHN8R306056FTZ618MC'),(2866348667,1565842441,NULL,'TAJC437B',7313,'Z865N8IFMV930OZ3NL3D1F44RTU42EDV02C41HFEQ7985F0410TTY4DAE072ZV70L7622BC9LS'),(2866348668,793,'PH0LG9PAU6M45TQJRAFQ4152VQ5RF8MHPJI4FXX7T789PD90D2TL34Y5OQ38LJ2T11Z8S5FPF4','H3DT5T6E8152D9C0JBK7MTQ51LGNF533O98',-649739345,'0'),(2866348669,200259603,'7N27135IZ75KW98D43','P48GYODCBH17XDD4433T5SR458IBGNH645L6AE522L42M16FB8DOB2K067G9L4ZCUPUD1',-111537507,'8X719D62JNK3MV48W0EAG91JZG31J9HS3H82TD7MGU5BS2J306WZ7EZ6XMC198'),(2866348670,875173391,NULL,'O',-1361297373,'20TJ8627877617J6360WG9LJQ25T8SN3A1M8DNA603CG91T6GJB7951OMJOI9V2'),(2866348671,1113217882,'I54','PM6N5CJG67J9P69767',-640892587,'VS7648U56C73L27118HP0ERX333YG94LQ3TC4Q01122OM8J3SF'),(3295845396,38737394,'0M86OAIV88M9F088L8SZ6Y4732377BX182I9E00QP8VH79I662311IZ91979','7U',-930820850,NULL),(3295845397,1277143615,'695JOV4','D1Z63M296N8',-104081383,'L3TQ146F94D8BZK'),(3295845398,NULL,NULL,NULL,0,'67K9Z86U0U25'),(3295845399,1096351806,'','RVK4CA81WZ8TS9QL36N6R7ZI7B88BV6BPO',-1731323937,NULL),(3295845400,930883090,'78LFLDB6839','EFMC1UZNC1PF3O79TB5R16M15X2',-1898537646,'706379'),(3295845401,652065483,'991','JC0ITTTK43TS2067614KE4',-2108088398,NULL),(3715958937,4,NULL,'I4Y0AU259NX4X00',NULL,'120ZI5865XW1QG04PH8W95BR060653K41F9P7B383NL04Q8ISH'),(3715958938,537027735,'J117651977D5G387','1YH90YB82H0825LAPP16RL34',-682454207,'282093M659P'),(3715958939,163779859,'7O16R83S97T45I553SY116L','16267E87W0OG7KG160T',-137,'41ZNI36'),(4145455662,657221748,'EV3N2D1I98U7WZ8HSF75','UW134GZ78P8LN4R3614J84X32Z98RM1',-798222696,'QB3A3'),(4145455663,1896942079,'XUN6CZZ2492G17TX5U26995ZT','9N58ZRB0VU3R6968',-1872405904,'F57770GCY7J8G95'),(4145455664,116227921,'','Y84',-81,'77HBT6832F5MLD2RZ2V7H69LQVY05X8YVP2CSBOWO56'),(4294967295,909077426,'',NULL,-5559216,NULL);
/*!40000 ALTER TABLE `btfaqentries` ENABLE KEYS */;
UNLOCK TABLES;

--
-- Dumping data for table `btfeature`
--

LOCK TABLES `btfeature` WRITE;
/*!40000 ALTER TABLE `btfeature` DISABLE KEYS */;
INSERT INTO `btfeature` VALUES (8252,'','905U922V64B85674C2V3WD1I7WQ22F75RA1T497','E408XD5WQYO00L8QIS3YU8B34XQALA3TVK0','C3IV9SM1A5X5T2099BU037O0221T6N95447D9',243),(8253,'IEREZ0M0IN66231H5D4NY11Q9Z2SACY8M22T1J','3H24EXJNN','DF67D429B3','YRCT4S',1914792495),(8254,NULL,'','553GUGB04YL565','PKBW568RKF',823),(8255,'QY2PE9MUYPB868IXM94S6XQ5KUZ8ICF19S5MD43W4G7H80C1JEW1SP020205Q41JV4SX4L','55187U5IG2QJCXR8PLQ4P9692VIZ0HBHX09S163YSZP6GZ9TR44K3O4GP6EWH05XR9G3Z0DTG50R827GY4HO7M11SAN9R53659HTRQLF3X6Y5WP5R0T8D1215','','67L862N',32),(429504983,'XQ7','4YOBNS9LIS343YW97LUHLV86ZSY210GA11MMRDDPH0U612CY51288O58B33LN101844',NULL,'TAGDEBM5V53GC9T3L96297XO4458806WA42E7V8G',1185051780),(429504984,NULL,'61277JOSK4Z8X4772OD37A564BA247US1C851MAJ035XD1HW11RL036T4BN49435','','21T773KU04M68M6ZK2VAWU3256YBBA30408B1NBR00I2L1E',542147150),(429504985,'','W343JA38K','1QS924H18WRD26S75MND4O93M1O23NHM158CYBY67','CK2',2114797320),(429504986,NULL,'M9S6W8863PDWBZ37884Y83IX','',NULL,1024922486),(903825281,NULL,'9APXL8I7N6CGJ9UP5O0P0BRY2OPQYTLZ1N9P5YO','42P0K98ZV81','L6929AW41T52E222P6862C0691VZA7029MG2J6130155T5S19F2Y3',1125851312),(903825282,NULL,'8','WD900G1V69593356R2C','21O1S6H5U6N125DF0T8L',958521707),(903825283,'EG5','UN3WRQU98L45Z1PW7A0D5SA0','','77819Z167H3Y6T1G',1038963157),(903825284,'ZC4756CKFN4C31R5GUMLSNX9I4516NTQ9',NULL,'','B3O919B9TT9U98661762127ZDK46586I1WB769G4F2IEW8',NULL),(1333322011,'R3G6854LSQLX8KUOR7F7M57272GHL34H9OV5','5353TQBD6E','KOLDRV5F77JV27LXI7MGYFLDW2Z5JZRE32S9ZWNRY5P47Q',NULL,799928476),(1333322012,'','YOHS730KUAW5A9UYA0SK7G','Y7PHN52958W2NLJ5F0E30','',796871086),(1333322013,'UTSFPCYYZ997','85E723MB0',NULL,'',75378217),(1333322014,NULL,'PB352QP983I205796E142I7GJ7Z0GH48W09FU42FORW53Y5UV0P49N76NVE3O','WJ905P34O6G85XFO4KX','23Y974VG5GE9NQZFQB',148),(1333322015,'',NULL,'B0CP99LM8','F9',NULL),(1876723487,'27443JU8FPET4','355V03K0AVE6M66N02CRYCH695C584ZQ14','M933FN384079IQJ8O51646OZH','P8XJG1T54AKU05N18KG64E2MD45K1YUU',951707718),(1876723488,'E1LA196NSL3I87E4C0A7TUUE7QSJUJQY09E91BQ78V4RY4W4N9GEGO0ENB9O9454ZT6DCGDT7X65M0294403K','SB6LQQ18C8JQ3TM97MXGJZ8O80NZRWZR3T8L189OE','','W',1036200109),(1876723489,NULL,'57527GDH86W996878BL2Q7DRG6X585',NULL,'WVNMIGK8B',1334750631),(1876723490,'DT0V1RA4W6','S',NULL,NULL,31),(2306220218,'F0YF1','ZKQ6YJ7Q9RW79M95TPB9','LGP058B968Y8','0SZD8O',201662197),(2306220219,'O2QU3L6Q7513WV5O8ZN6RWBPL7IG1Y6Z5GKQZ265F7','E360V3O84I7GEHF83X8NC94QY105DE23058I021Z','80W39D6AZTJ2RT8Q5R56X2P2H395XW3JH24PN01P29WZAJ6YHIBAZA1T03XAZW900Z5',NULL,1642165896),(2306220220,'N1432Q19QIK4TU4S578OV54I9X29491O4K','I30N7LA0ZT7PY5RUOD7JP07FWYWYRA7PQE82067','S525FA7L2K713D64C465YI6B8E3LHG1TON78P9FV','',1016779505),(2306220221,NULL,NULL,'25HHT70HRLKI7Z541617UEDD49EN7QAH2XMOY2Y6749W5NJBP','4HW96S34GM8U255',NULL),(2750568324,'U2TK3NLM031UWTEH71','M54AKPE68Q7798DPF6Z6CHJ377X54Z59RMPVX96W3VTAM73E','84L8','',223467093),(2750568325,'842T877WT6SJ0ZHFR1K7P9T2','JOKSBQ2YN1K5V272MK80','65863000VT7HHXB2TE5','5PAX',1466953765),(2750568326,NULL,NULL,'R13NQ76T451PZKHRPEQ1','602',38),(2750568327,'5','5J6JNWBHVL4096',NULL,'',2079378775),(2750568328,'','W5X1Z373',NULL,NULL,86),(2750568329,'2578M6','D7W2447T',NULL,NULL,1583991559),(3180065054,'ZQ7C26M3EHHW','043WV0YUG','Z9OP09P4E28','P3IX83G9RT24VA5F5TJ6JB610V',88),(3180065055,'SS5RMW260WST0B7VCUIV63B7F362N','Z8XAU2YDU1IT6UNMY7W6','10XP3XPDWA16G89X914ES623D8BS446Q70','3UO17MCN104SA8IDNR7V',1),(3180065056,'FO58OIVAYPPFYN2H422X4W06A73P1K5X15NFZT0TO684GRA745G5XL','K25H924VU7BSU47D1S9H041S2MHLK8','C90W8','36I0F08D8S0Y6P0DSY1G77E2J10XQ573K172DBW0B3L5NPAKMGSE415HAAVC625CO0C1U9S6JO668W0N0S98H07T30XC332O8132OQB6C5LC332EH',1828897499),(3180065057,'','2M89F9G6M44Y7RN949P','L3R52E2ED8ZSZPJD4R5','7C25FOALJC94E19A1GSLMMW7XE3CC26R998F68CQP69IVB',402),(3180065058,'','V89HAW7056M4E904T51G','3N1GF884','I9828BQCI049W68X4O5PGEEK8',1591621121),(3180065059,'29Y52T81223Q0J1YO9I14553QMK1P78N4QY1','FN77O1YTGUY5OG4N33D4R48CFU8','74K70BH3M5Z0','17X4626E6H045',1722741211),(3567399511,NULL,'LD4B9702T4H7V7FYPHZ2W5A','1S8976D00D978L8LDGDO6RBY6ZM9U3231K6O25214082T3U44IU7T',NULL,2039200473),(3567399512,'','0OBQEJ0I2','88A','JU8565S7KX6X20E2HCJ42L',504521898),(3567399513,NULL,'3OJLW107369N8IW','G8QG5ZM1FI92IZHDZTM8X720FO4C64970277BTAE660UIK2X0C7ZSB6XFL1YL3V',NULL,1287050915),(3567399514,'','',NULL,'Y5722QJJU9R99BN539',911571944),(3567399515,NULL,'AWKM281MP6IPFJTUT8S0E8N947S7K',NULL,'',721175831),(3567399516,'94','C5O1G447S32ZAB2E9S1K1BFWLZGVSG4TLW3784Q26IF8','NYA5K7E7MCFH080Q7HJBF3DYIB9Z53L7PK','',195807265),(3996896236,'0A866BP10063Y67C2040Q9E9K9OYT9Y92MAKC6ISPBU75X57O2J','ZF0K617C7L2J91MW1I','9153C8573R','',1630995627),(3996896237,'82KG7VO07C5EQW049O93L32K2MIHI','O5JM1IQW3FB8JN16QCD22HDER556V1LRQ6E7D6AVB44YW498U1J','65YGXJ8J6O2EHXUO18LQHM37FE7VBL96PU2H3R823AS323CA8SR0M328S3WG9','85X307R6P2DO7BXI6X39QHD5G',1843828093),(3996896238,'4625072L','FJ5Y27PJ5C2U5E6H04N8JL','',NULL,469614054),(3996896239,'CO109XNK6938C2M79874H',NULL,'6WTO450NTP98OR086PJFY09DXKK9DIR9KREZ79U',NULL,NULL),(3996896240,NULL,'NX22TKR2I9PZFZ5J32AQX4RM5Y95YRC1ESXSC8002K7O1R55654L3QL888P23Q49TOR230','53V47V6476D3CQTSQPI6369US2XHL20','GD74ZXWSKEUNM707P628MLXHJ01EGIKMK3W3037',5209),(3996896241,'C0K4QI1FAO38ND444452AJH1KSIQ42SK99FUL4CERS96NI323773M8RD4QB','LWO7GEF8M8Q50WML9FV7V75N36YXDSTO95244J7C4596B1T344U06KKA505S','3TGFVI0AA9','4FW3YX08UIL37BKC1T410JE7NRB8947F807416BRJ007O0N1UEB69Z',361638059),(4294967295,'I0TH877X1C7P16VU5','8RS62RBM3TG2YN5','PNT9K8',NULL,809);
/*!40000 ALTER TABLE `btfeature` ENABLE KEYS */;
UNLOCK TABLES;

--
-- Dumping data for table `btform`
--

LOCK TABLES `btform` WRITE;
/*!40000 ALTER TABLE `btform` DISABLE KEYS */;
INSERT INTO `btform` VALUES (59757638,9939,NULL,'V7F6RJ55240EZH1IJGL85T',NULL,0,'K26O6QPL8OLLM68G5L7',NULL,9939,NULL),(59757639,1303587311,'','','',1,'09R0M4HXZNF535K3AI47R454A502C5B0HGV89IS36ZF8259Q13326',6622,1303587311,-137727778),(59757640,6,'','L','',0,NULL,-54566359,6,3),(489254368,1679748247,'74XVWB5YX0B241','0BJFK237XHP7HOH347420','4VA1P39UR42V49Y918D9D35KR77YT4',1,'1',-3,1679748247,-266257036),(489254369,6376,NULL,'A98X5720A39616814P2T700',NULL,0,'N376Y39C0Z2S541H36R0YENWU98J5T7NGBIUF9',12,6376,-969270370),(489254370,2,NULL,'T9PKT835KWYOF84637AJ4L9AU5K83YD','XD84P5C0IQ3DP3',1,NULL,NULL,2,-323505012),(489254371,1549363861,'','ITL1H6H3WYW1P1ML1ART2489BJXUU1X30O9335ND57OZ216N70PLTI59V4',NULL,0,'JR',-2110763430,1549363861,NULL),(859202104,565710907,NULL,'','HMVJF9',1,'7841159Q17',NULL,565710907,-1927785084),(859202105,2002056662,NULL,'9P51K8YEB5H1BPU88JPYS',NULL,1,'',-1229494964,2002056662,-1384365982),(859202106,1485247328,NULL,'4L0Y0Y','7Z6O434WKM541334N8WOIG9WRME9YJLCEXTD9W6IYCH4L5U',1,'TT4Z0043ME7468S7805HR1L2JH9T3RLRE2UF9O263XRDLFGS6VT9G447A69TCLYD4YFAB741DHTMU364G45343AO2',-923863704,1485247328,-1972808329),(859202107,NULL,'39MDT8R01RQ0EQR6450V9M7KDSI51091LY7GO69394VSA7114R',NULL,'',1,'S387314G2655817Y897I93554R36LK1W',-2006822767,NULL,-4809),(859202108,96,'4X709PB89TBE4E3PWY9K467E95R4C12662Q707G3N','46B4CNS4Z4XIQY9T7G1TO2146SI2UVA57278D8O6HJ7H5B7QQDSH9S574HY901BMC','R1P6905JQH878LB6L9M1XPRC774P46KM7JDMK3X80V9Y9DH51S45K40HU1X',0,NULL,-1674918122,96,-1257970505),(1288698834,34,NULL,NULL,'VWE0V3GXGV5DS6',0,NULL,NULL,34,-232377510),(1288698835,709421796,'ORSK2FF78EWBJU3T5CN6F9LR9938X845JS084GV68G32','','2',1,NULL,-1830525484,709421796,-2012266157),(1288698836,540826455,'D3H5J7137LEMYHU01EB852R6','164I0382496WIV0OMJU0O3R41OH91ZG9','3251CVRU7L134A476XJYS',1,'2DKP9TR1KJN6P6X1N19D670EE1U01IM59',-857099008,540826455,-1582624181),(1288698837,899339300,'J2BMQA4A1981YUP8YKE56THBE7OD88','M1396422',NULL,0,'DO2U1AJ4M1R5Z1BUCRSA1MF1R6YK0N7YDH3037T4758Y1TVLOE9N51CU5B1PVEP8M5DGQBT437961WB0P77115W07A37143240VVU14H61R9',-131,899339300,8),(1288698838,6850,'','49I1QV5W043B23DT2Q41R8105G6L0966R90Q23B9764JI6XC','6R7L286AET3JCZ9WRJC3SZR1ICA69244WKA66LHOUL18L240Z1G349D902XNVG93G2Y4B8CCWMF',0,'',54,6850,4),(1929012237,969,'P34U5CS3RTU6QH0496W590PSN0W5SO11Q9BP7A41LA676U242UW319V14','9BS731B7','8FMY8',0,'B2CS8290',-280942199,969,-1814193372),(1929012238,769,'','W','E',1,'4XMBD4S86NJ4K3B16X87',-865035811,769,-235),(1929012239,NULL,NULL,NULL,'',0,'',NULL,NULL,-1582563053),(1929012240,617699411,'L525','','NF',1,NULL,-1993396761,617699411,-1702390002),(1929012241,164548025,'W11J','QG8R93XSM4MC64H281J','53THD6KQ707XMY2V4',0,'',-1328829179,164548025,-3614),(2358508968,520,'J40T9OWJW80E5NFGR326Y721V341DBBI2F2C735YXDJ6YAK86P5640Z9D5VV6512LE224PP','IYK7743Y0PIK84NGK709611','FAKPQ7M',0,'3NND1Q418VY6N751PO5M663XM8',-494138372,520,-774),(2358508969,NULL,'',NULL,'6677T34JL0OO7929SWK5FN5951K3932X5CE74T572F0BFJ2',0,'',-87450248,NULL,-6964),(2358508970,147,'7080YW90J6','','',0,NULL,-7,147,-1593105068),(2358508971,1896872897,'',NULL,'9YWD9Y2KV7L2J9',1,'NGK25891C3GZ1E23290X90O2A746I9IPTPH31Y4B7',-70554550,1896872897,-293924821),(2744981657,348817590,'66OL7KL65P47RDZO0E3QC8GV23Q2JHXE179362H2R113D34CWB',NULL,'',1,'MDS4KA5Y5SRW4T59N59YST3JMHG0627L',-1929224450,348817590,-794731251),(2744981658,1782496558,'97EV2R041X180P7JENTVZ970Y921K17B6P411Q2ZX5','','2DON24BYNZV81',0,'CH31OE',-79,1782496558,-73),(2744981659,0,'','','43PUAJM5P766VS4344749',0,'Y045I682O937W7K3UR0003771',-517518814,0,-1457887577),(2744981660,61,NULL,'27V65P','',0,'R1H8R8I12I367WSH7K9TS88MP00I24',NULL,61,-754628779),(2744981661,92,'W70X4D03L','CP2122','3',1,'HL3AL1A0776SWW',-2017447903,92,925),(3174478388,1149335507,'4','','G3Y5CK6V4CX9CHE51DQXNU50Y0PHA95JR3RZAPNLFA2MTHQQHJ7P6F1XXR8KK86R7D3RM475WW90A29RP051TTN',0,'L0V8710UOR83',-9,1149335507,-49),(3174478389,1709799834,'197EGJ74B4J2Z5U9QDLA1K',NULL,NULL,1,NULL,-448775271,1709799834,-933340750),(3174478390,868310161,'1S67X2B0P3383Y0C6V9NQ1W96J1ZE6Y7IK','U4LV18H7201JT8PJ4','XGL8TP695PT43MLEXP53',1,NULL,3898,868310161,-390840282),(3174478391,670,NULL,'N62Z89LUF76U2512B93QMIC83DUS9VU5IT8969RQBH7X7CB4P6DT87G98K0G12W3U4L805GHH1P56Y8TA49259J7G28I',NULL,0,NULL,-926490260,670,NULL),(3686298151,1767756900,'7F9OE1WXR59RE9232KM23K6AB0C9NNB3P1TWKM1','2055BAMF19336ICU9230JYEG01G','QO256SI5FJMM1O7LV9N0F1Z6X9QR88TV6CMZZ3WCDKAI9W0',0,'H4F58N0787Q4G3R4VE284Z6X5N61BYDCNC4E37BTQ6G8L651RH9V0TZO8882NR26',-25,1767756900,-564411941),(3686298152,221977863,'L7X997NYNI7YGZ7K',NULL,NULL,1,'',438,221977863,NULL),(3686298153,NULL,'X2Q18PVIT6QCC',NULL,'BD4JG2',0,'63L06E7BI53HPNWQVKB69B468A3DI5W64626QHGPANZ5OMB7VG8Z79754I8U0O82R428P1LA7BS2A835726DHY50VBOL46Q6',-280057396,NULL,-1140618144),(3686298154,1124438346,'','9F2PF29S52CAC8LRP1ZAU58546HI1I','1T1BK2554P82WRJFZWMQX',0,'XJE16I93BJCRW2415LR33KV',500,1124438346,65),(3686298155,553,'FSK5KBD415WG664865MVP4LHU32620Q1NH194JJ8P0F7G6412V06X7A23ZT7UN60R1EM4EA9R1O2832B8G5X2SKO22T0GYP0HYX47P372G0BFOL814Q6VXBMUT0YQ7K358BD6RYVC7GG','X784871LJ6YB0I625EP2ANO091C91',NULL,0,'',489,553,-8709),(3686298156,1886642246,'Z',NULL,'3',0,'',-759263096,1886642246,-453677161),(3686298157,1261290825,NULL,'7Q319','5N71AYI18YQ8D66GY63946951M8HQ',1,'5Q2F9D73UKAFMQD4B46EG95G4FH9LH2T5EXZFR6W4L4317W0X41O3MN5B25I973A5',-746357019,1261290825,431),(4115794876,61,'OCYMGM6160RAQ03',NULL,'1',0,'AUG',155,61,-2007494512),(4115794877,1387423537,'0110LS4AHTEF25434YS3FP3212921OI56D1E5P03L232P7LE8229RNDWG349L6P39H54R181W0492S9977N1MK70917M7LM563F3J4D4G93U62UF8289LDWA59I22V4I4C95LZNZ447HJ4M8W4','K4362N604H9GD6YG8','',1,NULL,9,1387423537,-1506911354),(4115794878,NULL,'WK7XDRO07',NULL,NULL,0,'QAUHQT',-1918391719,NULL,NULL),(4115794879,99,NULL,'9OU95S7A18','',0,'7KROEH6YV9IB5QT96M7GVP297P43503TKO8Z87G17537581KE272T28D9O8Z9CUN2Z6U99XUKM9',-267680749,99,6),(4115794880,1082443761,'5K7T3538QWKEYY2873T6O869ZJU24FJ387','','26CLIE69569334U54',0,'1997SY47L1',-1316806273,1082443761,-50719764),(4115794881,1125392847,NULL,'','QNQ3676F22DHK3',1,'98K8I400759S24U60O706NU656Z',-1308127483,1125392847,-1422),(4115794882,NULL,'21',NULL,'22KA34XGPU',0,'45B356',601,NULL,-98),(4294967295,1,'01MYRA1VG787VV30F0W0AO','EQYDNJ440492T02ABMNI97617F4LRA1613374O7W5W1G20FKN68AF2PKFXO6A9R17J6114HAN774NQI27GW9P9A77YNZHRP7CC15C',NULL,0,'QUR01M93E60MK57P1I6X4',-586364090,1,NULL);
/*!40000 ALTER TABLE `btform` ENABLE KEYS */;
UNLOCK TABLES;

--
-- Dumping data for table `btformanswers`
--

LOCK TABLES `btformanswers` WRITE;
/*!40000 ALTER TABLE `btformanswers` DISABLE KEYS */;
INSERT INTO `btformanswers` VALUES (308848545,83,188,'','N7TQ5JJ0O80B961'),(308848546,623638022,NULL,'C4JKC0QHBTVKBV3B0CI7FJS8CHJ094G1AND1HCXJ018R6GMXELSS236908T1YHU41',NULL),(308848547,658280655,NULL,NULL,'7V9M9SUTT9KVU5'),(308848548,508387659,219767432,NULL,'60P6'),(738345275,794234348,247293111,'',''),(738345276,127375456,6935,'XR66M488029N74P40RJK0P433LG5Q151M91431T4UA820K0Q144','6K4K434YC'),(738345277,1651221081,394552602,'LNVE33B96K275D','7156QEY2GE4UM9Y5R7N927CKU'),(738345278,1624150888,534,'3AC2X3SX53E5U9N','R1'),(1235752627,NULL,981851804,'JA6GP',NULL),(1235752628,7,6,NULL,''),(1235752629,49,483,'1R37Z','80J42J8PB190967L7CNPUR9'),(1235752630,906152684,1897119237,'','7431862Y3HTJ318914OCNR68001994J474YC58KSW4'),(1235752631,2106157826,339998010,'D','6'),(1235752632,2127598519,1797208427,'9RG460CH55J3XRF72G','8U9G8BOP'),(1235752633,2079,172780027,'084X5X8P3RZUUHV64Z3I9CLCJGE7P74Y9N1GWE4MRQM26Z2I9O3E514FR','AV4EQ5'),(1665249358,8253,1210765599,'49486B8KZ62G1W5IL78AR5K0R2E','DI4U'),(1665249359,185613521,339213513,'EY7',NULL),(1665249360,8831,NULL,'B2ASGQVP1F5H394FDCAJ73V443P34HCL4VAF0A4H94192X9AKI5','2V3NB86TO935K5X'),(1665249361,6,NULL,'7',''),(1665249362,827278960,7753,'2394F681VH8A573652FB77L29M38CG0QML8JO48NO6IXO','Q54HB969VQQ921T7G2519I3I8X2TRWO045Y07X'),(1665249363,18,NULL,'YX51089G91U2Q94B2JZN6H5N4WWP7','OI8QL44RN018ZU22YX9XN47E85I891686FHSRQ779YH4VVGZ74378POE'),(1783553827,NULL,1996390337,'E30A83W1130VA3EN58731877H6EWBRYBK1WX8K83',NULL),(1783553828,2104246613,3,'3U1N780X24NJRAHDNNIR484AB45C699LY03MXIR5820HX1O5VP4783M9ZIF1420PE03314T','41X7X6CAI532M2S5'),(1783553829,852,NULL,'9R6',''),(2213050558,1635791241,775382542,'28E6LW27LF3J9R2RVXNR233E0CF2YD47DS49G9',''),(2213050559,841433054,937,NULL,'099Y1HD'),(2213050560,911889991,7889,'HLL7XQ90AG01D93GY937FVW9UO3C09GH','1SY73X2'),(2859699563,NULL,86,'',NULL),(2859699564,191742159,646,NULL,'92'),(2859699565,1425143719,153190284,'61S05YAS6YXLY35B048W63CON5W27P5NHC2ZDFVAIGZEO1I',NULL),(2859699566,521063334,167202379,'MCVH4H5PA60Z19CAOY4N647227F8OXQX5901GJ2U0991U7OR1E0W38C59HA294A7W2KBT6X8CR86U1JU3532310MNCK801O4','ICT09O240FD4QY799AW94240SPC4'),(2859699567,413692250,1473543750,NULL,'23'),(3289196294,694769375,274,NULL,'BFL843'),(3289196295,417660927,NULL,'L2J65G5R14EN45Z09','QBI16STE'),(3289196296,1955,197279599,'PL','18KPU674NCW42995IC345U6D44ZWCFJ9NBK45CJ88TM886E4OW'),(3289196297,64,1469905127,NULL,NULL),(3289196298,1450936503,NULL,'','ZVUCU61CQ82W3N73IQ36TBIB6Z7JREB54'),(3546608029,0,1364076646,'58G5T',''),(3546608030,1665170579,1662641230,'6TPH8N0QM',''),(3546608031,915362755,2172,'5','6N12YLX09CC8P4WXRBX35WQ195NG5X3501YDQ8R330RF81WLO8MS3T79OQ7OZ2'),(3546608032,679102894,1684160555,'B488409366R5L7481AXL360FO3SNB8774CY5185VURD207W0766VU5WUTZLH83U61YA132H7',''),(3546608033,9,1583974233,'51OUVHF','AX5CY5DG7Q7QUGDR44G2R29YD3837181T65ZMXL0DXNL7U'),(3546608034,8982,741018650,NULL,'R1I3R1AE8930V80JQ3RFANP4ST08FJ6'),(3976104754,6903,56,'7886P73218Q690R3576I65L2N5S2D1JNZ381MG5B5Z5MI8GPSF09415700HEV0FH911TB65UT8',NULL),(3976104755,511239684,NULL,NULL,'1'),(3976104756,2130826205,1042133884,NULL,''),(3976104757,NULL,1436766227,'X144LT7M7GH666X121E530',NULL),(3976104758,1160528696,1161453687,'','3K2RPO0L998MPOX70M8XB4YX9L88773249W8N2W145U4B84348A3'),(3976104759,1235109972,1328213675,'','2S5QF5T4T49J2ZK0238U168S2'),(4294967295,NULL,1816950454,'2UNY94KRO',NULL);
/*!40000 ALTER TABLE `btformanswers` ENABLE KEYS */;
UNLOCK TABLES;

--
-- Dumping data for table `btformanswerset`
--

LOCK TABLES `btformanswerset` WRITE;
/*!40000 ALTER TABLE `btformanswerset` DISABLE KEYS */;
INSERT INTO `btformanswerset` VALUES (388292280,445195128,'1970-12-31 23:13:22',2114750726),(388292281,1133993785,'2007-03-15 16:45:04',636419865),(817789010,78897965,'2014-10-12 10:36:03',7131),(817789011,1279171890,'2007-06-22 02:57:04',1337242076),(1196043206,1682986139,'1976-11-14 19:17:28',1903821637),(1196043207,1434185298,'2001-10-15 14:14:29',6),(1196043208,5016,'1997-04-16 12:11:39',NULL),(1625539936,37,'1994-03-03 06:36:49',1545892219),(1625539937,1286809971,'1991-04-24 13:34:03',2081927297),(1625539938,166123289,'2002-02-13 04:31:36',8),(1996582577,727650914,'2018-11-02 09:33:57',1697209157),(1996582578,NULL,'1971-01-01 01:40:25',1757682749),(1996582579,688448656,'2017-12-25 19:38:28',1288290474),(1996582580,742969385,'1972-08-30 03:11:30',55),(1996582581,1546112630,'1999-06-12 10:59:30',NULL),(1996582582,8,'1989-05-29 07:46:38',1462105696),(1996582583,675196773,'1979-08-28 00:43:36',479),(2426079308,48,'1978-10-02 05:07:01',1649306262),(2426079309,597312345,'1975-10-11 13:37:15',736),(2426079310,311101075,'1988-08-31 23:38:03',356709719),(2426079311,NULL,'1970-12-31 23:13:10',2026413065),(2426079312,9772,'2004-10-31 15:23:01',7073),(2426079313,5043,'1993-01-20 23:41:29',3527),(2623615094,745929348,'1989-06-29 10:28:05',275017205),(2623615095,1537932956,'1976-07-14 12:05:14',1131271809),(2623615096,NULL,'1973-06-05 22:17:28',5),(2623615097,207,'1970-12-31 23:07:00',9144),(2623615098,6438,'1970-12-31 23:26:17',564017286),(2623615099,0,'1983-04-26 01:43:07',986811916),(2623615100,NULL,'1989-03-21 01:45:08',2112290028),(3053111825,17087381,'1977-08-08 10:05:27',938),(3053111826,9744,'1970-12-31 23:00:10',7),(3053111827,1082335352,'1971-01-01 00:30:41',1391292836),(3053111828,3247,'2002-07-04 11:11:09',873),(3053111829,1510233290,'2015-08-14 02:49:25',6),(3053111830,NULL,'1970-12-31 23:08:30',35397570),(3053111831,420710319,'1970-12-31 23:00:08',633670815),(3656605385,2117552316,'1978-11-23 16:10:03',422718864),(3656605386,NULL,'2011-12-21 08:03:46',717908378),(3656605387,437,'2018-07-07 19:44:35',1363661255),(3656605388,8,'1999-12-07 05:27:01',1822297183),(3656605389,93,'1970-12-31 23:00:07',122),(3656605390,913235488,'1971-03-15 21:08:23',1724313639),(4086102110,1450901293,'1974-05-31 02:19:28',126),(4086102111,6,'2007-07-14 13:54:04',NULL),(4086102112,1607012119,'1971-01-01 00:11:09',89),(4086102113,NULL,'1970-12-31 23:02:38',2097413159),(4086102114,4,'1978-09-11 02:37:25',294369924),(4086102115,504351473,'2019-01-26 04:41:55',158366159),(4294967295,1402783138,'1977-05-21 11:26:39',3);
/*!40000 ALTER TABLE `btformanswerset` ENABLE KEYS */;
UNLOCK TABLES;

--
-- Dumping data for table `btformquestions`
--

LOCK TABLES `btformquestions` WRITE;
/*!40000 ALTER TABLE `btformquestions` DISABLE KEYS */;
/*!40000 ALTER TABLE `btformquestions` ENABLE KEYS */;
UNLOCK TABLES;

--
-- Dumping data for table `btgooglemap`
--

LOCK TABLES `btgooglemap` WRITE;
/*!40000 ALTER TABLE `btgooglemap` DISABLE KEYS */;
INSERT INTO `btgooglemap` VALUES (366774377,'P3022U',NULL,-55347659972390,NULL,8801,'ES','3W1YWU1T',1),(366774378,'59BPU90C3TNIIWA87V4R9WP','X059Y6GK8G6D08W6NWO',789635899154158,-272727071118534,19205,'G5Y0','7',1),(366774379,'Q3FQX646W48O65Z0870F7JJW1Y5D8T16E1FYKA696P9Q67BN93386331GI0RY7VWF651WWYNX0E32426KBY9VUGBP342U4N265CEV36R5HT23F5A','L5RF6X890123',-243090813102527,61687494576136,21095,'','',1),(366774380,NULL,'C011Z71Y5T76G09GWLI4JSDYCNG15MV5FV5',-202520735695514,-164482341798070,-2171,NULL,'O',0),(796271108,NULL,'',NULL,-931,NULL,'W','FATY404M',1),(796271109,NULL,'K7NN79EZ',-292107284111417,9650565794644,-9045,'6P','U',0),(796271110,'C23073XWZ2B4DV5VU135Q648N6EIAMK1O7TJO3D4004GEP4R7QT95FKID7TJCJ3L9A','O0XDFOZE089G',1,757592274505537,1,NULL,'',0),(796271111,NULL,NULL,-156255981756520,NULL,-28592,NULL,'NZH3360',1),(1063678552,'','8PU6Q8G',82,339748084930916,82,NULL,'',1),(1063678553,NULL,NULL,717647200072600,NULL,-32066,NULL,'3MZ5H',1),(1063678554,'8M0O','BNAM46ZM8YMFIL5G07X9P82O76376564UYV970V2U9325FLSN6Y59Y7R1ZN5CB5361589I1Y51BC00004VT2D',-491283441912815,-732522530844969,-1677,NULL,'3R',0),(1063678555,'813191O1J6149ER','HLV8937JW2SPK4WU57PX58IN9008W3Y41X2A1876NXGY17U0',721796392311795,-9,-31678,'I2T3B','7',1),(1493175282,'60FM939DR27P38R110DBY','0I0079N1P',9845,25210032885105,9845,'0O6',NULL,0),(1493175283,'5Z','457L8G66FSNU',1,-872372522569996,1,'32E','73F',1),(1493175284,NULL,'09AJ',NULL,466821869449121,NULL,NULL,'3',1),(1493175285,'5LH422G0Y75T6Z9KFCW1P7DUZCGNT4','55V8K89S71D7V3K2N9I13MAER5587X43236VV2D45EZ9P5G2X5K0Y9G69U15Q7TPD0O1NQSOER4D263KE6P131TVM986IQX3316ZWK5T2E5S58LEV1IRDPVMAL3',-446119567375278,-396321058714633,25035,NULL,NULL,0),(1493175286,NULL,'F60AQETR1I0L6QEF8VY026171RE2XQ6I3J1AW4I69XN',215342966363580,94,-1538,'OA','O',0),(1847684986,'','53501J7UC',681796456114839,-450585948654110,29728,'2Y6','3',1),(1847684987,'7ZH515QB4O5I21RI2IHXCIZB931LA7Q2042RZ3KF','MM791YBL2E109551C2Z8BC6Z0098E180DJZ6JLZT66971B71E',-5,-82741170868103,-5,'','4',1),(1847684988,'','18837VBEV9J',122437986326650,63972528063835,28249,'3VIR',NULL,1),(1847684989,NULL,NULL,NULL,-211987248916008,NULL,'1','BS',1),(2277181717,'','C4GTNE266S04NEDRFI4NOW52MV1NSI95',-23,199344400294091,-23,'6','VO38',1),(2277181718,'55N7ZVEA6499JH4W2F6SPM9ZQ4Q','GE6ZYEL4639RX',595392139800834,339209043915974,-2574,'KF4','92',1),(2277181719,'P8EFL0DO66LK929TUDZCXNL11G50PW','3',614477685836014,-444617696421189,32364,'73','K705',1),(2695660749,'',NULL,43,569403035073255,43,'CD8P9FT8','P',0),(2695660750,NULL,'',-926477103637335,7687,9150,'KUY6K','1',1),(2695660751,'78860YIQH','P2AT3MTC02X9M73L7Y3E4763BZP4DE46C4ELKSX37AMJ8PR',899338178729799,-592310982150577,14278,'N8G7','J1',0),(2695660752,'7A9TT9EBRYGN9USL11','71OCL91OAQWSFI57YTX662A16YI3N39Q0U7740R8YGV40WJT3DA471WR',237,-318350216934627,237,'F','Q3I8',1),(2695660753,'7YI86GAGRAJ84T8F2B85S3BE08VIXQD46K7E6IUW4OT821TF2I03F8YJQM257TBYS9100M22E63P29NL65SKHEL14NNP4AC16Y9010N1XE2','5FRY5P4675WPEOIKD702HKOK5K8C21WEO2AST771',464799755302408,7349,-20717,'B','8',0),(2695660754,'0104ONLOD5X86QIR7190P29V0J7M','580',-151101566738545,-10,-29735,'3','',0),(3125157479,'Q58G09HNR59OGC417A1J45BC97F80UKHIZQ6BG9698PZW4SJ6SRACG96H79P89W01XC8Y0Y881J71NM9CQP84TO321UV0EY8SE59E4C70R80E7R896FM01KGCN0091A2I18JR41K8J9O174HL803L82ZQ22P8E51ZPP0X','',808,450161320668862,808,'8','Q5P',1),(3125157480,NULL,'749042IN9',32,100462510225094,32,'D5','152JS7I0',0),(3125157481,'MXUE','72203OIF51D0H9D1NKN7N4FX3849R97Y9H3661GN1H2U0R65F28JEG9P84ABV8452HD4V4926066NXJH9J16SO9L61QDZN3Y5C07NSKM9E353',9,492306518107843,9,'K18','0B',0),(3125157482,'','JBKQ9OJH25A78S5BBX93DW26H27V748F8PG78TBITM9QS18T63K74OOYDNYHYY5S3SR98V36K1Y2CN9RNTSI06G0Q0M9Q4JA1582KW2063D4CY8G1E8ZY3',-293597722540806,-237552237442307,-24122,'U','O5',0),(3125157483,NULL,'B00FGZVW9RPLE78K90P8E6UC1A45NR62DMWEA91A01UP48E1L3OUZ07Z59WD27',NULL,23,NULL,'9','0',1),(3125157484,'20M6646B0X04','S3I4P131321O3NMQEZL67V108P6AA93YFL60I353E93OI',-382820100694054,0,29488,'6H',NULL,0),(3125157485,'','7',507831717207766,828635268532184,-28316,'P10C','I1',1),(3736909195,NULL,NULL,NULL,NULL,NULL,'','',1),(3736909196,'5115','YDR75NTQ18BQ0HPFPF42PIHO',260263116436605,-7,26247,'B','33Z',0),(3736909197,'','8U5N026',-761136601721048,-3934,-3327,'','E1K',1),(3736909198,'U88WC0T5L9LN','9F54WY723Z32AQD8VZH',-20191299620365,942086972085035,-17433,NULL,'244',1),(3736909199,'5N','E2MSCB2JRM3T5J41G777YP114Q912375X40O4Z41VD0KAFJC898T0SQ731N9HDN0588IVJ5C20QT669',334063579747034,0,-4255,'LBNKA','19',1),(3736909200,'9Z6H4V2202','V0465C4',-477366204623290,-16345127986982,9152,NULL,'8PLQ',0),(4166405920,NULL,'FQTE1MXX39CWBWNFWW9LE5Y0BB7',497950987219595,146363105533400,-13908,'392',NULL,1),(4166405921,'','',4,-957645725287342,4,'3F','39',0),(4166405922,NULL,'A8I75N4179512',NULL,981,NULL,'P7','2AR',0),(4166405923,'','EYLMKE13',873504254605809,431489010925012,-18049,'','A',0),(4166405924,'3SEMK783','86146G9F',-5381,-245642937563948,-5381,'VZ8V6','P',0),(4166405925,'F570SJFU62','9RNGYO7',306884371843220,391,-8432,'D','YO79824H',0),(4294967295,'254W2J1GTDU7X6E76901I4F3TD8J8S1145S9E26B','36FVLFS6G7P685N4EX7QUY73K1G384702809W50598Z31859M',8137,-1230,8137,'','H',1);
/*!40000 ALTER TABLE `btgooglemap` ENABLE KEYS */;
UNLOCK TABLES;

--
-- Dumping data for table `btimageslider`
--

LOCK TABLES `btimageslider` WRITE;
/*!40000 ALTER TABLE `btimageslider` DISABLE KEYS */;
INSERT INTO `btimageslider` VALUES (186368554,203125907,1395991636,932363099,1320384407,78,476547523),(186368555,1777166969,1127024515,1516235713,NULL,1460911601,8001),(186368556,993,NULL,2572,1135538421,669649987,NULL),(186368557,9,2034730696,2,938547809,1533492334,1642726172),(615865284,1296737885,869301048,1799450581,891602786,1312481327,28552322),(615865285,2093738813,2,1470358260,724853652,78,0),(615865286,8,1285652939,847,1359289538,2063377123,1170466868),(615865287,834827125,318114284,NULL,2144705708,239202462,791476604),(1010732790,227158535,95,4,828518212,614891722,541),(1010732791,1374571610,444452895,1532319998,634789787,1129224653,NULL),(1010732792,2020586291,1,NULL,640956035,108763846,905988915),(1440229521,139099239,1647355856,430619698,2110787729,91666923,42904368),(1440229522,6,288640590,298,1803989181,NULL,31039263),(1440229523,2126174912,6927,2014376272,1057855623,620788426,1723943205),(2131723802,257554371,530479235,875,NULL,379186932,1760411929),(2131723803,665371884,383755378,2022851847,3,1705157310,NULL),(2131723804,542431916,1938830189,NULL,800,1588925966,1928941470),(2131723805,122,4288276,247,2053372588,1186468701,207),(2131723806,NULL,1459443894,1404122824,6873,46349605,974065592),(2131723807,181043215,505193625,76689518,1078800440,1938920995,2058162545),(2131723808,977572087,6,2063331069,NULL,161,1629611507),(2561220532,595610287,124698144,8,NULL,859445362,388533219),(2561220533,5746406,NULL,352375392,685732183,28,552),(2561220534,2122750529,953,648853879,480,613206820,1676),(2561220535,649396033,1005989239,2050547568,40912750,NULL,583462608),(2561220536,1041029946,7755,1146663734,1602673633,82,439),(2561220537,9,NULL,645761729,1409750757,7340,1634622103),(2561220538,45,1975322266,600706348,4741,1498829344,718635877),(2561220539,1242705795,282,NULL,16,2131799502,700),(2810378209,NULL,1422473733,NULL,2006547119,1953415909,1697092124),(2810378210,799697740,2,632850104,85930063,247580424,162681128),(2810378211,274,27,1141537973,1643586383,996602830,1670745906),(2810378212,1971390254,304617311,1222442721,490,1548964191,749675140),(3239874940,624185248,NULL,8,2112605680,163473900,52413482),(3239874941,1380049618,1064772474,712565526,422640348,5416,766249527),(3239874942,9081268,1766340506,581,459636042,97,0),(3239874943,41,1550629324,344455940,676585281,927400123,8),(3597251833,NULL,1837380879,NULL,2,1094556744,1413857274),(3597251834,632,1243320719,2458,1840463438,431096580,903823803),(3597251835,NULL,2,1246377239,1318376788,NULL,986336540),(3597251836,422471883,2,653434010,413,1197529219,321252554),(3597251837,1697116326,116479209,1099861385,144680254,629,4),(3597251838,0,1706657674,931628141,NULL,1483145199,277735522),(4026748558,NULL,315687583,795,1812397855,490087219,548220431),(4026748559,NULL,4082,742,855392274,1157829386,6),(4026748560,1,656,859,459336266,7,NULL),(4026748561,877876611,1101982468,2054004457,2842,928522317,1000852309),(4026748562,685639168,8254,373580949,521,729197568,1327447297),(4026748563,3,1695393241,8,593,310,1069212126),(4294967295,1416564434,238639030,294,1,999830112,1969388355);
/*!40000 ALTER TABLE `btimageslider` ENABLE KEYS */;
UNLOCK TABLES;

--
-- Dumping data for table `btimagesliderentries`
--

LOCK TABLES `btimagesliderentries` WRITE;
/*!40000 ALTER TABLE `btimagesliderentries` DISABLE KEYS */;
INSERT INTO `btimagesliderentries` VALUES (85406465,1365093668,539889040,1105550883,'W771',11508205,'7YVYXDE9G5JNLTYIO7EY7','IA17C2E505N3Q3',1057),(85406466,2144545165,NULL,89633841,'82U5O90I727WUAQYDG9SLT36',1420818977,'',NULL,-110236217),(85406467,857915529,704,340,'307E3I47',538513814,'3DUT1TRY267B50EGY2CW0I6NC8187XH0807J284635YS306F0OC9RB0DFVV1J34156UW2N4U43J587','ND2',4),(85406468,7,1336875688,894172942,'086W654E1',235,'','',7933),(514903196,29,1011704130,204,'63BQBI5S8',239,'H6O4W1W83F3JGT5AK0','YUI4L15B1J71K74AJ84E03SYPDPO260NV989YK400NRDO93YIHWN70',-1871300866),(514903197,8028,1502129787,400877162,'S88P838701XS9Z38FJ261ZE1MT5Y710KBM68IO2R',1543414086,'2','VRN3QW80275EQW5',-470408280),(514903198,1151912781,1249314855,194305484,'7A5Z0NM00DE57EM384J0K5G181DQJ6',843278351,'','3Y5H0SU3U7M134ZUL',1),(514903199,332385552,748,NULL,'580XQXC49A81HI8Q73SH',1059843825,'026G2GO1','108127',-8177),(918077613,NULL,928120769,288588337,'A2G00FNPZ85O6R72SWAOHM642H3WZ9BVQ5YSA66P7R3QK4KF01AT4FAOK69L967CLX4F2',843341221,NULL,'TG4',-706715309),(918077614,1876939596,1121459811,681,'EVGTO22T34ZB0FNH00H823MT2ST539V9960JO180673FMVLL53F1USQSZ1IVQ27QC9EHM65ORL794HK3EPUE9W2C7X63DMZ8D706WGP4QIW56L5G4P7SWR30',1045070879,'C97QIIM5DHLQ94UUJ3573SRME0BOB8Y4139Z2CR0AX186SVGB74UNVHONY0','047B45U3YXOZJMZ9FU451S9D594F432VW49XB302K9ZR0YWEHRK7YMP219OMBS9G0OJW9W4TQ4V5PAF1817D0BGXD6Y50DD76H',-202690329),(918077615,1831927817,1384920237,NULL,'2JOFA75S32D6CQ5B8X0C0XYXK9G35U99H1VR2ECE9R7D',597,'','11J4E6VDRT6',-2946),(918077616,6,1675079298,2117558688,NULL,NULL,'65Q6HO8DLV','J',5),(918077617,552067193,NULL,1340653644,'K8M2PNUKFWK436GF0J0861JEE6D7X5706',1597045712,'',NULL,-1710188469),(918077618,1077255330,356046442,1433743409,'2OJ21F5EY7317W8AIJV79LWFYJ957XN3F632741QXUK1W9QSBNW60BX292LF',NULL,NULL,'D53X4',-994114005),(1347574343,6638,583095790,1552654033,NULL,374728629,'PB879IXJ','7JKH4',-1356020697),(1347574344,NULL,863679953,797171343,NULL,1057505696,NULL,'',NULL),(1347574345,35604329,710683312,670135178,'MBQ36MC31OFEQ6RZB21RJ3NM',1182994064,'D5126HMSGH4WVUQURUF5R3TAHC1V','',-1879713068),(1347574346,1347740231,NULL,871112073,'',9829,'',NULL,-470332712),(1347574347,220,636397046,1807434723,'IM23U1MZ9M1G7C',1907245238,'80KV2Y9UAG826ZW2115K8412116K3',NULL,-70298048),(1347574348,1993452728,2041969855,554738369,'',938650365,'0528HU7A2WH','',-1820745131),(1769797411,1698413958,1123280437,652368294,'',181456151,'715ZQ6DQ8ZW37EJK','MQ9OF08V833N41E4H0P6C6569K0',-82378925),(1769797412,NULL,4670,593677229,'I074E0W032354Y64N5PU5W8V4',496718116,NULL,'',-841370494),(1769797413,166732233,2118123512,1765285015,'DRL0EUAO2X3PUN36U8PQ45M2Y113D6',407,'85315V9D4FENP6XBHVEL628E','46AV57DYW72PY21ZF7RPAD3EP3JZJ10233AJM57V9D1SGQ7G85S5BGTCH4226PR05DL93930900KD5NZ1MHDKB',473),(2199294142,802600789,702,211478597,'8IWT334QKL43',1745143744,'B7680MM3Z5D',NULL,-1442820062),(2199294143,1552626446,883,1668562324,'0M6I5HA41OWU0',610097960,'247KE786DYH0NF29M3044',NULL,-436893007),(2199294144,151741502,8078,NULL,'9GNDQS2',1205003131,NULL,'9',1255),(2689011597,798629143,NULL,1465708847,NULL,1449035873,'7Z314Q280U8Q2NYN66',NULL,-1787311585),(2689011598,1038851007,87,1484946543,'48DH0D5',1224109976,'37P8P507X4Y','O5D6MFNG1',506),(2689011599,NULL,1493617453,8655,'SJ7Q8X0',2891,NULL,'',-397508560),(2689011600,1266658469,570953823,1282841603,'6WR3ESHVZSLS370U3NTKULE',1250533913,NULL,'27ASZ973U5UFE9M5',-1085698768),(2689011601,1441568296,NULL,1155202114,'F731J2CFAEBI',287460431,'2U5PRI6AKQTWC5J',NULL,-2044514476),(3118508327,3094,722620067,780753279,'DM2P4NMP4JYR9IV3E5E0PMC9F9LF8PHQCK1374CXN9NGAV5D85BXB700',NULL,'1I7F1WB89U34KF','J6RS',-1541130005),(3118508328,9805,NULL,1064891759,'HE36P0KD984NXV1QHW6',4,'',NULL,-442720506),(3118508329,822311200,6264215,1862867808,'',1503003397,NULL,'146F5R9ADG1XC491GA6IQVE1648S68J38WD4IU497995GF63OAP92Z0I1XY4',-391409736),(3118508330,1137867030,550700859,1349507598,'THA03',64674992,'XLAG08Y794PDZ4748O','V7M6I59L4H685FIQEQGPX418GRMV96G0T77R',-497585159),(3118508331,1737,1448869651,410,NULL,1884506143,'9C5XP','MQD4AFZ975O4WD',NULL),(3118508332,1625825272,951174071,664,NULL,338537647,'XQHP54Z3664','678VZLGD',-1867792053),(3567558287,133170354,1541240667,38,NULL,18861085,'9R9RE27I78376','Y53R991LE06KH8G0764J8E504M2SC4R44I063T49JS3I9V812C0LA158QDS2D38X1P03RC7C9X6W2D5FPAOHS3I16S52MON2983534Z470WL87R4X71',NULL),(3567558288,1241802994,5354,1867071310,'',942234756,NULL,'9NPWSODLT0L7ANV9Z1346R536FO48',-1668610538),(3567558289,285967977,922663630,NULL,'075700EG26Y9YAHWQSVZ852U82615KBNN3623B9WE9WR9537MS5OEVKWTC8TNUS829820U95F61UU7F2',1677752141,NULL,'D6AL28718WTA27GQ01PAICLMHG5JJ813Z9A5HU76QY',-1509354288),(3567558290,636280093,1,845404348,'186B31WAN9R2Z9G5IG1EV1VS7R3',1917990550,'','YB8',-124417391),(3567558291,6687,37,6,'X5NZ203B2II410I7847A836O8UCNH88J926N89588HR6UJMC5792C6Q54PSL36345DMH94DNEE84Z068LY5OM77SGT41',446102603,'','794G',-1564921367),(3567558292,768385551,NULL,1185127073,'9',68233543,'',NULL,-3934),(3997055012,854085864,651547836,2104207424,'',0,'','9J9J0M9Z056',-974485889),(3997055013,1117102878,NULL,2437,'3Z7RVF397S88ASY28',1945753989,'R8XII72X2WO990RZW',NULL,-481198431),(3997055014,318473735,325,202104940,'0NCA706',297267139,NULL,'',-1225890033),(3997055015,NULL,781247824,840855213,'87IFV25143331BB9AE',1505946428,NULL,NULL,-1669835572),(3997055016,1845973568,NULL,2140162258,'B42C3NZ',1846540350,'82CH6T7TKDB886RW1N0G763GQ66382S8SJ1067763CT03N7UWVNT673ZAAS44X8G19S9',NULL,-60985719),(3997055017,1814,771,852725737,'97VE78BY6QX16H6YB0W6',2049042505,'1DO84','IJQH9ZN85ELF3OTNM90RR34F7JGCSK326T46H',-1728045919),(4294967295,1336520020,436,29,'90',34,'I8XS6Y49I9WJ8OXW81P1NSD6M8J4A2XMU2KPWER147H14Q6W8D02E06J6REVSW641P0O6LX99N1SU927906QU5JEOCG57W5A0066OY6CXE3J45A','AOL1Y8734H5575OSJ5WN68YHD2U32CGUU',-1153330369);
/*!40000 ALTER TABLE `btimagesliderentries` ENABLE KEYS */;
UNLOCK TABLES;

--
-- Dumping data for table `btnavigation`
--

LOCK TABLES `btnavigation` WRITE;
/*!40000 ALTER TABLE `btnavigation` DISABLE KEYS */;
INSERT INTO `btnavigation` VALUES (159,NULL,'U23BP0O965046OQ07N1W8G',1034142189,0,NULL,'H',65354,1),(160,'','B36M5C11TSYH47FZ9165502226VATGSUO31',845765759,1,'','MCT227FHLXX8',215,0),(161,'0TZTVU',NULL,555094989,0,'E69ZWXLTEFKKY7EB13C6X032PLWX24CS99144N04W344V5YW8YPYKAVJB528D13087557','',505,1),(162,NULL,'880F1DX9000730JT56R957ZS9K8',9,0,'4KFUSHD','',6,1),(163,'','',535860807,0,'','Y2Y47W7NY31O87EB409M3S1C30II',17097,0),(164,'6EIK6P2LC',NULL,4,1,'15VTI0YNS92SZI89VIZ2T4K5D2466899E53GV6D8710V7C4CQ6TRFYR56FM84Z','BWP7Y511KIZ776U84KTU7EKXATPI2HN47I0DE4611TD02PF0L7V06VZC63QB41382A2B2JA05RI662491ZR20BND32UXMUEAJ048Q61E4DF5TSYS0SU929DN7M03YG091KCRGCYO7H996CKGQ5S84841A2G2S941235Q2D07J4',13838,1),(165,'11480Q849O','3I9B92Q2KAU992Z8SC1W9B68PBZ8S420S35KD6B6LL765D09178HW599AI2176LF6T4HJ2XPVUQL7',2057443913,1,'GV3A6N6ORY42WG1924015U2324081',NULL,8766,1),(429496890,'','424O508SKX364UT115YDS80N561K9IB14',1537796610,1,NULL,'',28006,0),(429496891,'014L9KZG','0AA8HDU1033ZP9K861R531W7IMD03JPTXP77C5M7PF64T52798N4',8,1,'','2NB05CL5YG7V67TU0L',63064,1),(429496892,NULL,'',1915983351,1,'6IFK94OE1J6NM168OHSV9RQ1T7EP683J5AAK68DK1R6YX05WUY302JR6X5845QFOLYT6X','00T4517N091HN2LQ2KH0C1N0',2370,0),(429496893,'4AXR860UI1141Y5172Z','95H5FY3H9287H9H1XE02475UI0I1CB19034SH3EZF3649FT8U70O15QDVR4DF64KPLC4N0846C1FN',996096628,1,'G9','8D9HUQV0H15I',42527,0),(429496894,'7LKVC928K','OEF4OZ14',1720691097,0,'3QSIY11Y63X69A','Z13S0D20E3E0083VCM8YZ75VU83K3',17506,0),(429496895,'I24N1GVQ5T55FXG11G','NBID3J',1534339093,1,'HYT80171N8','8U32Z1747',54743,0),(1148030770,'O7CI6NAB6J441OO3QH7O5','X05T9I597',421827410,0,'','9753K',39500,1),(1148030771,'6D68QLAOB1',NULL,366624835,1,'E50475','',65284,1),(1148030772,'2NSMYCY','0T2I9SECYD0G8MUK5K87W1D64',164,0,'28V2PEZWH','UO55H07S9287H',38437,1),(1148030773,'999D9442W27TTS6NM4B6777536P9196OFZ84X10506C4EIGH3DY','',6,1,'R690822528V5TAW3BJFP4KDLQM98','FR9UZCMU86X32L7N04H6E6RJG7C01I242E683JP0E5168SUGE',2579,1),(1577527500,'','58095AKKPC2RQYSA6QXV9IDC4872Q7U1C6D7A86IIZD38EXG2E3220R68X7E701Q77G3P86NBZX6LIXSNK4R854QLHO69R7X2Q872KUT05T7L94BMBTO218C',1019063175,0,'IC42R8CD37EG36I019073173668X8AAH7','5S19W8D514T021MI4R4',31725,1),(1577527501,'02QJ615J03D424890U3FP8Y','9KEESWRP6X7I8A495F7VC57ZQBYBVOQ5073U478SEW4D2UMSUZ5',1271743499,1,'I5JT188GLO20MM6LV8IGE32P23TFX35713W8R359295XEFOC2O0VK9I1901B1W6Y5SY656KS6HTBIXC','12M931AT',31588,0),(1577527502,'G7LFKH8529B2LWR7FN5TBGP6YNERP12E72B18C6A757','EUKD40I6OCYHDD7NI',1269702477,0,'368CN5G07IMJ4FFGL68PYYNWUL90QGW',NULL,70,1),(1577527503,'115H8J8JX785EAHM7DHCW9U',NULL,1,1,NULL,'5FQ17ML90FY17Y558Y042MDD98I5PJI8T10J3557E1179445VE73',29735,0),(2017783074,NULL,'1QZ2VJ1H8O7329N63W7B9U096L05292HXCBXVI6Q9ATJ17IYR24D6R78375R4',0,0,'V34QQ3787A079MQJ1B0BI3JJM7L719QJW67F1TF34','2DED9W043PNZI7I7X02FNR2F25WF4A5N8R0R5XC8ZMSDEP1D57736',159,1),(2017783075,'R761WYN5X7O3215QMB25YVR2T69KSLWP5IC00CR78FZ860466LN146NE4L711RIP483WFX79N22KH6YCPGY4HAJ7I9M',NULL,2086915065,1,'DOEQT689',NULL,36453,0),(2447279805,'9H8E2E','3WT538W342185WAW5',1622872708,1,NULL,NULL,8360,1),(2447279806,'711OJ88YPCN6W1D9P20IVJ3QT4W22Z310355Z12F8T883VJK59J8S893Z9Z05NQ2HG6GE31GN1D94C2Q35H53AJL0CU52RCQ1K0M07BCRHB9K0TCN84N10','96G03YTQ6T',228526378,0,NULL,NULL,48009,1),(2725635394,NULL,'58',792625541,0,NULL,'7988IQI5RI5H5Q01374A13SQ99M7HI67JE4DD5OVZ7812L8G0K9CUI3MV5SQRK45EBNV8G02W1O0MY5624R28RC80P927',3440,0),(2725635395,'91O62A','6AS3YYTI1PUVJKM71551602577ZEA0WZS163',9,0,'ZB0H2XFO539R96068AA328K627J1OB25X8LAN8','1KLEM1SGS1S484YDGGGA0542CYV2783K4J8J4WP391FA',48002,1),(2725635396,'I079','5K7RMX14J7837877L4X0K10BZAUJ750830DNYZA97VQ99S694C03K5L2TCQKRLH1GO6K5Z7BV8376761130522XJ427W0',1058543219,0,'P07177B16261D4XI863300MYXTW02J49W6X2PN3F6U592JIA4W1JGN8TCLF9HX','HG86P4Y7CTY9KH6EE1K9Q12Q42X2MG34',59785,0),(2725635397,'','HUG5D6800QT6I0Q99130322169L0TY4TY0L104',1028371846,0,'7PHLF733N6OGVQL3',NULL,57177,1),(2725635398,'E5D61XH30I93RF2D6644','',95,0,'5KY9M965FM','',53,1),(2725635399,'J','',5,1,'7K7WW1R14Z08I24Q28QR861OM1UM0A1532BNE4AH2CO78YI090F6GMJ7U14F5254ENAG197FVJ88E0Y1HWDT60TY8','2AP359ZF',52236,1),(2725635400,'02K1T05V5','',3,0,'R467N8G63207LIGFLZ87894974VKF8P960','K1V8BYD4T0',17521,1),(2725635401,'54459','GK6ZOU2QJ47L6S7050VB4XKYF9R0346GLU41Z619NQYL57ZZC7KV9Q116S6UD04X1989SH7VEM27U07MYA4DG75P4347BU71RX53PA84N4W25B1ICZ4HO4J',8458,0,'WWQ7BZWZ9W8UB819111021PW17196SNHX9CYUE9K5IL6EPNO1BSVY5I5XB923278G9ZODI783IABV850EI693HJGQ1VUDI8F9R1','QNMWIO92R',25020,1),(3155132124,'F','4N5Q9WI9VRTBYG92041MDYXQ10QO4QTHO1H',4447,0,'HE43LU13G6Z23223Y0WISG351V08Y645B6Y35','M267AZ9A03A1B39QCQ2B2X',57831,0),(3155132125,'943TJM5O119DYN18E2NA8H8I0A44FL47G668UCZRSDCQ38242481HF07GQR29K26SWLNEZ','X0TFWX22V6DJOY7DA',1402312578,0,'PY','Z48UNR',45519,0),(3155132126,'RQYY7OHOB13R5X8P1OLX','',1255274589,1,'D569','62M00R803RNAF8OZIU71180R',62830,0),(3155132127,'J60C4',NULL,223,0,'4C05A6B35','01TM04E6U30PT9B466B97ZF9K2LGP6C0LI',39,1),(3155132128,'4230S767R4M357R91G123925F8K94OX80791M4U8N7YF2WUN95NBV10OIW5PGPS8869G5L8DS0JH','6HT192B35WX1KE10H4PQZPNYPEZM679J9QTJ8',215270336,1,'A99MO8WDAUD2T',NULL,4044,1),(3155132129,'DX2FH0486N8KWLJ62H8QYHF4YJ514S4CE260O81S6JG0EHXPYM25142',NULL,862937977,0,'558J8642PYWC1401664M3VWIW29JIQ21E877914D','',13009,0),(3155132130,'A5G908WU7RM4KTN96Z1HK4VBOONI51RG5DFO4H5G779E2Q45187KAF7','JWI6DWV69J3B37MDNI92175R0Q7Q648U4A562PT74CH6QUVZ1100I731Y76S6C98P6',303477513,1,'Y81EE73OUN0FE0F25QS690U6R7U2NMBYIR4545Z0T8J4X1N8T66092032DH5TT4Z9R57LG2Y358M5Q9641WGL34OSB3KK','QL8494EC17',35313,1),(3155132131,'49606OKJTDBQNM1E6W2817237U6JK188L71V5EMB24100262D5GG974R2U841L98ERJ',NULL,5734,1,'W7J37MDG95DTK61J','45H',5125,0),(3155132132,'D738Y71KVZA9473T5107XRD3X70V1Q2N2JVA65JM0T5T4XJHPOK91QQ',NULL,1386693121,1,'P7F93L6Q1RVEE74HD37697HOKA2929CRCR0RAYJF9QP6ABG2I97D05323N2Q9JN6E077UKTH6E82637',NULL,46984,0),(3762970238,'8N','',1486774885,1,'V','8O1G0BEWQ822HOY1UYP0GS2YG9KA507021Z',64632,1),(3762970239,'YBGDD4M00H','38JR14PD0VY9R1X60C7888U246O9GY93M79GIWX554X615QG0Q1NBGO78YZA7OLP9Q9WCOETMZVX70QPPD8D9NK0610699HXC987TI3L2SF5Q93X78K10FQIZ3UMTZEX66T68DUM2FFJXJ96',416,1,NULL,'5F09Z',8501,0),(3762970240,'N','NE95262B3ZX84280ZJY3G2P21S3TSX',1293598259,1,NULL,'J132IT6Y818QN97S5SI1NGR6109FH0LG77P39EYS3IPJ71Z572168OPDY3071F2B8DTO25PSW8QV94HJ60BTP3BBK',98,0),(4192466963,'J9RG553H3IHH9H2J9PV41YUMT8K3W42E','4DTWQ1WZ95JZ21ONWB7M74L5S59YA7K0LP53G71KK9NI',1540869951,0,'','94FEJQ60AT2K62E6IF66XMDU2S0443314IBXG71ZX1573MBBA62',947,0),(4192466964,'7K66ZWS9P3NFX2M8OGVGW50M5R19W9R5EOM',NULL,830016841,1,'',NULL,29,1),(4192466965,'ROZ98H49F6ZOI40R','AYH86OV4LR19Y053V75QB9LYVFLD9VUZ245732X9D50O7S',339863358,1,'3N054S5BQGVL30J3K6291R5N7R','0W8770ZLLXEK4U4',12769,0),(4192466966,'33HI1GTXB3VYM2H',NULL,6,1,'XC20','60QIPXKUVXAY0Q6PLZ48J1MPV8719O5TACI06',60507,1),(4294967295,'5549MM1KA4QKT38139B5368423XO42D6739XV6HQYL8J15OXK912MB3',NULL,339824653,1,'JHVT1Z0NI35395WP466V2547G520D914J655O9MG76PYDAYAP40K39T','887WVK2UMIM1A358C12N1REGI092G3N623',9854,1);
/*!40000 ALTER TABLE `btnavigation` ENABLE KEYS */;
UNLOCK TABLES;

--
-- Dumping data for table `btnextprevious`
--

LOCK TABLES `btnextprevious` WRITE;
/*!40000 ALTER TABLE `btnextprevious` DISABLE KEYS */;
INSERT INTO `btnextprevious` VALUES (323738171,'P793J6000Y1PH87','B9','0X52442V1YM917RE2H9WBWD57242',-1260552605,'H1'),(323738172,'',NULL,'M6J4Z1VU',-1221308473,'D'),(323738173,'UC','','R3TYBYQYY0FV74NYF',-167212729,''),(323738174,'O0U8M3437NG1KE9WZ954HY5M0688','J7J45652P58MT','QYDP9P',-878855250,'468'),(323738175,'','UC5816A2F7YO2YDB1','6H7GOH5XTJKH4DYCWOB0U220G46US088XTM8602M1R0X95Z8BT9DU1',-4255,'I1'),(753234901,'LB9Q20ADPN33SLOYF3SAMIDL70VN3KPTA92BIC2V8CGL0F981AL959GGS3AFL73DC6Q29NDJ6TJ79IQP4XNY076OF670I16X03J9D1N',NULL,'0H3635832QOQ2J3353U',596,'2'),(753234902,'6ZS2358ZKPI5233HMS366A1N','0A6RN3IL8QXY5197Z1QR49FID4L18Y42K223NR144405XJH10RLFW0DJZLA46X722882GM29KT1O6105SKP2IR35P77LNN24560G8Z52K6Z7CN50HBS53VZOC59KL24V','A01G8CCHZRWC76184Q7269RA8E337D9D85265K88Z762W10470R06TUH7680C542OG9922CBJ2040OGQRQ',8,'2'),(753234903,'Z9HM7QX7XRZD8',NULL,'EEID6D',755,'X6'),(753234904,NULL,'LH166PXDIEYZY5L402EG','J4L35U620T0D3WXAFX92ZK3XSWNZI0',-791705545,'UD7M71'),(753234905,'77952E115O44HEL5IJ5547SEM601G5EYPY9S97K789O32ICE2D09O9OGGKI4E0P2J5O99013610K10QCZ9LB9349AQSWOO5S2QW1X720JZ298CI6E7U3LH9MV8K5N178',NULL,'',-1035299297,NULL),(1228446029,NULL,'RJB2J157Z55Q8154PBI989U0K835L6NYA5H2T8DXCP1KUR54P8RC9T','QXML02IMGP01LX8Z8G707M4R49451L',NULL,'89W4PEBI11'),(1228446030,'','','30A83QQY6J68X89159U7EN094KQJV428V92HQ',-1656181008,NULL),(1228446031,'','SI4DCUN3ZO2C29LP87D287FC7TZ2D8XG2K76D064684GZG3I3K2DDE12096I75610QPXNW2F5Y54YQWL2LVEWC30WNA8Q5UC1DD02AED7QR8124K','3176F0D8QX5O7094EHRR9453Z36B4C783VRMDN96F4I9WFFTPE8X4RY7KC319YA3O7310J8PP581F380PNW183L5J49UF8462VC4HFQS48O3W3I772W363WDBWIHGFKW',-1429269722,'MM6N'),(1228446032,'13YK9WI',NULL,'X1C91TP9',-580214161,'N'),(1228446033,'9K92FB81M','1363D','80R4K2PL3',-1305539294,'7Z7'),(1228446034,NULL,'NE14N08ZZ84ZN1',NULL,-1637503975,''),(1657942760,'','Z4530134HY7TTR55AI7838SGT44KAZ30','MJP1RR40F9DARUPD0835000Z20C587V36AU69CC2Z2XI4SL',-1942929001,'5XN3H'),(1657942761,'U7BT40NU037291N55YN71M0N20GOU45L8KA33P','',NULL,-65334415,'2MFFBMY1'),(1657942762,'51BZPIQFO51ZVP6I','5346544UVX','1YF5UQ3X',6678,'3'),(1657942763,'MB0857JF3JE3C5224LN5103O93','H5L5IZE33CB3SX7O4A188H1X94R00790G5W4C0XE72Y2N','',-2110019859,'ZPJ0'),(1657942764,'R31VVX2B54PVZH25P044LC0NFO3N7HC171TPQ1Q1I70G',NULL,'IQ38I34R',-319414033,''),(1979386986,'T9FZ02JLJFH70Z7P2K499D56Y6LVC6K420V86AW97413795Q8GCF7QIB','3G4Q59D98165YQ8J0K','RR3CC6SV9V6663I8N',-1083647108,''),(1979386987,'WR11PU49DF6O08G1GY572T09Y8033467J35WERP7N98TWY400FD261FA','','E74329474223ML8WF9QGA473TQ36574LXP9ZO',-422081379,'YZ0ZK9'),(1979386988,'','104G','GHP4VN93G4AI0NBQD3U42NFW8',-988363924,''),(1979386989,'8RKBLSI0ZC2YFSU9B32I59E061FJA6057A7','22SB61N406ENFUN7TF9T4I708ANIT','595U42888',-1437551654,NULL),(2408883716,'S6T45FX97EEB3Q','W','0AG',-25620918,'B'),(2408883717,'C8B5EP1AD99Y6QY3X0Z62R5RZ1WNWC508PG1EI97Z2','XY2G','G5RDAFJ4HCSJ5S8Q1X00K13410KNH31J37X76Q5QRXNGL7Y3',-61,'1'),(2408883718,'V04H','','Y3RU2YBF9912',-827039213,'H'),(2408883719,'','EF4U9','5OBVA3R05R66YY72690BAKG487820QPAFZ858361',-770759215,'W3WQ4'),(2408883720,'N22B419335N301S03J928422M3P2Z',NULL,'3CNR7W0W46432KP64TOOG1229K3XV2WMZ1103VQW5QAG411FKU1IM',-264972519,'F0ZLTM9G'),(2839752102,'E3WOZV601860562UG240IFB6','90C6O8YBQU396Q7YA54FHZ6G0TG','76I',-1729042997,'XT69'),(2839752103,'V7U24X8DB',NULL,'030',-1233909787,''),(2839752104,'L77',NULL,NULL,-872637529,'16'),(2839752105,'KF853C987N5576AF5T4Q2XE3B1JXL88M5UGK31E1F831Y5R1R3WT3VN25VDZN6598R9454AW67','8U8762841EDDX5','FDM817883090I613',-1509919471,'YBN88D'),(2839752106,'70Z542W3H886F3143IX341SLJ14666',NULL,'V5GP',-619766390,'02Z2C075'),(3269248832,'2374Z382V0XU1JG65Z40A856692HOD799','14AR5WD4','7UR5VN7IAC8P17H',-1219931098,'8'),(3269248833,NULL,NULL,NULL,NULL,NULL),(3269248834,NULL,NULL,'2O8MA4JYY9034W9TZX',NULL,NULL),(3269248835,'HXM6X40ZQZ7G97','523151J81W977934I48S7AF5W22C318GI80IF8K9DBIT66ZM7B277QP425NKI62I299A09369CXX93XJ70612P80T4F8','',-1459069410,'5A'),(3269248836,'0B14I3NT975H12K87GF41D2682MCOP2B3HEPRX7UD14T','3BS9IH53ZNLLKZK08D7Y10VM1VSW96L85QU4M72','',-1560382232,''),(3468052830,'S6Y25YN7B71R9Y8B8F1B721O52TV1AL44PTT7U4T17KAHCAQ','2O2SITTE0AXROK2SH4M6H49038I5931L2','1E255E4DTQNO2HAM6D0308U8EWL67H61Q03DBM1MH836XN37C43M2JNI5324B96U0SVEL56V146A9XFJQS1D2',8,'7'),(3468052831,'XST3805I07','YKUFV','67OO3V07E35TR3E3S8SW7VB06F7J9LSC56468OF9BPU16QFRYI5',-1780069468,'2'),(3468052832,'KC8X72W84','QDHGZJC8SZ8JGB495KCQK908Z85KSX51R146816988H9L','',-101878315,'0'),(3468052833,NULL,'93IT826413DQJEXWMD6652T',NULL,NULL,'39'),(3897549555,'TI8P','75ENRE1LGD03247A85HGQO13OE7','65CDSSU1AT66A03ZW57NONDU9H0NCN9QIY',-45872500,'956'),(3897549556,NULL,'IL42W8EE6088IJ28O59SSX67Q8SH631YCD1Q9FA46579C8HS494465GO44J5SP2LBP9J','',NULL,'WK7RC1RQD4'),(3897549557,NULL,'','JXMJAR9PN81IWGU0Y7E2OGB5CI229WPP2PDWSB49FC4M0ZXR73C176AE6H7W7V3X3S6VZ3R74UO702994JOVX807U6JSK01KNP675H5',7,'CP0R1D8'),(3897549558,'LQD894ZCF1XR4BGPMFZSS15ZIQ05','',NULL,-1581941412,'75GWPJ'),(3897549559,'RVF675RK3R5Y2FU',NULL,NULL,-320,NULL),(4294967295,'J9UYJ305M7M2TFI7I2E63VMK5MW1FL7319LJ0939M5GB5OQ023D3IKBS6JERLS6YS','WIUR34ZC1D2J81FMS46201M43FHE5403N891T6V2S85646I8581R3NVH70TA6GX37LMDGGE336197L241KY0K3698POE0GKRW872YH613TI2D1A8C40694TCT2CJ6T52','43V1M576AHD743WJMSYSOCUEARN6X03N9K2OXNLV7VRMC04F7K62ZU',-2,NULL);
/*!40000 ALTER TABLE `btnextprevious` ENABLE KEYS */;
UNLOCK TABLES;

--
-- Dumping data for table `btpageattributedisplay`
--

LOCK TABLES `btpageattributedisplay` WRITE;
/*!40000 ALTER TABLE `btpageattributedisplay` DISABLE KEYS */;
INSERT INTO `btpageattributedisplay` VALUES (143332298,'60Y960ND0','M02S96RP6POWI7GM00A1V96002N2SD4','6P9BN83H130446X69TT9R7U7K37XRAA4FNAOQ3779971B70N1LSP','9L02R27T4WHVM94692ER60KT397W11M9FKJFD5KUZ1ZYS64WN5O6Y84',1142,889,''),(143332299,'6N4140G6FQRU984UT29X238215AUVP4S22X','ZM1GBQE606Y63S004EIKCSI71SCG641P2XRM2K01H65D2Z8BQLRRU7BOP700O57ONU61UAA9886EGP0V89L',NULL,NULL,304,NULL,'62ZBK2I89429M2KS00VNMU4PNZ52K41115C6K9L0A0O4351XS9142H28T7E8TIU'),(143332300,'8FFEGH02M39YQV1WRV4IUE',NULL,'',NULL,2050719762,2048745480,NULL),(143332301,'7IJ344911WC2S',NULL,NULL,'MO46V3560C813DYW3',2,NULL,'05V2OV1O'),(143332302,NULL,'',NULL,'H4RB',188750525,88,'341R6F1L31'),(143332303,'','HU48Z0E182WET27PZ73NM8BJ5JPOF4277AY72A29UM72Z8WSWY4IJFNT77M11243Z189GY74P91','8P9YA','',1708567215,1838874267,''),(143332304,'0K9LCTVSIGRSZ','','HQ8N239661N3A94DATO','5PL07235J05186UGZZU0L075NL45PF4R4V4X3AUVZ66JN4C4KEQI205GTW28',482203624,437339178,'0S739Q2XIKE6QRRV44063G'),(143332305,'','1HCAYB81KWC5B5OG161R1FB2SWJE0QZIU6EJ2322B0JCY18N6K2O64F2M8A05BQ1O3','GRHX0N994VN32GOBECF','5QBZU6PI28N11',1495704759,5,'C471'),(572829028,'HF39P9E2R59333C61U6','1FP27L',NULL,NULL,1914785662,NULL,'3P74LX7D7'),(572829029,'876M7',NULL,NULL,'D60HE0N3140SK2',2146289658,654880883,''),(572829030,'1266Y861A','1P3VDLQZ6Y4C6408IW193A324W557VIXYBT774111LE84N55H295DX9134WR5I2793GB0','D8O7QKBJ66V83IW6','C',97,362312062,NULL),(572829031,'','','W010ORS49T6','J3RTB6',64996316,1993410777,''),(572829032,'44RP9U87293UIV17732M1R5OXD3Z37Q3153HVSG65L75KZV91K2G9M99X4QT6010LK02136GLQDS5BM3','2TGU5','N',NULL,1479817415,918171895,'EM27LNDTP7E5KJEXW48HB3K'),(572829033,'D11R03APHPM4XX1F39B18ZNO7Q6MD93Y139777X8','R3XRJ0750YE','WZ254T27FU502K03MM2I91W1F768LUGH0ZB3FO3S466R9MXZG9347858786YQ4DB330X42Z2X062890FDLYROKO21V77284XB1817S9PWKUEPF','202',43287192,983351687,'80Q42GOPNU'),(572829034,'43YNQ3J56APM8FC','821NRES5W',NULL,'E4QJ32017BUO47D922',740467750,NULL,'1FMFCU7S59454AH2Z1D2W23BK7G34T68K0'),(572829035,NULL,'7Q04P7UFMP5RMDFJ60S70G9','Z3168E53L34S4VTD7JQ62960KLKF5U7NRR39R42BDG85Y722C8CJ','927D34N4I29BQ4TJ72DYU1I9C14L5P8037N0ACT9R197K3LS',673317909,410606891,'62KI91'),(1175500218,NULL,'CGERW7W5008RT7TV7M6LVVPCVL14ZX2','LX8YV677B7Z177L9V13QXQA0A71686V4VCI817','',2116164875,575,'6N012A5KBNFAW5JU6F44C4768L3FT0E'),(1175500219,'','','5S','',1264654806,1233565289,'051'),(1175500220,NULL,'18','','J81S015CATS5J',98,1847513002,'U'),(1175500221,'DD4SVCIGX84G86IE45O36R47T02','3629L','2L86M','',884218079,7,'S319Z08'),(1175500222,'354G3H8A9N872H778V1EP40Q6ED874S5W6QX9NO1R0',NULL,'7E9PLSRMF1L9K52O2A5J540H3KMFR3','V2383P154JA6N2F8I9CW2J20TV50K6SWHMT3L2Z8BP27FJAN3R7QJ3IYIM7987F04ZS9J757307Y0MC12RKU7A9FIII5H0B',NULL,8125,''),(1604996949,'2TZ0P179W85N','5UFI4LY45M0X','K56W3H4K3N8KH45AJU3O5CR','8',2770,13,'V0ZW36'),(1604996950,'BP237E2T1ITTG37RQ1B13BO69I6M9GK8PJO4T5UO4F4J8A5Z','9071Y1T035F4QV24X7X9','VC23R6OHM100MO0G3JS33E372DZ72','3XOJ15RI9612O9Z21ES5J6948619JAWZN2Q5B5LHY84A',1375092911,84713566,'P1TXGM30715'),(1604996951,'CRFJ5333824HX48L97JR9J',NULL,'62NVP841M6HFS0ZRNPF077SKL3R0EX64PXH1SH960DNZ1Z1670TS58373','4YP38JA5T41F1668VX9709258SC76W0E7L8VA8C7ZEL',NULL,19974649,'5J21484'),(1604996952,'','241X8I2YJF910U0625','','5XF90HO17505S3FM65OXK4WJP62DD0UNM8BHSWSN2DJBQL52K18MKO',6470,1036900266,NULL),(1604996953,'X6RZ902MWD21IHORB4113Z7UHXK2',NULL,NULL,NULL,47,NULL,'EOZW47M7'),(1833928570,'U3R6GDJM2','99W03067H4Z5G5EU6HPA59','',NULL,213,6,'CS47U7OT9SA5F77T3L9I5S70A0'),(1833928571,'82O42CD5',NULL,'90P6A8J33JTY818705MF7P2R631AL48FNHC5G6K2M52YA554L1','5EZ2BA4Z2907HJNR7E30IB5UY2IPWXCN5F6AH84RXT0KAQI0GIF5666ALV7GS71VO6AT06A598JI5B02W55U0R028XI215T67WY9',221,973200603,'82C95T'),(1833928572,'HVEZ1549PH16C644MK505O2B','7YD',NULL,'84T1K2Q256DU98',900839397,NULL,NULL),(1833928573,'28UO36I1UWK458C75JVHA322U03L1495JS953MA6IQ7YRF3NEIX11KSU0BO3941VGN7438JWKN7E324K9LQEUS8G43YAZRM95H017C9','6OWRS862S5XSF','','CMV0YK5J2GCON7ST3N005P7X13CFE19H79V9',1423637215,1664091251,NULL),(2263425301,'','22LICZEY672HQFN','L0AK5FJBBKN997023BJE5KHBH4P2OO25OEA7RV95EL5B6T0W8Y','',885380215,1641106697,NULL),(2263425302,'5J729X8ZO5V9K59K','','',NULL,2097030093,104254872,'75159EJ9UHC'),(2263425303,'E1RJ41447N9E9YJ7X79243U4','U65TIM0H003','67E85',NULL,630686709,965124790,'IOFII85GCR4XS93D05O713C8F01MG0DF18O0YM13OJ00NUJS'),(2263425304,NULL,NULL,'5IX9VIQTQR70A88Z0R4R6I',NULL,1705547463,801974001,'3ZAK8'),(2954469562,'D06EAJP801LJ032E01N35','AK7E1AM26ZCK465M0','7K0R01MNR4M46447RWS2D6HNDCCNTQSSGBAO9PAEGT95160RSVY2S83171285LMT3708','',349481267,1104572009,'YWN624FE2U4D21'),(2954469563,'2DR',NULL,'','9FANH',1624685829,1590632444,''),(2954469564,'P7F0PBG01W8OY5261HKCB5Q915DS6RE2A83V4','',NULL,NULL,1727996710,NULL,'WFLF7FS9OR8V9LA8S4B1E8SN9DMJV1EF'),(3383966293,'5F5PFDEJTOK44UBW18','K37TT43MZ14ULJQB5X926W0D5V6UO0H4JV5XR081P8SR75705PEI4RX0YNM0V3NM47DTE9555APJ6F92DK0J235ZPG9KT8XB6K','0AUKKZ87I4Q','2D8',624160160,94,NULL),(3383966294,'P',NULL,'OYIH73AN2B5I94Z996DJ1B1Z06WXVGT06D167O483DX8J4MP7X5H922TA5','OI432I',NULL,10,'5155L394AH683TL4Q31NFW49ABI32L0Q383913R806V00J9Q9F5D4L24Q12'),(3757858634,'1ZC57LR6KVSF2V87Z5SO8626Q5Y1E7AIE8HXVEW07RV0KT24J658GN882C408EYUDI135FU0SOO','2Q9FKWM8592BVUDDW618LGZ64059GIJMEWET9OV0W548U5YYN1H276MH','SX9OED','342NW91H7G70E2HO45170UD590MYVUJ0R53Z16J1X8J19I3OZCLI9DOC7CF887QQ5HB5',1129864924,1437190424,NULL),(3757858635,'C7DXHH66SJ86IAHXK4051DZ5J967U1L2K493A6EMI16H5I93363O7VW1KDZUF42OJX8DO2LZ','K0946W3','O11ZF6Q2A77K2K3','',935310541,389279052,'1'),(3757858636,NULL,NULL,'D5479GX4BPFKPCJ126R8UIG3WQZ5T8T07UY984458CI9U90QU7KJM5F9BEK9W813','W7KUQ2',NULL,1862459467,''),(3757858637,NULL,'49O5C5QH9OOY5768N67720219K98237W8NS69SH2X45VIC7F632K53K5L1PPGNK72JN3MNVRD0G4GKM32HWG1WX15162932IXE524ZV85',NULL,'3G4TPJDNN9',473,NULL,'C3638I2RUXH269MQ5M01QLABS7EQM8E5G9T6J3KC778YF5YW8X4749G'),(3757858638,'X85GZ15BTNTM79BZJUB4S8H3XKUT94Y5I31G','4B2','E505E0BJ56IR5','N4Q61HA4520',136,583310255,'N743'),(4187355359,'03','AXBX364M','H2OJMC3','4JSOK1NQ6K5S079M3FJZD9B6DP701NS18272I8',1480376471,8,'5K1T4X37J7MKGNU3814XM1P'),(4187355360,'39M12TGC46M0Z','','85AZM042D90SS2GW1P5Q6CH054L2JCRQB172B40164QL4PM8UWEB815D1Z946','713885833A1',230448000,753619050,'Q88Y7B0GU48ERRAO39TIR'),(4187355361,NULL,'B53X2VSZD4NE93Y3UMVRGB615MBVCF3833N1V','9I',NULL,553,525633786,'FSUNM7L4LP5XTAM4KR7V8NS9'),(4187355362,'1VEWDL11DW8CU5BALEZZD16I21J13I93OR5FJ8H1F33VK757IUG12S2898ZES261S9INQ6X6L24AE36BM2KX3M39WHHF3J0Z99B','T3','ZG80C362LA231S3R290G53','',610,391306988,'JKC2A168FW6R2M3K257CVD84KR56XBN'),(4187355363,'','3RI7T59XV33IQY2H221GT6F8986C05CA6WVLU882CF30X1362X','','F7',77,4280,'5'),(4294967295,'T36H51VS58GR9ROV4A73444T8HSIXH4397SYQXV3203G','U5YE9978D74V184I66I83XZR5YMK2LMU5EFWZ9JQL4Z1P7HBN','B1EQX1X5149988V1192','8ZS67U179WVP7W15G1E2Y6P8R346AL99',493667609,447566817,'PS1UR');
/*!40000 ALTER TABLE `btpageattributedisplay` ENABLE KEYS */;
UNLOCK TABLES;

--
-- Dumping data for table `btpagelist`
--

LOCK TABLES `btpagelist` WRITE;
/*!40000 ALTER TABLE `btpagelist` DISABLE KEYS */;
INSERT INTO `btpagelist` VALUES (132573146,18466,'05',1625774625,0,1,0,NULL,'7488UGZFL07PD1V900H4051KY897Z2PRSFQBI',1,0,NULL,174861165,'','JUHX','','7S',452207147,1,0,1,0,1,0,1,0,NULL,1856325666,NULL,NULL,'G2G0XMN07011IN',0,-1972622483),(132573147,31560,NULL,1587932608,0,1,0,NULL,'3E3A0461FS226NOK3OG28H5YS750',0,1,'',7960,'I','391','47V629SHX5307AVF4W8Z5O63536JZ8KU79T1V121NF9UWBG94RVLT1VX6CD4','F5',1066482685,0,1,1,0,1,0,0,1,254,403274568,-1581907714,1,'ZKHS7',1,-7960),(132573148,61705,'',536940453,0,1,0,'5G458277CF0477YW3',NULL,0,1,NULL,582,'TT4','V60A8N9P28','792B4X8DNJR33C',NULL,1685802203,0,1,1,0,1,0,0,1,54437,36,-722348891,0,'49VXLQA0348V2N',NULL,NULL),(132573149,20156,'NB0V67',73,1,1,0,'L849SNIIP041TNNHD4PJ4DFP3621LP','W2Y2TFYM',0,0,'I1',1985268823,NULL,NULL,'','',1667575604,0,0,1,1,1,1,1,0,23672,1,-593339272,0,'6P282100B29893TQ05N65H6N90C',1,-1268776277),(132573150,0,NULL,512772357,0,1,0,NULL,'0M1586519CN2T5QX87062TMN0J6B88X056R8MZ1',1,1,'4',2010733922,'',NULL,NULL,'TK61665K3EQ1I5UVX8K77THV28X8P37D19SMUB',16,0,1,1,0,1,0,0,1,NULL,222189300,NULL,1,'V5J6K9D0PO71P92J7916L0',1,7781),(132573151,534,NULL,1919401222,0,0,0,'','HW5US793IIYM57138S54U7V720D233KT94D8382RBS8MO375Z10T6X8585C18331',0,0,'I',26,'I567939UH7J','O733GFP','XAOA8O','',1283608426,0,0,0,0,0,0,0,0,71,2644,717,0,'H9V289D0E5134EJENGXCD368B01X9C26R98V9F374',1,-667580011),(562069876,46772,'JE8',865583718,1,0,1,'7ZG889WL80UB164W33B74E397ERV4','0FL0S',0,1,'NG',319433203,NULL,'','46NT29DC845Q9S3O16LFK6YW097M6XQP5YI8GK5U6C1623709M8A0CXH1I','52L8ES60E610PA3XMJ640HSK9A9B5H7A4C37N94J7O1U37X476V73H03YA0NEO6W61GF43',352936148,0,0,1,0,1,0,1,0,49766,1020376756,-1281899930,0,NULL,0,-1828050445),(562069877,8026,'KN0BR',565575934,1,0,0,'','F120633AAYUX5XPZ82C60LP',0,0,'M4',87863939,'W','0C0','8E3E1B1A47LC78877QV9AG03GE1Y3415Z0YST28G2HU55UMZ659X448I3JSWXQ1B8L36PTI91M236Q35NH0TERC7W58XKX478076ZU8','0BR3LLQJ9628E51AK9W065TC8173NJ09T7Y',1889726073,1,1,1,1,0,0,0,0,23073,703668058,-521709023,1,'T06MAQ33NXD230MEA9J3BLS5DN',1,-2059619709),(562069878,33187,'',1088834172,1,1,0,'T9887B05AS7RB37RMS27F2','L8J',0,1,'50',406459579,'24266ER','95','ZM3NJDVA43TVM0293W2S2529UMAD28UK0M507HEH310','U81D',913888591,0,0,1,1,0,0,1,1,60864,259424675,-559551040,0,'',0,-1741024069),(562069879,26564,NULL,1938840810,0,1,0,NULL,'',0,1,'',613483304,'5I','80Q',NULL,NULL,1351583981,0,1,1,0,1,0,1,1,19493,1227536421,-532984795,0,'U28G0X4O7XYYWW6BKH2U9N53I0Z41590V39',1,-1040292180),(562069880,36448,'QMR8XH23YYEG6O',15,1,1,0,'','1X1R604',0,0,'9F2S',658,'0JCSF','0C5JAE48P3','','V49U1SN10CYS8B7TCRO5HBV533648ICKU3A383873585CU8EB3EF9FX9277Z3B3W15C28P',350228431,1,1,1,1,0,0,0,0,6,1190416060,6,1,'',1,-1601080116),(562069881,22514,'CR6V11A',1408834068,0,1,0,'NTXDWQAYMT7KT',NULL,1,0,'M4P',30,'307C','U','U6HD81QU8HNYYETI8M1MF853JX0O244397L16VZJ25','',700967572,0,1,0,1,0,1,0,0,10403,9,-1787549533,0,NULL,0,-6),(1109317671,54943,'T631XJ3',5,1,0,1,'','Z6DMVG0WXZTPJLIFA8W8B4I9Z34Q2OL60PIB53H5HEX4O1BM75G0IQLJ63H80R3IO9I9CX02DTWA643Q97I1IWX3507J1106GB3LPSAB38NS0W0901OGMR6UK819QWWOL80NOC',0,1,NULL,1395968236,'E3S11V9167',NULL,'070S141G7E9991OXI85T31S47G52LOP799H2A','25HHR19QJGR8H7GC9663I4WD',1846885270,0,1,0,1,0,1,1,0,5,1403704991,5,1,'',0,-751515412),(1109317672,59151,'29EI3',848947984,0,1,0,NULL,'',1,0,'8',451268480,'3','600OXD0DH3X',NULL,'U1',20,1,0,0,1,0,1,0,1,NULL,346991757,NULL,0,'0M',1,-5),(1109317673,27568,'K',538399558,0,1,1,'','H7UX6X0XW2811I60LP2O4U2X41PMB0N43EK9PY',0,1,'28R1S9O',40977126,'SB64N',NULL,'2LQ384447',NULL,906393169,1,0,0,1,1,0,0,1,42787,1292471904,-135026909,1,'5B42RUXUHZ35RHL1OOT2H7E711UOU53N949102UH300CXZ460A61FP',0,-1431478440),(1109317674,8366,'08',359934115,0,0,0,'R3NJ12VLPN7AV1PBDPBER6971RBP3R1D48X9162305204VQ25826OM07C8249K8166LYPY0H50C80HFTMP62MW61S62XI1M2P8','222D95M8V5X',0,0,'353',1330265687,'O','N906L3RO2','0051','XK79',760814104,0,0,0,0,0,0,0,0,56903,0,-892936633,0,'GE45IWSE2FEYC64Y50',1,-822469080),(1109317675,33273,NULL,1401142749,0,1,1,'E0R28651W2M4IQD075RLG86RG55BQRL2ZJD3','',0,0,'X3',1864764822,NULL,'5','','09USV43',2037786653,1,1,1,0,0,1,1,0,1511,135913296,-151,NULL,'CYO2O977X0U469JB8WA5WB0F666414GZCO07I5232GDSKE33FEMDP7Y0GUVNE89T96XA64Q144BHRT3LLQCP4M745',1,496),(1109317676,4365,'0X0VC14Z3DE5UC',4848,1,0,1,'','3XJT0M52M36HL2RGEMD3E730A01UMR8H',1,0,'O',2040334342,'6I',NULL,'7R5X388J580JPQ17NJ68352W0WPBOV','',39,1,0,0,1,0,0,1,0,48605,1121976236,-746340899,1,NULL,1,5),(1538814402,63312,'N357QQZ488',821184647,0,1,1,NULL,'9',1,1,'',55,'KR08','H2',NULL,'',94,0,0,0,0,1,1,1,1,18567,1550186320,-1326299001,1,'',0,553),(1538814403,22260,'',228,1,0,1,'','',0,0,'Z',716005208,'','8JILMAXZ3','','1CPGFZ0ZB1L0RDZH24ILYKGC1HFJH8VH91PFI444W9F6CL14SF2U5A1U5IHR84825B',1069255574,1,0,1,0,0,1,0,1,73,2063105970,737,1,'7N',1,-65),(1538814404,49865,NULL,1254547015,1,0,0,'','86L89JJDWNL35PC',0,1,'0',77,NULL,'','32N2872V47',NULL,18,1,0,0,0,1,1,0,0,15,NULL,153,0,'4X651V91AGJ',0,-2106506522),(1538814405,9,'RM3O768H49',1590004604,1,0,0,'NWK6W36KMF2I41LUW','KIG41',0,1,'G',709002257,'',NULL,'1NA759I',NULL,456363654,1,1,0,0,0,1,1,0,43645,8366,-427316611,0,'L',1,-1472079137),(1538814406,65452,'O3',1715975497,0,1,1,NULL,'',1,1,'55',1548656113,NULL,'','57U49BAAO98P4S5','6EC503BAAO1C3JR87L7N8QQAW8YQB4SD531L3465OFMSM0E',66,1,0,0,0,0,1,1,1,21822,1246593529,-733719234,NULL,'E971TV65QJUY5D4689',0,0),(1759479775,44173,NULL,1425134757,1,1,0,'','A7AV75NL39CE5MM3IT',1,1,'5Z',375384023,'','W','8U28','V',1433937110,0,0,1,0,0,1,1,0,18313,NULL,-1891874935,1,'6Z9C7Y9ZV748Z8CHR59G68WP984LV',1,-1772099625),(1759479776,13225,'0R',6,0,0,1,'T066KE1JKC2BTAU08X7JMKU7S','',0,0,'7',878707371,'278J','3',NULL,'',360884645,1,0,1,1,0,1,1,0,849,379,-84,1,'P81MMVCOG',0,1),(1759479777,3014,'',10,1,1,0,NULL,'2ZHASRD01A6N22I556TUTROGZD9LU11V423677969F56PF98980ZM0789507Y350RFTZA1I5JU3722E606YRQ77029SJ',0,0,'',49,'773O224','14GGVX5P','R5ERED3257321994FE6UX6SQQ74F','',2031840146,1,1,1,0,0,0,1,1,NULL,1541903699,NULL,0,'0LM0E916C9AV49Y',0,-1438481391),(1759479778,28604,'4TH8IA6277ORGH6BD',10,0,0,1,'W7T9S44062IZ6E','98H9V3Z56F0W5QY0867ERX086ZOSE7YM',1,1,NULL,79,'101','G','5AK94G6R5MB7XAM','0S0',844124187,0,0,0,0,1,1,1,1,46409,4365,-431508151,1,'7L441I5P3IKHFF7TT4SC0RZF9Y5L4K',1,269),(2188976505,6520,'N',7268,0,1,1,NULL,'4O57Q59HY',0,1,'BT340',1319877426,NULL,'AHK2747899','5Z098ZR','C0X48X9XC0PR0S5FIV8R8',825542615,1,0,0,1,0,0,1,0,5613,6520,-283372051,NULL,'0JER',1,-827606222),(2188976506,1,'87',8418,1,1,0,NULL,NULL,0,0,'',0,NULL,'N','','4OY6I3I69X1SA569B4H39BV7755L4710OFJMFRZ0DJL1',386014803,1,1,1,0,0,0,1,1,NULL,97961981,NULL,1,'F3G183L7H565V53Y6',0,-439541035),(2188976507,63039,'U',569,0,1,1,'EHV0XJUZQ1R64YIR267W05R0VW',NULL,0,1,NULL,35717460,'5AY','9P3B79','','L0VSX774PP0B69B67X549V9EKAJW7BM08ZL942F3OSZDS5UK8AI7YJBLZ069HP1X5',5608001,0,1,1,0,1,0,1,1,21318,545112777,-1609084090,1,'0336PCZV47331D7J4NSK0Z91983',1,NULL),(2188976508,5440,'87O7U188LYEAGY4S96',328317787,0,1,1,'1SZA3IGCEB8GKC','85V2N8QC49S2L2R7E6N25AW8B69PD6ZBE1M',1,1,'0IJ5T7K16ME',1479903637,'','6YS','V51C5ETLEPM5UIZN2','',799,0,0,0,0,1,1,1,1,6676,754765103,-738649580,1,NULL,NULL,-598827535),(2990492612,58405,'EL61T6ZL29',2033200392,0,1,0,'27Q3J37057H616YH4R2K1DE','GNFLZM14A6JB764IUPDD806SNXME4GV48N9OA39GW7W50F7LT14L689H6IU2J6T8HYBJ534TTHQJLW24UJRNII39T45T65P4N808ISCC5',1,0,'S',26,'FIZ2','3Q68FG3V9','13IDR4ICM9I75IFMHH47RQ7CRE','8821RUN781J0S2X6S38SJ826322P6C1CM633981KT794W',1824833231,1,0,1,0,1,0,1,0,11528,1063642149,-114283256,1,NULL,0,2679),(2990492613,11548,'',1200801780,0,0,0,NULL,NULL,0,0,NULL,1107191468,NULL,'N73BYVFJ8HZ',NULL,NULL,370,0,0,0,0,1,1,1,1,60176,1911219983,-1298535664,NULL,'WA68Y',1,-1442892236),(2990492614,379,NULL,1554144376,1,1,0,'','55Z73496O01D9',0,1,'E97',1707942613,'','M096GM','7Z9I2063MP2NW4B9U37YA','G9X952IHH25X68A1O369HG7',438,1,0,0,1,1,0,0,1,23786,596404164,-208642838,NULL,NULL,1,-1989295768),(2990492615,57168,'',1413764414,0,0,1,'HA3IM0','3TRFT4',0,0,'A2VN',607,'8','','AF7CQ8D1H60M4X16VV1L8S820L535X44199HX9H6H1TO5446JI0XU1TO51SE4QNK','18NDLB02269H61841V85BM25KH0W83',1484679706,1,1,0,1,1,0,1,1,569,619,-56,0,'98S22FH697LRQ',NULL,-659306642),(3419989343,36,NULL,255608713,0,1,0,'4P',NULL,1,0,'95J',1446751758,'6V02','4','9C64Y07VBN0M49V7Z0W165Q','9KEM85XY6UC662T0YVL78N1SS34',1,1,0,1,0,1,0,1,1,7268,NULL,-7268,0,'83Q19ZWU',1,-700731890),(3419989344,51197,'X4',849,0,0,0,'24E3I6V05P63NQ426XTYP7I5BBDSNQVLM1SQ1','NJ968L2RM314F05JEI3JUJE5A5G10652L232D10V0768I9R7051Q72314D5964N7',1,1,'5',158187880,'U5062P','','MEE4I47ZZYH9L27A','',603019359,1,1,0,0,0,0,1,1,51188,1403530524,-946681868,1,'L81N0X43GL0CPG2E884514FO4O4BLO83Q',1,-1534000344),(3419989345,38227,'151N573',1771204779,1,1,1,'','5VC12Q6VHR434U',1,1,NULL,1488177006,NULL,'0','',NULL,1495204861,1,1,1,1,0,0,0,0,18693,2047604287,-1634711291,0,'796LK6EB3AB969PU88KM96BN7P1VVPF5N63BZ1FBWLA8629NWF8NRG',0,-817217961),(3419989346,4086,'428',71,0,0,1,NULL,NULL,1,0,'',0,NULL,'TV','9BSD0GF','832Y21QG3L2Q0XRR5P51A430ZVS74M9POSLE63M6Z',1193999200,0,1,1,0,1,1,0,0,28843,3014,-376278869,0,NULL,NULL,302),(3798043318,64611,'N',1710884671,0,0,1,'U9U8YZ16N74P7C1H7EU4U126M4P2U','',0,0,'8',823,'P6H',NULL,NULL,'',1827151095,1,1,0,1,1,0,0,1,1855,1652751459,-436598977,NULL,NULL,0,-82),(3798043319,61480,NULL,1864111597,1,0,0,'','66RO6',1,1,'9',988867327,'589494','IOEGT','7YYM1O7324QP369D81L7593','6PF4NG48393UBMDP6348394QX83Y0ENRAG60GC16X262D1Z16041',1017838440,0,0,1,1,1,0,0,1,19068,1354559528,-1058649476,0,'5RJR903R1O3BYH81Y19582PQ009L1E8699557BM1F',0,-1158616321),(3798043320,32690,'',2012456739,1,0,1,'U7QVYP0OLHAAA28JKS9COW64A50L9S70FU8I2TL4E8QX9VQZRV','1L142M47KA659R1UU2K0JMUE',0,0,'77A16',546403532,'5056','J7',NULL,'146YFH7N4B8KK3W45779RZ5Q',1777767560,1,0,0,1,0,1,1,0,8418,236794793,-8418,1,'771CTGN19OJ064WQ26CWZR8',0,-162214825),(3798043321,619,'HYS',1511,1,1,0,NULL,NULL,1,0,'488H8',675404511,'8H12C064973AKF59P7LZ','',NULL,NULL,250333283,0,1,0,0,1,0,0,1,NULL,372,NULL,0,'5VEONT0KNEZU3I6FQ39A48FEL4685K6299T3G9H5116Y23VEW6JV',1,-2111766188),(3798043322,2644,'4',398973364,1,0,1,'0','9A1M2R4L9AAF1105I21PLSE491936113Y1',0,1,'XTZ0F',5,'7TA','H44PHJ58424Z8TT','',NULL,1902879729,0,1,0,1,0,1,0,1,10,926093302,1031,0,'603RK69A9S3OXJ42H56D',1,-2052666906),(4227540044,23013,'P9',1467624458,1,0,0,NULL,'52W4WDRJ5TI16K7V9N',1,1,'KM9',558211188,'5FQ','','',NULL,2082590805,0,0,0,1,1,0,0,1,11274,86399461,-679859190,0,'',1,-1589272460),(4227540045,47141,'',1614498853,1,1,0,NULL,'UGM3',1,0,'JNI',704591412,'4B',NULL,NULL,'U5874L1VCCZ72US99ZU79QZ6S958K55O89BOL56I79D6W8C56J952QWQFPL7TO5J5M8KDT552L81766MJK1M6DR1RMRINM2E67ID74K85RQ6MD9FX5H',480609976,0,1,0,1,1,0,1,0,4005,2109993225,-1610543195,1,'M57CGB3V9',0,-1696215168),(4227540046,372,'WQ6P',1720167037,1,0,0,NULL,'91YYG694HOPX0RZPZ8208W90AQ3A15LG967ICG151Y',1,0,'3',1325014568,'JO94XZB5FA','H','15B','AV16ZA5ML6',732658142,0,1,1,0,0,1,1,0,228,266496944,-2,1,'19G832XN',NULL,-136749726),(4227540047,52527,'5X053RAD',2,1,0,1,'NMLK019611F3B909A7LOL16IXC8GX40E','77799F8N47PWB48R160TX217J732T',0,1,'894X',94816742,'4X5','0P27','25VX5IN0RAG155Q335LE7VO57N18SE8CX85QRHI61DQ7TC9','E8237A7',27401563,0,1,1,0,1,0,1,0,35708,1687836658,-557479044,0,'5KZDG1A8O61880UF4AEL52RW0V0939999G19Y8I84Q1H0QTE3UED0YK80',0,-282718826),(4227540048,31660,'JU8CG1EFK10PJ',1714754715,0,0,0,'D73641L0K7SG51413P5OE877F38QAC2H01JUF','',1,1,'86',4757,'XBU23','3RUXX201336B3','4C','792UX2F8CBZ82FXRRX72UZ618YK7C6TZ6ES1BM',1371883587,1,1,1,0,0,0,0,0,2,5440,2,1,'',0,-107149306),(4294967295,7490,'FQ69AZU94V87A31',1707708594,0,0,1,'92KB95TWE',NULL,0,0,'E',1693861359,'GV49J','CCV3','F',NULL,765884308,1,1,0,1,1,0,0,1,37042,31137090,-439775054,0,NULL,0,-453622289);
/*!40000 ALTER TABLE `btpagelist` ENABLE KEYS */;
UNLOCK TABLES;

--
-- Dumping data for table `btpagetitle`
--

LOCK TABLES `btpagetitle` WRITE;
/*!40000 ALTER TABLE `btpagetitle` DISABLE KEYS */;
INSERT INTO `btpagetitle` VALUES (100296091,2085370188,421358811,1249968940,459,290399097,'','HULIVP3WUQJ2528M05Z2IZX0L6A4N89383WN2C9S','2H1TE0P3PQD241Z25D2CG1525943',NULL,'E44H75BCFWJ46WZ0616D437WG8773GB8V1T8R35689A2W94H8RXGEU348','25T'),(100296092,195641289,1614002787,216553386,NULL,449229670,'','17A0834H','V8289PPM8B58A5283I','IL',NULL,NULL),(100296093,1262348370,548105489,563301034,722508151,1572301510,'12MH','KRLJ','YJX66JQ06W31','Y2THPSJ708984TKC99LY1BNCGOT3MY94718PG7O2P5V','','191'),(100296094,1756588368,26,2137576552,195606908,0,'G3S6C10JTG0QETD6DU8LX0MTSS1HI412GSOYV52939C6395TEY94ZFDTDBQ02X55CG5OF8L4V4IAVHQY4RD9ZRK5R4X9SHC','8L4382024831U952HVYF9Q','CE774Z25U715226HV',NULL,'6HJWA0MKOX852R875Y7ME6LI73D546N31H3H6H7','F0'),(100296095,936162560,1038709055,924,748216955,1210323513,'7E2VYQV','69S1IMK5877H580R75V2793606','80B7984A2IAZD3F978764LG80C1P17ITB','','','9FC'),(529792822,96,1181606136,1770705869,1611106060,883720515,'','','5A4I4W3973MLOG4SNX6FFONSM4OD4F8NZRZ1RPRB9YE','74Z9006Q300','G6114NX5O5O','SBK'),(529792823,89,135178813,1294378707,332896674,316252335,NULL,'K1C08O7Z9FIG8NK24TQJBEYCEQJK652336J2FZ','C47DBG1FE03027FODU2JS21NKV5E44S7B33KRFD6GUOT9T15BA3H9JR25M46ZVY7','0MZ92J977P62994F5477R760V9VRO86T3FR9ZC78N395A','',''),(529792824,1316195900,2939,1082135518,1049873536,496625443,NULL,'H709871HT88NXUTT906','','','HC0L127RW1N4A7E21FFJ7WTQQD53105WU5O','1SU'),(529792825,1843889821,1501048855,1194541433,1156405475,108369845,'','','035H2X3241H1AE0KJ1ZBTDD3B1F8267I24W5QYJTB58G7UK9980P68A52MW',NULL,'O8I1I7A8BEF7BA7KN46C64H9999E798785U8C88B74VF46J128E2G456Z93X1X1T7Q507B5','D'),(910770965,9,262904490,2023610718,631374013,724889942,NULL,'UM58K240I9','79787RTNV636QCZ5E15D8PCCG1211XGZ4G729F945KSA4MDZOLZ492CCZ48185YCZ4809172599','0FTC','60GD7969IYVML72UF16HL',''),(910770966,76,1886911156,247785568,1400400535,2062699996,NULL,'4QM62J887O331L6QJS1LT0CS572733DTNJ9F36477S9P49ZK108ET02067DJDK0EV1B62Y9J4UP7','3569','QYH8','W34EI','59T'),(910770967,8,1644444684,77,1055404825,326754103,NULL,'88','961L3HULKG9AP377Y72BC5B94V9D5G1G79','',NULL,'2F'),(910770968,515585925,163,745,2,1,'4','1PDTN2K569WC4453319269G9PJF126','F0B0KAA4JSQEA','','53Z4M0GY15ME0606FDCP3OC24Y7YU8P4BYG773CU536','E'),(910770969,7130,804492835,1225995782,39,350009507,'1B7MC64B19BZB6T8607X72Y5Y21JE8BN',NULL,'CWV83J4N73NCPK7PJ','','A2U7LF3FBN','2VR'),(1340267696,83,4482,237591558,1745508950,NULL,NULL,'130UR67H234HU1','470PLTAZ0','','K824ORIQQ1LFH0',NULL),(1340267697,70753181,6,1600320953,1504355934,1028629227,'','7A8J3767CDTZLT6','1941Y641CSAQ508U533RKI1OZV056JR4LBWKUR1I5RW3YBHJ573PO4A88E96V4374338C6F6544ZB6521AM677785A2Z60L45YTY01ON7W7Y07ZX900202V0NH1055O23673MY36FQ0Z7Y7RH2CT',NULL,'VMC21UU5S8P5Z012243H4PV42E913NZ','M'),(1340267698,4,557115395,7630,2749,425766604,'57O074','5457X8KE870I35VEX61526WLEXSZY40ZU3E16447WL6XC7BDM4K5707NK5','7749JQWX1B3MU3MIRA','F157N4DL0986IE86M6A293HMF760T60ICL60573J6TZVF1UL0139I28E162527L42O5W7OL3847GF1AFKK987X876PXRH3GT3J6Z','3YLK8O6Z1D4H5B5MNQ3ZJHQ8YA507C1QW7YV2B4QLV3898EZ','4'),(1340267699,1098832262,989,692783402,1043777219,110,NULL,'0J81I9TPS','XK0N0PE5D8738EW277','A11I97769AM02U1UQKZQ8MF4T9KD807VY5DVY51Z73KS33UA8775G8PD2581P1Q01S1ON','8VMYR61686L049896Z8N25CC6UZ99O326CF84MYSN0O8RMYW16XSN2F497I2U94Y8Z1WU31','5'),(1340267700,741,NULL,5004,1611715767,1134121098,NULL,'K5A3SMOXVJQ1SNWM',NULL,'RWD1510O4MR3C67M51T63QN1XKO101MD0CQXMYFKHPV9MSCZ15C886402ZSW1LAS29WB0E8XJ68G1HSWE6Z9','24X0T8LT2E7','R50'),(1965630570,502,2094138713,551665628,609798840,NULL,'K1RG','','','CY65P0',NULL,NULL),(1965630571,NULL,827169389,1141394894,2017250162,1366186512,NULL,NULL,'F4GQ570316F5QTY68ZP118361Q864JTVC36P6HI6CH2K805JB71A0K169BI6N895433920AR06ZCS17VGY36XDPCM7FBAZ8','47ZSO67PS3','7RD7Z02','3S'),(1965630572,6,67294604,71,1535492915,2146959205,NULL,'2Z1W07H47CAY','58OSM55XO4DMDRMXGGR50P87JD4','1B02B','7JYGWW2124JM177M3TOCH5R8779S00966L5802854QN79RG148JQ0X0PH10H','D61'),(1965630573,1631260369,1,2095911174,824,3291,'84I38T1WNXN',NULL,'3GYHO1B3L2AF37RR6K9XU5','BNY','','71D'),(1965630574,1879045814,1851753145,539250515,2386,90761385,'','X4T99FTEELYGF63EXQ15V9CEW8L416QD23542O158HR03Z6BY3S56','433U7FPB','MUTFRKCUPI9DKEXT9F2137DW6290S4M10704RKK71CW587M0CQ8345X480PQG30K610ZK','52MY6NZ1E4FOI22P857TNJ7473Q8B4I085O18I086BAOI2V8862C0E','FE5'),(1965630575,304324845,152384440,NULL,129,1089074387,NULL,'89MBO7B0QXO0F5485E',NULL,NULL,'','9O4'),(2395127300,NULL,43,144653104,1821224608,107191999,'EM3YU5KQ0244L4S81PA2LOI212AKD4',NULL,NULL,'28T90WKVNU9871J856LQ0OOEONPKTDEV217850SX18V7K2932MF9MDQEFU59236TFQ8L0AW69L79D091H0V','8B8BUO57','M7E'),(2395127301,NULL,1059370452,1286630410,1095474897,1576362565,'70T197FGP9',NULL,'6GK6T67A3N938FS8Z1C6GBS44355L8I1NHO1O5B77ZO53R986LJKU','0S7YC16Y9B2IG7QNU7G9M25G53VJ3PBNBTI7HA8X31440OF7','','6'),(2395127302,292811622,512662813,369,139277968,NULL,'925V5X7NZEC1Y89G3632B6VE631Z4DG602IM1W9VJ3EMCSZC63JQX3LG2WAW3YR2YCXPFMG43ZD993R39AM6B320PJ9A','O98E49U42OCSB996','0XXCI9KBA6O1Y869MD44F540O669T7KPHR2HT90','454U0A83P10KU4NI1TFWXR62CXW3R43U1LTBN35A5Q2NYO8UL388S780C0V4165N3X89WU455LQ59J4E95OB2','0EEMT1BD5903KE9M3',NULL),(2395127303,297406103,66,4,2118231735,NULL,'8I990U9F020M7449W0','56DLM9371Y08P0R81897SWU58K0T1Z2E038I3DZE1WORGXDQ1L5NTHM88307WY275Y72M0','LMX5RY9E6DW5','H2VP17','HJR4DRDYN2W8948H18H3MQW340ML4CP5ZY2SO79Q48UB1',NULL),(2395127304,1027383231,536620504,1196535630,187,2074733217,'','X034DHY9EO8HM0VSXF2Q',NULL,'11X026Z4G51DDAY689S05E5',NULL,''),(2395127305,825508955,6433,53,1195928976,874928913,'8FX3853PDQ5TIK4RO6UG4C221ID3','0CT157UC0','0950Z680200','0AR83A','JT34R63','R3'),(2669064185,1550894766,2026860683,1915303018,NULL,1793486667,'','V173184C3BR5VG30TG6XLI19S515DK32DB6D40I629455RGU49PCR8GBLNO','212WUQ8T5TJ19ZW64DU0SLQ920C2KS0YWTVE4ZLKX29YJJS5GRQT','7CFD6KDAD8D1C8VZ91755P9N038N4SQ8W200',NULL,''),(2669064186,1844172539,161,1608678445,2115185040,93,'2113','TD9813X131T6Z9HGRI4C5A8FQ09748B5882347','T0M95YP7','N205','A26B84Y90NZ644M04B4NH3BHU0DW972PN3N22Z1PN491TYYMRX55259I88B6LR00968I',''),(2669064187,285218007,900720996,1137943675,1846651682,1325593906,'1Z412TOQ53ZQ32GROKL389P','Z','JYW2ANR91G510ZUZT93E9EZ73KY8GUESW4Q40K7S2Q8R76IFUAXWLIO','21M7F','Z16','SY2'),(2669064188,582,NULL,NULL,36,673156279,'F3HFPCCTCF7UBZRKDQEW5437DZ9E4C9TJMX6XO15M6AN9F9D5AL42V4C3GQ18FY28Q34','',NULL,NULL,'2Q1M2788L781','IYP'),(2669064189,1897688620,453187879,577924414,363450196,4,NULL,'OL3W','05NR939344108BU7T4TE4C7FB4C61OCILW7312PKNW977','P2KFV3U631QT92R64M33O','E9D0344V7YCE0YAMPT8W0ZW68154F4N4','12'),(3098560915,NULL,366263104,1335821347,157895943,998,'VP0ZA7609',NULL,'74B3376Z007U1LG79370L00K51VZ0P5RG91G0FJKG2QUNE908JT1T748ZW219F9Y7PH26M9W','M466BW4552RMWG9I9','I726XWJT525BL11LG0CV24Q2N17Q76L0NMU87L9JCBYF','QKG'),(3098560916,7,1831234223,584040156,773,938,'2L34','','0NUOS2Q8G3SH32E9MMSS8X108SRQA4A33641ZN8','V563NG710U883614MF','3EFVF0','0'),(3098560917,543129871,596017188,2049380426,2137371688,583642010,'MI20VE981YTA4','A79W9O7146804N6AHUK','E5','48H9AR3C5WABMC6E486D05XCDN7LY54K9X1QLSI39FN572I0A360AC1ET5HL9PW0W24976','WSJM4I548KVEUB80WIZ544AD84N3','686'),(3098560918,976484392,1362956797,272642092,NULL,394955839,'','R6EI8TB5CCNK','C7F77IZX5','4DQE282243OQ7W5G33YJ0V129RC1OO5E',NULL,'5L'),(3098560919,180299204,368,332812310,3655,176530836,'J73D1315AG94I','W56J15H','Q83O2297M43P7U7W','0D1H1F',NULL,'78W'),(3489002269,NULL,51233675,351,440109933,182,'',NULL,'O26JGG9A19V0C7928PXB8779NH91VX7ZMH4K61LSH6F05AP9TU30NQW5C0655WB7','6D19O22E202OXPP39','32M625G5I7HOU3M8G8X2V3D0BTL07749MKT3',''),(3489002270,252,80,268070767,2,1103853942,NULL,'','','M4CIDB477P0I2N3C4AO56NP440803E824M9B2738JK86UWR47AOOD61NB11RZ1ZU5JO57OZ00P5EPF772609Y5U5EFDCU921C4ZF4BV2H','5X0605O2RW1U0S952Y5Y2NZW613BD1','ACO'),(3489002271,14,1490009235,32,1815127026,1932876420,'R5TPB2SN41P15C1CTPB3DD9',NULL,'1327Q41B6NHK1HCXS24XZ3A4A70XMRROEOLX6N78B2V2VWQX45KWHID96SU9908P34HL8Q51223R8HQ7816Y1Z770H13LT','4HVPVXOM25J2BT0B6IB0U21CE1A63SUY02TWX6O84G7Q7S438IM0','','A'),(3489002272,1415683981,680901144,30,2,145911555,'','5O08LVQCPZ7867FY2Z0G7941DJ','6A2M689583X8MNOV2239TH','24S0MZ239','FIM8522GL6YF9B','31'),(3918498994,1132058712,92,592577887,1357098811,1803793417,NULL,'O9BPQR6MOM19NO6PY0VN7289','F35XX08A5E018WI60Q68OUN341UC52','UEPO4LMLI423138','P97Y595DC2','R4'),(3918498995,1588409836,1850633404,45,601878773,433,'0Y','8PFHZZB4',NULL,'XG3VYSBJF6T072406J3V929X16WP3V17P8RVEWKAH0TBU0ZQ0EYTVXCE524B1642UPPD38Z9B3JVAC9','J3D0J2J0XV6ZJ43N4R7','S7'),(3918498996,996212550,677508772,972,1378063354,228925029,'PXN6348PW8ZZ0','7128PZB6','',NULL,'84C6K1D2U2C62S5MS0919177','UIJ'),(3918498997,1761671515,38,NULL,NULL,259815946,'7TFS3Z72','2U9612VY695L1T6868G10S10GOEKX7UVM2F3MIA09241184C0','612DD',NULL,NULL,'R1'),(4294967295,5,93492941,1326129290,559870640,NULL,NULL,'','1K71','42H2FUSKGGKS96YMM35KZ2F15LU3','',NULL);
/*!40000 ALTER TABLE `btpagetitle` ENABLE KEYS */;
UNLOCK TABLES;

--
-- Dumping data for table `btrssdisplay`
--

LOCK TABLES `btrssdisplay` WRITE;
/*!40000 ALTER TABLE `btrssdisplay` DISABLE KEYS */;
INSERT INTO `btrssdisplay` VALUES (8719,'SS5F3043BMXG4XPBM5FQ3G91VIC71S57541KW6C8VSQW3HMOD94H0511QB1215','8',NULL,5,0,0),(8720,'84471961C3E6K6N98V58IM77L675R','U8HY301UF4','7T14',1333982132,1,1),(8721,'8ZA5WO88Z680S4QL752200XVO2I8903W91T8D3','HFSSY500NT56ERBSO16','M71E2BQPTEC8WB0C5JC8P5F52W518K3',763456467,1,0),(8722,'67HY1K4763AK0BJF8M4TZA','38I','Y16GX906M1OKOZ1EERU07G4AO1N',64,1,1),(8723,'','','M0A91D6HD05CZ3905493CH5YK0D03G8JWUQ5',241,1,0),(429505450,'U9G958Z033W4C27F7VHO449S3X33Z8S7846EU696PH9B3CIP11U86',NULL,'TQCXR',NULL,0,0),(429505451,'1J84N2582O9SJUH2','XZ066063I56PUEINC624S60TL65RHKK54A091OS189S16IF84C4005F804N482QD9621J03','DN0UX3H8OI1QU76UC4W9W2C8FBJU3I',11449838,0,1),(429505452,NULL,'0J3L6VZQFJ1QZ','YA06P8HEM5J31S1XRKFB8F7CZ5RB398452KZGM',180276174,1,0),(429505453,NULL,'DUPCM4U83X4002ZL351YO5L',NULL,3,1,0),(429505454,NULL,NULL,'V2JW26875VKJ18L632NXD',NULL,0,0),(1117059522,'1668648RHDM3DWBO35Z315BLU7RX','DK5FX085206P6T11S632M36S8CF',NULL,1379519587,0,0),(1117059523,'8DZ32W3VB4XM318055','VJ222R8L3I3D9','44K4960M5M783Z5I65JO69',815193454,0,1),(1117059524,'6XI','V196SD9J41SX91C7K1VGO737LX6A6C32Z7',NULL,1440525950,1,1),(1117059525,NULL,'Z66WZ9755AEJ','',692,1,1),(1546556252,'329QVDA38534H2XHSYW','ZG9Z6T2','96P959948M8R0659ROLZ3ZM389EC',919087025,0,1),(1546556253,'K944NQGPI6S6G9C604A48H9M03OP','','',682206741,1,0),(1546556254,'XHB2U141','19RA5SHQ80N165519Q','9',804381317,1,0),(1546556255,'','HMXRT97W0R5W311Y044PSGK','8D607O2RNN0CT6KQ',2098316804,0,0),(1546556256,'','Q690749OA3789U7G1X07787A7GE459C7VY28600V90IK047M911199P8ERZ59Z5D349279183S9ZS598U221K7IA013W6B769XSID5L82513P78SZ6Y63V7954JV54T95Y7DUN79E5H1I3Q1X924G8A9JZG677TP8J9C36Y','91VCR53JL26141I27553MM5Q31PQOIZ0H50SE78TAP1K85',591901465,0,0),(1764340720,'',NULL,'Z901QB598FJ5FY0C7O6289Q0657N7YG5SXF2F0764P3G96YR',1925235174,0,1),(1764340721,'LOM92586CM1SR0242WO8PHPKSMR9U5','','67YM',678491843,1,0),(1764340722,'MU77PB908J3A6703NVJPA0I9KY0','4',NULL,44271007,1,0),(1764340723,'61',NULL,'X2C4W6216922',943641925,0,1),(1764340724,'MD0EW41304MY07NCYP1ITJ4DMDW0F9Y85J','12S8UVP76I91J2QQ65QELKWZ98689N7C23V0','1J316M3UL3ATX0878190BEGZX9Q7LIM6817T6JSH7IAO6O68NW8EBJRM81Z81GN7NY2X9',2044195661,1,0),(2193837450,'','W2K6620DA7ZZ46C99I',NULL,408578337,0,1),(2193837451,'3716PKKZT',NULL,'4',68,1,1),(2193837452,'PAI9F','',NULL,610486518,0,1),(2193837453,'BW61X3EHZCQU21OJB4I40G3P','','',2100914776,0,0),(2193837454,NULL,'LZFZ2XK53B4FM7B8NY9HJ7892U74E9KY30ZT02T1077807MC87BGF4EV965K62H3','',387,0,1),(2992924200,'576R5973583S9FCNY6387X30U2WCC4','','',3,1,0),(2992924201,NULL,NULL,'KH079TP4AB2W',NULL,1,1),(2992924202,'7SOS11UOM76QVII1XTQ571226R9Y3CYB329DQC57FWG516ET5PVYPU63U7OXA0624FOU5K7AD91549AH8N90IONS6E1M','3TFV2I720R833653F6JQ4F7T22Y6O0M2X6GX422YDVNEFL7825931Z2YNXF1C9JQ082Y5','46MZURV67IH',464771791,1,1),(3422420930,NULL,'E7U7TT499NV560V','9F7P072886473QE4F5FT2572E90VZ',784198476,0,1),(3422420931,'V67V1E71G6OXA32DY45X6G21RT0T30C3A6ODU3N682GARD7WN07PZ6A8X4N77V','AMNI02','',1298667842,0,1),(3422420932,NULL,NULL,'24132SEF7HG',NULL,1,0),(3422420933,'','YUV199YM8TDWUSZ3NV531C44QT9G5XHZ8E9G116F212D24852025H3','3AHE205AURU8N10YO915UE6D5P781DMX7K436K0B1116S757728D00',138249356,1,0),(3826622404,'I5F82LLASO',NULL,NULL,NULL,0,1),(3826622405,'M3L33Z1H','',NULL,924252109,0,0),(3826622406,NULL,'5YGG8679PM6I931WU','',1575126697,0,1),(3826622407,'55RWJX2LC64R5CN6J529HD22R6KDP4RA580SU3T9XG5B59SQ9373C029B9WI','E73','OSCT009X67DOKK446POZN7',4068,1,0),(3826622408,'','SZALY238M82199ER','2A81481N9691GJ9T4XJ204IGL5H5SC4EI8E6ZDPXT990SV4U0CPTI6PXNP8N0R49297D6HPBA70I229HO624T48G74M4I3H51YB4',5,0,1),(3826622409,'34HFNR6HA343MVUY8O661K5G1D9WY08108OY11637L7LP99436PL11616C2','52TBSKU2KQ14','0D5X83856652474Y4R11N1O5G38Z74R15SG14VXA42D6J38N1W752719461MIR',680,0,0),(4256119129,'308YN7282W425ZL9WQM258C03942Y','15K6LFC174','K55A2HA',408488179,0,1),(4256119130,'F66P2',NULL,NULL,NULL,1,1),(4256119131,'129',NULL,'',NULL,0,1),(4256119132,'2K6FV395GZUNGO','RP13NDET9T4M','QE45860SG6B0H51I0T824FFKROMWN',624105143,1,0),(4256119133,'4PYM9YERG32H36563L','','KJEZUH27HK2',34,0,0),(4256119134,'','A','',2,0,0),(4256119135,'5VW17L88Z4J0Y48B7KQ0FC394UXQ2L2Y58','9E77BWU6G6TZXGS78AS211G3','OK7L910QA4ID1KU19390ZC679PY',8,0,0),(4294967295,NULL,'T9D2F48P','',1074554292,0,1);
/*!40000 ALTER TABLE `btrssdisplay` ENABLE KEYS */;
UNLOCK TABLES;

--
-- Dumping data for table `btsearch`
--

LOCK TABLES `btsearch` WRITE;
/*!40000 ALTER TABLE `btsearch` DISABLE KEYS */;
INSERT INTO `btsearch` VALUES (338627797,'ZL01NPX21OB790OTO504T',NULL,'XF8KQ51',NULL,'C3M150J0P02580FM8W1'),(338627798,'T97B6X8V8N78202AKLENH93R62F7ZFUE6CR510ZTO3J0EJ77WO7PNRR0Y6KL654V655UMD8','U61T5RPEVJ9XL4FP4OTXDA45UC4U7493J5S32Z6374KC9L74C0660L108ICM4ZV055660DDUTCR1B2NF269M8JTEO66HPDWWRV2SGUWYX99145FE6','Y58QCD1739WU97MR',1877961125,'W1KBCD6HXS864WY951A'),(338627799,'215S5Y1016N6GK3368Q349X8KA5885YC0509KSBGCY676EK3135C85ZZ1O7MQOT61FP022SK75416RRS02',NULL,'',NULL,NULL),(338627800,NULL,NULL,'',2061600522,'B6'),(768124527,'YER748L82J63U3Y11478E','B18',NULL,5,NULL),(768124528,'J5K5MDU2LD04Y4VQ797NXPBL5MYT6C76P4WM7C1V62970I6L5ZL722I2E7TH0HP49JCQ6V09D1',NULL,'',NULL,'Y88P9OJ5Y70QPX2'),(768124529,'JKUN372O4VM010PC6Y3UX2JL','','7J',1274546412,'S1KF77IQ'),(768124530,NULL,'','22HZ7M0UZ6L3ZYNP624GH94K1B7Y77UEUS0Z3RUNO9C9J835IYT6N90FEZQSI438Y6I932U88T11L2255V45501TIIT0XTOL6628S0D78VU0449Q347SYT197300I5Q49609GRGB0EWJ9P1D0383HY6751L2',8535,'5BCOLADOE3F6765KRTZ88'),(1221139382,'F9RTD085C9R','5FWFHL','U3FI71QFG',1618239541,''),(1221139383,NULL,'',NULL,1468796720,'06L3VHF633L474UK67L2882989O63J815PW9N'),(1221139384,NULL,NULL,'',NULL,'1683MB497K5JVE9O8ZT25A135STF0W9948ELW3J2'),(1221139385,'4N05129R1VL0Z3WB01A5P5IH025X9M0B2M492894M90B76RPPY0M','I89A04IU97BZ49W76CYR51K7PAKQR7CZQ4F34W5B4H0L2ABK24T3U6F01','61ZKA87B6ZX9WVS8QQAV510IMJ066G75760K04BD6XN51',1203009197,'EFF'),(1221139386,'8E1L0BDLWBS4YHONP62H02GJ','1T74332J9J16XB9UDD7Z6G2DOI14G9IIVENL3DZ73463W863J9XTPJ0GL5R051I8S19UYYJCHM79A275Q6IF57','F3LW8XEG4844IDYJI8X',1809999433,NULL),(1221139387,NULL,'46I3W6J2B8L9R172T2XLTR54H6CW','015M',192106192,'S'),(1650636112,'Q26JWCQSL97QC70C','7F7636',NULL,1575324863,'52836734EC6MGMY2C839QMIVPHYHPG8R67M'),(1650636113,'F3MGM97HST6L3DQ82SL2H5FX5D0U806A7F9W484WDJ0IH7D9P444NEQ7','','G9M4814I945AS7H08',2,'Q1O3SNG8PR6I3NEQ44CZ4OB3NEN1XAJUU9ISTESN9CYUE13EAGPI396064DI6L4Y6T'),(1650636114,'','DT0S9BB515DU556P1',NULL,470929167,'T010PX5HPT166R16VL31YV7F503KFW32LH556Z4T6504730XR1WCUP28ANUM68F53L24A79458CSHKCR16H960345DV6TNLZO2YS5R860'),(1650636115,'',NULL,'B104AX8FYX1',NULL,NULL),(1650636116,'PV764A8M13Z5I4F58X5WS3W5G5G82R6O','',NULL,3,'S9311GT86KNUFF9'),(1650636117,NULL,'U','611CPH1I68M8292V95A1',2096960729,'3JD6TZ9S137690PJD6'),(1650636118,NULL,'EXE00N5C995P4O42L523A72I9863O3974G4D09ZCPGKD9445LG3446NKQ4XV42LTPRKZS1I247Q5D157K8C0L4P6THK0KTPOC0938T6','W34K3725CFLI',9,'4T'),(1745723364,'6R7775ZDT9988208II','7QP7P1F171FHNW3B1EPS3044C85LD5368OTJQXT1U5CIEU5W4K1B6270744J8635GR','AEP05736IS39369ETZ4B22V34P8Y4KR1OWVMDM14J',3675,'7UXEG376A1ROT8YL'),(1745723365,'0TO4QWM9L7P5R18YGH159','144ZVHT0KR7BFDG591F1UY37H7S975WPD69DI1F4','IIX1I06SU5EQRSP75YK098G',177561231,'4P2U9MJQ7M0304D'),(1745723366,'','S645R4LTUX6C','7OV9207122Y389S7S8T94P5B',6,''),(1745723367,'13L9439SPVJ4','177D883U0C063','TE45',2118143130,'M0888ZK2UQBG8QCV0NM64WK7IE7QL2N4YVBJ3LDYBM'),(1745723368,'L6DI26C5ZTH40L7VJTE9C7SB014T1N1SB28UKKP2DR1N916YPND4YX5C425BP0Y42S944R608ZNFIVC627R66D3872GZ3866','0K1L42W5390I58N53','WSMC20ICD2P7GLS',1478615874,'YTL8X1146ZVZ36E62DJRW3K1VNF7PL11B'),(1745723369,'','QA0FY8Y19LE2','7153V4H3A9A3',470864948,''),(2175220095,'K0X0X5','62O3TINY',NULL,2008227806,'89LN97'),(2175220096,'18','4PPQ9MLRRL9ET5H8M65W62ZB57V4U9VYM6U8O5L5MIZH6OPE1H0H',NULL,1000214077,'TDPZ76P595656J25UH2YX5Y0F35I9C5'),(2175220097,'K4KLPBK187GLECOC966C1S4213C5KKRN89KZL2E36J3TK9ZOTV5525ZEC6K69P597T351VLLN0304F','J',NULL,9140669,'7KISI0C8NCH9RMZ3EO5TKRP070RL2XU0A517153N3A80Z29YW588DC4D5T94PXX7G8'),(2175220098,'0N9H4','W1PHKW759EA55',NULL,12,''),(2175220099,'',NULL,'672',7504,'F1OJIU3'),(2819804695,'EL1KB3Z','PC9NVOAUI6Y6Q4L65U2RQR85LXV3H','',1777218277,'K'),(2819804696,'J17IAW6Q94V6N616T7C26G',NULL,'',1147310374,'AE27JZCS6W107B00Y78R6FJW2786A3VL55B6B5CBO472E4850Y62PW7VDE2BY654VC2'),(2819804697,'2X8I344S1CF9SU','N6039B6YVR537KP982415WX8F09T5FKAB3F33MB8CM36354P2T9L6XB','',1945883392,'HJV71U1J4E42P3O4M9GNS'),(2819804698,NULL,NULL,'W3A0TA9',1327301145,'4U028IG3OBV216YJ9YW2KHE29'),(3249301426,'3E9X475ZG69FQPICLX','HMPQ703DIP','C329N',91,'0GGCKZ69Q'),(3249301427,NULL,'65YE8EANRW','67ZMYQL8VSORI9778LMH5EYB1FZA5679M0T8YHT2MT4K200VMBYAQOEG24P002HZ0OS8',8927,'245QL83M24LV19FB086XYK2J5WPH16732FQ9DKN4S5HNWUSC'),(3249301428,NULL,'940270501PR50OQ49F8LN3822UCI3BT61Y1U17VVK9ME21KC80N1G145','XH96EO17KIRNCGYNX7UZ7FU5A2F5Y69FNLR7NHG995U194',3,''),(3249301429,'SK8759K0848W9702IBN2O4M9G6S58MYH1B22S27OX0',NULL,'GG61O0UB47QNF7W3V25C3588M9908B',NULL,''),(3818993557,NULL,'','AJBP0439X7O0X04',1690899925,NULL),(3818993558,'K7','O4Z6AN5Y2758Y1FUZPHC9NHM2J2M04B1O7P67H8M7AQYG4PK6YKW8PNUW9X97E93075170EZAH20EN9798OLU2Q',NULL,1089978475,'64RJ'),(3818993559,'786DU14X31063X0R8NGJ7Y35JFTR5216YD48C56',NULL,'3HQNEBF5W5GD7Z3895T229736RJOYJ06F3693DE7F1P42QR83KYG360JT2L781Z56J6L9KNA0XU7K9D3C0ZG3203SB4A57LK',393497520,NULL),(3818993560,'JZ93KOXL8FLC','','',40,NULL),(4248490282,'63P0XBEGB87F87TFS2','5GAR5FR8J36MY0ZJ',NULL,2070459974,'J5T3'),(4248490283,'',NULL,'',2,'8W'),(4248490284,'B8NH5Q777C402AY8HT4N2I6V63HRSO59O4K18','','D8L59',5527,'7909661R0FN92M89UWJ2RJ'),(4248490285,'','24MJSVDL315723VZPH','',1551924191,'FTB'),(4248490286,'59E9X9IAMAHU53393203W81XH835P3H','V1','L1S873APLZ6F9864CN1DOE754NE0YI23QZ62O1LC5P1A333CU8ZI79JTC',13,'OC9Z4P1PE92TA3VH89C743MSA7PB8MBI6PY9X0XCU19'),(4294967295,'253NWL12LY6V66IU329','07','',109704486,'GT1N5162X4D1DR87N856Q39T79108N3CTNIZ3RFLJ8SA4608AJT4N5AR718K19927');
/*!40000 ALTER TABLE `btsearch` ENABLE KEYS */;
UNLOCK TABLES;

--
-- Dumping data for table `btsharethispage`
--

LOCK TABLES `btsharethispage` WRITE;
/*!40000 ALTER TABLE `btsharethispage` DISABLE KEYS */;
INSERT INTO `btsharethispage` VALUES (158221528,730084627,'',32),(158221529,466300484,'164CBV',814),(158221530,1799819169,'',NULL),(158221531,NULL,'BGNM93H8API0TP5171V2R3EF',NULL),(587718258,1407070472,NULL,43),(587718259,604740227,'X06963KYGSUL6Z54WC6I9J67D9KF3R6F11G6Z8F78XK34Z5397AY8XHMVAM9K35KBVNNUS506U2196S0743R1',NULL),(587718260,1630456125,NULL,425410995),(587718261,1739412230,'359NLSR6UZ9UV92J83',37),(1168193175,944,'NUNLQR8L',3005),(1168193176,1060667795,'OPWI',580151785),(1168193177,1486219570,'',1225492464),(1168193178,0,'6N',2032807987),(1597689905,1487218728,'J1',NULL),(1597689906,739,'MN3806UULVE',NULL),(1597689907,1,'8K1VQ822EOPOZU4S156D2TT1Q8U7OF2EI350762Y808A74',96),(1597689908,172,'TW5U7MS0I8D314',399),(2029761729,1024451420,'075GNA',1713516412),(2029761730,719757318,'5AJ91F4M9U9HX7NF87D47X5',1011442205),(2029761731,1310109991,'',452208426),(2029761732,9374,NULL,19),(2459258459,296,'62UPM',681481810),(2459258460,NULL,'8J05KO0Y4W5TFPL6KA56N245NVQIL63EQM3801PN6OJHPE08J4G9UV9KE2GG5BD18UYJC782NX67T9Y13883L34RSPQLVDRPLA23K632',1764119145),(2459258461,1765156236,'KR6E0GC',443196808),(2459258462,422,NULL,238347424),(2459258463,1138441439,'63M18T91',773094781),(2934522552,822,'XIS7Y9',4820),(2934522553,521812522,'IW',9229573),(2934522554,NULL,NULL,203227959),(2934522555,1295631809,NULL,239968849),(2934522556,NULL,'396F8OUB84BHLY0O0MO892WKN7YSQ45Q5KTS72041IY33IU7T6LNY9G5O3300WPY19G5237ZHVASE9GPRE95A',314454160),(2934522557,835660195,'',872),(3364019282,1658929932,NULL,34),(3364019283,261441498,'5XW55V5HN',2048136763),(3364019284,437,'0V',1336996628),(3364019285,0,'H',1400640108),(3364019286,6839,'',644),(3364019287,13,'',611377552),(3679303435,1191130960,'',1303992090),(3679303436,404051275,'SCO1V6HL31',NULL),(3679303437,753705634,'D79P4A02545Y134OE240T9',1574133922),(3679303438,1133018943,'F38873',1713562792),(3679303439,2098426518,'MGS9B9F5961BI797IQ4G78S3C0T193RW02H0OCD97KH3C155U2H4TR607P8',NULL),(3679303440,584,'8F027OGZ9X52A749ZU4EZZ22XTKK1YYS7L6Z2CF18XJT6690CB99RCFFIT18S7JGBOQT30OAKTXQ9M5N94JBE5II13B8S244T5478DK70BT',948398422),(4108800160,1263543785,'26S5H2AR14980O23O7448549E270N4Q2I5',7),(4108800161,676985845,'G5TH4Q6M7',89382482),(4108800162,733513094,'63F59N7SM3Z41H49TWIP5395T6307D633QDYE1Q849F1Z5',2119620330),(4108800163,1953311232,NULL,67314251),(4108800164,9,NULL,2),(4108800165,12,'',1482093538),(4294967295,787079685,'L8506H8MCV9KIAMLX5YD8C932G2U334PCVFRAP5CQXJU8S6X0ZFUZ46F9U308WS84XP7W09RO4036BKTB7YLL543',8);
/*!40000 ALTER TABLE `btsharethispage` ENABLE KEYS */;
UNLOCK TABLES;

--
-- Dumping data for table `btsociallinks`
--

LOCK TABLES `btsociallinks` WRITE;
/*!40000 ALTER TABLE `btsociallinks` DISABLE KEYS */;
INSERT INTO `btsociallinks` VALUES (237665708,1213522192,1253157186,72385007),(237665709,1075288570,43467592,725151186),(237665710,NULL,281,633142868),(237665711,1141102660,8,1649277666),(237665712,1522427895,2019894949,1455271956),(237665713,8,904,5343),(667162439,2064046497,3,2062214075),(667162440,1972950674,731620662,1738822746),(667162441,2059114268,288544801,557334900),(667162442,77,NULL,770),(667162443,214,923208591,1126332890),(1128484155,1167517492,28564153,4),(1128484156,1512558230,NULL,1337062889),(1128484157,1948007339,1025815638,1488323345),(1128484158,990134546,86,1854375089),(1557980885,590878483,1313459966,1523925633),(1557980886,2029148593,194232722,0),(1557980887,1635059356,493270713,952423741),(1557980888,257420493,560,485),(1557980889,0,63,1310867969),(1813293754,1138548949,85,492766734),(1813293755,917447302,1374566320,NULL),(1813293756,5216,12051515,553020313),(1813293757,1579437267,913219487,286),(1813293758,569095288,236066558,31161958),(1813293759,108249358,1526435555,941225110),(1813293760,4095,94,447983798),(2242790484,1217208924,7,7),(2242790485,1773474366,4191,1009442212),(2242790486,43,753648010,NULL),(2242790487,2,1894662596,1494720216),(2242790488,1461984223,364247194,2132629371),(2242790489,555157118,1549961620,527632970),(2242790490,NULL,1,NULL),(2698438083,1516724302,411347338,395137626),(2698438084,6782,50115334,1829137929),(3127934813,622,340031936,NULL),(3127934814,NULL,1787961382,1630808169),(3789299991,7432,1670905547,781990183),(3789299992,894,1852107980,905693779),(3789299993,988757927,93,229740265),(3789299994,321,221,1744081044),(3789299995,97872225,660,77833775),(3789299996,498943664,787,497360157),(4218796717,NULL,540,1106271668),(4218796718,542,721315678,1321057878),(4218796719,1846848955,1446372664,1644635432),(4218796720,925761973,388600681,930988445),(4218796721,321249343,350136697,1552820202),(4294967295,2024734867,846809463,2326);
/*!40000 ALTER TABLE `btsociallinks` ENABLE KEYS */;
UNLOCK TABLES;

--
-- Dumping data for table `btsurvey`
--

LOCK TABLES `btsurvey` WRITE;
/*!40000 ALTER TABLE `btsurvey` DISABLE KEYS */;
INSERT INTO `btsurvey` VALUES (10,'',3448),(11,'0V6KJ9R',-716134832),(12,'',-2252),(13,'SQX7G77DT7KNU44D2H3FYP9VS',-484440898),(429496741,'',-1633288346),(429496742,'YZ3',-686070641),(429496743,'N5SJ49S637R77B',-1034175652),(429496744,'H1UT0JTNNR3TK8OAX43UJ2463N',-7886),(1255893649,'3H3457L447I895D',106),(1255893650,NULL,9),(1255893651,'',-9),(1255893652,'1N35NH2RQL69077643371',6),(1255893653,'K41943NC0VH24',-493218817),(1685390380,'72T71GS2193M820XO2LC856K9GEWET8Z32NZ9035G374R466',-1),(1685390381,'Z6P30FQOP',-1058737580),(1685390382,NULL,-2121582306),(1685390383,'9HM6E8JMF0S1BX',-8),(1887362873,NULL,-358814797),(1887362874,NULL,NULL),(1887362875,'W8195E6FH2LN4ZTJ1I1A1R6',-1199087739),(1887362876,'B',-595436261),(2316859603,'',3),(2316859604,'HL8Q2ZWT9D61DNPQ3IQ776L688C6Q869751HS9O0LV84QWD8SBF5ZK8G2AJHS80ZMVGT144QQ200T0VLCSD8K4J013NQ558W7E3A120H',-459231995),(2316859605,'E6B0578K11GZ1DNG69R6V6WRDUIK56I919',-90),(2316859606,'FCEDR5V6W5W33884295729',-697713038),(2316859607,NULL,-1355011483),(2774545779,NULL,NULL),(2774545780,NULL,-304749419),(2774545781,'Q0C8QGWXXI8Q843YK255W5',-2070850908),(2774545782,'6',-1233972691),(2774545783,'B02BX1QPE175',-479465778),(3204042510,'9469481AV6641WRC3Q4D75E11WM34GK9953C47215',-1918868337),(3204042511,'481N98YHE0371J',-1020508273),(3204042512,'R3V234XP1JB7PI7',-1154459994),(3204042513,'207SK5XH605A8PQ3KC6V74N9TV6F6R8L8CBF3SVQ8934ZG4R97EM1X9QGF',-4277),(3726480415,'20HGN',-624887707),(3726480416,'95NT8',9598),(3726480417,'',-1156763263),(3726480418,'9',-144322898),(3726480419,'DZ4MX9',-1468816584),(3726480420,NULL,109),(3726480421,'P356TKVY3WE1S',-1319332252),(4155977141,'1R5C40585A2L3FYV030NQ1GFF92BS4D5QG5646LR0BY9LX8B48ZBU655',-454511998),(4155977142,'DB651I',-863232942),(4155977143,'0WO065AC421IU0XMSEQ',-1808014313),(4155977144,'OO63OAW546',-2045266204),(4155977145,'RAV1JW3R17G668V09P912E2D62Y7R',-1947686609),(4155977146,'481052538201B3E13033',-740251525),(4155977147,'976K7S7BU281IGHN1WB2011TCC6H1VEG76NBBLF8D12',-1683968301),(4294967295,'TV5038J446269VD8U039J63P9061NJ04WMXJC9R27K',-181794854);
/*!40000 ALTER TABLE `btsurvey` ENABLE KEYS */;
UNLOCK TABLES;

--
-- Dumping data for table `btsurveyoptions`
--

LOCK TABLES `btsurveyoptions` WRITE;
/*!40000 ALTER TABLE `btsurveyoptions` DISABLE KEYS */;
INSERT INTO `btsurveyoptions` VALUES (226906556,484185831,'J1L953TJ0OP46',-2011463479),(226906557,813758498,NULL,-1355715066),(226906558,1621320882,'',-7746),(226906559,2,NULL,-341761829),(226906560,3244,'YEHOV39137S',-1767903613),(226906561,2129947557,'002C249M7TPOV72XO202DN97390JET6EX1S8L96N90437A6FX85S8E5N469WMM7M82Q292ZNXGRI5S05HQP49JIUCO27A28452FZW1O84901P',-541169879),(226906562,536,'RQGL',2),(656403287,334,'5588T6UN3WGKF',-1369525329),(656403288,1460671136,'LI0UOP4W',0),(656403289,645760662,'YPL6KBRE',-491752072),(656403290,608727756,'3TAGX00I5SU4U25D7E198PE8V4V4UDR1L482AX8',-1395186126),(656403291,1861191850,'',-1594440105),(656403292,1422478841,'W2',NULL),(1062301602,1314668255,'T114C44813AD46',-1227398334),(1062301603,320628073,'E2OW07T94Q8R91L19ATK946MAQ8PYRDIX4X5',-435620255),(1062301604,2141649549,'L7M4V8923DL8J804GEG2Y3P65OSMTBZC2U',-4),(1062301605,1090976070,NULL,9107),(1491798333,379635667,'VZ',-540951657),(1491798334,574823225,'8371T3KP33PIK7',-737661119),(1491798335,1728861907,'W0D5345C9Q1T55V5',7551),(1738844958,415696583,'E2SY45408IF7340LQ0YW03187F46JLY8VQ3Y2BUWB8W1QWNX84DN03E2',NULL),(1738844959,176650018,'1Q30YU',-1824342393),(1738844960,157,'4A61',-804496549),(1738844961,NULL,NULL,1),(1738844962,8,'TJ8FJBK99P2Q8R',-406854146),(1738844963,1425419851,'1853S85XCO9A62E',NULL),(1738844964,531608948,'3JJ',NULL),(2168341689,505434111,NULL,NULL),(2168341690,547746681,'7W8ZBGD94P1EMJP52ZR47TSXJLF8H9IZHG715',-543049533),(2168341691,766921574,'2F8N8KEAKGDO6B8QTP460TMOYJTF',4119),(2168341692,2133236530,'',97),(2168341693,6,'DOV3LL',-976109551),(2168341694,1308866161,'B62SN9J3X3LBET01GVRVT0Y',14),(2734460687,1608000545,'UEF4H03OYI131L4H289346C82F',-1717408507),(2734460688,1765764929,'F1833C0ZS9K56MBD4TCN',2),(2734460689,335144791,NULL,-287963316),(3163957418,1189625073,'3BU8J2V3N',635),(3163957419,1679483186,'YGE5Y5UP2OR7G6BT3L88695CF7RAO886V6K7A6TK1895225J448083ZO6A370XIMAW706W20NX',-1413042394),(3163957420,7468,'1T8F34358UJ33N49B29QR713S9I00Y4LX3W5401OHM3',-413421922),(3829451896,4,NULL,-212743026),(3829451897,1944856967,'3X45X',-347883179),(3829451898,125798444,'',NULL),(3829451899,7995,'574903GVN79WPC8MOV1IF7M7T48TOO3EA45S852USC11WOM31QN87183W9PN16902SPMMM1G43AR2F74A3PWJI',117),(3829451900,78,'ID1PZ3S51DRDLYMF97CL',NULL),(4258948622,1621664853,'',-491286992),(4258948623,2037017465,'LS2J154G84Y4WA5F00VY56S1RI',-1004511608),(4258948624,644650479,'',-1961839588),(4258948625,2103639233,'811OJ05',-1703163870),(4258948626,56,'5HW7DZ3IP3780EL2J1376S4',-1102323851),(4294967295,807906355,'1VP66I0',-578584353);
/*!40000 ALTER TABLE `btsurveyoptions` ENABLE KEYS */;
UNLOCK TABLES;

--
-- Dumping data for table `btsurveyresults`
--

LOCK TABLES `btsurveyresults` WRITE;
/*!40000 ALTER TABLE `btsurveyresults` DISABLE KEYS */;
INSERT INTO `btsurveyresults` VALUES (136703620,2816,NULL,NULL,2816,NULL,'1970-12-31 23:00:03'),(136703621,NULL,864829397,2,NULL,'','1989-01-27 10:30:04'),(136703622,9718,1243872390,74,9718,'O4TQX8U35RFE432UZ72HNZVMNR8LX49A4','1999-10-30 02:47:17'),(136703623,496159804,670956488,1203585708,496159804,NULL,'2019-03-08 09:07:03'),(136703624,607718797,13944604,NULL,607718797,NULL,'1995-07-02 10:23:19'),(136703625,814,NULL,64,814,'','1970-12-31 23:00:07'),(566200350,1321012807,8,4760,1321012807,'Q07LQ5UICM9U','1971-01-01 00:19:21'),(566200351,713555845,1325344892,7472,713555845,'N4ZL588','1996-07-18 20:57:02'),(566200352,1948470222,1856649286,912903647,1948470222,'8F57I95OLCRLV132095','2008-03-10 23:09:34'),(566200353,1139855716,NULL,9,1139855716,'3V29402D52J3TRE9BW4697AHZQN696NLZZF13RN5E97N24GQ8MGX56X95NCQ3I5LJKLTVU8W67S4W6X9C3AGEI86Y00G3457G2O7GK2JUC2I3EHE304E','1970-12-31 23:00:36'),(566200354,52,682282873,2131911213,52,NULL,'1987-10-17 15:41:27'),(566200355,1301096894,NULL,1735831600,1301096894,'409UU8BK29E711QGWR1GLCJP0BI7XA7N767X56Y82900KS2SV1RW8G0218374079044726283T03973YRDZXOEQAP3C60','1976-12-07 00:36:11'),(566200356,1980333270,1305659827,375945051,1980333270,'','1988-04-18 00:27:27'),(1035828526,1911188377,415854900,1783807060,1911188377,'73DHO7MAFF55K1J507KSC121FKFOUDH3SUR25','2003-12-07 14:44:05'),(1035828527,585288560,1752125402,267237096,585288560,'IB9M0ZKM8HN63P6Z154EP11Y78MG1EX1816Y193X6CKF6028TAN883M2E3QDJ308MA19JN5Z0K53YG111DO9T9JUC2WL2DH2N5S','1970-12-31 23:01:15'),(1035828528,NULL,NULL,67,NULL,NULL,'2001-03-15 16:45:35'),(1035828529,8,937270319,0,8,'5896G','2010-08-12 02:04:23'),(1465325257,2102108458,1546743941,NULL,2102108458,NULL,'2001-05-29 04:53:14'),(1465325258,241742800,820449283,818031876,241742800,'1502JO7MX49QM9GGY77WYE59F93T98DQWS1Q69Q96760993J2YXL','1970-12-31 23:01:08'),(1465325259,1736758744,406039751,102775440,1736758744,'','1992-07-03 07:50:10'),(1880864138,52,9015,1010935613,52,'AC01942H8F00A5V8Z58ACY367','1999-04-28 12:29:32'),(1880864139,2027397013,508572658,1867308047,2027397013,'EH12651D9B','2017-09-16 08:45:31'),(1880864140,750667712,2018574947,645666551,750667712,'','1983-03-15 13:40:12'),(1880864141,9324,NULL,1472045772,9324,'J0YVJQ75S0X5TQ3R9ABO8R9U17SHOH90Z4H93FG212I86GT9VY6OJ0X59L7IRKMWSYI09U0KMC919ZBB0NUJB965L74O0A24B1ZY784N','1976-10-30 13:34:54'),(1880864142,NULL,1018331715,NULL,NULL,NULL,'1970-12-31 23:00:03'),(1880864143,1872363149,1766513131,2,1872363149,'76H216VPSD','2005-03-23 09:35:27'),(1880864144,1701492250,62,956125776,1701492250,'','1970-12-31 23:11:40'),(2310360868,6,1191266223,1399633384,6,'916F','1990-04-30 08:02:07'),(2310360869,635897081,35,1948101187,635897081,'XT2RA6PW09DZ07GH7OD1539DD2GR33AWERIJF3H1IBU19W7W60X0MNHZTTV973R3B3DB15','1975-12-05 22:02:13'),(2310360870,312,1985099817,443860306,312,'2V4HZMQ1H0AY379WLPL6O882O3KQ663XC6DLWGNWI6PNND2O5H12I6Z7U20715123X5QPR7FY4GJ724910F','1980-01-20 01:24:32'),(2310360871,9938,1579060066,164028872,9938,'C9YR1U7D95GJBZL3J16ZB79H8A4K4LX4','1997-12-11 07:44:09'),(2310360872,79,4,NULL,79,NULL,'1992-02-11 16:09:16'),(2310360873,10,748682703,1100810268,10,'','2017-01-12 15:46:49'),(2310360874,8,82,893377594,8,'766G52E5MQ324B5U9446NFT081001IE444425A8X7NO34Q9I2438EH6NA21','1970-12-31 23:00:16'),(2577071520,802829013,1782978338,1994718275,802829013,'Z2SAXZ68R','2004-06-01 16:41:32'),(2577071521,586180573,8645,35,586180573,NULL,'1986-10-27 02:48:30'),(2577071522,5,1522861876,173606214,5,'7A','1970-12-31 23:00:06'),(3006568250,1586519347,1457717372,2019594693,1586519347,'B2YA05J36O','2017-02-20 06:39:47'),(3006568251,1405282053,1487501548,567075307,1405282053,'W375DJ73WJMA2RGPY6M4LF1R945WK6L8ZBSQSI86E38JU9233ASY69K92X6I2BS80TLX8Z9HNQ6J49IQT5','1999-11-08 12:06:05'),(3006568252,403894025,1372781090,468921774,403894025,'0UD53','1985-12-25 11:46:27'),(3006568253,473976759,222819714,9587,473976759,'','1971-08-15 01:49:53'),(3759640005,1862698123,284247774,167270141,1862698123,'AC55G9TVF8UBP0R2P6T53YO4XUI2P1845V06X978FY194V1JNY8UE11K7F17P4Q01C7Y551D5W8QLVY77Z6NBOAG3551R311X0I','2016-05-06 20:11:40'),(3759640006,610948393,195827512,NULL,610948393,NULL,'2010-04-05 15:35:39'),(3759640007,9517,2,5,9517,'','1970-12-31 23:00:01'),(3759640008,810484157,2,1298439558,810484157,'AI6','1970-12-31 23:01:05'),(4189136730,428770321,1149077171,4,428770321,'39JUHP3R5B17Y7SQ75IBV2ZM2K9765T0L4A03Z35W9BJM29T2MOH2WD507P7B2VIN','1970-12-31 23:00:05'),(4189136731,270318659,5044,1050944869,270318659,'','1971-01-01 01:04:33'),(4189136732,592009320,NULL,2027856843,592009320,'77Y15489FY0611IX39T9RP88M44261X75Q8QNP0130B19526T16652TM4','1970-12-31 23:00:10'),(4189136733,261,1118786561,1181382489,261,NULL,'1971-01-01 01:39:48'),(4294967295,102639400,2,1463828479,102639400,'O0P0HQA0O655O9M4W4CB27ZU1W4W6JEF63','1973-07-29 04:14:53');
/*!40000 ALTER TABLE `btsurveyresults` ENABLE KEYS */;
UNLOCK TABLES;

--
-- Dumping data for table `btswitchlanguage`
--

LOCK TABLES `btswitchlanguage` WRITE;
/*!40000 ALTER TABLE `btswitchlanguage` DISABLE KEYS */;
INSERT INTO `btswitchlanguage` VALUES (216147360,'82V8WTIM4GBRTAH8'),(216147361,'PE70MURA9822WQC1'),(216147362,'6IC1YX6968S346MGB'),(216147363,'RZ07'),(216147364,'841R5MBZ27XA4TR'),(645644091,'KSGJ9F72G614NI4098CJY2O471PIRP0N26MKVBJJ335R1Z'),(645644092,NULL),(645644093,'3112GQA404338SP9S92SK08Z10'),(645644094,'U6804BW08369VOXSJ0'),(645644095,'T6YEG881RE22CCA986NVF0D7QC13I0O7F9T9FBA8W6AWC89A4M7Y8S6QD95T5S68HDI57QW744040N1PI1HOZ722E8NXGCJQ5'),(996119055,NULL),(996119056,'B5G2A94ZQB3D0M86ZE84422E518I0343L6JN5627H9'),(996119057,'CXX'),(996119058,'73Z13EI4XRUT22968RPW7LQ8MPMI5Y9Z'),(996119059,'44998254FCMI8C1I0'),(996119060,NULL),(1425615786,'OH0R70IKC9I1XP1RB9WYF3U3648'),(1425615787,'KUNZH4ZU5U224PVGBR0C14988ZJBHW89WH3WM00C14YJ3MGK5ZMS3UXO4NI5'),(1425615788,'90P5EXR9Q5H46'),(1425615789,'M284ZRWQ94R8P2DC22L4KXSF4850E8A7323WNJ50'),(1425615790,NULL),(2093892893,'942K7Y6GN04351B93427DRXJ28VVJ3MV'),(2093892894,''),(2093892895,'O3TGQR61H7ON7SVO3N72'),(2093892896,NULL),(2523389624,'E6XTMZ1B48ZUK76I7Q'),(2523389625,''),(2523389626,'3QY3E3H3R'),(2770483787,'WM5PUAOX0E6R7R3HE32NRY4'),(2770483788,'046F2B1B45J7OXS924II5JR2LJ128YX1'),(2770483789,'6TDLTY2K5Z9TY162G5L2KAO396R31BCYUF13VLKHW8P2TGCP'),(2770483790,'T2U37643HQS5VJW353354CG08'),(3199980517,NULL),(3199980518,'T3'),(3199980519,'5AY8N7W8PIK3IOCLW7WTT1860DD7UQDDGH'),(3199980520,'79F61T29T3N2816S5VXUR7O8ZZ0J2329KG93Y6PTXF12MV30G7'),(3440107056,''),(3440107057,''),(3440107058,''),(3440107059,'1Y14KCY0GNW8XO624'),(3440107060,NULL),(3440107061,'A'),(3440107062,'T640'),(3869603782,'GRC259W26P0199UF4GV83K3WK58E42ZQU9WGZQ4P5BG'),(3869603783,NULL),(3869603784,''),(3869603785,NULL),(3869603786,''),(3869603787,'710MKQLTFR63JD'),(4294967295,NULL);
/*!40000 ALTER TABLE `btswitchlanguage` ENABLE KEYS */;
UNLOCK TABLES;

--
-- Dumping data for table `bttags`
--

LOCK TABLES `bttags` WRITE;
/*!40000 ALTER TABLE `bttags` DISABLE KEYS */;
INSERT INTO `bttags` VALUES (385794477,'3NSA4333YA22T2FH3',1978370116,'793A',665),(385794478,'Y853V2WI407VZG46N123I41K',945,'X',-300717579),(385794479,'6',494019428,NULL,-1398294179),(385794480,'638',39,'',-1784032396),(385794481,'RAWQ613BLR8',1638504992,'482I3CPHZ72KUJ',-1541963674),(815291208,'YN5V8953PNLMZI0IJ378MCM68SX043K2OB6S67F0VPQGGE5YD6569892G8G6J46PBH6K7C9005C',1170984881,'RTQK',-277014637),(815291209,'7IUOV0TY6OSK7165R57REBM39217TQX1W56KXQ919KP659VWOQ86WZR7714HL',9537,'2NVK',-443461461),(815291210,NULL,1901257417,'Q',414),(815291211,NULL,NULL,'',314),(982882765,NULL,16680878,'857',-9968054),(982882766,'LUFVF2TQD0Q61E',1756370109,'3',-1501754037),(982882767,NULL,NULL,'',-1966673840),(982882768,'81U9E55B420L56LIP',8,'IUA7G9V15',-369652475),(1412379495,'N42918272OUH98640754ISM80OQ6H',1641635282,'L',-38),(1412379496,'3540X125I5LJ6F6U1',301032915,'L66L',-360116503),(1412379497,'',8,NULL,-1265490177),(1412379498,'G',1291171825,NULL,NULL),(1735405728,'',1946862716,'3',-1943168118),(1735405729,'6E645RGPUBFAMXT9',1223187484,'K5597',-1636073341),(1735405730,'L99O024H23',993179644,'L27T',-1880437065),(1735405731,'5027L6Q279H6U89',2139651446,NULL,-1825557421),(1735405732,'24PB0261E303E760J92H7X2Y8T6',877688781,'',-1311914413),(1735405733,'1Y56RG55K1838QL9EL2BLZ12220MF9GWHXYU87126OD9P9G7592CXM88OZ13T63496389AW08',1011837802,'',-2128540306),(1735405734,'0M233594Z17K76FU83U2Q56HD4X17839KP1OE',6,'6YXOW27R11',-971),(2164902458,'4855D',982899062,'D0',-195026343),(2164902459,'2L254M1T92457N82J8ZRN253XVZ1N5SDQ4420X06N8W64R98JOFQ70SF68Y44673OL5WP8XJ3V0752QXGV0UI68TD6AZ711OOU8D9MTFBS4Q9XU87VI66T8UD1S4R',115790866,'WJ',-876850659),(2164902460,'427',903981747,'1V5ZH1EL89',-333332181),(2164902461,'9L5KNR6GY863C19VTXM7QPADD1UF',2,NULL,NULL),(2164902462,'J6J26M435',937335613,'',5363),(2164902463,'H77W8KEGUM77CTASMF6H5PBEJ3ZHTOD118IOJL85THH0YG3972M',1519115074,NULL,-1632939044),(2164902464,NULL,821367760,'1P1G9E50GHK',-1261002100),(2691788931,'7V6RMLCF324B47L4ZP9H88X2Q74NY4221Y3UM4194460ZRQX453BG',602948832,'BE',6),(2691788932,NULL,1264368939,'',-1117689652),(2691788933,'',88,'K',7532),(2691788934,'6825I5W',12,'',-435321175),(3121285661,'H7ZE91CGK98HM0BK7L5ISN5OBG347UKNCR5Q29192U5K70407W1M47KHE9771PY24D2340D39USZH4IXRX22D20K342X054104934',1165777956,'X60A',-944),(3121285662,'46DV5QSX1L917R3Y07U04BX967HINXVKZP38HDS922',692146453,'06',-1005846114),(3121285663,NULL,NULL,NULL,-61),(3121285664,'T7QUIG31YI7X9DKN6HAQGMH79EB1469213X101ZJ032669V13YE8BBX5JPGNGTU55N1FJ57H759IJ228G5BHV1SG3B7K',703831700,'01WC',-1417031309),(3121285665,'57O',1693839120,'',-1231195218),(3619949883,'055B12IZ6A4A55UM42STJUT9TLSWQ059M41141MM5H83OVW3X5C48PH16M0R4CE21UNGT39T35E',0,'74',-360738081),(3619949884,'ETB1CUU1ET742R3T0DD5L2SH',1497656605,'HL5MYD',-176221680),(3619949885,'2OL2105AWUEQZ80662AF3HKA6S62Z404Y72RVSUA',4159,NULL,NULL),(3619949886,'Y4SW2R8M75642X6TPU',1957353613,NULL,-896365626),(4049446608,NULL,1727663554,'BGK64K4C2262',-3),(4049446609,'5J',1800286106,'E66G',-2101066297),(4049446610,'',865283077,'8RYNZJDJ',-1222069408),(4049446611,'D1CNBV51MHF46DEM8OOU28NRAC7BR1P',0,'IBP',68),(4049446612,'',878509795,'84O',-217749376),(4294967295,'',178084010,'V7',-536959760);
/*!40000 ALTER TABLE `bttags` ENABLE KEYS */;
UNLOCK TABLES;

--
-- Dumping data for table `bttestimonial`
--

LOCK TABLES `bttestimonial` WRITE;
/*!40000 ALTER TABLE `bttestimonial` DISABLE KEYS */;
INSERT INTO `bttestimonial` VALUES (97,NULL,'TI8022H9KPI271O064665Q9Q3KJ9E461270ZI9LMDB7YP1DZ7M6572M24783867E669GRR5H90SG30233W4Z2GWCZ0790A28F7270F97JLF13E1P5386J8B4O',NULL,'','IIK3TYFLUJ6XQ41469S46NZUZ2SB','LJ252'),(98,3,NULL,'','','9761R7Z9','2PAZ9Z135NJAFU8O856PGBJ5X91Y5RD86IJUVUM'),(99,NULL,'0UP8HHD0T96KET43Q4B3T6177U896ZEPHG9117V52',NULL,'54V8WR',NULL,''),(100,292,'B3BE22GSF26SWNS4235Q01AWI8418C65','7U403316F8B45O65','CCN4553E268X3Y5O5767G6F73BE4HJA8MBIQPT9N','','P5O38'),(429496828,179886672,'X6SJS660A9M2CF8194V9D9RU5PWOWDS','89GE9N85A53','51W0U22K0OXMN9P434C4FBB36473YF0A20J9710ANN3QBLKV217A0R2S82I4J25QVE1M21819U2EOJS97O50KWGV2CD1W0CAJ','',''),(429496829,554277710,'AGE71ZV9HN66925A63Z21M6','V4N61CJU92ALY82K7Y3P4698A','PHM3FF84','D395RG7I0IEP5S63K58BPX554K2JZ9E24428T098OQ6P8OV97T531ULG5D2G0PUAO32I3X1G311YZRAK19432859','5P'),(429496830,73760722,NULL,'','24NQ3GTRDD58QW','OYFU8NUPF18I8','F3WY75N270O40PQ'),(429496831,325677491,NULL,'918T343EY3UWF780OKA7IQWTO6C5O75TYI1Q5L396Z8T649W7E7BNSZZ80443D8GZ8E2','FI',NULL,''),(1222430834,535508239,'','',NULL,'N2E8L43W',NULL),(1222430835,1105256533,'PB9F','','8M1VSU8YLF3PJTIB9RJHUXS830DVP3023ZVL193C935DI81XS292OB4A6K2Y1IU','R5YXIDIET2SK8H99647222U892D701DMGS0E3652',NULL),(1222430836,7257,'','HI3873N7W17H3J0F35','','96U8DE9RRB9LA2E18JKOF07QO24A1LL04J23OFB349I5Y',NULL),(1222430837,NULL,NULL,NULL,'VS7ZO86D28MT7NIO26X1U0290B670BMC','8GHM4I365A','1JI7Z0B08OP223QT8C4G402A'),(1222430838,797106487,'','ARM53D2653ECX6687U5F1261O27','LH','347123YK32N0B0DJ47JLRTTD9IS',NULL),(1651927564,685523111,NULL,NULL,'J','WPAZ9A','6417529SZ421U4B976S5FB'),(1651927565,NULL,'G7TAHSW4J78QQN2I78261D3',NULL,'','OJSR6JT8D2PW66NXUL3',NULL),(1651927566,1038715688,'','Z6O6KQX',NULL,'2X1DCILZ98231539UE745',NULL),(1651927567,971077279,'PV2069C35C849G47TH7','980DI866K320WEW7C4NEF9906KHK2','1','832D0GQ725E8B622B7QN',NULL),(1651927568,1897902920,'2E62CGY137W014KM94ES86XD490YU5250115','D47X03H71M9QAL2UR4O54W498C5011US','WYGFA56827DP7S211UIVURGBS846C62GK8G811X8RXH1E7W79','','25PWXUFD3ZG8S1P1Q22T1UE6AWJ6'),(1782378159,NULL,'',NULL,'59171EIK38HC','EYW8O','85GTZL2LMW02G17K1O76369S25W7UHJ32796A0VAAF5723SI6XCKK13Q5PDSQ76PK98XI67XCQE7SR00V1W4M313304253N9'),(1782378160,1970268774,'','','','W68UWV78IYPU2ZKJH0H7G1DJMZB2I40M4JKW5GZ73565O816F146UA44NAIT3YL','7X9HMXY3FV03ZQC1N5'),(1782378161,16678029,NULL,'1M649SY','',NULL,'4T77FA8RNLE51M6PI99'),(1782378162,1093686139,'EC989939AJEJY4N1OG06JM620W9S3','XFOT4RH0FLTL7FKMFU78JZB74S16C8Z45','Q6FH4S25TTE5D20IY2P6LQU','30Y8F28SJ3O3C8278HVQ5YM07D9GV8CGH4Y2Q12SZL4','08E56PT475'),(1782378163,1513327577,'JVDWL3956J80B5SSNXLJTQF','Q21E13EO262TV4QS1R2E9','30QL3L51H90EP949XA4X4B6717P6336J4167396QMROBEXWJ1T8TQM2431Z797953OO353LU6721A24J5G55L06Z1BOHUL8','',NULL),(2211874890,2121262352,'2L0JLF47ZWCO9995P2A13ZBL608','',NULL,'5399IBH6X','51E76K0GO7ZC377Z4GUE1'),(2211874891,1207441010,'29Z8I086Z57',NULL,NULL,'489','22O586J449S4476091G71HI7SBC6XYE9U'),(2211874892,642,'T73R140','IZ052RT8','57W53IV9I','PUF5RFH1PHAV1T5G36F9HB0YR063E18R3FX',''),(2211874893,NULL,'YQN338Y4KZTWTDU',NULL,'',NULL,NULL),(2211874894,1046591148,'580GO1XF2D3NR3MSPH50O933208D0O7841N2Q66LJ0327DKWQ79277HZ2NO4CUL73B','H','20X7P8','','GS4IB0C1725BJ86H7HBC0235KCWJ2U6LPGJK42PKYAE4W4'),(2756872954,1744090144,NULL,'7S198373SQOB76QAY8V77ZJ2E8ZA229CE77O97ED37346VP4XLIO','9217OTE0O721M2B1IB4I0GO0M42IWE700IU3WB1QNX67Z6VAI98X8BQ1IL1V6IKVD936F566BS5110A2693','ZO','HPEPZB7U0ZY5014I'),(2756872955,NULL,'J1L',NULL,'2SYB9U6QVRV4W1J40',NULL,NULL),(2756872956,1644276198,NULL,'741WFOJ7W6W25YWD8X72BFORKJMNNYO0VO13FBXS65KI6J58V3KG2J2EOBPV0','59LNN81','G9704','05295D0Z20IKOJ6PAI5P'),(2756872957,36,'79TZ','ZU161','TA9ES456H48217W','I8066LN508PXGU48MXWZF0WGR8QKTD02P9L3A1DGVV56W',''),(2756872958,1998571807,NULL,'U4MBBFULWT2FBI2QYXN0UO','T516WD2W9QSRVQ952711I4EG88014066K32B5853HP8',NULL,NULL),(3186369685,7,'','JM85ESYXJ35AZ0XYF9JBICQS8J254GD8548LM7N',NULL,'L297CJFM0V0GEN33S5','4E8M769OUBJL7R9G'),(3186369686,NULL,'32O04M8',NULL,'J5','','3B621IV753G3G36500T2E5B50GB8K0E86Q4V997TKGU6A2E9GP8A57ARA83OTX80L3'),(3186369687,765188888,'','','','','31T8O04603WA75X852K0963PURR6S1QQWRQ1I0L86751MG2YR1OBP18C9833OOZXN895U4'),(3186369688,143224196,'V79I0205KG07S3T5009F09OOQF289015V2FTOK8L0MT9','1G95FFJ8ACBTB8M0WVOIY44KJA83NY6X1TS39P74A7I25T5STD72JZ8LV6L347ZCH63R7DUQD03','N87WBB4OMH79TN67I286950N47ELE','',NULL),(3186369689,984,'GZH2OY414W5Q0O4ZIZ64HPZN5238B43HSUM49DQ',NULL,'VV79VQ0DUDFL','SO56696QGI0E9RZ',''),(3692804815,8818,NULL,'',NULL,'W3QDMXEL735X133HWS09J51A790NUPU9','2A5V8SA4GVZL4'),(3692804816,668861849,'BH8YM66F','33068ID3456PP5AC5MDLY6OUQ4',NULL,'1998S738444G4KQ8115O44QW52LD3WAJ29D8ZUW3S41MI4364M2','7BJN32894JD7L'),(3692804817,127130024,'IC35UD38X0JJ9I14I30','6O16HV7G91Q2M36MMVK0RW05439Y5IME295R331M7PG0CT162M003R','Y1F2QORPWZQZKDZD1G13HPVP519RXA2RLI4H05KA','N31CAE',''),(3692804818,1617516250,NULL,'PF1395Z28SF00146AH1V734211E10QXWQTC22S','CN0S','',NULL),(3692804819,1930625041,'GVGWYZ8P623294MK3K9FRZU6E6K5Y2C2EXO1E012NF20LP552D75I7NZ9DD1D8YT0O0835OYXADZ8E3W847T5','','0C37BJGCLCB6ME9O5RPF3E5',NULL,''),(4122301540,314927125,'158728ZNBB4BH0DF56E8S170IQ8V04DYL4697QXOWL4DR9JE00H3AJ0',NULL,NULL,'2LHQ6772D0KVY6A29150X9U452K38DQ1PTG456G8GNX813S81V9TJI8OKP4G404T2V829RA1O26K1Z93I41TB903MAMJ5Q','003TTR052F9M577J0Z'),(4122301541,638757974,'3P','','02JD2P98224STK1091BIM70687J324HK8',NULL,'9LVP38B8CQ261F51X52619'),(4122301542,636,'HMSWMOTJT75V449CT0LPB0F91S0YO','W6GZ9GQ7VDR3NA03S098E17QASP90CF4B50M2W43XDC5A0F4FEC27X9ZD6FS5XX18Z7QA2ON2Q1488828WL59WE78B8311CR243102E75FV68LW3CHU2TDR02J1WB53S7Q34O6IPR2LJE7G7K45IA5I','37100KV9R0562I278ZSJROAR42EKI2622OJLLZ5M239J48E','PY0Y','GM8WACX28Z74Y084A0E7B7'),(4122301543,8826,'QHX0Q39RTPIK0W1J5Y82W0ME1ILAN','2N16QK7X3F0M5T127T5ZYK5BP6VI590C342OU295485Z3P5O44GEH6GN52U5G27O5MET5NLDC8V3751NW8K','5606KW254ZWH8XIU0BGV',NULL,NULL),(4122301544,442629873,'S6AQM6','EDB8J26N1L7Z02AH2K4LIO9G99GB45D29ALGLRRV7UHU2EMPBICA8O48S4Y1163HX5V3MV536361979704E7',NULL,NULL,'3DXQ4N023D4T7SVY0I4562W4173IB02DA'),(4122301545,2,NULL,'Z114OHY116','9DD29026Q98DWD5061F86','H6NEG4WS3','HUHDX830K89D95O6'),(4294967295,NULL,'2SL4A4',NULL,'','GCO50063AO6C374H7W25','M7');
/*!40000 ALTER TABLE `bttestimonial` ENABLE KEYS */;
UNLOCK TABLES;

--
-- Dumping data for table `bttopiclist`
--

LOCK TABLES `bttopiclist` WRITE;
/*!40000 ALTER TABLE `bttopiclist` DISABLE KEYS */;
INSERT INTO `bttopiclist` VALUES (341,'Z','26D2MS1K0788OGARL0K15O90U45N4RL91F812B2529K6V',790658825,949,''),(342,'5','4OR4BFDY43YB9',290,1164398149,'2XTPX0461JUKX8510SV9W2RD811N3R2YYO24B0N6T0A066AXU9'),(343,'4','5Z6R3I9858T25XD5398KLXFNJPJP51ZSB85WLZYPL020R55570',1909430023,582179457,'U86NLLE9UIT8YS4720'),(344,'R','',92331559,374868393,'PN1O8I96E2H6H339Z9FB569Z80CI0W7ECQ'),(345,'R','6J768375F71IY914RO7VX29485B17F1JNR9WY5R0HT6OIU0FA19E9XR999GEMAZ',898445044,1783,'11F0VG86JSZ483T97628H54'),(346,'9','79',1641736844,472616820,'1C'),(429497072,'6','17K5N23A3NGWL389KNI59YI53CA02K57G',343,9,'ZO63MP9VF0550F21W3QX94B7K59J394NE3D8P34RX3G4738V'),(429497073,'Q','J672QS3',287773034,56,'7'),(429497074,'7','B3I2SQE565OZ8Q7ZNSX37J7L3O2EZ',5,791621553,'IN67BUR8RR3M0S61J8U5PB0H9405O82941261GSMFQRBOCO4Z70S'),(429497075,'C','9L03LS481B4Q',1041872889,43,'7YZM94S5IF9MDQA580IX52S713WX252818T7W950F9YM00362403842JD42BHW9W6C8M4C05M4W9UHHQ3IA1590G33SZ12G5'),(429497076,'','03SX3KE84GQ74STGX4K07188HKJ8BXCFITCVI',9711,1315988963,''),(965231096,'9','51XMQXD668QX2W9C75',1190620135,2001366579,'OCV14Z5C'),(965231097,'2','F9G18V5OD8SLZ3D0UANSHU93EII4H1RAY65812175V994D06L48Z1KAKA',71535761,1932640012,'ABQJQZX916310Q4XV8EJQM3LM361KQ9X8RZ78IX6'),(965231098,'7','A92R73BFUHI0',9966,6,'92ND746VOJ1LJ5ZL'),(965231099,'L','I1565QEWDMK93',264844102,2035261923,'8EG53J4LMZE1A2VP3FV947H4E3N39H148153O1K'),(965231100,'6','7Q13S718C3CJ008Q3V53U4118TBV3E995O',367702525,369,'99N8M09M6E0EV05G12DQ2E311NZKF1T1IJ1S8RQ3R9TC36BSCL6UC4GNJX410324GLT0NN2P67M2UQ97X095M8450E503KX03G'),(965231101,'Z','4L7352VDL4K67026L170J9KTR1VH1Q665SE51EZLHDH8BO8Y8808W374',1947954095,43,'ADK5047977C9145K9WI81213D8O3JG91P879'),(1394727826,'I','',107850057,8048,'2078QH93H8Z79S1JR4SF0'),(1394727827,'C','',1339635921,19,'T9ZM42G'),(1394727828,'J','O891QX7IN0250L7F57B7XQ395YQXD726JR98B3D1Q74Y6VL3ZZ725EA572458RZT8WX6857BD6YLYN085BX2M7J051B8M53YB573TCA3',970065747,386938644,'9338K75AQE2V38N35U5R1E'),(1394727829,'1','32Y34T85G9Z55VBX2169YUQYJ2979P751Z05XD1571982',1134786368,120022958,'UU37582'),(1394727830,'P','6CQA6WH66V1SM',2069625178,2575,'33'),(1394727831,'1','N4MH2020Y',1964559436,999,'M03X736H5J228DKF13S3RZ1MA468OTN52CUYQPZ8G0IK9P25V6MQ4DHYRR89P2915GD95781L3V0U98DR51P617NU220WI1Q4M70ZT5ET46M5EN8J7Y49X3YE'),(2010384580,'E','A9XN5',0,1482052608,'44K60N32E74P6CC54MYY6LV7G9042O8589MDSKG45XG6TR9A8H'),(2010384581,'0','Q5773AKDTY0NG7X1XF8939II829940JF',2624,1538567875,'51LZ7703EL5YBE12WLFIK5F'),(2010384582,'6','8',1653257150,329,'6K36VQHH9Y430LQV0RN'),(2010384583,'','20ESY6C5JA7H5J',826934400,700968418,'UJJY7R9499CN70H6Z21J87NY6MS74V888NG11U'),(2439881311,'4','O4J30Y5SMC8BDL312534553647WS0H9TB7EKIKC2TW3V3H6NZ383335JBPQ0NU4P1X803447R',7578,0,'4R9QFZKZ61FD2N8G04J'),(2439881312,'Q','A0K70401I23K48UIN46K7',1563878375,513560305,'86B3FDZ9'),(2439881313,'1','43QTS30',869942266,1060514541,'0IY55SH79BMT640OKWL2978W4E946B9EGNB29'),(2985664144,'M','SE6F55',428172607,806874678,'J2LU9HT6R92GM57R5'),(2985664145,'U','',641630588,8,'IJD55Y6'),(2985664146,'7','01',658545747,3,'ARWN04DCIAH4C1XOXCAGZQD31Z5430RRAMCVFQA4870667W61H3LVI133H1DT2XVD96G8'),(2985664147,'E','15UX9CDF5XDGD967DPL34FR82D5L8Y55W16M15L7F3S1BYXDKH',857890472,302735845,'U2JSGQY1P2RT084GV074FRT'),(2985664148,'D','3Q4',1785897384,1549719822,'2UFK6G0AY3Z14D5S0BQR1T805LK2X'),(3415160875,'O','24J1A0O',1451417296,9793,'FQGC29750U515E8WMCJA6C'),(3415160876,'A','04VC',56,482293081,'X88NH8608H09O1OG37229J4W64JLQHM92F355E683P391515GXUU3FUGP5PN65151M83UJXX6ABA07R637W2300Q5S026P181AIHG67VD9QK511IRE'),(3415160877,'R','M596TDLMYVL71I34VX1H5728P15I',1,1264248768,'X9Y8770QS3889ATM622F34815Y3TNB2QT9'),(3415160878,'C','2260U660UTBN5',13,1871267483,'3J27V'),(3626371187,'2','XTQBEF16EH',264444765,118404623,'W2S5D4I37535JPB705N33L50ZT49G32FL63S7DGWN5ZL1ZW'),(3626371188,'Y','C5NA4228U0X041862W8WU2R5IE9S5N73AOL3WQ1P7R8O9SV83NY2R80U65Y5MK1IM6UB04869VX5P8OQ6EHU3U04GITDH0K08X5026W393',324983131,1156917529,'37292N3W8I94L1687SI0176R21D2D8CCW8EJC1HIY5340VN3WH'),(3626371189,'T','',641,1297318905,'6UL53WO2GKJ25VU5D0Q'),(3626371190,'A','T4GR7NHY8MDPL691D4VSM719Z67S0F2KXC590V1F2D',1037719566,1435452189,'77FE1C6Z6N3W121DBK64017O3CV'),(3626371191,'0','U8',142524447,463532877,'4V86AJPY'),(4055867912,'S','7V',149430418,1118988661,'ZT8P14S3D95G11OCK2V9174U940HRT84QVHW4L8'),(4055867913,'0','3H5',12378806,7,'Q59X44T238X4EKHUHN6'),(4055867914,'S','',1103147189,4446,'81FFZGC821AT91X'),(4055867915,'5','Q0O6E1WBLR24287I200655K88C44Z',2121563533,7855,'85M8QL4L4A3F8RAGM3NGOD77T43903C2G0'),(4055867916,'','75Y85A3U4Z9219DWU1WN29Z3X7BG6YK9XNLMJ6UKG057TWSH1UH7MD0JA1QSB80QM',1740745986,2098260133,'IEIGLI156G507682ZBL99587H63A9M13K24C6YV3MK90T88235EEOC0L3TVJ478'),(4294967295,'6','G0P3KCD7OD',1631764151,1619,'');
/*!40000 ALTER TABLE `bttopiclist` ENABLE KEYS */;
UNLOCK TABLES;

--
-- Dumping data for table `btvideo`
--

LOCK TABLES `btvideo` WRITE;
/*!40000 ALTER TABLE `btvideo` DISABLE KEYS */;
INSERT INTO `btvideo` VALUES (364276173,633797808,NULL,1149190993,613244037,83,98086801),(364276174,2044806066,300912002,1833,1206703431,9405,3021),(364276175,NULL,NULL,683,188,630297499,NULL),(364276176,929663365,1834800287,1724674375,836425293,87,NULL),(364276177,NULL,NULL,746935600,295308774,781868877,1807166508),(793772904,NULL,2119214165,970269687,1546224581,1466068759,1333314742),(793772905,NULL,1067914563,1503379410,1646539812,8,1664045431),(793772906,1729121253,1210939280,692828697,16395078,1,NULL),(793772907,35833640,6623,828009609,569578035,1440069185,2035649604),(1280014841,915850561,6,464862935,465352443,NULL,3),(1280014842,9,981687171,1343675948,1931590935,1115678195,448197809),(1280014843,NULL,2,1236214197,340960227,235032410,8),(1280014844,842497930,6602,1085269931,714707016,542883758,460),(1709511572,2,5,1268670634,1564923685,1056930697,1261583523),(1709511573,669211249,851779673,NULL,406046508,NULL,107811684),(1709511574,6,450712153,27,1994344666,66,1103047750),(2016005313,NULL,682156281,340824986,529249378,NULL,934555640),(2016005314,28629989,28,1856770181,10,1253466150,1845851468),(2016005315,NULL,7,2122270887,1855536265,5,3),(2016005316,631233317,953165428,80,1910070140,677588217,332438574),(2445502043,617386872,1438271679,893631935,1720668894,57,74),(2445502044,88,358557028,7167,0,22,9446),(2445502045,1781625238,1185930197,5,NULL,214688431,2048243461),(2445502046,9,2078154850,NULL,NULL,873136725,NULL),(2763834635,0,961,1577039183,1140178073,1141887411,1261805066),(2763834636,1850042816,3100,699297696,36,4378,1206899855),(2763834637,2,854333864,NULL,5259,2096197304,NULL),(2763834638,1700638885,1942877789,NULL,7,NULL,9669),(2763834639,1897297169,1101675626,887188465,1946752632,NULL,870848178),(2763834640,1492770589,859663748,4838,1032151425,30,1707456989),(2763834641,687363326,315465586,666930927,NULL,744577285,2013631866),(2763834642,1423943375,1274427850,319708833,118,860127106,NULL),(3193331365,5,368,NULL,NULL,1673163422,219413272),(3193331366,762,1810943268,2070845895,858400717,5566304,66),(3193331367,70,646480235,1580017162,738422398,2003236429,630463254),(3193331368,1486077411,135157003,2,NULL,2095324127,2025394224),(3193331369,1961979218,2027127813,NULL,NULL,31727426,1542160952),(3193331370,1914625682,67645988,2,755529524,839524683,1),(3193331371,NULL,1156474282,1656354592,1836575698,917408337,455),(3193331372,NULL,780547762,19,1040419302,328195327,300051430),(3700253673,83,1880179743,702254339,1671812582,493887178,NULL),(3700253674,1227806012,NULL,4152,3,2069668680,848538947),(3700253675,1450452407,350351666,2018771734,1936954419,7,1457773598),(3700253676,1404477652,1447839064,1441581704,3,936398897,459945158),(3700253677,1303231709,1989754447,641,547,948605956,1585325758),(4129750399,777437584,371685132,5546,1577344493,1106432350,206),(4129750400,1015455187,902003319,1472387861,86,906855001,1590494986),(4129750401,759,7673,562476508,1073487480,121128070,1464471702),(4129750402,NULL,1116698650,1706094572,271269418,1808733062,717722288),(4294967295,1480410571,458,87838198,1800161072,204815831,1043530417);
/*!40000 ALTER TABLE `btvideo` ENABLE KEYS */;
UNLOCK TABLES;

--
-- Dumping data for table `btyoutube`
--

LOCK TABLES `btyoutube` WRITE;
/*!40000 ALTER TABLE `btyoutube` DISABLE KEYS */;
INSERT INTO `btyoutube` VALUES (263314041,'37MG2A11A6AH863WS1PG1HDJW4Y6','R5K78RA719QXP61YIHD','N',NULL,NULL,1,NULL,0,0,'0N',1392152552,703783854,0,0,1,1),(263314042,'M4K0V2MA72MUQ40RQY673M793K14KMOVC4P412','699I06KI963Z55I56M86P697HF84Z5','82N5327J0QPD3ASJ15X75KS',NULL,'O6',0,'2D9RUD1Q9',0,1,'W1',65,2,0,0,1,0),(263314043,'',NULL,'8C36NJR908RS3S69J96ED9K83TZ1V63JX','','9IJS22',0,'LK1',NULL,0,NULL,NULL,20512331,1,0,0,1),(263314044,NULL,'I153JP3L14R54RTKSZQMO42KHLG','7','12BL45GY5YJDJ42I11OZ97904T6G57Z6','7P',NULL,'',0,1,'MF3I',365115284,1738856447,0,1,0,1),(692810771,NULL,'9KPPXBCNVEG6L5S443AB2','WJJ9G2E86I',NULL,'',0,'9',0,1,'',1296648650,1283381931,0,0,1,1),(692810772,'62JE1L74N070ZIQ4ML61X3A45AT7VLLFJ2FS73LJ40','49LPBPPAR7RK683C6Y82',NULL,'D55Z4NG15332874658Y30454VN3XW66KK3QWW4Z005PAA',NULL,1,'T0',1,1,NULL,109401823,NULL,1,0,0,0),(692810773,NULL,NULL,'268AJ1Y35Q8IMHQAOJJ59XMJ34ULWAAE28928Z79NTA3C02MEAX9M791M81VUHQ',NULL,'M',NULL,'8',NULL,0,'DVSWF',NULL,2138268414,1,1,0,1),(692810774,'5G6X1RDKT61DF','','188YZ5D9HW7683FN8Z0A','','M',1,NULL,0,1,'',4,921260461,0,1,1,0),(1187359609,'G2W2','K','9NC5KMBWJZZBB381GXSL4N2MN0FL1199QT102JN9BQ4753YDX448NU0VCXOCRPAJ','',NULL,1,'597E',0,0,'',1362727439,367689374,1,1,0,1),(1187359610,'9O42IG26L','','',NULL,NULL,0,'I',1,1,NULL,1845536560,67,1,0,0,1),(1187359611,'1D4NLMO0ET44','W83253SKJD16G63MMIT0TXEU99GHAO9N21RDE3WK4218K0EQ3N0VA38C32I0O1FG2G33GCG1NUABJ6','0158S0A8IHM7HSL864RP66U00EK6V00ZM207F35UB7087TVW7LFQIK131E5W9LD0X6ZK92RTK286C5ZS6407RL17GL80E067K718IMC4X90X677','Q97','Z79',1,NULL,0,1,'V5055',626478641,976981386,1,1,0,0),(1187359612,'7327K369','EOJ65VI3E','FPA46I8WE3D96X0XZLZI11894EKGX26Y03FP',NULL,'163D',0,'I5K',1,1,'95',1355368823,440,1,1,0,0),(1187359613,'29E9HPLBX6K00L14HP73P28QJ469CKE9Z12OR17720S194CK55K8396LHNUK0','LD9GVK','3O8K63X6ZU71B8BZ58427ODHV4I2B187R6D950B3O89226EHR8KG4LD33LK2','Z4UZ4R6P88H10I8X9HREJG42BB4RS','ANR',0,'S25',0,0,'',464039605,3976,0,0,0,0),(1616856339,'62UJQQQBI34B71EMY8JJV67H12A36HT','71P4S723L93S90EZJ4R68ZTI23N1QHK69BZ973JMA9Y2B56YR9R5AXU74G0BY3300FX','8183R710V88K5KRB495RNC48ZML',NULL,'9',0,'T0',1,1,NULL,163803585,59,0,1,1,0),(1616856340,'CM54FO4001EZ9','81M75L9ZYJ7X304B2MGT3T2F0255S72P4R5Y7GPB2521B1051VXXCN24XOPH681986FXEVORH058I','',NULL,'Y',0,'34',0,1,'IXIA6',936,2472,0,1,0,0),(1616856341,'0Y12AXKA74V9','R8B77F150D0NONQ','','','',0,'3WA1GTO',0,1,'',2077586556,2041966214,0,1,1,0),(1616856342,NULL,'N1W715415LYIQ533L4T86ILM06Q5R7499Q5',NULL,'S2JU000ZM3I2699XORNYU2ILL35','2E',0,NULL,0,0,'',4,7,0,1,1,1),(1616856343,'Y','3Q3','V7O2962B58F2J1','D5RDPZ9401T8Y5C2I6MA5Y496291W9U16YLT60CHB659K571HZJM714U8G5448QAD41ZW4ZW5TH7','TZ5',0,'F',1,1,'7',741,1970977115,0,0,1,0),(2083575653,'KXB3KE','6074STU8Q','8S3V940C0W2A939HG85AG','0S556IZ50O724775ZMMCD7REZJ85UO96C30T67ZU020',NULL,1,'54999A',0,0,'0N',1696611882,768476061,0,0,1,1),(2083575654,'8G3L5SS74H9DQ55I6Z50YUOT8ZY05O03Y9WQ46A2SLID5KQNJZ','5213085ONPE8Q7','7UIQPADBF926V',NULL,NULL,1,'2Y',0,1,'156U',614,1537137454,0,1,1,0),(2083575655,'T371K','3MLI6H35XA503W9OF57987AL2KS325Q6QAJDHRX6ZS65I764BYH21T7UP82C15','5F84UYBC365V8M0AVY1OO8M1JO1O9ULV4W3S501',NULL,'W49R7',1,'',1,0,'00B8',1468627681,5,1,1,1,0),(2083575656,'91M1K3D65KSEP0V5BV5C127FX6EEP9G311482V0JBKB5H7LK76OYRN331','0JS5I6198H411','F54598BEOB1QIE89','9R56Y5D6KMKJJ65G62RC8B6A49M7NHV126Z456','6PT',1,'',1,0,'102NC01N0',1822953985,1010200897,1,1,1,1),(2513072383,'','0ZMEEQ48855F','Z3SP8JCPH7ODK22F2GOX8XJ7','','R9',1,'721',1,0,'3D4',1355520695,589262045,0,0,1,1),(2513072384,'V35JA5201','E07W',NULL,'NS410999GX4O5T87E647Y7419E97425GHLLN8Y8UV17IGR1DL56U66IJFFX1RI','9ELLIO3',0,'9',1,0,'0E',1020573729,NULL,1,1,0,1),(2513072385,'LYZS9A56HO9Y65U172232E30XEK2F7B1IWL6','3NB822HP06T9YT9SV','','','',1,'7',1,1,'',1124091842,711522771,0,1,0,0),(2513072386,'4Z16E14685F37832K6XMPWYRFR31K71L0503E5886YYQ5SX2P4JGSP426FG615007RNYJ8X10G17DT010','S6Z34NYM57U5BP6717Q89PDU7U171U9S19S839','1O8UDC34',NULL,'X3',1,NULL,1,0,'',1524531131,1188124039,1,1,0,1),(2642468022,NULL,'287TE4DRE75YIL0JZG884EN58IZ1','5M9747374DIA9L20Q4T6051','18GF91R16','N',1,NULL,1,0,'13',1841179568,1370267425,0,1,1,0),(2642468023,'5','UAJ8C14CGYKZ2UU7P81','',NULL,NULL,0,'X0HP511',0,0,NULL,9,8,1,1,1,1),(2642468024,'','929L','','2077815LK0','',0,'8ZNZ7943',1,1,NULL,845675165,951830400,1,1,1,1),(3071964753,NULL,'9B19PZ3OLCGFY1143E544B4FHD684YD8ZEBRAC0T8PZ02O8681EG8B83ITKGEIQPCUJ695SVC7I1HE43S5SV6HB1M21','ZMSEXWHGX1G3S3WM35Q5551GRCKA4TQO170OL0440FYJ2J8VM6Y54FF7L7WHKB4YLY8HV06WAJGR3P7H2B1TNJ429Y5A9W7D2CJCXSDF74',NULL,'Y6118BP776',1,'',0,0,'Q3',845776885,903910097,1,0,0,1),(3071964754,'S2XT96GF2Q4G048D','14H1WMM6G63772XSEM',NULL,'R29CCJN7912NV4F51106W','',0,'L',1,1,NULL,691686628,NULL,0,0,1,0),(3071964755,'','','6KWOMIN8A58OI69','J4J00J9GW331EA9818JF654BI4W11H6W72Q0I7OI3S','',1,'Q',1,1,'B',2028491483,207695802,0,1,1,0),(3670592887,'H7H37X0','6L7A5WT70735T6','9MF3CP89366274H44710BJ1S9GPGHE23DU41PNL','650B','H',1,'9',0,1,'Y3',1255078260,77152856,0,0,1,0),(3670592888,'7C350H2NMDF','N1CJTV9J2JM8RIAKOZJ19BF8WQ4K6Q6V8J6U1P1X50376SUYQ0B78887EIM9D7540R78Y25OXU6NAWA57SR6ULW2YSX0W12ASG1UEK47T25WUS2430R819880O9S44S1PYBU7RDGB53K933950W6LRD737X7NH7BB0FTBMR594',NULL,'7S2ZVLL7L7BZ1MGYUJ8V312DADCRZ2NP2RD3EI03434086230S73K2V58MEG5T1SPWX0','Q',1,'L7',0,1,NULL,189050975,626551187,0,1,0,1),(3670592889,'','23K508H45',NULL,'','N',1,'',0,0,'3',614,1924097806,1,0,1,0),(3670592890,'61','5T4Y61','','','',0,'TK8',1,0,'X2E',913673736,643054601,1,0,0,1),(3670592891,'50FU590VBW343C50195118','97YY128TL08I85F1V','F1','XS21CLZW9O334TZ57P3RG20757WM8',NULL,0,'QUQE',0,1,NULL,801088451,1872118420,1,0,0,1),(3670592892,'47J1YC','9BF7GK1IDQ9O411AL77ET27G9D371Q0GG0T9M2VOE',NULL,'5I7T717QT7FB7R94VM5324',NULL,1,'',0,0,'Y',268060710,NULL,1,0,0,1),(3670592893,NULL,'','136JD50N1W432A3P641Q19J3MRHJ11E','MB55944PLG5IZ5Z0G178','0',NULL,'7F',0,0,'A38AXMD91M',1208969340,305,1,1,0,0),(3670592894,'P17N22B66NRG2042J','DZFP58COWVJ63E2','7VPOQM3PBN216W2X1XG6JGOAWPL185GSU6X59Z5N1PKAGE6EBHX0IN3','6U781M998INM2V47MW15','95E1SCL',1,NULL,0,0,'PM8N',1331099050,252,0,0,0,0),(3670592895,NULL,'53DJ1913BP6Q1N2','G',NULL,'R2TLO',NULL,'7C75X',0,0,'46K',212637162,639402883,0,0,0,1),(4100089613,'074T8HM0911XPX5503D4X1T1V25841CM3A4QAQ4PWH713UJW89F21D819OH7X9U4B798MQT5NHCC960698F7WPTNTVSK6077NBE38I7B420T532L6XGZ37OV241','3J9N2X446Z2T2P4903M2RGZ6X50F4HN50273L1D69HX80JBY005U0R34A0D41E6','4K1Z7X4BFH316H1ISD19P3W928TGW1294X','Y4U4XVCLR37056WF169C2T8V2','',0,'I7B',1,0,'U2M653',1907888936,491025041,1,0,0,1),(4100089614,'1QIJIEI4T456JHPV5U1IKV06W401V634UY9ITOT93S3EP85Y1TWV61G','6419T1SQB2S2K2W6','5P227L7','VW3D6YUAZQ44L643A58225K198062DQRGO00VW0125215Z749YOI3I749Y1WMY0VA6','1852V3BFU7',1,NULL,0,0,'',276,245505554,1,1,0,0),(4100089615,'MZV0','TW4E','9EXGZ1JI41DOG42V3CGZ50S5M611U6195A32L3O3A3A',NULL,'YJ9',0,'3F',1,1,'S',28,1689205347,0,1,1,0),(4100089616,'Q1068','9M3IBD5PPJGM2AI78C49U39THJE11U7QB4','W8YNSA7739W8EH6D5','3N2BC8F0835200CUXTM218SWCC85BK','5JWY6',1,'YI3',1,1,'J1',5997,1209924656,1,1,0,0),(4100089617,'229CV857572','R65C2O160858L2','T8A7V9Z4G0W4ZG5','',NULL,1,'U6',1,0,'K65',1908007604,386960352,0,0,1,1),(4100089618,'6S',NULL,NULL,'','',0,'I',NULL,0,'',NULL,NULL,1,1,1,1),(4100089619,NULL,NULL,'BK5J166HVS9','','',NULL,NULL,NULL,0,NULL,NULL,1748071842,0,1,1,0),(4100089620,'2H05TNULPWV4416136C8','T68S','1UKV0VWIZ7P039VHA0XD92N6ROT83C3QXF64K23KVMYWGX24K0B383FE36JFY64HB5D','21VH3M4J7TGZYZ79913O','62',0,'86EJ',1,0,'DQ',1691221900,360245829,0,1,1,1),(4294967295,'','J14AI912838HR64949J9N3H9AQ580YZ21','GCM08009RSNKS2O885OO','4OBG8RY6PK28','HR',1,'86A87594',0,1,'EY',1677375983,393446978,1,0,1,0);
/*!40000 ALTER TABLE `btyoutube` ENABLE KEYS */;
UNLOCK TABLES;

--
-- Dumping data for table `calendareventattributekeys`
--

LOCK TABLES `calendareventattributekeys` WRITE;
/*!40000 ALTER TABLE `calendareventattributekeys` DISABLE KEYS */;
INSERT INTO `calendareventattributekeys` VALUES (281567497),(281567498),(281567499),(281567500),(711064227),(711064228),(711064229),(711064230),(1034030078),(1034030079),(1034030080),(1034030081),(1034030082),(1463526809),(1463526810),(1463526811),(1463526812),(2082561140),(2082561141),(2082561142),(2082561143),(2082561144),(2512057870),(2512057871),(2512057872),(2512057873),(2512057874),(2831420100),(2831420101),(2831420102),(2831420103),(2831420104),(2831420105),(3260916830),(3260916831),(3260916832),(3260916833),(3260916834),(3260916835),(3260916836),(3740375547),(3740375548),(3740375549),(3740375550),(3740375551),(4169872273),(4169872274),(4169872275),(4169872276),(4294967295);
/*!40000 ALTER TABLE `calendareventattributekeys` ENABLE KEYS */;
UNLOCK TABLES;

--
-- Dumping data for table `calendareventoccurrences`
--

LOCK TABLES `calendareventoccurrences` WRITE;
/*!40000 ALTER TABLE `calendareventoccurrences` DISABLE KEYS */;
INSERT INTO `calendareventoccurrences` VALUES (71,-695247880,1030,1,1054995011),(72,-1768989,-349594895,1,1054995014),(73,6474,-100,0,1484491743),(74,-1965409208,4612,1,2364174798),(75,-1705901421,-1091042710,0,4180393424),(429496802,-871630085,-1319273662,1,3750896700),(429496803,-115504536,-98170055,0,3750896701),(429496804,-602814374,-1635736220,1,1484491743),(429496805,-1605015914,-8,0,241796185),(429496806,-68874703,-790,1,2364174798),(898305410,-611,-253588675,0,2714513724),(898305411,-505491943,-1406931204,1,4180393424),(898305412,-1375244270,-356498621,0,1934678068),(898305413,-257774456,5745,1,2714513722),(898305414,-67,-1776060845,1,1484491740),(1327802140,-1357779652,-8,1,1484491744),(1327802141,-1581254285,-1,0,4180393423),(1327802142,-16,-2138129991,1,2364174798),(1327802143,-1085136004,6558,0,NULL),(1327802144,-1157695495,-1189519739,1,NULL),(1327802145,-596879402,-1709908012,0,241796184),(1800415593,-53417192,-900089208,0,4180393427),(1800415594,-25656153,-584332000,0,1934678067),(1800415595,-829250629,-1842476380,0,1934678068),(1800415596,159,4,0,3144010455),(1800415597,-390062077,-241719394,1,2714513724),(1800415598,-9,3777,0,1484491744),(2229912324,-1334,41,0,2364174801),(2229912325,-866909110,4,0,1484491744),(2229912326,-1856697263,8349,0,671292916),(2229912327,-294497650,2900,0,1484491744),(2229912328,248,-6,1,2714513722),(2950318445,-1096696245,-1783626116,0,2714513724),(2950318446,-1011325069,-1392102672,0,3750896697),(2950318447,-445194907,3,1,1484491740),(2950318448,-589040605,-87,0,241796185),(3379815175,-2,-30,0,1054995011),(3379815176,-104708455,-1513746895,0,3144010451),(3379815177,-827361549,-2094190088,0,2364174798),(3379815178,0,0,0,NULL),(3379815179,-78,-2042427432,1,4180393423),(3558988025,-7,94,0,1054995013),(3558988026,-1422941474,-407386218,1,1054995013),(3558988027,-1331682341,-2109483757,1,NULL),(3558988028,-565058955,-6,0,671292914),(3988484751,-1953903334,-253846104,1,3750896698),(3988484752,931,0,0,NULL),(3988484753,55,-165693643,0,1934678068),(3988484754,-1732205334,-504374892,1,1484491740),(4294967295,-758917345,-322605982,0,241796182);
/*!40000 ALTER TABLE `calendareventoccurrences` ENABLE KEYS */;
UNLOCK TABLES;

--
-- Dumping data for table `calendareventrepetitions`
--

LOCK TABLES `calendareventrepetitions` WRITE;
/*!40000 ALTER TABLE `calendareventrepetitions` DISABLE KEYS */;
INSERT INTO `calendareventrepetitions` VALUES (241796182,'93Q4DW'),(241796183,'T88MX03Y29GHL8M2Y37C35VZDVC7042VS'),(241796184,'G20NK32R2QGN1YZ8255E3JB3Z90BZ440COI004E9A8'),(241796185,'DGX'),(241796186,'0S'),(671292913,'YM35B1L0O'),(671292914,'VL1NY41QORT10M2K8E9'),(671292915,'QSDC84KB5XJ4L859K71WRH8T73W5U115C315H4D53W9D82PDE6G7UOCU73NE0O0185K53X63F98721JZIMY8FLH2D606W55Z80X'),(671292916,'Q3M1DOYG45'),(671292917,'FW7Z37C2I3QP'),(1054995010,'259001F966I1PV06H07TU8S6W3LE887OG15A301QGI2'),(1054995011,'3QIIU1503'),(1054995012,'T96O2SO2SAL5GH4I028QO8QW4P4406AM2ND6RM6O947OF41U3H0XPZOLXXFH20L5B8T5718'),(1054995013,'H71638V03'),(1054995014,'ENSNS1VI8RNL5GKT450BF095Y24Y2T'),(1484491740,'205T4IRL05VWE'),(1484491741,'5YIW074G4D7E5ZU5Y336X4DJ9Q9J1DR9IC85KE3G'),(1484491742,''),(1484491743,'8X2W8QMX9F0Q3MZT30'),(1484491744,''),(1934678067,'YQUAN0VW'),(1934678068,'6422Z062CY84T423383382D0323DB5K17XF40D9R4V7TN0I3F2B336DC'),(1934678069,'K3A538N3SA186'),(1934678070,'CBQBM9Y2OIRAW7V'),(2364174798,'V'),(2364174799,'ZE9R037L84SA959DX504111HJ3ABXXO4QE5E98TPMFI1M33G4B67'),(2364174800,'T3W5PRBIX7TMLR4I23I849N4KY86E815VL5Q1796M74V41NO4F2047AD7I42G1BCCPFM1410V29'),(2364174801,'9F4HEBP6O7RYKPZ057533M11L3C94B13SSR24QVLK8CE79BL08E7L2XYQR57EUS7GZ9QAN'),(2714513721,'HDQ8M7D2L7'),(2714513722,'N3OWYHNZ524JW15'),(2714513723,''),(2714513724,'26R8O26BL49'),(2714513725,'W'),(3144010451,'Z9U9TI6EOTWI4H6WS2TT3Q194VIO90Q7684JLDZH76O8N17D6LI'),(3144010452,'FAU8'),(3144010453,''),(3144010454,'659O4BGJGKENUKT42VPL2K5J2I08K4C4DZ47L35Q98N983A5V274266XXML95B3CR52V45U5KE3Q1J1'),(3144010455,'40B5P8N617'),(3750896697,'8'),(3750896698,'W1'),(3750896699,'D84902YMVD5NO7'),(3750896700,'V49'),(3750896701,'LV0J82Y4KNG096WC1439U73ZIT2E9VX4'),(3750896702,'AJH81S1BJ1H02FJ980M7R61SSW'),(4180393423,'9Q593'),(4180393424,'0UR6ZI6YKOP9V5O65S368457'),(4180393425,'43U5SIJ3QNQFCRCVF5PN4005A05NHK55DLX331O68266JG1IIT4OZ31M0C2NE46C0358AKVD481320TUFC0I761J0VQ2Q16K84N3N63H57'),(4180393426,'UC22JI9194'),(4180393427,'1W58497747E8ZJ79LNKG4Q7V632WU2UEN71N5Q0Q900UYK3YE2595'),(4294967295,'Q00Q03PZCCET49EEB9A56US8TPL7029ML8FZ6V6W256NSWK80U7CY064TA7F33');
/*!40000 ALTER TABLE `calendareventrepetitions` ENABLE KEYS */;
UNLOCK TABLES;

--
-- Dumping data for table `calendarevents`
--

LOCK TABLES `calendarevents` WRITE;
/*!40000 ALTER TABLE `calendarevents` DISABLE KEYS */;
INSERT INTO `calendarevents` VALUES (411442863,NULL),(840939595,NULL),(2435184415,NULL),(3065315603,NULL),(3065315604,NULL),(2435184413,288962864),(3501241979,288962864),(2635818875,718459594),(840939593,718459596),(2635818872,718459596),(2435184414,718459597),(2635818870,718459597),(411442862,1246235119),(840939590,1246235119),(1471254949,1246235121),(1471254952,1246235121),(2635818877,1246235121),(2005687683,1246235122),(2635818873,1246235122),(1041758222,1675731848),(2635818876,1675731848),(1041758219,1675731850),(3930738706,1675731851),(2005687684,1675731852),(840939594,1924360876),(3501241980,1924360878),(1041758221,1924360880),(1471254950,2353857607),(840939592,2353857608),(3065315602,2353857608),(411442860,2353857610),(1041758220,2353857610),(3930738707,2353857610),(411442864,2586497561),(840939591,2586497561),(2435184412,2586497561),(3930738705,2586497561),(411442859,2586497562),(3065315607,2586497562),(2635818871,2586497564),(2005687682,3015994293),(1471254951,3015994295),(2635818874,3551852224),(3065315608,3551852224),(3065315606,3551852225),(3501241981,3551852225),(4294967295,3981348949),(3065315605,3981348951),(411442861,3981348952),(3065315601,3981348952);
/*!40000 ALTER TABLE `calendarevents` ENABLE KEYS */;
UNLOCK TABLES;

--
-- Dumping data for table `calendareventsearchindexattributes`
--

LOCK TABLES `calendareventsearchindexattributes` WRITE;
/*!40000 ALTER TABLE `calendareventsearchindexattributes` DISABLE KEYS */;
INSERT INTO `calendareventsearchindexattributes` VALUES (151593246,'0X0SRYT9'),(151593247,''),(151593248,NULL),(151593249,'LDTOIY3XSID5MI17DY87E203MP434CY04FQ0IRN24HU792XFE3G3N12L5TZ007670KZ4V03INA6CO7O55Y9'),(581089976,'ZCUHK232HZX2'),(581089977,''),(581089978,'AV9T3617E1S'),(581089979,'1Q46616D9902191DX4S54ZSQT5WN4846SU5NY8'),(581089980,''),(1028521879,''),(1028521880,'FH760OK1'),(1028521881,'Z0PJ17F2U7N1Y4XU12K3X4A1733E97M5EAZP76M87Y89W1QT'),(1028521882,'14TD86713K1OLV9KL4JX7ZPE3OBO79Z9PIQN'),(1458018609,NULL),(1458018610,'9X1F8W1M6U'),(1458018611,'R67OKZ34FLPL1V9X14224NS8022RWXLHM6N55M50LE4Q6Z539'),(1458018612,'T7V25S3T742EMZEHSD194U4L3GLS09FINQ67304B'),(2076697247,''),(2076697248,'48MA34PCAH686P95TW4C7386H77K6FT6QQ08T53Q6Y89217U36RXD'),(2076697249,'55I75W2K'),(2076697250,NULL),(2076697251,NULL),(2506193977,'4A63A4713F12'),(2506193978,'K5O'),(2506193979,NULL),(2506193980,'D769XMN674693XRZH'),(2506193981,NULL),(2506193982,'GAEOJHSM7'),(2986620794,'9S5A4SR86GQX99BFMY'),(2986620795,'C0LW394721CZ16G3ZEAW1CNY4P8J06AURMC9101C46N'),(2986620796,''),(3416117525,NULL),(3416117526,'DPU03A7QI75W8'),(3416117527,NULL),(3681051227,NULL),(3681051228,''),(3681051229,'159H53QF9J5HT'),(3681051230,'IR6XFA4LZ0PT336OIOOGJN183T884HVGV4484'),(3681051231,'O270Y6JKC2D641985ISL8LDPVA3C'),(3681051232,''),(3681051233,'47G49427G'),(4110547952,'84I'),(4110547953,NULL),(4110547954,NULL),(4110547955,'833013'),(4110547956,NULL),(4110547957,NULL),(4110547958,'J07P94AUV8J08ZH145H1'),(4110547959,''),(4294967295,'50T8GY15863L1P6Y441PI71C');
/*!40000 ALTER TABLE `calendareventsearchindexattributes` ENABLE KEYS */;
UNLOCK TABLES;

--
-- Dumping data for table `calendareventversionattributevalues`
--

LOCK TABLES `calendareventversionattributevalues` WRITE;
/*!40000 ALTER TABLE `calendareventversionattributevalues` DISABLE KEYS */;
INSERT INTO `calendareventversionattributevalues` VALUES (220277838,3740375550,NULL),(220277839,4169872276,NULL),(649774566,3260916832,NULL),(2786559381,1034030082,NULL),(3831200489,2512057871,NULL),(4260697214,2831420101,199586),(1352127086,3740375547,199587),(3216056111,2082561144,199587),(220277834,1034030078,429696315),(3831200490,3260916834,429696315),(1785780479,1463526811,429696317),(3216056110,3740375551,429696318),(649774565,2831420100,429696319),(2786559379,2831420104,429696319),(2786559380,281567500,429696319),(3831200488,4169872273,429696319),(220277837,711064229,888429084),(4260697216,2512057873,888429086),(1785780478,2082561142,888429087),(220277836,4169872274,888429088),(649774568,3260916835,888429088),(1352127088,1034030079,888429088),(4260697213,4294967295,888429088),(1352127087,2082561141,888429089),(2786559377,3260916833,888429089),(2215277208,4169872275,888429090),(2215277210,1034030081,888429091),(922630358,2512057874,1317925816),(4260697215,2831420103,1317925818),(220277835,2082561140,1317925819),(4260697217,2831420105,1317925821),(649774570,1463526812,2004673120),(1785780476,711064227,2004673120),(2215277209,281567499,2004673121),(649774567,711064228,2004673123),(3216056108,3740375549,2004673123),(4294967295,3260916830,2004673123),(3216056107,281567497,2434169850),(922630357,2512057872,2824770948),(3216056106,3260916831,2824770951),(2786559378,1034030080,2824770952),(3216056109,281567498,2824770952),(649774569,711064230,3254267678),(2786559375,2512057870,3254267678),(2215277207,1463526809,3254267679),(1785780477,1463526810,3254267683),(2786559376,2831420102,3254267683),(3831200491,2082561143,3571024639),(922630356,3740375548,3571024640),(1785780480,3260916836,4294967295);
/*!40000 ALTER TABLE `calendareventversionattributevalues` ENABLE KEYS */;
UNLOCK TABLES;

--
-- Dumping data for table `calendareventversionoccurrences`
--

LOCK TABLES `calendareventversionoccurrences` WRITE;
/*!40000 ALTER TABLE `calendareventversionoccurrences` DISABLE KEYS */;
INSERT INTO `calendareventversionoccurrences` VALUES (400683658,2786559380,898305412),(400683659,3216056108,1800415593),(400683660,649774565,429496802),(400683661,4260697214,4294967295),(830180388,649774569,4294967295),(830180389,1785780477,898305412),(830180390,3831200490,3988484751),(830180391,3831200488,898305413),(975576117,NULL,71),(975576118,NULL,2950318448),(975576119,2786559376,1800415597),(975576120,2786559376,2229912327),(975576121,3216056107,NULL),(975576122,2786559376,3558988027),(1405072848,220277835,429496802),(1405072849,3216056106,3379815178),(1405072850,1785780478,73),(1405072851,3831200488,898305414),(1405072852,3216056111,73),(1405072853,3216056111,2950318447),(1931238886,1785780477,NULL),(1931238887,3216056109,73),(1931238888,3216056107,2229912325),(1931238889,3216056107,2229912326),(2360735617,220277836,1800415593),(2360735618,220277836,NULL),(2360735619,4260697216,71),(2360735620,1352127087,NULL),(2671841519,649774566,3379815179),(2671841520,4260697215,3379815178),(2671841521,NULL,2950318446),(2671841522,922630358,429496804),(2671841523,220277836,75),(3101338249,3831200489,1327802145),(3101338250,NULL,1800415598),(3101338251,2786559379,73),(3101338252,3831200490,3988484753),(3101338253,220277839,1800415595),(3101338254,2215277207,75),(3541393884,1785780478,3558988026),(3541393885,4260697215,2950318446),(3541393886,2786559378,429496802),(3541393887,4260697214,2229912327),(3541393888,1785780480,1327802141),(3970890610,3831200490,3988484751),(3970890611,3831200488,1327802142),(3970890612,4260697216,3558988028),(3970890613,NULL,898305412),(3970890614,4260697213,NULL),(4294967295,220277835,429496802);
/*!40000 ALTER TABLE `calendareventversionoccurrences` ENABLE KEYS */;
UNLOCK TABLES;

--
-- Dumping data for table `calendareventversionrepetitions`
--

LOCK TABLES `calendareventversionrepetitions` WRITE;
/*!40000 ALTER TABLE `calendareventversionrepetitions` DISABLE KEYS */;
INSERT INTO `calendareventversionrepetitions` VALUES (81,220277834,2714513723),(82,2786559377,1054995010),(83,1785780476,2364174801),(84,649774568,671292914),(429496812,NULL,NULL),(429496813,3216056107,2364174800),(429496814,2786559378,2364174800),(1242899406,3831200491,1484491744),(1242899407,2786559375,4180393424),(1242899408,1352127086,3750896697),(1242899409,3216056106,3750896701),(1242899410,2215277208,1484491741),(1242899411,3831200488,1484491741),(1242899412,649774570,241796184),(1242899413,2786559381,1484491743),(1672396136,2215277209,1484491744),(1672396137,NULL,671292915),(1672396138,3216056106,671292915),(1672396139,4294967295,4180393425),(1672396140,3216056109,NULL),(1672396141,4260697217,3750896700),(1672396142,1785780476,1484491741),(1672396143,220277834,2714513723),(1672396144,3831200489,NULL),(1826932150,2786559379,671292916),(1826932151,NULL,4180393426),(1826932152,1785780477,1484491744),(1826932153,2786559375,4294967295),(2256428881,649774566,3750896700),(2256428882,220277835,241796184),(2256428883,1352127087,241796183),(2256428884,220277834,671292914),(2978404089,2215277208,1934678068),(2978404090,1352127086,1054995012),(2978404091,4260697216,4294967295),(2978404092,NULL,1054995012),(2978404093,2786559378,671292914),(2978404094,649774566,671292914),(3407900819,NULL,2364174799),(3407900820,2215277208,1054995013),(3407900821,3216056106,1934678069),(3407900822,1352127086,3750896697),(3407900823,922630356,NULL),(3407900824,649774568,671292917),(3855616695,220277836,1484491742),(3855616696,3216056109,241796184),(3855616697,2215277208,1484491743),(4285113421,2215277208,1484491742),(4285113422,2786559381,3750896701),(4294967295,2786559377,NULL);
/*!40000 ALTER TABLE `calendareventversionrepetitions` ENABLE KEYS */;
UNLOCK TABLES;

--
-- Dumping data for table `calendareventversions`
--

LOCK TABLES `calendareventversions` WRITE;
/*!40000 ALTER TABLE `calendareventversions` DISABLE KEYS */;
INSERT INTO `calendareventversions` VALUES (220277834,'1976-05-11 06:57:00',NULL,1,'SI84Z51V228C1DZXJ2E',NULL,'7',1768599647,1041758220,NULL),(220277835,'1993-07-01 06:05:50','1970-01-01 00:00:01',0,'5T1AQ6HL3IA721QG886JF23Q1793','9M5S5LN6G8YCYDTVJ2AG012VQ3A','9',2090841173,1041758220,1202304025),(220277836,'2018-09-06 08:04:55','2008-01-02 18:56:45',1,'D','Y5UHLWQ58R2M522G68ZX9','',758142427,2435184415,429496807),(220277837,'1970-01-01 00:00:06','1999-11-09 04:49:18',0,'48810D39H926XRMCH6YI5QAX2D7UCX7256ZA21DN62J2655U2T','','9',7416,2635818876,3322021358),(220277838,'1983-01-07 01:49:04','1976-01-19 23:28:15',0,'','1S92190062X',NULL,560775873,1041758220,3942825808),(220277839,'1970-01-01 00:00:05','1970-01-01 00:09:42',1,NULL,'','',1289546377,2005687684,1814459833),(649774565,'1970-01-01 00:04:50','1974-04-06 02:49:08',0,'9RS0M1V032ZR4U49418I1HQ913OFPMQDP94VJE3VJ5G341VU9XMG03283TC57OMJ8H','','5',0,840939590,3942825808),(649774566,'2005-10-15 23:40:08',NULL,0,'2D1Y8R12Z79603XU8H7Y0G85J1I682C316',NULL,'0',27611266,3065315602,NULL),(649774567,'2016-05-21 01:37:05','1970-01-01 02:33:08',0,'NL6GWTPJ2M051LD31M29WM117S25IZVH50LSMQ6','42FPMV1AVWGBELV9U521EX6','A',1464228476,2635818876,77),(649774568,'1991-05-06 11:44:18','1970-01-01 02:03:37',0,'9LW1B8253H3JA5MYR38I0F6797U46M',NULL,'',372634443,2635818877,3322021363),(649774569,'2013-02-17 14:52:37','2011-10-10 11:59:52',0,'957','TE7A53U4M9KP63F8E33YB5J7UGNF49X6NQ771G6PO1TQW55OG15H98A3GQN','',1140214593,2005687683,3942825809),(649774570,'2008-06-08 00:19:42','1985-06-16 11:41:19',1,'M9RJVPFK19BK96Y78K6D00P2JAXY8ITK68476WD80EEC1W15F748Q424X7R1L7MC490KSB607FDBJUX899MEP9GAMTS2VDPP84374V','5Z65X39O6MCXIFB29F6I9D0PJ0V27WTVI475364I57R6A41LAA2SA765ZZ5174',NULL,2011969441,2635818872,1631800757),(922630356,'1986-10-30 06:33:07','2018-02-02 05:30:04',0,'NT90T7H982K0N5NRCJ81R','KFQ91K0J66RZ1T5I578134281GVMAKE5RFB32HBHI5W3JA909PIZ78XI00ZC91ZDP8U34765BO562K18','X',24,1471254952,429496805),(922630357,'1970-01-01 00:00:04',NULL,0,'Y',NULL,'1',2119505441,3930738706,NULL),(922630358,'2003-08-28 01:41:26','1973-07-30 16:54:22',1,'3','43F68Q5VS6I7VZQZ880V4303','S',1520064517,3501241981,1202304026),(1352127086,'1981-10-13 13:55:48','2014-08-04 01:48:41',0,NULL,'81703569R9S9S0P37P9RW',NULL,1,NULL,2892524631),(1352127087,'2018-08-04 17:38:58','1977-11-04 20:37:23',1,'','','0',55589472,840939591,1202304027),(1352127088,'1990-08-02 23:56:25',NULL,1,'',NULL,'',4026,3065315606,NULL),(1785780476,'1978-04-27 05:59:29','1974-03-16 23:32:50',1,'','2307D','9',2008441125,2005687684,1631800758),(1785780477,'2002-09-02 23:00:05','2008-05-30 20:53:23',1,'B4RI742RHS4','','6',1991550775,2635818872,1814459833),(1785780478,'1970-12-04 09:49:24','2004-12-22 15:12:09',1,NULL,'RRFJVRTZA7ZIQK8VS',NULL,827432987,NULL,1202304025),(1785780479,'1970-01-01 00:12:58','1970-01-01 00:06:11',1,'55TB4DFK4C0CWBO13TTLX6I10J6TP0Y7WH30U3FQKD8W87441P2R56OR3DQ6094',NULL,'7',1668479566,2435184413,1631800757),(1785780480,'2009-11-07 16:57:56','2008-02-28 05:48:13',0,'2K1BFLX0NNG9SLY2','OXE05NMU5807WFJUC',NULL,852597726,2435184415,3513329083),(2215277207,'1971-01-24 22:12:13','1993-11-24 00:44:32',1,'','B5SVB2R8FI6466PO6JG24C4328CZ4M2573604F72R','0',648,840939591,3513329082),(2215277208,'1984-12-17 17:38:29','2017-08-08 16:07:57',1,'79C6PKPZJ','95ZA1131C9S609A075R08L4Z3CCX27WUY59VW5644RZ1TE2O14UK442','I',60,3065315606,1631800757),(2215277209,'1970-01-01 00:00:03','2002-06-30 15:39:59',0,'DO12V','071RP7SN32HD9',NULL,322412334,3065315607,3942825812),(2215277210,'1972-02-23 00:46:06','1999-09-13 09:19:30',0,'2YLKOX8U0FC','1YQ36C718Q41V0NMLIZ9T022FX28O6P8LF','',1823821518,411442859,3322021363),(2786559375,'2008-01-24 20:16:36','1987-06-22 10:51:25',0,'9517G7','E3','O',1318890297,411442862,1814459832),(2786559376,'1970-01-01 00:00:09','2011-04-14 18:36:20',0,'T5L161MP5709WGV9CQ1P2V6538740MP1W7','L',NULL,2087020767,411442859,3513329083),(2786559377,'1970-01-01 00:00:03','2015-04-26 01:54:58',1,'OG6B6N','IGKN3580F2EMZF2399U152ODW3RM','4',9187,2635818870,429496805),(2786559378,'1978-12-15 23:35:14','1970-01-01 01:07:07',0,'6','','1',701920128,1041758221,1202304029),(2786559379,'2015-09-29 13:13:20','2002-08-02 09:05:15',1,'J4380G2552I44','55UJ643070P0911A','V',1825357301,2635818870,3942825812),(2786559380,'1970-01-01 01:05:20','1971-12-14 05:12:49',1,'','D0925AASV9PBR','0',64200311,3065315602,2892524631),(2786559381,'1970-01-01 00:03:03','1970-01-01 00:09:59',1,'V8ME02IUE2H','F2037069Y7M59278WP3I072',NULL,1576943746,NULL,3513329083),(3216056106,'2017-09-13 12:55:19','1970-01-01 00:10:49',0,NULL,'','Y',368447842,3065315603,2243956565),(3216056107,'1970-01-01 00:00:02','1978-04-01 06:49:12',0,NULL,'B6056TGDPMM2816KNF6','R',119655877,NULL,3942825813),(3216056108,'2013-12-17 02:04:58','1970-10-11 15:01:18',0,'2H761QVB45O1Z7Y2F9WZ2819GHHWJBBVOUELPG902354ZRUWI1H4021PQB04D984T4B4QGTM4','KEKA9G29292S5Q6LQQD2KHDK8C2794ZOV657V','6',2066579024,2005687682,3942825811),(3216056109,'1970-01-01 00:00:46','1970-01-01 00:40:53',0,'2','E8C5N45140O085AHHIAKSXQFK44F80R5A0',NULL,1290751913,1041758221,429496807),(3216056110,'1972-05-28 09:23:50','1980-04-15 12:53:48',0,'X3UF','L262GLFI8KVELU99O1B511','M',598,2435184414,1631800756),(3216056111,'2002-10-19 00:50:19','2008-05-10 02:35:11',1,'BEYY485E9FFEX1452L40818Y2O984XCM8N9OFX5S3J82008W','','',21,840939591,1631800758),(3831200488,'1990-10-25 22:51:27','1970-01-01 00:00:02',1,'F5156HJ92LN6RO0RIOUK9856J8GLC3360BQTG0Z95PB1VH9ASW61WH2U07UV874HJ35E4F5P0TQWD3RD52W4',NULL,'',725307146,840939595,2892524629),(3831200489,'1996-02-04 12:07:02','1989-12-23 11:32:10',0,'','347H6D8J890SB3','T',74887256,2635818873,3942825813),(3831200490,'2013-07-30 03:48:01','2013-08-15 19:45:39',1,'5H47PUR3C7EF168B5LXPIK2GV','D71JURF4BS47954684FEUC294E5FSM3CZ6A9V6W9I581N9BONH7P42S','D',2452,411442864,1814459834),(3831200491,'2007-04-07 02:32:38','2019-10-12 15:14:18',1,'S6YH8KB9SGU8OU2GGKPX5A788NPX435222FR42SNM4XH','4XS6927T2UETDML8U74S906B7G04F893WB0S0K6GXK5FG6J43WD7JR7N7CXV54VLVSGW3A1AZ4M4VO9BFX16ZL879','C',370,4294967295,2892524629),(4260697213,'1991-08-29 04:09:56','1996-06-19 17:46:11',0,NULL,'I3','C',1012871296,3065315601,3513329087),(4260697214,'1970-01-01 00:00:07','1970-01-01 00:00:25',1,NULL,'12F758WR6ZI852','0',796014846,2635818875,1814459835),(4260697215,'1999-12-15 12:56:54','2008-01-01 08:06:38',1,'47Y097RVU48531M2416I8',NULL,NULL,856477726,411442863,2892524627),(4260697216,'1970-01-01 01:02:27','1970-01-01 00:01:01',0,'F9HZYNQAOHLD','E6RO107166YD',NULL,392817483,3930738705,1814459834),(4260697217,'1970-01-01 00:01:09',NULL,0,NULL,NULL,'5',581,NULL,NULL),(4294967295,'2012-12-22 23:36:08','1994-06-19 10:07:37',1,'A03HQ0K1YT0AI19D','R06PI3WJZFIKOH1K','2',1062733224,1041758220,1202304025);
/*!40000 ALTER TABLE `calendareventversions` ENABLE KEYS */;
UNLOCK TABLES;

--
-- Dumping data for table `calendareventworkflowprogress`
--

LOCK TABLES `calendareventworkflowprogress` WRITE;
/*!40000 ALTER TABLE `calendareventworkflowprogress` DISABLE KEYS */;
INSERT INTO `calendareventworkflowprogress` VALUES (1415196453,411442859),(429496911,411442860),(182,411442861),(2054938575,411442862),(3207195277,411442863),(2777698547,411442864),(2777698543,840939590),(181,840939591),(985699724,840939592),(3789183068,840939593),(2484435306,840939594),(4218679795,840939595),(985699723,1041758219),(1415196455,1041758220),(2777698546,1041758221),(3789183069,1041758222),(3207195273,1471254949),(3207195275,1471254950),(429496913,1471254951),(2054938576,1471254952),(3207195274,2005687682),(2484435305,2005687683),(429496915,2005687684),(429496910,2435184412),(2777698544,2435184413),(184,2435184414),(186,2435184415),(2054938571,2635818870),(2484435302,2635818871),(4218679793,2635818872),(429496912,2635818873),(2054938573,2635818874),(2054938574,2635818875),(183,2635818876),(185,2635818877),(3789183067,3065315601),(180,3065315602),(2054938572,3065315603),(2484435303,3065315604),(985699725,3065315605),(3207195276,3065315606),(1415196456,3065315607),(429496916,3065315608),(179,3501241979),(2484435304,3501241980),(4218679794,3501241981),(1415196454,3930738705),(2777698545,3930738706),(429496914,3930738707),(4294967295,4294967295);
/*!40000 ALTER TABLE `calendareventworkflowprogress` ENABLE KEYS */;
UNLOCK TABLES;

--
-- Dumping data for table `calendarpermissionassignments`
--

LOCK TABLES `calendarpermissionassignments` WRITE;
/*!40000 ALTER TABLE `calendarpermissionassignments` DISABLE KEYS */;
INSERT INTO `calendarpermissionassignments` VALUES (469368688,1715441272,288962863),(469368689,3441888429,288962864),(869684152,2140828858,288962865),(39871959,3252078763,288962866),(39871956,3871385153,718459593),(1299180881,3441888428,718459594),(2499316019,639015416,718459595),(2901276838,209518686,718459596),(2901276839,2822582033,718459597),(3691543147,3252078760,1246235118),(2901276836,639015414,1246235119),(2499316018,3871385154,1246235120),(1299180882,1285944544,1246235121),(869684154,3871385156,1246235122),(469368687,209518683,1675731848),(869684149,2822582030,1675731849),(39871958,1715441273,1675731850),(4121039873,1715441274,1675731851),(469368690,2140828859,1675731852),(4294967295,1285944539,1924360876),(2069819286,1285944540,1924360877),(2069819287,2140828857,1924360878),(3330773569,1715441275,1924360879),(2499316020,1285944545,1924360880),(2901276840,3441888430,1924360881),(4121039871,3441888427,2353857607),(4121039872,1715441271,2353857608),(1299180883,2570325589,2353857609),(39871960,2570325590,2353857610),(3330773570,3871385155,2353857611),(3691543145,2822582029,2586497560),(1299180879,1715441270,2586497561),(869684150,1285944542,2586497562),(2901276837,639015415,2586497563),(3330773568,209518685,2586497564),(2069819289,2822582032,2586497565),(469368686,4294967295,3015994291),(3691543146,639015413,3015994292),(869684151,1285944543,3015994293),(3691543148,2822582031,3015994294),(869684153,3252078762,3015994295),(2069819290,2140828860,3015994296),(1299180880,1285944541,3551852224),(3330773567,3252078761,3551852225),(1299180884,3252078764,3551852226),(39871957,2570325587,3981348949),(2499316017,209518684,3981348950),(2069819288,2570325588,3981348951),(2499316021,639015417,3981348952),(3330773566,209518682,4294967295);
/*!40000 ALTER TABLE `calendarpermissionassignments` ENABLE KEYS */;
UNLOCK TABLES;

--
-- Dumping data for table `calendarrelatedevents`
--

LOCK TABLES `calendarrelatedevents` WRITE;
/*!40000 ALTER TABLE `calendarrelatedevents` DISABLE KEYS */;
INSERT INTO `calendarrelatedevents` VALUES (379165799,2081123843,NULL,4294967295),(379165800,58,'P',2635818876),(379165801,65108467,'E',1471254952),(379165802,1042399460,'Q',1471254952),(379165803,73155829,'8',2635818873),(379165804,1263,'',1471254952),(379165805,1576350922,'',3501241980),(808662530,2082430683,'T',411442864),(808662531,837053957,'',411442861),(808662532,2695,'M',411442863),(808662533,1499189267,'',3930738706),(808662534,2398,'3',1041758221),(808662535,451249490,'1',3065315606),(808662536,59,NULL,2635818872),(1272708194,1447683169,'I',2435184414),(1272708195,1974889174,'',3930738707),(1272708196,756592073,'9',2435184413),(1272708197,1629394098,'9',3065315603),(1702204924,67,'4',2635818877),(1702204925,552898463,'8',3930738707),(1702204926,1177823619,'5',2635818877),(1702204927,727029024,'1',2635818870),(1782341691,2016070879,'Z',411442861),(1782341692,48,NULL,NULL),(1782341693,567986940,'A',2005687683),(1782341694,1,NULL,840939593),(2211838422,398,'9',411442859),(2211838423,1615582708,'0',1041758219),(2211838424,1995939742,'M',411442861),(2211838425,738229372,'3',1471254949),(2743887173,1621592596,'9',2635818872),(2743887174,255338557,'7',2005687683),(2743887175,801,'8',3065315605),(2743887176,1137970209,'H',2635818872),(2743887177,382567147,'4',3930738707),(3173383904,1730722082,'2',1041758219),(3173383905,198665898,'E',2435184414),(3173383906,1294111176,'7',411442860),(3173383907,344461877,'2',1471254950),(3173383908,1290942842,'3',1041758220),(3621697675,1602405364,'I',2005687683),(3621697676,682,NULL,NULL),(3621697677,168,NULL,NULL),(3621697678,49,'3',NULL),(4051194400,1261541513,'H',2635818871),(4051194401,1034880743,'6',411442860),(4051194402,8,'6',1471254949),(4051194403,75,'0',840939592),(4051194404,57,'5',NULL),(4294967295,1141280691,'A',1041758221);
/*!40000 ALTER TABLE `calendarrelatedevents` ENABLE KEYS */;
UNLOCK TABLES;

--
-- Dumping data for table `calendars`
--

LOCK TABLES `calendars` WRITE;
/*!40000 ALTER TABLE `calendars` DISABLE KEYS */;
INSERT INTO `calendars` VALUES (288962863,'36E82C95LIA92TUKF1588V81X68G03J8OAL52871HG53B0MTO1G9D6Q7U4M3R8HW3INP92S7',1,'','M',230600350,3,646839167,1645548975),(288962864,'0HS08K15HQQQT1EY9GRXHS143L0Z7',0,'152WN5BJ3','',1313317119,97281215,711167519,782914820),(288962865,'',0,NULL,NULL,NULL,NULL,1889579047,4294967295),(288962866,NULL,1,'HA4','I',2061018309,1557776592,720980262,NULL),(718459593,'WSN0V22F8XR4JCEVB763CN3GO668',0,'9KAL0WEM62U10W48CDQ3R4A5D65J705HJ0MQ33','X',68,4426,1814211479,353418090),(718459594,'',1,'','1',685491397,55864711,993370408,3188953033),(718459595,'4UHGJ8DVO0HV',0,NULL,NULL,NULL,887142540,1849401449,2759456303),(718459596,'4H5DA295S4B41OSXHQ09CA578LMD017',1,'','',2,1370370153,630573812,3188953034),(718459597,NULL,0,'','',772032612,414,364693686,2759456306),(1246235118,'V7OT8ZN0',0,'',NULL,1855410524,979683826,1785919933,2759456303),(1246235119,'1T3881NL85HP4NF2A404TT6T28V9T462RB9W45J47D2AEA9',0,'76FA3R1V0GET2J84A804313HG2B8P0LEX16R57577P42X93L3LTPQP38B6T25K1YZ3B2LX026605M0DO1','',2026359672,1030809547,98007962,1645548973),(1246235120,'4KY123Y626TU7MU81ILSBNY5674N4E8011A6O',0,'A5R1C77','E',974317702,2041368248,1508132961,353418092),(1246235121,'5U98308DYE',1,'','4',1471367070,2106067143,422898064,1216052246),(1246235122,'FFPDWTMJNG6IF8J27E9D3F9703T7P6NPJ46L426Q25B9TOW6V7YA61Q2Z2GP',1,'','U',1668524166,970100601,NULL,1645548972),(1675731848,'232UD64',0,'41H12BEAV081LXD3N02QRH9D3501A5D2072055NU447G49MTGV39P2U6A','N',2012738681,1315900635,434456827,2759456303),(1675731849,NULL,1,NULL,'0',6607,684285077,137,NULL),(1675731850,'1R974K9H62HH461CA13SJ4ZYB885XUL8KFR',0,NULL,'0',1853,2132556207,39540853,1858819125),(1675731851,NULL,0,NULL,NULL,465776340,861983224,1800952406,1216052243),(1675731852,'444C59YEADVEIRP7RDDQ9IW2BEXXM53QQT7J766040U0Q',1,'127GOBKC0RZY1Z6040K56ZNT5N02F2XCBTS0IZ978Z49TJ88JX0T5V638SHYUZA21EQVPM8951A274368X26T55V2945BC453VNWW4D34XHG6V08W4Z9D8V2DV94VWW1K41A9AORT325U','F',13,422,2046261612,3188953033),(1924360876,NULL,1,'F0J51T35E','2',1540541446,92,598717160,1645548974),(1924360877,'44U5TR7762P1R5B73BT',1,'','',236516105,9669,941629382,1216052242),(1924360878,'',1,'2F1ODZ4S2603SG4X1Z2911U10CLWI33GY43228UR765','N',939122752,252355641,NULL,3188953033),(1924360879,'',1,'43AY7C2T48A9M13RG26YKVL9S1S','9',480929439,9,1452140266,2759456303),(1924360880,NULL,0,NULL,NULL,738790118,NULL,869,3441948489),(1924360881,'',1,NULL,'E',331973755,14,1141889810,3188953038),(2353857607,'',0,'2952440PAJ8MYUOBH1332KQPX42H426TC2V6908J31E8B5899952U6JPE294A0OJH0IC0MX5SH2NR5','1',1386662243,214635436,NULL,3441948491),(2353857608,'5N8G215814M7BN1TC210MZ6O954762003F1EAH',1,NULL,'A',NULL,1062143959,931989328,3188953037),(2353857609,NULL,0,NULL,'',1,898871710,487,NULL),(2353857610,NULL,0,'774UX70S330FG428K59P07R1TVAYV','',101242820,34,50,2759456303),(2353857611,'K7LS8R8VMW7M196WP668JL98Q46K',0,NULL,'M',669586652,676387958,1696911820,3188953039),(2586497560,'TB95BI42PL9EWWQ7DL0RUKU783Z79FZ80G41WUK5BE794J13G5V95AH0DDM',1,'GDHM5K7VAU77YZV42EP835H9KBK826F0HDVV39LJGZ2S638612223B','1',485421653,1454979896,277054492,2288315855),(2586497561,'',1,'MAP7RD5G8SL3393V021QT0YZ4OB1PFZXYOD4PP72M76H1AA8H','',4169769,1320940550,1990081312,1645548975),(2586497562,'',1,'L6U18AMM','1',1755598341,324298344,352183590,4294967295),(2586497563,'31CE31ZK30UY34P5PKU155556BMTC6T665V',0,'','7',320794011,907877252,312642737,3188953033),(2586497564,'J5C59427AP84B',1,'42G2V85','4',1429208749,389,1417527482,1858819124),(2586497565,'3507I49R7O03A38C08QHC90S51757',1,'5PA704B74N49S','V',1141892917,8071,NULL,782914819),(3015994291,NULL,0,'0S3STK7359SIB0',NULL,8,NULL,442289598,3441948490),(3015994292,'W01MB16',0,NULL,'7',156447635,452,9,3871445215),(3015994293,'A3SI2CSUK98OAA021',0,'UN4ZK2SCDH86AI900IY','F',5,1120960024,899,2759456308),(3015994294,'J6WJ6S0B47',0,'608VGJZL5Q476L2RMSZY3R06JBG772N14YU7L4F6437NQ35NZS5UEJV6A05JUPB905P1318XA3Q021U27Q06TB62',NULL,56369559,5874,1,3871445215),(3015994295,'O',0,'J18XD8OEE7C5S8780FV695KE4OW4Z5A0F3TP780A121251HY35RB48HCO79HB772ZDXLD8Z1K94YUD7U0V6D5CO614L8X',NULL,1701640586,9,1335988117,1645548974),(3015994296,'2KO5AOV',1,'','',96,96,896969015,353418092),(3551852224,NULL,1,'YU8L88LJ83T0565VE03922PX9BSN','2',1809287309,853,22,2759456305),(3551852225,'4TDIP35UZ4457C',1,NULL,NULL,NULL,1,1682995010,782914821),(3551852226,'64MO',0,'',NULL,531,1458335498,1325037451,353418093),(3981348949,'2WNV3NS6IG0G5L7PQS6TW04XO7788R97M9M81',0,'R7Y6I4PQTD9277Z70Q332YS5PP4MKOR74QQF459781','1',177068432,1373928491,819948582,3871445216),(3981348950,NULL,0,NULL,'7',7500,649965216,566,NULL),(3981348951,NULL,1,NULL,'K',1969570775,1011596183,1194235666,NULL),(3981348952,'YMKFH0Q',1,'5T0LI527SC09645UPB9787A2C1B2RGWV4RJ2O8AWI69YZ','O',0,9575,829,1645548971),(4294967295,'JD99V3K5WC23WYO458Y',1,'92G45WEC93AX5I943K7',NULL,1,NULL,1769824663,353418089);
/*!40000 ALTER TABLE `calendars` ENABLE KEYS */;
UNLOCK TABLES;

--
-- Dumping data for table `collectionattributekeys`
--

LOCK TABLES `collectionattributekeys` WRITE;
/*!40000 ALTER TABLE `collectionattributekeys` DISABLE KEYS */;
INSERT INTO `collectionattributekeys` VALUES (281567497),(281567498),(281567499),(281567500),(711064227),(711064228),(711064229),(711064230),(1034030078),(1034030079),(1034030080),(1034030081),(1034030082),(1463526809),(1463526810),(1463526811),(1463526812),(2082561140),(2082561141),(2082561142),(2082561143),(2082561144),(2512057870),(2512057871),(2512057872),(2512057873),(2512057874),(2831420100),(2831420101),(2831420102),(2831420103),(2831420104),(2831420105),(3260916830),(3260916831),(3260916832),(3260916833),(3260916834),(3260916835),(3260916836),(3740375547),(3740375548),(3740375549),(3740375550),(3740375551),(4169872273),(4169872274),(4169872275),(4169872276),(4294967295);
/*!40000 ALTER TABLE `collectionattributekeys` ENABLE KEYS */;
UNLOCK TABLES;

--
-- Dumping data for table `collectionattributevalues`
--

LOCK TABLES `collectionattributevalues` WRITE;
/*!40000 ALTER TABLE `collectionattributevalues` DISABLE KEYS */;
INSERT INTO `collectionattributevalues` VALUES (707700449,2973322487,711064229,NULL),(1609549303,18353659,711064228,NULL),(1849912082,2350418384,3260916834,NULL),(3052017341,3402819215,711064227,NULL),(3592036891,447850389,2831420103,NULL),(4021533614,3771846936,3740375547,199586),(4021533617,1920921654,3740375549,199587),(707700448,4201343663,2512057871,199588),(1180052575,4201343666,1034030081,429696315),(3592036892,2350418385,1463526810,429696315),(4021533619,1166816228,2512057874,429696316),(1609549302,2350418383,281567497,429696317),(1180052574,3771846940,1463526811,429696318),(1609549301,4294967295,2082561140,429696318),(278203721,2973322488,1463526812,888429086),(3052017344,18353661,3740375551,888429086),(4021533616,4201343664,4169872274,888429086),(278203719,1166816226,2831420104,888429088),(707700450,447850391,2512057873,888429089),(1849912083,1166816227,3740375550,888429090),(3592036889,3771846937,3740375548,888429090),(3052017342,18353658,3260916833,888429092),(3592036894,4201343667,2082561144,888429092),(4021533615,2973322486,3260916832,1317925815),(278203718,1920921653,1034030079,1317925816),(2279408813,3771846939,4169872275,1317925818),(4294967295,3402819216,4169872273,1317925821),(2622520610,18353657,4294967295,2004673119),(1180052572,3402819217,2512057872,2004673120),(2622520613,1920921655,2831420105,2004673120),(2622520612,1596312957,281567499,2004673121),(278203717,447850388,2831420101,2004673122),(3052017343,4201343665,2082561143,2004673123),(2279408811,1920921651,2512057870,2434169851),(2622520611,2350418382,1034030078,2434169852),(1180052571,3771846938,2082561141,2434169853),(707700451,1166816229,3260916836,2824770948),(1609549304,447850390,281567498,2824770951),(278203716,2973322485,2831420100,2824770952),(707700447,4201343662,1463526809,2824770952),(1180052573,1596312956,1034030080,3254267678),(1849912081,4201343661,3260916830,3254267679),(2279408814,3771846941,281567500,3254267679),(3592036890,1166816225,2831420102,3254267679),(3592036893,18353660,3260916835,3254267679),(2279408812,1920921652,3260916831,3254267680),(278203720,1596312958,711064230,3254267682),(1609549305,1596312959,4169872276,4000521365),(4021533618,3402819218,2082561142,4294967295),(4021533620,1596312960,1034030082,4294967295);
/*!40000 ALTER TABLE `collectionattributevalues` ENABLE KEYS */;
UNLOCK TABLES;

--
-- Dumping data for table `collections`
--

LOCK TABLES `collections` WRITE;
/*!40000 ALTER TABLE `collections` DISABLE KEYS */;
INSERT INTO `collections` VALUES (188000774,'1977-01-31 21:07:08','1970-01-01 00:00:55',NULL),(188000775,'1989-12-23 18:09:16','1970-01-01 00:12:23','KFP862O836K970E06S3J27H75HGNU5VM26DD8533SRNF6DFE137983O8N76L8194AR'),(188000776,'1970-01-01 00:16:08','1982-05-14 07:27:28',NULL),(188000777,'2017-07-18 20:24:21','1970-01-01 00:00:01','A712JO'),(617497505,'1991-03-01 01:22:44','2007-09-22 08:24:46','G776G1ZC22T77227M8VU'),(617497506,'1970-01-01 00:00:05','1970-01-01 00:04:40',NULL),(617497507,'1982-04-17 18:19:51','2008-06-22 02:10:25','E03HUZ539SV58N'),(617497508,'1970-01-01 00:25:48','1970-01-01 00:53:22',''),(1153579885,'1985-08-27 18:39:51','2004-02-02 16:03:51','PN4G128T56879D2SVZ919275UDNN12558PQ2AU7Q5'),(1153579886,'1982-07-15 06:11:22','1970-01-01 01:07:42','1611I339653TCEX062AKQ1RV21CKU270F9665M7H32SH198M1DH1B'),(1153579887,'1993-01-10 18:39:57','1970-01-01 00:00:02','8XR7'),(1153579888,'2013-04-29 07:07:41','1970-01-01 00:00:03',NULL),(1153579889,'2001-04-18 08:24:21','2017-08-09 09:23:30',NULL),(1583076616,'1970-01-01 00:00:04','2001-05-03 01:05:06','163268Q7T91P4OY258906Y0I1CYDIUZ0EX0X0FEI28Q422VPU6K6B1BF3C9678AJBIF1JSZ2HN0U5Q'),(1583076617,'1970-01-01 00:00:14','2015-02-25 08:45:34',''),(1583076618,'2003-12-09 04:15:35','1999-01-05 06:45:48','KDNTS511A4H5U0A5IAPD722VH9R2CO03698UONDPQL73DG'),(1583076619,'1970-01-01 01:08:41','1974-12-24 19:32:45',''),(1991931266,'1970-01-01 00:00:10','2008-12-14 06:14:05',''),(1991931267,'1999-02-25 03:48:49','2001-04-01 11:14:13','DZ30356T808ZNV8093ZNY7AM4691MH73N38C88XF41'),(1991931268,'1992-01-15 00:17:48','2009-01-30 09:49:34',NULL),(1991931269,'1970-01-01 00:00:55','1970-01-01 01:20:22','1R7KB6QU2B8YXN9JUEK99UO8L8UR7A'),(1991931270,'1989-08-29 10:25:44','1970-01-01 00:02:07',NULL),(1991931271,'1991-09-17 10:10:44','2008-10-16 12:46:42','81Q3BJA9J5PJ4TX0'),(1991931272,'1970-01-01 00:00:03','2003-09-03 02:38:28','J5C8YHAF8Q01'),(2421427996,'2013-09-21 08:41:21','1970-01-01 00:00:19',NULL),(2421427997,'1978-09-19 22:11:25','1973-05-22 12:36:47','I5T976EL5ZY81VVWDU60DU40E9DH9Z'),(2421427998,'1970-01-01 00:00:09','1970-01-01 00:00:07',NULL),(2421427999,'1978-09-01 10:40:01','1988-08-19 06:38:32','KSA7CQS955F8K68THNN8A5WL7276O8DPL978DS6H2PGL5PBP3C91Y300QV7E2E01R6G52W3'),(2421428000,'2001-06-20 14:30:30','1970-01-01 00:00:30','N7Y6PX9MON81P241ZWZOYUG0GW70E5AA9R8H7LT2DYZ780X8E4B1VKVTHV83P8V6T36678EXI6232V90Z9M06ORS8'),(2421428001,'2016-08-13 11:20:08','1986-11-15 07:22:07',NULL),(2421428002,'1970-01-01 00:32:40','1970-01-01 00:31:25',NULL),(2421428003,'1991-03-14 03:30:38','1970-01-01 00:00:10',NULL),(2894627684,'1988-03-15 13:13:52','1970-01-01 00:00:42','93'),(2894627685,'1970-01-01 00:07:55','1971-09-03 07:08:33','EO9'),(2894627686,'1978-01-11 13:33:50','1972-03-04 11:27:06',''),(2894627687,'2015-11-29 03:54:42','1984-04-16 21:43:13','RSTL228T7X78W5Z7U18RU13918OMFXO4089C3FXIDDV9ZJ0NVYW1H42ED0EW1O358BOKTEOH19837X68990Q1J8I20B92M1BW969686G5'),(3324124414,'1999-12-01 22:38:19','1970-06-11 00:02:37','PE8780U46V4'),(3324124415,'1970-01-01 00:01:17','1995-01-07 12:30:02','9WE2186E1N0ST'),(3324124416,'1997-11-21 07:22:31','1970-05-09 09:23:04',''),(3324124417,'2014-07-15 21:06:16','1994-01-24 07:54:59',''),(3324124418,'2009-04-29 10:28:02','1973-04-13 23:33:08',NULL),(3522192237,'1970-01-01 00:00:16','1970-01-01 00:55:52',NULL),(3522192238,'1995-04-25 20:23:00','1970-01-01 00:15:39',NULL),(3522192239,'1970-01-01 00:00:01','1970-01-01 00:11:12','4Y7EON1FF8223T'),(3522192240,'2019-01-11 10:48:25','1979-11-19 14:24:28',NULL),(3951688963,'1973-06-09 12:35:32','1996-10-27 02:40:02',''),(3951688964,'2007-03-17 02:11:14','1970-01-01 00:00:10',''),(3951688965,'1970-01-01 00:00:40','2016-02-23 09:40:36','Z6994P1B204K983'),(3951688966,'1993-07-04 16:44:57','1988-01-02 23:23:31',''),(4294967295,'1994-11-22 14:52:30','1981-05-31 13:59:55','');
/*!40000 ALTER TABLE `collections` ENABLE KEYS */;
UNLOCK TABLES;

--
-- Dumping data for table `collectionsearchindexattributes`
--

LOCK TABLES `collectionsearchindexattributes` WRITE;
/*!40000 ALTER TABLE `collectionsearchindexattributes` DISABLE KEYS */;
INSERT INTO `collectionsearchindexattributes` VALUES (188000774,'ZU29H8324YMKBW8KH204665M80','6W80L97SJ3A2DOT67MPCGTL','',-6595662131.0305,1,'HBC5Q5F0F0R5WZ3I6004031G592T6C67G38UT4Y2F170M5U1',1,1,'51UY62080FY264KM21FR2ZMY92DVM1F9NCIT1M65U754Y35MBEHNI5549H8RL63BIY0BSM959','H4TS5O3S434SVORNPVP3QS9MXYL30H7PHMVRTYQC39757YG0ZF18E509N4B1B96ZC69YT6C9GK2RQ3WNX52UJEI4WUZL35',1,0,0,'DRLY2MXYD5MFIHULJH0V42','A3D3EOD8QUUOA9MLP6FJ',0,-748773323,'A','8JK51YH4D52E02P25840UY950D35WAR8C2MKC79F27R',NULL,'A74Y',''),(188000775,NULL,'YQ8GA52EK',NULL,7951161875.3634,0,'UU74VTY3WPM7538HC7K0U06D37J15757',1,0,'Z2EA4A5N790497896JG11O6KV9253983115N4972','T2TY5ZS56GG8S',1,0,1,'V39FN7205Z2TV1Y41604Q','G427WX4X1Q01W90616X1NCY1F5386YCF7',0,-860713273,'0CA42Z0','59',NULL,'C9007TV6956Z6','18XT'),(188000776,'93PR31',NULL,'K79TBH2Y7Q8OZ9CPULBGSEVF1',-6589714429.3349,1,'',NULL,0,NULL,'BLO55Q3R2SS857987G797G1',1,0,0,'966Z','392GGC9TPYD400JROZ677D7H59PDEV6Z9Q544421WV5NZ0',1,-1714233683,'AB5MKOCVJR2903CLX2M935530ZAMJ349XL0C51TZ02Y6570O028I7U9D82P07UQ9G953S3C51RP60R0GBL4GU0D','6HL11T6OU5P20303H1VBCI57','','381W124PK95G2S1GP35C7OPKMSE86I5MYG6G28H','7X19CS6012A1NP055AH39'),(188000777,'4D081','ULI5HYG099ZGUC9C87T83','ZW658KMKA895875KDNV19693TC3L70CK0BD24UQ5Y3WY1813OQG4FJP54WI23657893573W50BS41',-4910929720.7849,0,'',0,1,'9HSD','',1,0,1,'7RXAKGFKCX555C17','',1,-253470236,'7514I9LSI00JQESJ003FX2G12899H0ZA96HJW2ZI4NG21C584O00G23677RN4B784I276K7Q88PW0Y36128D0939P2BM90VR6PG8YU45J8C8381XTY','','9NCRXK824ZRCX','6Q',''),(617497505,'2Y','','6G6NC7PSF46UMCN8SD310A384UK80184Z996AK19',-9767142898.1249,0,'H375TFF4X4SJ5CNJ6291GRV821GU8Q',0,1,'A','',1,1,0,'FF149S8D8I2IT75YP5Y2FLKZNXYR5T6S9F0DBV7NVT4BTNJPDK6B5Q445T44H59GCLO898277384YA5P38Q600CU809N9IE001R734ZTEA61F5O35','9WWQ6SJ32E4N06926U6D94U',0,-915129329,'WUN5EQ9JXECEFGUV','J70954KXZQDXR3B43JEMRASI0N328S8157SA6YR1A4TKW5UMDFJLV4P3C13BSMREC31S71SO2','HH659DCF468J78B53A4PO20',NULL,'88I182BSN187EZP2TK520Y9PS'),(617497506,'6T5682X46YH8SXL443BF038EDJPE173298N798FQ','X059V6BB3P035S9QC6D8Q8GOZR4WV6','883603NAJ6SZ1MDU3J3RQ9E',9432395223.2516,0,'58A6404O4B2',1,0,'159671Y4ORAA88C85460VD2D9G','',0,1,1,'06C7K6N5XQFK8PX8KXHG96',NULL,1,-243375539,'5P956V24E05LGQ41N5GW5L357SY7Y0O09XO2I2','4O27UD6Y8T4D51P7C908X6D62O8126UY4V26LBKQW8WB15V4D56DZG',NULL,NULL,''),(617497507,'4U5QD57XP7W50D0VGQUHX7X865RLMVJ1PY0WNZ0D71WON2UIE1P47N9NSA8','305B3U2VX083632LDZZ5P637E22HM2A','0Z30QQRG23V2',-1354218237.0930,0,'211AU9NY2M',1,0,'','37DZ88G',1,0,1,'90S265ZFL87R9749IF1HJRL42R5Q','1GH9T93SH8TQ7P4EB9Y5O2SHGMAU',0,-1305356298,'C6Z311P4D4PHNYJ1L1MB0U5CCI847UMU927E2236R61BT0KTC9I7ZZEJS1JD587','958L1GO61X0433',NULL,NULL,'N3M80IK84RXZHFCDVZFWQF'),(617497508,'','VU','FBNB215T6T',7573553286.6393,1,NULL,0,1,NULL,'44C973P64Y1WIO2Y4FTM2D1GA00EN22FH96S02C1GC7580N5M37734J4ALG76Y9G31E18H98EA1JU1FH56MXLY5Q21845SN23V22OB5X6ZM34UAV17S3E',NULL,NULL,0,'M7092SJ','05AG0MMFXIWCM1T9KWK4W4RQII64Q51171746LLI372066G7C4253',1,-1312958029,'DVB76PZLU6QF45','','597H66334BO1Y60X5S7SM50UX09BB50MIJQ93VI3AKE5E8046CG1','7B08O7155TI131K3P6VTM682001CSQN94AW2','IF6ZP6U5S6C7P55RLU5PT5465BU7S15U'),(1153579885,'016QT3KEK8547','','NRS89U6TY5415F353W8S8HSH3PHZF55O743V817K0FB0QIVLJG39Z3QGN40E52D7298E829',1577850694.0543,1,'JK1M4IYHF48GO98',0,1,'6M9KOT27CAT8464KY771787UG32','16M62960UKA0U817292AI6740125YWEIXLTA7D2C3',0,1,0,'B8761J62814GU2P1GJUT0XV14VD','ZENM04',0,-2010339388,'QO51161XUW71DFEA6U235ZGQC3G8QRW6U0T8XGIE5W0184992Y44M18W5T610ASDR43ON3MB0UA22065AG2R3OM06',NULL,'','Z5DDCD','26BZY0W2MHET97WB184ADN445RZLVD61VMH604TX8NLC19WRK3T'),(1153579886,'MNOGRZ5N49','7SRB24NW','6D7C01HNLO4C937TWL720JMHG6C93I6UM',1051097567.4513,1,'8S9AZ8IO9',0,0,'4B3V0TQPK2VJ4BZC7',NULL,0,1,0,'XXGY1LD1729VOO430OD0896QQBI0X91252GF71FT07W17SUS64GFT78KDXP9D2557P97395QBYNX50H0AU43FZ457','692P',0,-903454729,'W9556N8S380P4Y9K45UTMVG0ZE33','','86SA90TXB3R41CQ9NDH67','07SXNIT0BWVWVQ0YK90TVI543HZ004O4F71TN','NQXZ8'),(1153579887,'6E4GZ6G308DC49X6J4',NULL,'9TH7EIR76B9GNIH7599R17UIPWU2336EWV09T38RB75R89SHL4F51',-7502116636.8589,0,'',NULL,1,'3P4U82Z4DZ71S54QAH','',0,0,0,'','3R',0,-1416635191,'UALF6ZMVV82PX0QN6','BUG1XA9UB2NX614W5D3','J7RH','6869F',''),(1153579888,'XAKOP6Z2HQE9ZNA4615BSLQ4XZP64HC19135249','JZ4J1240SA4QPUDVY422A0AQ8O7J611BULX','',-7731135649.4814,1,'Y6KH',1,1,'8IWS6AR22I89RG169O9PBC73F44VQC94M','51N588A16LU72XB8MD7M7ASJ24M3W5S173D4DX2SNA26W52E1P',1,1,0,'','I569DS314SD0A2HG5ZMT2G2AIYDDD55V67T381S25IB',0,-887488904,'75ZO8TL3H51Y8Z','','','51449012VZT8V4J7','I928K7Q02Y7SX22H182A252EM3SUL0OCMS3E78FUJDS2NBU987FM90Z2G3A4CEOJ123O7ZTBT3B3726KJOA9BR6XM1852OH0CLJO'),(1153579889,'','9M48L3K83P3C7V','E37SR9N4UWWT0C2NI5Q459B',-82.0144,0,'VM4DFUY2NK03209C37D5R2ZW0ST6B0MBQ6ZQUTS1PF5WPYB22Y8G79L29HNW44H482V6B6V432023F',0,0,'ZMBI899FZJT9I5K8YAD','925',0,1,0,'4809124A956QVER65V970W13O0Y21E85BRL91058KV379YWA8XB71RLZ05N1LV0U3N18X3','',0,-82,NULL,'4J332D59NU7DSLE3H00T725Y88K461486PQV623PCG7685II1AYH518OYF8144E2M9BT910238IY8HW3PMB3BYD12Z361H286NLQIHD9MX4I7DM',NULL,'JY3LJ46W3AN81448JURZO5S5T3VO094','ZX9JJW1F5ROP597IK6N95R905T23S'),(1583076616,'36Y040NTAIM74J','A8U329KLAZ','7L',-6430116901.1372,1,'364GAN',1,0,'JGJ0GP5SAW312M7O0E0HC5YL3CNU871BVYS1545EG9NBB2ON3S6919LI7TO206X4X88AXR10A7YM3U1U79F786PU73779JD0X04FG578684FYU56O2G7P9436JVPW6SPS','2NCK',0,0,0,'','WL8U11910SNIR17S',1,-2035543698,'UN589N4X999359PWW02RNW691T6TZ1W','6BP37Z487406B35W68S3X2UY2ER60ZJ4IR','','L640A',NULL),(1583076617,NULL,'FXW2V6P5804S9TSE022J011W76CORBZ6N927915O6F5T6K82322A832V8VZ2EI8I0869FAP6220S717G0VK7T212S8','XX5R91898Y16OR8C',87.6437,0,'01F30F0DF7F1P07C977SBS00266B16',0,1,'175GM9578G4A9GGX16V0IH','5K56YM93JSI7V21S2JOCM246Q2P8AU',1,1,1,'','46L8W2NK3Y33J34XU08LFMWSE6XI',1,87,'8564AHC71NRM','C316S3G0SRNTF8','','16LH814634G2SYB8',NULL),(1583076618,'PB0K85D48323D57R978K2D2HOZ2T24985','1902L945XT3WJ68K842574L8WX9AXWVXK8B',NULL,-414.3898,0,'LH021ZL8K36K',1,0,'B042G','7IY0O1G7Q0C090MKO7W9UXPRFO179RJ3P3C9KX439249X5U65JE',1,0,1,'D4FBMV','455Y4V5199EJ6G6H793K5M5QBM758X6',0,-414,'7X79AH562X5T','9','E6XR40ZE84YH4T42G0F8VFMALZWC7GB42','92O3PZZ8JY5P32K1NG8F6V7','3KKQJJ7O7R39RVC332201U1532T36M94806B2ZPY'),(1583076619,'6858IJV79EYVABMLA7K56R78942S7E3YG0O7F4U3TXQJXG0MT538FY733805TCBDOIUVJ4455O6UOWXD4DLW6P1GBW68R79M','ZP5SV00AB1965Y46G8HG0C2Y60P1671TBH4S2X097VE9508S52FX530813BH30WCN47J3PJQ910U65AC7657P556QC40F67GYM24DV15E0Q4LG7ZK','UW66H71NY82098',-3534488726.9428,1,'851O80M12F1US1PF7LP51GA88M9036K3P7WIS7624XYX6AK89R6A5498IVP5JT7P4V19FNK0RVZ8WH3EB',0,1,'M4J0Q327Y','50F95RWU5W8Z',0,1,0,'6UAK90PVXF2D5239W6006QP3','727HF2WCQU94X3621UWI7D4PH20OCU5NLI86H7G5GAX2X1KAQIJPZ3',0,-1475941294,'Q0UVK3MG','02H0YH2A75G7NMPT626','','5WJILJWU1GU5XFH1MO4ZMR35UBET20622MOR83K6AS2M2YXNP30368622JM38798VSKW6','TE8'),(1991931266,'','','8VEIENX9O1Y96LR904M285XQ',-8352673183.8157,0,NULL,1,1,'','YLZA42827602J1E8XX7468DQKSVQ903VN94A131Z',1,1,0,'BS','GX49LOD384835H543UHU0XII0I3A1GRP6CV',0,-1822230193,'UXQ977O2842',NULL,'2IK15QYTM03Z573YCPN14316N49035OH61M3120H',NULL,''),(1991931267,'5GXC90B','4PO1','T1805132157STQ6ZP1JZ04EE0D703D55403BF76687ZQ51QBVBI111L0',988.5539,0,NULL,1,0,NULL,'3W',1,NULL,1,NULL,NULL,NULL,988,'E0FST0BF1K1C45DP','U84K1XI78OWI','V65OEHE3UXQU871D3H3PHA107L121VB17ST853JJW5H','S7W5659','DFEJQ3ANK6I2C9S04598C680GI7185SB4713F90174GV3'),(1991931268,'A86WYY5E5M94009K0Q53JW2EB24QSAS87F1Y8NXAFB5N3CY7057H55','3NFL',NULL,-1252208969.4072,0,'QM84D7GD123CFNYJMGSA083HN8UBI925M86F1YSL8QHWBDK7L1762I90D9UPYQTT3S9D026BN71T9IYF4706',0,1,'','2RQ36MV42G7GYRMZV050JS3',0,1,1,'IW6T3YF1C',NULL,0,-1971128166,'R096627BF09U9','895374MM43PQ9FBBMD4SDQPDE001EZX4A7',NULL,NULL,'SGW'),(1991931269,'A2','AE58H053OAW287',NULL,4317904214.4279,1,'',1,NULL,'0222O46R7Q1','HR',1,0,1,'JR149102A1NAHIO3H7M8R0O6X72O60ENW','',1,-405595003,'0E1W','99R',NULL,'W6Y44CN2K07J66AD3H1806CWP9166L7KI10NOC085YT99V85T8063KM503Z7PCA289R627L3J',NULL),(1991931270,'9NZ6513','D1E392','',3268654055.8749,1,'ZHOM1F7RD4HJJLQY7FCX3R1A1R8V6EN',0,1,'Z638','4K6LEC60VSSDW0620LG0',1,0,1,'RRUJ82FYZX050HV52BSDJ4V34663W175','62F43RJOY41ZRH86MLTXTD8D2KIM74H1001JHZFPLLFDH8L4M95T1PE',0,-1839769166,'Y','KO1F8','GAEW0TDA2RJ71MKA907X2OF718B66K91AKT2','2Z0KO74JIPR475','BE57'),(1991931271,NULL,'4FZCLDV','',NULL,NULL,'',1,1,'1FCDAFJ0ANEZ7S486651AAL8UC9WB0O9OY3NIQ76845O1GT582429WAC0ES63',NULL,1,0,1,NULL,NULL,0,NULL,'DJ6SF5EM79AT0O9O4',NULL,NULL,'','R67MP'),(1991931272,'','492UH5DY77K60J26J5CKE8D6FH6O2AFQV7Y0O3608JHG0Z13Y9KI046V5IW49T63QP7V89LA0H1NMGDWHL1JOG2V42CKJB2QNH8099G6UJX1HA26Y4X058NN6YL413N962FS67QP2Q374859X17QIMD89KPHJ6YV','4QLY1SI34ALD466Y',3.4465,0,'N3EQN8IB62B1662QZT15K9Z4002SFO6HRO23D2468K8F',0,0,NULL,'6FWJ5W4XK7BX9',1,NULL,1,'','N',1,3,'H6W9R6N1S9CA5','3Z00LOBA05440999F2VV658G32X50MTR1OZF9X3608AW506F9MG124HPP3T1VUSZ86JZQ68H265360R1V6DUA670','','89Q85','18'),(2421427996,'IN9A','PZ8T70I1O0G9SEHA5S4413ZEGY','F',1083062112.4364,1,'KQBJ19FGG85408V1YDPV151IPROB55VP8B4B916WSUGA0',0,1,'9Z5L7QA4C4126529','CS6M0W7OFZ8B',0,1,0,NULL,'3MVW1LK9351442866L1U913FI09Q562SYQ7ENP4I49E06E6HAAM50M6J3236K6WNFI500692EWU99D83VJ3633PC4T192G70SU15F17Q8VZGDHAWL0OXYA9GXD4',1,-431589406,'205ATX02','','1A79IXLI8YX346L85934QXR9L',NULL,'ERQN470192L8O5XR0PY29EAR6TWB7A273TKQWA32G'),(2421427997,'0P9675A5I6345E40TT32QNJ1724XH414L4RPU','1Q03RJ5P23H8','LV0XP3126X4HJ8R9RS7H1N18KWS0AK3JQ',-66.5749,0,'70F1SR5W610M1W4545EW76S0KS04X880QXE5389I7RILZ6EDE3ZIG47PY8PM0262Q67U2',0,0,'J387XUSZ052BHBI7YWZ1','A852A7KDR1CZ6V7E20',1,1,0,'SSAI90Y8A7E4957T8RAB683O158DSADXDV7559V0VNS4R5A3OH60KL453','',0,-66,'P8245J1VW1J0','O043VIM41E9N85M28Y4042IC220D93F2U2NVJIMCPDM9E8QN9UX599I7LF90','318UOUF9L65I7SG9DBTLA69QEWMTHANX0KQSZ6Y0ZN9GQVQ4J323536','4CK1D829L6209TV58G0I992FZQF','L4YX8A6Y43V9P72T8'),(2421427998,'','0T','WX500II29S3RDWH8YB599SNSLWEP3W7494289F6UZJHCI3DN3U6S18',6615177837.4740,0,'',1,0,NULL,'DB1GII8BZBOW00H7468658MP44986RBG61U18LSW4F073ABE04D1',1,NULL,1,'0','3NB4710EXVISH9YZ',1,-1377978947,'4I6G928','W9BS345HP91','36Q2D9HOM0N2MKG9B8KXCO2V456H849N4A8XWZZ64OFTEO4379D86MUF1MI9L5E','786661U82085VZ588YAT9610L4F1CDBVP0','UL8LICAGM6DJ303ERM24B2PS7T6K'),(2421427999,NULL,'G5SVIVW94CY14W206L8V799TBT88814N2HK2QYY',NULL,-140.6954,1,'',1,NULL,'BMWZ80O742Z0X321BS2',NULL,0,1,1,'S0D9RW8ITBAJ28OF0XL1BDS9G','7BYU110049JEX8D146OPD7G0Q12X3227D',1,-140,'00YAFJX','YI2UR','807Q','8B8S','1A2T0L6SM23N9AQ6G8IR4QJ867R4TOUG6NJZ5K850D051262C1MR9K15RZ8F8AAM6088LG92CVJ68X4UCHE1506MH086W'),(2421428000,'','GG7SZD615YD5D63R64G23862W31X15I376V8Y5247RG0SAKS2L653032V3Z','',230520501.5915,0,NULL,1,1,'911121F29Q910AP7OTDA','4NI50224F28O23Z4I74AFN',1,1,0,'1U3','',0,-1885538857,'L','Y0626A38N8E4','89160HW6J','A4RE0SS32',NULL),(2421428001,'95',NULL,'17L76JDF01X7VXN4U6143Y4KU3ZYG3U61KVP9DTQ7F',-4549675212.0871,0,'1T7F5BCY277OJUQIDI7V3H8',1,0,'0U53LW641R42W91OZ85U9LKWB6G8NN027VZ21B','656TC1I3812JI89D1',1,0,1,'G5SJ7E715YUU968091PW17MS8M1E275GZ9B5H','5W94',0,-530493955,'ZZ0L8HUK40FX38BZ564218887G0R13Q437LL','4BN','0NJXK156VEP3','',NULL),(2421428002,'43OF46V5614T98Q82358D6T0','265EXJ830050WP3839BG6K','608E9I',5226863609.5710,1,'GYE805SL0NVNASH4256YZ5462LC7003',0,1,'SR2O39Z9Q7MO8R044N63058WCAB6X32C24A2UL9D3216E34D7GD5H4013D7',NULL,1,0,NULL,'40G8Z','T61495A27715X602ATT4G05O',1,-632360442,'B8G47007F6P888A1K47H025M','FJ31U488A7O1HM4JFV4NGOGBY248E9VZ223QS68203Q2G53QR515','AOCP0135NWR5WE53Y9A180154L',NULL,'79750KBIMU8D254V507RMSDZM689XT8DM99P2MSNK3S62ZHD7Q79B197UK2GC95VN37JN'),(2421428003,'U55U','QFAQONHO','T4T5619A2ECJOIN9B5Z92G9G2S17JQ797Y1A8M84',-464276563.8565,0,'4F66L0V2EP9A2T1I782Y4M1',1,1,'EJ7HWB0O14DN','VB5CDUMPADY58G28V5K39U1D2HIEH069F',0,1,0,'I9APG4F4GAX9351','V18RDH4B7P825L3ZTDTT',0,-98904550,'9L699Z2B','',NULL,'','3K430EC3A6'),(2894627684,'',NULL,'37SZ18BCO3T40B0VU5RR2DPTG2917AK9SY82QTJ65',3692071261.1504,1,'90Z40JW49G77G4QU784',0,0,'ERR','VIDXL1',1,0,0,NULL,'8TCP443B584ZBSH8R',1,-1004250702,'4P7D06N3Y7Y8H2XP8I07UG6CF85KF','0T05Y','CX76M3H73841B890274081HB4QD1FGWWR8O0989','','9S'),(2894627685,'BZL6O1CD89761BE6QDZZ','3B0JG5P89E6772106ZJ','',824430747.1958,0,'04ZU12MVQ7D47NW69665QGK',1,1,NULL,'8PGWH8TXJU99N',0,1,1,'A10XC971DTV5TX90F','9789',0,-2058502045,'0','9DH20ZH18E96I7VNQ3O2FLL1V1F',NULL,'37M72L1RIYXH263A8','56K3N809AL9SY4TKWQ8NIA8BA922Q5Y02'),(2894627686,NULL,NULL,'84G',308701779.8527,1,'1969AH1',NULL,1,'872IA069WEZ3QZP',NULL,1,1,1,NULL,'73K8CPGM307CWG72937GFMZ5OGKW2Q5BU2SG9MZB03UES1GF34B78LFB3Z1420ROJU0OHP048TSH3782GMQ38LGQX50M45099711SX',1,-1173259653,'J09RMI68TRC',NULL,'5Y0VUG2O7U68A56KENZKLV03','3U1T1A63KCI579B3M9','BI0IY758H9Z5O5WY8KF7PQG63GVKPK5OP876G381PW2VMU6'),(2894627687,'I9825O1V15M','',NULL,746689808.3458,0,'903TW7M2H3595NHCY2AJRSGR0GD2UN5V7',1,1,'70858MB0SQ1YHVB55PC2W0IB7JG5NWIS','ALJ5QY4IQ2JH15J4NF83305539N50WSL7XF7W41IQ3ELF0WBC',0,0,1,'9W4J','30CE43453A358203G51K4473U6G',1,-459588543,'5976T11J52BS69J','FY315Z237N5ADHQN175L343I5YBX1568A1G2XS262309K4J1JU604YZ0',NULL,NULL,'75F84FFSIU7LUT'),(3324124414,NULL,NULL,'',9917962927.6253,1,'09UVROYMI2OS693P195B2Z930A6SI',0,1,'','P0P4NS28H045DQ23BYHQSZ4B7Y',0,1,1,'1YP7D24MZE87I6A678746F05TB598C39Q634KS07ME6VUOA2BT7O3','T4YG5AWN4TX4Y33WWD6ADR780XX8BR',0,-1154018418,'',NULL,'VJ39851IS12BKDQX022','C658SDA90CS67','AE61N403G5'),(3324124415,'8QNH10A97AIVD0IJ490J436PRI3682P148J5OKW','0B5','1H3T560K12QFQG96198652F8V',-9634533995.9655,1,'9AP29DT13S07D9745P',0,0,'','9',0,0,1,NULL,'',NULL,-1999884489,'','3UY311HOIOST5T7C1381V6C5CS3J20YR1','ZCUYKF22W7KEBL','',NULL),(3324124416,'3P2AKTH96QKH91M5F381709555QFQ','ZH9Q1818Q',NULL,-6077088496.4686,1,'',0,NULL,'','FGX84LYV653ITWTY2410D2LY7ZT68B3M3QVZG28C32328GK327L7GFBB7F91D',1,1,1,'3DSXME3ZK6Z719E',NULL,1,-1717657931,NULL,NULL,'FC4S32FE2IGKI2L5','OYZ9I04O7W3JQGLL2','654G9630HNNNNBVKEZS00SR94Q04L015SIN792QSZMV7XE92D7BPW3W4K8UYAAKFVC9TEYUX5RZ9FF8X'),(3324124417,'9L64199862CUI30LQ9U738H3NF7JF5QD2E62255G0I2V187BXXEJ37NKA36L9T6','','X30',-59.5116,1,NULL,0,0,'KW35JB6L7EN3FVK','E0GJXB49E419NZ618J1200R86',0,1,0,'L','K41140I1UJKIG7BQ034U2OI4V572WNVMAHTX57H7V09TNW472Z08W2171PTPUG8OW4A6XB3686N5UJIFSWA5R',1,-59,'55OBU94146BZ2WTMY0311LUBSH7L9759XJ0VK4N45DW058RO84UT9T1',NULL,'','2SW2J184W36N9C394C3WY26M0TV','30B7S8MPG06P8KU6GX7K58I53ODG7N506VT64280WT'),(3324124418,'9959RA957D3KC6CNE56N37V832DX685',NULL,'QRHI25KHH9TP5VJ4X49I',-3885712600.7979,1,'43Q17OR2RKN379IQB6ZL564L28M2AP6YOGS80PGM4W31LPC2S1HOIISHKZ3A7LC40AFE71',0,1,'','H',1,0,0,'PF10TFVJ06MS6769F9','8',1,-96408774,'3K74E7SPX1GU8J30FQZ','L4SK1E5070864GW60QTOG','','7F5288DE8IZE813685M69VI11SM0FY31J8EUBJYVTPY9VDEU2QU','YV8GCB0'),(3522192237,'3S7Z793','3P8YXTITOM1YW1SGW81SCW54I4651DE25M749','L27K7',9842441230.3247,1,'P0YX3U94I52725M0P8R6Q29',0,0,'8ME5A8G9Y70753F56G2','',1,0,1,'96',NULL,1,-1852371809,'WHFZN0',NULL,'9RWSI4A461466QQSUJ7G8LUSQV007Q0B6TNXPG','',''),(3522192238,'426971F4R','','3HF',-605.1391,1,'6RK083IC3MNO90IN38UD071371X8P3O80B17655ME2KXN7QF7L1L9',1,0,'J2FP26','C80555SUQS00',1,0,1,'7YONZM','622H2',0,-605,'NT4HG3B31YCL9U71',NULL,'0TVAELS0F73B068VUY7C7FBV8','8KYPRBS32189T2M960','SJKB18W7914S5FFKMCNH267W60L3782XKR5RTBTT8AG60LP8E'),(3522192239,'7T95W00GA3JL214','48O9LNXSSQZ8WH4I091W9DAAM9986JC30044W20QL87D0TJL13340VVOM4B83821IT51L0BM3DDNKI8Y1E47W18C9R62FJ1V78143R460','536XXK4',8250056922.6735,0,'7330Q9MTYH8TP2LNNI',1,1,'7ZR3C1R76IW4V00HLU812930CYIGE9T0C25','95K76O5K0B585UXG7C',1,1,0,NULL,'36N43QQ3352',NULL,-1429103542,'X9N90L925P4L4D2Y05G5BUQN8OUVL5','5C9HC51LGUZG78637IN8Q71BJ','','YAEE7R4132DRBV21W5X5L4ZK9999Z2S5IH787GK67E0','AV6505A3860NY694ACVE657T4P83PDU8YX221W7C36JU690C6PS45ZKHS599U5O0YU214'),(3522192240,'E3391WZ903WR76K278GN37KW3DAX',NULL,'0W21410V55XDJK2KMJR32CFELPJ9',-386646759.6016,0,NULL,NULL,0,'I0208JKIB','UUY4',NULL,1,0,'','NR',1,-739889745,'F76PK5V2N8H492C86U1XTS421UI2','9L00084580WN707I4OX1W276126ZO3E6KSH7256HDR3','N7E446766FI7E9','X7575LUM53610O7BLZ1DT716JW037ZTJ','E04NY406G56QKJ327SAMCCI0FC51P3QH4DV0909'),(3951688963,NULL,'8E63','',NULL,NULL,'1GU9LK001DZY7YLND0OUXC2GD7J6425RCE7154EQD7ML59Y0W5A8Z1278Z73PRAV1G9374H61830KX35145645UDPDI29P11S5U',1,1,'MC2ROG244O','4C79XZCM1U6345I9YX2CE4NV1G20F341891ZG3GF',1,1,1,'9S5W3LMOOODMTDNI02Q85T6A6','S8VR36PZF57',0,NULL,'V3G75OW7VJT441955AY0V6955','','GNAPB','33R6PN4G4L6O6','4O447NAXCPSQ3X1B2D6MHTJCE8986GX9BMGQGU7J21LLJ8NUX8C1518905'),(3951688964,NULL,'PQF280X175208','R204S9141',5504413957.0881,0,NULL,1,0,'G93KG2CKH','516534',NULL,0,1,'53F5DV57I85P073C','RB1JC2L9TITL4ZO276F44I7Q83D47W1ZXHDIY3KV053IA7CNMLMG09VP9J3',0,-1705592927,'5359R8JA0WZIVV9SM0KL9PG7X1NP33R','6X215W0G97H5YA8',NULL,'D2E0WEQ26FT9ZO939','984'),(3951688965,'52KG5UYEYV0647TI307K93','4RU0325D8I96Q0IP18FIMP6DR',NULL,3650641783.9170,1,NULL,0,NULL,'0A','5H0IU6911VL7T8JG50V8JME5669W2FP2UQ4DRF2C75798X0',1,1,1,'90','3',1,-1742783746,'GKP2AAPL2KX','','181X3X28EGR548W2FDSOO','5JK',NULL),(3951688966,'QUP009G0RL82OWCM3R6V6','','C6YATBGUH6OFGW0OE8KO699689Z24MA0D10DH708CY7C637I1A6E90WC94C7498R06LL84Q3Z73J4211',5.3373,0,'',0,1,NULL,NULL,0,NULL,1,'T33','8K5TJXJ1R179VYHW2ENZ51B0651O7B0P1W4',1,5,'NP79GRMKUTX','C6J06TE1CLEYG6','','9W3041I7MBI9CPV5AHQ55MK6FBG5N0SBQ6U18R','1N4'),(4294967295,NULL,'Z9O',NULL,NULL,NULL,NULL,1,NULL,'83A6312QQ8SB68X9XP8Z9EL0YGFT0B318L48MPC1736C100202D5GT','8E8TH341QE',0,1,1,'J',NULL,0,NULL,'SZ68W21K34ZM0LCX94JF89W3',NULL,NULL,'4A8UF62J67O635N01Y53733S883QD732ZX53WGFO2SMJ','04P945GD8GMLOEF56EZNK35H3G05W6F');
/*!40000 ALTER TABLE `collectionsearchindexattributes` ENABLE KEYS */;
UNLOCK TABLES;

--
-- Dumping data for table `collectionversionareastyles`
--

LOCK TABLES `collectionversionareastyles` WRITE;
/*!40000 ALTER TABLE `collectionversionareastyles` DISABLE KEYS */;
INSERT INTO `collectionversionareastyles` VALUES (1314807898,4018461337,'L',0),(1739985367,3588964612,'EWJX',0),(2169482099,1871485705,'2XXG20DRN24ARN85059NMRC759SW98WM519',9),(3154176753,1871485706,'75194571QT0V774935473QF07S2QQY91CS5488',11),(1314807897,4018461336,'K8703TN8OQT9ER0462Z0CF3NZEWS29YHQ29576U79PK93ZR661M3R6VR983A52G2XYPG2X9R48Q8V413EE9',25),(775,4018461340,'9D828YO89C2321KTW9300LZ',33),(885311172,3588964617,'F6V236QYT6JJ',36),(2724680020,1692864314,'Y69HI9',38),(2724680022,1692864315,'W',45),(1314807901,4018461341,'1550V4V1G9',54),(3688157086,2300982434,'NWPI7QZ51X52NDJ',64),(1739985368,3588964614,'29NG3I2WI439712RMVO286F2U7KJV9G5V0Y7UWR1A92F8R99F06QG74930571F2N2958D331C',79),(4117653815,1263367586,'H602338LP',478),(3154176752,7,'4X5NZK1E',748),(3154176751,3199934823,'NP4YD079DD42XWD4M9N9RA',759),(4117653811,3588964613,'B88KU6142N0H478GBX9A46FGJ947P5AF47686JK5WG4RLN',772),(885311170,2770438093,'81S949Y35GKQ0QLU7',1870),(2169482096,2770438091,'V1QF66XP744LUC',6343),(3688157088,429496738,'Q51415ZK118OSH821HIV2AR4939433599VXZ265OD79JRX9RMF05PEJC84UEXR',8670),(4294967295,4294967295,'2OW69BBB06QZJ7ZR9J8AF29G0FUK44O4I',42331056),(1314807902,4018461342,'GO3O1SHT3Q1J4X0N3P693526A3SDBM3SA3',115476198),(2724680021,3199934824,'8NJR9OK',223765406),(4117653812,1263367584,'JXKZ',299832865),(3688157087,6,'7K8TZTZUF8WFQ06',381309694),(885311173,8,'44HIVXA9U1F03',472669494),(4117653814,3588964616,'E5H3GLGN3Z',538581875),(1739985366,3199934822,'D02340H7GPH61VDYU4U9330O431N4X5U5SZL8IE2FVM5',539921470),(3688157089,4018461343,'KIFC5OI9CD5',587254779),(4117653813,3588964615,'2BU2B689GV27Y26CP668F98FHR6NE6612C1JD332Z35KWR4KY989X78',600534348),(429497505,1263367582,'D459XRP00C9TL315T8QU4K09GVXY6RX25GYK2',627965932),(2169482097,3588964611,'9I9DXO9R5Q5744F044Q7CAONI4649901CDEP4JYZ30VO2IKPF07358IDZ2P7109LVT22O43I46SS0KC28HU',871110360),(3154176749,3588964610,'LMQND43P0V07OF1W8JMEE662A33OGZOP9KMO1T37YD21N932LA4BGL199E9076Q3L8J4B7K4Q2F614WR2K559C23YN5BJ',931035191),(774,2300982433,'K3245N3POP1FWR54RIC2D8HVP7',938806672),(2724680019,1692864312,'VI9',988600084),(1739985369,3588964618,'9J1FD4XCR5Y1Z837W5X5860NX5F37UX8E27WO61',1177925560),(1314807903,1692864316,'K',1310424772),(2724680018,2300982432,'8UOV2T6JMEKO62DTF',1395411324),(885311167,1871485702,'4536VQ9NXU580EL2K10MWV1EN867H',1446980392),(4117653810,1871485703,'889A7M158T451VE83W0UW97C0I51A9W1KP55PCVE9',1470062939),(1314807899,4018461339,'4QKI739403I608HU',1471644708),(3154176750,1692864313,'9204320YT9NK1G70QKI405CZCM8N',1495389731),(885311169,1871485704,'79N7VQ74WF49',1657525495),(2169482098,4018461338,'N97W',1663087050),(429497506,429496737,'6086438H0L5P00795C3BNMGJ07BP3X',1707653252),(885311171,2300982436,'0',1774803090),(1314807900,2300982435,'471E0',1873662596),(885311168,1263367583,'Q056S9FFMD1EP7H5AWN3RSHG203DGL571GH60VB818214',1902744805),(2724680023,1263367585,'WAQ3KYC99C53ST89NP41ZUT1P0AW68WC',1967741821),(885311166,1871485701,'9U1S5KU0',1989472064),(3688157085,2770438092,'2LP1SU9IXJZOSHOB8Y3W49834I89CET',2138242891);
/*!40000 ALTER TABLE `collectionversionareastyles` ENABLE KEYS */;
UNLOCK TABLES;

--
-- Dumping data for table `collectionversionblocks`
--

LOCK TABLES `collectionversionblocks` WRITE;
/*!40000 ALTER TABLE `collectionversionblocks` DISABLE KEYS */;
INSERT INTO `collectionversionblocks` VALUES (235167460,4294967295,2397488517,'G',NULL,885853246,1,1,1,1,1,1),(235167461,3932486498,1487104890,'T3GEI63B4BF1NCLVCGMP8AOI7ZRI6',265347989,150373937,1,1,0,0,0,1),(235167462,3117413844,3621723457,'CCE643V5EYPU2R9S6',1653881898,51367497,0,0,1,1,0,0),(235167463,3502989773,1057608161,'7S4DODQD97A',1846161385,42,0,0,1,1,1,0),(235167464,2687917116,429498178,'5O6HPQKO3C027Y9WEE32HV0',1371132473,12475617,1,0,1,0,1,0),(235167465,2052623201,1487104894,'1A06ID2N97802R4V8',2075257462,8397,0,1,1,0,0,1),(235167466,2482119932,3621723460,'L25Z84DDUA25KG',1352801514,824,0,1,1,0,1,1),(664664191,2482119930,1967991787,'XUVE3',858262538,5,0,0,0,1,1,1),(664664192,834310863,1057608160,'52U3DY1V',425943973,1248402858,1,0,1,1,0,1),(664664193,834310864,3382967939,'D8862I23FKP874P0F1ETLXGUEDX1R223JJNL48C000B2F7H5047985',76,1725052971,1,0,1,0,1,0),(664664194,902086924,1967991789,'J5B356P1B10X',759,1439077066,0,0,0,0,1,1),(664664195,902086925,4051220185,'7O503692HHEJ80L1309',566967896,212,1,0,1,0,1,0),(664664196,834310867,2953471210,'SR',NULL,2054792552,1,1,0,0,0,0),(664664197,902086926,429498180,'6D32E6W5C7I6142907FB3NM056',2,161162488,1,0,1,0,1,0),(915323263,404814133,1487104891,'U2V2776EJ721X46838NX4HO23',NULL,9,1,0,0,1,0,0),(915323264,902086923,3621723458,'59OFHN7QVEL19P',310154117,745104083,1,1,0,0,0,1),(915323265,3117413847,3621723459,'09295F82HK',8480,675,1,0,1,1,0,1),(1344819993,404814132,1057608159,'28WG',1710815467,489,0,0,1,1,0,1),(1344819994,3117413845,429498175,'147725224XJ87949Q9T1',1197171626,322,0,1,1,0,0,1),(1344819995,3502989774,4051220184,'F571155O6',2115067543,7,0,1,1,0,0,1),(1344819996,2052623202,1057608164,'0509E2437P55A5MHP2763RL9I00P5L6Z8BTDJMGGP6O0A41PKL04JDHAG8UW8D6NM008AK69K7543T5508P0WM0',502488052,316,1,0,0,1,0,1),(1981613635,2687917113,1487104889,'K',4,1443708568,0,1,1,0,1,1),(1981613636,3502989772,1444,'S74183HI92XK7JT8O8OTX30A1K3O7H',2126089797,6574,0,0,0,0,1,1),(1981613637,1331583653,1057608162,'J47FP563',854926187,903116807,1,0,0,1,0,1),(1981613638,834310865,1446,'DR5R',1334181468,479,0,0,1,1,0,1),(1981613639,1331583655,1057608163,'8VI31EIGV9449QCIB1B9HU67UT',NULL,96078113,0,1,1,0,1,0),(1981613640,3932486500,3382967940,'184FB199W3URIG3BNWE',NULL,910634204,0,1,1,0,1,0),(1981613641,2687917117,1449,'E3L69F6',6750,4,1,0,1,0,1,0),(2411110365,3502989771,4294967295,'22BOZ3A3KM5G0G4U3WS3S091OWDNHDEMW571O8441QL',77,1503479602,1,0,0,0,1,1),(2411110366,834310862,4051220182,'61092E1AF38',1483322699,26,0,0,0,0,1,1),(2411110367,3932486499,1967991788,'07QT0',1120392998,2112781814,1,1,1,0,0,1),(2411110368,1331583654,1445,'H6H77B7LC3S5ULVWLXK5Y5O6J94MP4QSHU8JQ5W63M',1928618144,12,1,0,0,1,0,1),(2411110369,404814135,1487104893,'0QO1P2',75,736,1,0,0,1,0,1),(2411110370,834310866,1447,'G2YK1IYL5D2VLR',1557281566,2005550661,0,1,1,1,1,1),(2411110371,3502989775,429498179,'5U7DB88R',204575772,290,0,0,1,1,0,0),(2411110372,1331583657,429498181,'J0G68KJ59Z7N514G2OR2G',683077436,310813626,1,1,1,1,0,0),(2766611969,2687917114,4051220183,'214ZK85',621354996,92,0,1,1,0,1,1),(2766611970,1331583656,2397488520,'YZ78PW68XX6WH1RAHOQ7EV85LYN',3649,1019237834,1,1,1,1,1,1),(2766611971,2482119933,1967991790,'50FKSE4P2QM858H4GK4X003JL4W3JJ121C12D220CY6T4V4EOI36D9I9VLQ0I2Q4NARKS1X62G8T8FBBHK706AYTJR187N8GLLV08KRDEXF66Y7J6NU5AU62JM8S68IIXAJ54GO74M57TNVE',731432843,853,1,1,1,0,0,0),(3196108699,404814134,2953471209,'8D06LIY847954OR51701M51C1F6B58UK77G96N21XA02ZZ5F64JB49979MYK72YD00ZV9I88HAU4SN716Z1ST936QYO1894682C4TM7MU401B7F',1758523492,5,1,1,0,1,0,1),(3196108700,2052623200,1487104892,'ZAA7287FWE8XYGA3BU2Y23N7O3SD37KX8VN8F94W7TPSZR',2908,90,1,0,0,1,0,0),(3196108701,404814137,4051220186,'OT42OZQN3A85Y01KYRFDBR',575816630,146050473,0,0,0,0,0,0),(3196108702,2482119934,1450,'32SOODW65SCV57I',444968594,857528231,0,1,0,1,1,0),(3752644489,3117413843,2397488518,'8B',6,7,1,0,0,1,1,1),(3752644490,2687917115,2397488519,'AWC40N14W3C2',866640949,9,1,0,0,1,0,0),(3752644491,404814136,1448,'4J0NGT3QV7GT063Y110SLKJIPF595QK8FNLE5K82J4Z0T1I18K',NULL,2,0,0,1,0,0,1),(4182141215,2482119931,429498176,'506W5M286Y0ENN8QD',NULL,911505585,1,1,1,1,0,0),(4182141216,3117413846,429498177,'0I5B',1139655989,443342066,1,1,0,1,0,0),(4182141217,2052623203,1487104895,'TOLE5RG16WVKTVB0GWKQST6HZD6119200XN9ARL7I57L1A790',893690450,1863248693,1,0,1,0,1,0),(4294967295,3932486497,2953471208,'W7R73EM8',1737526054,598852314,1,1,0,0,0,0);
/*!40000 ALTER TABLE `collectionversionblocks` ENABLE KEYS */;
UNLOCK TABLES;

--
-- Dumping data for table `collectionversionblockscachesettings`
--

LOCK TABLES `collectionversionblockscachesettings` WRITE;
/*!40000 ALTER TABLE `collectionversionblockscachesettings` DISABLE KEYS */;
INSERT INTO `collectionversionblockscachesettings` VALUES (394055425,2195998158,3425544011,'4AP6014QEU4W695T7UJWNZ0JX',1,0,1,1901788328),(394055426,3555289831,733349221,'UG9I1R39HAB12VQ59ROV1TKLF',0,0,1,1784640339),(394055427,3182262394,2996047281,'96505',0,0,1,89078570),(823552156,3182262393,3902793732,'6489QE6V6C0FKZRG4XA20618D2958I7I60MP',0,1,1,949763340),(823552157,2195998159,1668425202,'8HR5XS0QA2',1,0,0,558),(1265401106,6,303852490,'4U',1,1,0,0),(1265401107,429496737,733349223,'D46',0,0,1,1183667683),(1265401108,2752765665,733349224,'I7AN2A03EU',0,1,0,1625005610),(1265401109,429496740,733349225,'WMC8F9I89T6P60HHVY7GGT6B31GU8792V6LHOG37R3AYVA32149MWEGVE94',1,0,0,721644529),(1265401110,3555289833,3473297011,'6441RD4OX4VM5UJG6AS9S7Y7SU0J2Z0B',0,1,1,1392269616),(1265401111,3182262397,2549690767,'1H0C4PP0HNHFHRUR7C1A72SY5AOEY1465VLWA1HANVN00KL32SS452780XR2WM3NN7XF19O756W02YTPS5KBOP7',1,0,0,1833014322),(1694897837,3984786556,2120194035,'3SL87ZZ10GZ3POBM48902JL4J2X578X0363N5XM461633IW3GW30A1TS4QC7HPU37Y1BGN881CK8OC015G6RZWV7F77J46N74138O2T06',1,0,0,4648),(1694897838,3182262395,1238928472,'L45E4H59W13152GR7A5J0P6X515354QT71981V854NK646FF5MSY25O2HO4LAZ7S1',1,0,0,2124892482),(1694897839,1229904765,2549690766,'PR66UP0J5F93210WY55B62V',0,0,0,2037409328),(1694897840,1766501430,2120194036,'8BSL08ATUJ94CBEKVXZ83XJXA6L20504HMO86H64G2Y1',1,0,1,6),(1694897841,429496741,3473297012,'AP81FVR03XA3047V9670IL1H43MG56',1,0,1,96),(1978174404,3555289830,2996047280,'8WFD319S98E71Z',1,0,0,1032826256),(1978174405,1659401494,3902793734,'27P',0,1,0,667117970),(1978174406,429496739,303852493,'F6G2',0,1,0,1456639489),(2407671135,3984786557,303852492,'JGM4Y778S8LZBU130D6G00N59QM9I46W4FNTI0CED839HJZ',1,0,1,1529503712),(2407671136,8,3902793735,'UI5ZED25Y7U1M1178C2Z16F69ZBY5040VK636',1,1,1,1403247953),(2407671137,2195998160,1238928473,'2Q438R367VX2Q0214L2WI2B1N024X3TMC3',1,0,1,940923993),(2723939767,5,1238928470,'9I7I069WN56289WSCJFS14H5V88C4Y7WHYX80LFGA99BDX17K4VB6Z44662DC1A429V7N10AY42267UE4KCR1UFY6P',1,0,0,1934999366),(2723939768,1229904762,733349222,'842XI3I0T',1,0,0,1204445494),(2723939769,3555289832,3425544012,'6K27AB0JV84MT9662MT1Y917Z2',1,0,1,889283040),(2723939770,429496738,2996047282,'5GC337JH489WD1O5FR1C7Z87S60HFJ39UU193C7X10Q560N51724E7RU0OQZ',1,0,1,1282781762),(2723939771,9,303852494,'3ZVSW21KUY8E7W46N5Q29R7A3H9HV4S9LDRB1U',1,1,0,2002980807),(2723939772,2752765666,3902793737,'K6P5C51WZ2FF4VUN8U94QO00SVZIJ38N700IZAB3L38Q395T7EOBZLF30Q15E',1,0,1,268588967),(3153436497,1659401491,3473297005,'4692',1,0,0,1050998312),(3153436498,2752765662,303852489,'H8GSN1QMOW32G9Q8LK4107R78N194BLFMP8R1709X460HV3H09334PP9HN51NV78TZ27',1,1,0,2),(3153436499,1659401493,1238928471,'268696787I0',0,0,1,69),(3153436500,2752765664,3473297009,'JTAR090ZDZU564XG',1,1,0,1246376658),(3153436501,1229904764,3425544013,'563ME71X69Y010ZD041U2QI6206MZ079H1SBJ1T205L381D52TLNKA2NPYZS',0,1,0,384207993),(3153436502,3984786558,3902793736,'L',0,0,1,1061305841),(3543141676,1229904761,733349219,'526J240AW176A93NGU4ME0M9108CVT5961',0,0,1,1858383279),(3543141677,3555289829,2549690765,'5YCW',0,0,1,198438882),(3543141678,1659401492,1668425201,'D14XVXLP',1,1,1,777435359),(3543141679,2752765663,3473297007,'22I2H5YM5O9Y0Q2I60LX571F999HUBMN0162NA7DX7P11I9144UC42HD1RO',0,1,1,287517452),(3543141680,1229904763,3902793733,'0PABD',1,0,1,1215),(3543141681,1766501429,3473297010,'R681W1ZDS0T3DT9X9API1I4Q6KUT8Z45NN62WE8SLO2Z2N06AC36PK8SOE7AW93',1,0,1,606),(3543141682,3182262396,2996047283,'G65J9YU53N4JZ8SK5',1,1,1,1065842296),(3543141683,2195998161,303852495,'XH88I5W5NPL5UK74O5A0O7B29987ND20GEQPFYM48Y42INAP6NC',0,0,1,53),(3972638402,429496736,3902793731,'I90IWGD8ED726O4N5A',0,1,1,1260190597),(3972638403,3984786555,3473297006,'ZCA',1,1,0,1953041910),(3972638404,4294967295,733349220,'8XJ5ZT4P1XXV8UFBM7',0,0,1,1073593364),(3972638405,1766501428,303852491,'382B4AZYYB5061J',1,1,0,96935523),(3972638406,7,3473297008,'19688U67C0H96FR33J61B6J99YLU9DJ0P381JT1F3Y8H4OY64K',1,0,0,252768989),(3972638407,1659401495,1668425203,'OZFEQF55UWC01B75LR4ZIBK1K2QE1T',0,0,1,20),(3972638408,10,3425544014,'NV4PM6I161LR2YUP4UN0450ZX75O86XL7J947HSGV8F4C26RR9T868ZVG2G595PX6SV13N6672IQM34KI2TPRGT57Q0X55E2077YQ0X428NE5S',0,0,1,2938),(4294967295,3984786554,4294967295,'AVK3Y7WBF4CRHI9JOW5UV6OUCXV1QM4M2C1I5D7P91871W',1,1,1,1064596444);
/*!40000 ALTER TABLE `collectionversionblockscachesettings` ENABLE KEYS */;
UNLOCK TABLES;

--
-- Dumping data for table `collectionversionblocksoutputcache`
--

LOCK TABLES `collectionversionblocksoutputcache` WRITE;
/*!40000 ALTER TABLE `collectionversionblocksoutputcache` DISABLE KEYS */;
INSERT INTO `collectionversionblocksoutputcache` VALUES (213649107,2292503805,2981556403,'P514GEMMC45US2','',902551396),(213649108,4017512605,90,'68BV7K1','4H31M5SGM3IW0TATX',1330796620),(213649109,4017512606,1994507856,'C53KGC7923IZO2BM4PT66DR5ZAW','30S1A7TGA',1729746921),(213649110,2935798337,93,'2EVD9SG2WH31GPL57F3U4722XH1CRYG7KON5H39P20UP33Y7DK7360Z9D978S788949KW5R822R4L5GGJ8QFUJ90','7123Y34PV00Z3A333',651360303),(213649111,429496733,1402201761,'9876C7720GRAL6',NULL,1576412775),(213649112,4017512607,3411053139,'YQ88L7W99J4T30Z8',NULL,1326351636),(643145837,2935798334,972705028,'5','CK85499ZQBDBM543F502DX53LLI87J4I5D7X5W0WS7',864686989),(643145838,2292503807,3488855404,'9PE2LQWU456EWK0G344C9BY21T8187Q1',NULL,172750811),(643145839,2292503809,92,'91752E6OM20JYYDF','4W0ZO28TZHN78635E3584C77NY4',4),(643145840,1,429496823,'7T728MYB2WW051Q2AM382C5M9IES01L72L456BZQYB','0V8KOKH15S7Z0O828R24',13),(643145841,429496732,3411053137,'97790648522AA48428O8','Q828',1973769390),(643145842,4,3488855405,'W8YA7023Z291W1Z626','VRGA61P6XE5G152WDBL5AE6328T7G7RVLK5727K0BD6P',4188),(1212455345,4017512602,4294967295,'5CN5MIR01SY1ANV10H7H9NQW6TF8U23T0383LK4ZUB4A2W2X9TK08S4QE85B9','3L9Y1QXL1063B63F4CV3R66J386QSEUO21ZB1949DK5N61HC4WF8JSG573',697356184),(1212455346,1863007073,3488855401,'4ZC','H9R9EKK0D58EG2ZN3586K166G84',2735),(1212455347,1863007076,2981556404,'6FNOP3MKXE110I42','5PH4KHAW4NWXTHT0FLOC3I841XDO474M01427MZ',6),(1212455348,2935798336,429496821,'ID6913VD5EDWK1440LM825P54BWDT97OK4I4Z05ML3HNGR2LIV8TB9MH1R','',841313964),(1212455349,1024145345,3411053136,'QX5X6QWX7HF2Q0WZGR9','',1718067628),(1641952075,3588015876,88,'9W4761D856N015M9JBH5003R1D660F3YM7JKMK20X0SYBRWT6XJ','S5526A',166),(1641952076,1453642074,429496819,'D1V6UY6Q7I1FU6DL',NULL,1348948507),(1641952077,3588015879,429496820,'363Y1I46GRK0A3PP4','LA7LJ8678JN0P77965Q9D0ZU191F2Y7U315797A67',1636701402),(1641952078,3365295066,3411053135,'EY9P3U22KB4YVC6D',NULL,1212601208),(1641952079,3365295067,1402201760,'A7B69KP305B','B97164J0ACG406HKUG0H818GADUTR50UY8X981S9OFZ193JQO0',4237),(1832716440,1024145344,3488855403,'ZT245A6SB88N3G7S54WX','06724G6XA6011HO',1),(1832716441,2292503808,2981556405,'C9Y9P6UZ195MXK34O4596',NULL,1020711444),(1832716442,429496734,2981556408,'I98MR3O00822LW040JR4Y3WA609OT2FSU5',NULL,300223780),(2262213170,2292503804,3411053133,'B493RIJ66WV97872H1G596CHM56R86D99OQF4035','R8D40U477G759KFG1568YEMFA6',1296661331),(2262213171,3588015878,3918352129,'429F0VP98B10K002','GS17UQ366O1E14EF140Z9UC5I',2002674585),(2262213172,3,972705031,'02712G','',1143368031),(2838657618,3365295064,2981556402,'1UPHZWI8Q08RKRQSB989458Q',NULL,1065185042),(2838657619,4017512603,2424004585,'1PX6D3354C41','',9887),(2838657620,1863007077,429496822,'21A82V0LX3X5Q419PGR37GS5H69590OAK112CPT2S43TT4WLER0LL882CU','',1),(2838657621,3365295068,2981556406,'RSJ7U',NULL,1374165790),(2838657622,2935798338,3411053138,'992M696','5OT91RZ257RYK230U38XYFTUJ50J72QK7F7H7H31',1999338292),(3268154348,4294967295,89,'KFGKM8LG7Y4L872B5T21B4','',2113384762),(3268154349,3588015877,1994507854,'P','9NQ13FIM4BF456993',1642471276),(3268154350,2935798335,1994507855,'04V79U2012BU8E8CM','704IQD1P4SDKBFF865WB2LX71FXF2335P5187O09Z3898BZ3M1BZSE081N7TG27A66594B3LZJ2O9',605717557),(3268154351,1453642076,3918352130,'QH27K0T8760UQ4BM92988RUT71Z','',546449226),(3268154352,3588015881,2981556407,'P32DT5G1F9YI0FFSC1CRE6CWG5PAPLPA239EOWTN5Z7','9460JZ8YK3TTESIA5X7LK00EF09DIDY42QX4381P38A60537A25XO0Q8RDS37ER47YTMBM9JMJV0O87KLX5KQ3EG24KO4968FU9W9WL43Q75F38OX5TZ',2),(3832981059,1024145343,2981556401,'2K8IWF06HUMIB5CT4KV5I0GFL1M40','2W',1339982368),(3832981060,3365295065,3488855402,'39RGKI05849Q4R5678PK8SPE8526Q2VV0UHS5922417JNL1ZTG61B79077786B6694','',1),(3832981061,2292503806,1402201759,'I47QFM8283ME24YB3C73FHCU52M32N6842',NULL,1809475785),(3832981062,1453642075,2424004586,'C2VSE9J4AEKG35C31Y466S723K3LDH90Y8WL21671GB2I96LMINWBJLA7I727WFL9X04N74XC6KE03EF7YL9851RU5R34322A3A5RU3L83W67ZUAWJ36T18K9T12C8OIF6O2L3611W0OA548ASA6H0PB9F352P4H11J988SL66AG',NULL,131434797),(3832981063,429496731,972705029,'N272F14S37QO13OG73O8FB32078AID3DTYO830593939Q209',NULL,1985177457),(3832981064,2,2424004587,'65OB53ZGMMJ99E991HS06POTETOPJSIBEV4FM06U1435S8','J10H0IF2851QPI7715L1QBKQT9U7871CE122FL787DIP',831),(4262477785,1863007074,3918352127,'3B3891','V2J8I45V6GR3ON784YU2XKGMVYAD5JS1N5975ONE1J094BQXH681',2144450233),(4262477786,1863007075,3918352128,'K3B310O72LDNSTM932EK6P7HS41X0UOLZR5H24DJP73','DKJLX09M1WL103KD',1264062185),(4262477787,4017512604,3411053134,'AW6USUAL','5W83HN375T907ZU1UZZSL29C7',1824),(4262477788,3588015880,91,'8151091E2B','93OM0765I75N9Y6',1940910582),(4262477789,1863007078,972705030,'9','N629646A666T',644),(4294967295,0,3411053132,'Q8R738QT','625',4);
/*!40000 ALTER TABLE `collectionversionblocksoutputcache` ENABLE KEYS */;
UNLOCK TABLES;

--
-- Dumping data for table `collectionversionblockstyles`
--

LOCK TABLES `collectionversionblockstyles` WRITE;
/*!40000 ALTER TABLE `collectionversionblockstyles` DISABLE KEYS */;
INSERT INTO `collectionversionblockstyles` VALUES (2116754805,1575769969,38,'C5366950A1664M826VV0XIK16N94714BB14ALICX937PST512WO4VC4Y4BIUN014WGM8PC',0),(3382871811,1146273239,2091013495,'M58KW9E1P',0),(2116754804,202890400,1625938626,'N18QXCZL37MWL033QPSHO554F996Q4LEXAXR14A4JQ',2),(4122787665,1758267649,3164589573,'OB6660L5PQT514081BY4UK5N0S958URWN8927ZMI062E0SP84U60E2CD561Z8TI3936C9M8W0B424VTA2HLK0IZ6',4),(33243286,202890405,1196441900,'9EKY76',8),(2953375080,2187764377,3951078175,'9D5CH39A2QL9I395B2583FV6U9AZN387GM42DL4F01508K936A893FF17IX2VX15RWK84ISG3II',14),(2953375081,2187764378,2091013496,'M2',145),(33243288,1575769972,2520510228,'53M2FG3Y2116951A4Z9G8890KE7BMS6',150),(3693290939,632387136,1625938631,'41OJXSQFX5',535),(33243285,632387133,1196441898,'GY8OI2Q947M1H3KI198C4630E9OGC893467YN5Z79M37S3Z82BS98S7U11L9PH524PB7J5956T',1990),(3382871810,202890401,1196441897,'F9B6L5689U98J8Y36RIR330',2942),(2953375078,3873132964,1196441896,'6Z583524MU7E6UJC4E51T7',4526),(1159509583,4294967295,2735092837,'4IQ69SLDB6509CK3X56QUY79341F181DVJLUO5RZ2',4533),(4294967295,2187764375,2091013494,'0Q5T',23281373),(2116754809,2874680274,2735092841,'A1L22D02194M3FSBOI129G4K11O5ERHX3Y8U4IV56JVIE52',256252273),(4122787663,202890402,3164589570,'B4BW479K0XFME',318293826),(2546251535,3304177002,3164589568,'RMV7T20FTKO89P88',532774886),(462740015,3304177003,1625938628,'909W53II8U8446KL1L713X99I8ECK4CLO90572UX094EY0CE2372JE8OOER8',562001219),(2116754808,1758267647,3951078176,'V5W5YEN8DH26111R6G38L6H1M14LGZX4310RM7ZI2A727592T',582944442),(462740014,1758267645,2520510225,'O4ERQ08HOLYVCG0Z5NZO9',588558161),(462740017,1575769971,2735092842,'3WW2B8806AFMN6490Z3T5T157OFP50ARJ1P75V3QC1IIABZ7W67775G8Q1565',615225977),(1159509585,3873132966,1625938629,'FJ11165VNU',616679237),(2546251540,1146273240,429496770,'14BH45TT44016793NC8TSVY6XS0',701679408),(2953375079,1146273238,3164589569,'8Y2494TU284MASF43R1Z6SD79YB95WF9',768886775),(1589006318,2187764379,40,'A843JQ7058D2XJCPFE4S9UQS480J52OGMBMA78IQU688',781044296),(1589006315,632387131,3951078174,'0C831HQ8Y3MDH93GV73',806861691),(2116754807,2874680273,39,'V371NGJ3E6DOE085874',875984062),(1589006314,1758267644,4294967295,'1HKR8YM38EY',934816939),(33243283,3873132965,2735092838,'YQP6ENQN88B7XJ',936022072),(1159509586,1575769970,2520510226,'TF45',1094928613),(462740018,1758267648,1196441901,'DM4H3FD15RTT952Z',1125808094),(2546251538,202890403,1196441899,'0C8400WGETT8155669FQ2ZR475HE1S85XPSMK62HW4W61R0JBD',1133104165),(2546251536,1758267646,2735092839,'5D4507N1XQKSCA',1170774158),(1589006317,202890404,3521581451,'0032S5',1191069212),(2116754806,632387132,429496769,'H45D19Q1HR6T',1225136896),(33243287,3304177005,2091013497,'BDBK6E8X3950G297D',1273494622),(462740016,632387135,3164589572,'0R4S34I7732M029T2764SA14QE9G9J594X6NC3E8YIU3K85SU3C9CX7',1276777655),(33243284,2187764376,1625938627,'660071K2P4Q2WL9DE5299B3',1382904923),(1589006316,3304177004,3521581450,'P4BITM5F1HJ521RY10S8P24C2014RS9GOKH04191U2F7XCT11Y6OQ',1460338038),(4122787664,1146273241,2520510227,'56N5JI02Z4675S04896UO1U6KH62NOBVZ87S8DBUPVYKE1VAZD6R6BV6RU41TTSA10II9PZ4E209YSX',1494618709),(1159509587,3873132967,3951078177,'3VB87',1557443702),(1159509584,1575769968,429496768,'2F',1560496406),(2116754810,1146273242,429496771,'6087H0QMWWP118G58LI896Y',1582603970),(2546251539,632387134,1625938630,'49487',1741349117),(2546251541,1575769973,1625938632,'6KM248B99YBLNBA50576R45B42K0007SDK7ZOM',1782752223),(3382871809,3443636239,37,'9VTV2VG4G9YJN2NUJ36XDXQ3Y4E42D8M7UD74NH0275QV',1826687552),(3693290937,2874680272,3521581449,'358QB3Y8325I04460HIWP',1831527015),(3693290938,3443636241,3164589571,'1IHC17Q0PNXRSL32M2O3',1879637160),(2546251537,3443636240,2735092840,'UD79P6',2043270061),(462740019,1146273243,41,'968O57895653K37NV4PU2YKRU2C52',2079749643);
/*!40000 ALTER TABLE `collectionversionblockstyles` ENABLE KEYS */;
UNLOCK TABLES;

--
-- Dumping data for table `collectionversionfeatureassignments`
--

LOCK TABLES `collectionversionfeatureassignments` WRITE;
/*!40000 ALTER TABLE `collectionversionfeatureassignments` DISABLE KEYS */;
INSERT INTO `collectionversionfeatureassignments` VALUES (282334144,3733442825,192131254),(2400793128,3418894860,192131255),(3553633598,2042306018,192131256),(2400793126,1522823762,621627984),(1971296397,4162939551,621627985),(3068092984,451980813,621627986),(3553633599,2471802749,621627987),(1971296395,2989398128,1080090691),(3983130320,451980812,1080090692),(282334145,2989398131,1080090693),(1106563825,1522823764,1080090694),(1536060552,2042306014,1509587421),(1971296396,3733442823,1509587422),(282334143,2471802746,1509587423),(1106563824,4162939552,1509587424),(711830871,1522823761,2113315579),(282334142,1522823763,2113315580),(1536060553,22484082,2113315581),(711830876,22484084,2113315582),(3553633597,22484085,2113315583),(1536060555,2042306017,2113315584),(282334146,2989398132,2113315585),(4294967295,1093327032,2542812310),(3553633595,3418894859,2542812311),(1536060554,451980814,2542812312),(2400793129,451980815,2542812313),(1971296399,2471802747,2542812314),(1971296400,2471802748,2542812315),(3983130325,2042306019,2542812316),(711830874,4162939550,2910703322),(1106563823,1093327033,2910703323),(2638596254,3418894861,2910703324),(1971296398,3733442826,2910703325),(2400793131,22484086,2910703326),(711830873,2989398129,3340200052),(711830875,2042306016,3340200053),(3553633596,2989398130,3340200054),(3983130322,22484083,3340200055),(3983130323,3418894862,3340200056),(3983130324,1093327034,3340200057),(1106563822,4294967295,3483788124),(282334141,1093327031,3483788125),(3983130321,3733442824,3483788126),(3068092985,451980816,3483788127),(1971296401,4162939553,3483788128),(2400793125,2471802745,3913284850),(711830872,4162939549,3913284851),(2400793127,2042306015,3913284852),(2400793130,3733442827,3913284853),(1971296394,4162939548,4294967295);
/*!40000 ALTER TABLE `collectionversionfeatureassignments` ENABLE KEYS */;
UNLOCK TABLES;

--
-- Dumping data for table `collectionversionrelatededits`
--

LOCK TABLES `collectionversionrelatededits` WRITE;
/*!40000 ALTER TABLE `collectionversionrelatededits` DISABLE KEYS */;
INSERT INTO `collectionversionrelatededits` VALUES (748,3182810390,1040381269,4294967295),(749,1053617617,271574990,2595924003),(750,2753313664,3593785484,3025420736),(751,2753313666,2674618862,4203091456),(752,2255334767,1896847601,2397353951),(753,3843439402,2326344332,441222113),(429497479,3182810391,3593785481,441222106),(429497480,3182810394,4023282209,4203091455),(429497481,3182810396,3104115592,441222112),(429497482,4272936127,3104115593,11725382),(429497483,1825838037,1469878004,1027144933),(429497484,1053617620,2674618863,3773594731),(939242158,3843439399,271574989,11725375),(939242159,101928312,4294967295,1967857219),(939242160,3182810393,3104115590,11725379),(939242161,3843439401,2674618861,3773594730),(1368738888,2753313660,1040381270,2397353949),(1368738889,1483114347,3593785482,4203091454),(1368738890,2753313662,3593785483,441222109),(1368738891,1483114350,1040381273,1456641662),(1368738892,1825838036,4023282211,2595924007),(1889523185,531425042,4023282206,1456641660),(1889523186,1053617616,4023282207,11725377),(1889523187,2753313663,1469878002,2397353950),(1889523188,1483114349,701071722,11725380),(1889523189,3843439400,3104115591,1027144931),(2319019915,4272936124,1469878000,3773594728),(2319019916,4294967295,2326344329,441222107),(2319019917,4272936125,2326344330,3025420734),(2319019918,1053617618,271574991,2595924005),(2319019919,2753313665,1469878003,2595924006),(2319019920,2255334766,2326344331,1456641663),(2963884022,531425043,4023282208,11725378),(2963884023,531425044,2674618860,1456641661),(2963884024,4272936126,701071723,11725381),(3393380752,1053617615,3593785480,4203091453),(3393380753,1483114348,1040381271,3773594729),(3393380754,101928314,3593785485,3025420737),(3455147821,2255334764,701071720,1027144930),(3455147822,1483114346,2674618859,3025420733),(3455147823,1825838034,1469878001,2595924004),(3455147824,101928313,1896847600,441222110),(3455147825,3182810395,1040381272,1967857220),(3884644546,2753313659,701071719,2595924002),(3884644547,2753313661,3104115589,11725376),(3884644548,3182810392,1896847599,441222108),(3884644549,2255334765,701071721,3025420735),(3884644550,1053617619,4023282210,441222111),(3884644551,1825838035,271574992,1027144932),(4294967295,1483114345,2674618858,1027144929);
/*!40000 ALTER TABLE `collectionversionrelatededits` ENABLE KEYS */;
UNLOCK TABLES;

--
-- Dumping data for table `collectionversions`
--

LOCK TABLES `collectionversions` WRITE;
/*!40000 ALTER TABLE `collectionversions` DISABLE KEYS */;
INSERT INTO `collectionversions` VALUES (24,2763178031,'42U01Z','8C593487T','2515124V1181423X55','1981-01-17 23:20:52','1996-09-05 19:41:51','84P053AO3E07Q',0,1,887812195,1519982745,497375113,6269,'1976-10-23 09:46:51','2002-01-02 03:26:11','1987-05-03 08:46:19','1970-01-01 00:00:01'),(25,3818210121,'','TX39TCK',NULL,'2010-04-28 14:01:58','2017-11-20 11:12:22','9SC614TFRXK2Z048L8H7CYX0D0BUC151Q129',1,1,1664215867,803537861,104351763,5023,'1980-07-14 23:24:20','1972-06-23 19:00:33',NULL,'1970-01-01 00:01:35'),(26,1111539206,'N82J0FWD0OR0VPJWR1K3JDXD8J7','SNMF31FMF401B3BH6D9PH',NULL,'2000-07-02 23:17:17','1996-04-15 05:22:03','K067YP0M55BAUIDVG95HGSD858',0,0,NULL,8,717306230,94,NULL,'1970-01-01 00:00:09','1970-07-31 18:08:02','1970-01-01 00:00:39'),(27,2547026289,'','56S613',NULL,'1983-07-21 22:53:56','2007-11-18 12:04:43','JCJ3K2',1,0,NULL,779826782,53,18,NULL,'1978-05-11 13:05:03','2018-10-22 04:01:52','1977-08-14 10:58:22'),(28,1541035940,'7DS4X045S831Y303P7US95E246I4B6Z403U7P2XGGH17H2F8GA6WK74294G506XL7Z9SVPH923NTZVJ4IX8VP','PNY4Z51K47N','L72M5P469BR53','2000-05-01 02:23:45','1970-01-01 00:01:12','P0R1GTG2896MI08O49QH',1,1,1737622351,3861,379,2127749123,'2000-12-23 14:37:32','1970-01-01 01:04:22','1970-01-01 00:06:20',NULL),(429496755,2763178032,'','','','2015-07-16 12:34:53','1972-04-01 15:45:49','N3OLF6',0,0,129423627,1458999285,1369328726,393,'1996-05-30 03:45:59','2007-04-20 22:17:59','2012-03-09 04:43:25','1970-01-01 01:19:48'),(429496756,1541035936,'','QMZZF0M',NULL,'1970-01-01 00:00:03','1993-01-25 18:44:47','88Y8C72W3N6KUNI52R6K8',1,0,NULL,566893777,9,1963263287,NULL,'1999-03-24 17:27:00','1970-01-01 00:00:10','1973-03-01 09:04:45'),(429496757,2547026288,'I3664L1BB67MUAM4C0T47G61FFS919CVM082N1N1C705A92NC3T50F1BWY05M6DUNY77H5ZNVQ4W7KU8BNZ6R7HA1JFLCGM8QG40D74GTU7J91LD8F','2PK38','10P3X533K','1970-01-01 01:32:34','1981-12-14 14:21:42','',0,0,262847344,909756087,901410314,1191165426,'1993-08-16 10:03:54','1971-08-08 15:11:15',NULL,'1970-01-01 01:48:34'),(429496758,2117529559,'GHB7978059TTSS473EF2439H65SL4','','PR473OSRAAZZ43Z71447E3SG0522938NHOM8ZM7F70404','1970-01-01 00:03:12','2001-03-30 15:55:15','5DAKBPS46B087S5Y7X21ME3B7GX0M87UM9',1,1,71,1387358316,1949533242,136322907,'1970-01-01 00:01:12','1993-08-10 06:46:11','1970-01-01 00:00:09','1986-12-23 22:15:39'),(1162979025,1111539205,'00WJ3P90299U7972D3982BES2V9ERI5NTGGRKV8970776376','',NULL,'1992-03-27 21:20:21','1970-01-01 00:00:41','2C7139SCENNS0D7MZ9803',1,0,NULL,1092361675,930311993,2142717439,NULL,'1987-01-17 15:45:25',NULL,'1984-09-17 20:55:55'),(1162979026,2117529557,NULL,'VOI','7',NULL,'1998-07-15 21:07:51','',1,0,162818551,218586313,2086634956,38,'1982-03-09 06:01:35','2015-01-08 03:52:25','1999-09-12 02:25:20','1970-01-01 00:01:36'),(1162979027,3192674765,'','56N76IVG91AQ1A703BI735X86L68BHNF2','','2004-10-20 15:40:24','2010-10-25 18:53:27','32VVH',0,1,978496230,541397762,68244658,493693220,'1985-09-16 02:31:57','1982-05-07 14:30:06','2018-07-05 21:27:57','1970-01-01 00:06:34'),(1162979028,1111539208,'V3','72DHR175L0UU20Q59L74L04X9Z26177K63','9DGOTQ5G194YQ5BZ551726M9JF6T','1970-01-01 00:00:05','1985-06-14 13:18:25',NULL,1,0,171133430,1312094566,1442394258,818178014,'1974-11-13 14:11:22','1999-02-03 01:31:50','1970-01-01 01:52:28','2001-02-11 20:06:06'),(1162979029,429497913,'TZZL3W936PB4EMY62C7UIYN5TT66YU094I335XJLK5RCF47091R609Q13987M084H2E676Q52746R22907CK7Z8C1E0','AA38PF8838YO8',NULL,'1970-01-01 00:00:08','2016-03-23 13:54:13',NULL,0,1,99538687,NULL,4198,735970395,'2011-04-25 17:34:32',NULL,'1970-01-01 00:01:16','1970-01-01 00:00:10'),(1162979030,1184,'S17X328W8','517848BV996J772WOJ3I01IST529I87529SWF9DGQN4JDHG18W617H465U','OH9ZLCXUK4S5HF0J65S4DUNMF77YEOL37VDNSD5XW4D13UI62J5','1997-03-27 09:00:25','1970-01-01 01:29:51','',0,1,2000123387,460190200,1886658397,5732,'2003-06-19 17:59:56','2015-05-04 00:58:02','2010-02-21 15:39:01','1970-01-01 00:05:50'),(1592475756,3818210119,'',NULL,'3RSK1','1975-10-03 05:18:43','2018-08-19 12:02:32','',1,0,931572013,1813818838,5923,1082989936,'1993-01-30 08:15:40','1982-01-08 21:21:45','2002-04-25 19:59:42','2003-01-23 01:44:08'),(1592475757,2763178034,'I8U8A','3I30071Q716G495I64T','TO82NS810','1992-11-06 08:12:25','1970-01-01 02:06:56',NULL,1,0,760968446,NULL,4997,1823378212,'1976-02-23 11:14:03',NULL,'1979-06-28 20:02:33','1995-12-21 07:46:32'),(1592475758,1182,'3AL0',NULL,NULL,'1970-01-01 00:01:29','1990-02-23 18:13:21','9N4YK5443JYE167783ZO84KT8CS66X8A03OM0SYQYCQN4U3TPRKHDXCL5Z757',0,1,33,14,1724807694,568925096,'1970-01-01 00:00:34','1970-01-01 00:00:15','2016-10-09 06:09:37','1970-01-01 01:23:44'),(1592475759,4247706847,'OKV','CM9T39HU',NULL,'1996-02-10 19:46:15','2007-04-18 15:05:08','9735G93DJUQG1F21H1M73PWQT32919',0,0,4165,1873584222,1384841928,95,'1970-01-01 01:09:26','2007-01-26 02:48:17','1970-01-01 00:01:36','1970-01-01 00:00:05'),(1592475760,1183,'0CZ9','05A4E198CR94246TFRD0',NULL,'1975-09-24 18:51:31','1984-04-30 21:05:28','4IM9C5ZQ313',0,0,NULL,1931016140,1718625938,1859008238,NULL,'1993-10-17 12:47:58',NULL,'1970-01-01 00:00:32'),(1986029226,3192674762,'1403Q9CK2N',NULL,'W6Z3N03O','1992-03-09 10:50:57','1970-01-01 00:12:51','5P26U8OS8UNCKGYM3X62C6CXD593AUEFA',0,0,500551,184370811,7,631897552,'2017-05-03 14:35:43','1979-03-27 09:58:47','1970-01-01 00:00:08','2017-05-01 03:30:37'),(1986029227,4247706846,'7B3J52ZRF9T1C3042L6U7FFM1OR73N64RLN8K','93XH6W22D8','X5QH0L2X42958Q0PP','2012-06-05 15:03:53','1970-01-01 00:00:10','GVE24HFCY40ML18558C18880WJ32KU58F423OEU9V5D5441KHX6K7I6DI9',0,1,1320868293,1201466551,358,1020216247,'1984-03-12 08:46:17','2006-07-06 00:07:45','1970-01-01 00:05:59','1998-07-21 18:47:29'),(1986029228,1181,'N104TR88','GEP15065OLY08T',NULL,'1998-01-08 02:59:37','1984-08-15 00:56:48','',0,0,NULL,1394187964,1713080551,88130492,NULL,'1984-05-07 23:21:01','1970-01-01 01:09:59','1975-06-06 15:09:57'),(1986029229,1541035938,'KQ764B75364YO',NULL,'7861KZLQLCU6E79E33','1992-11-02 21:50:33','1970-01-01 00:15:36','',1,1,7372,552617581,1527151078,857400505,'1970-01-01 02:02:53','2013-07-17 02:15:24',NULL,'1980-06-19 03:19:39'),(1986029230,2117529558,'9LO3W6S7S7CSXM0V57HX12FP429QU','','1Q9RM2RNF945N7NNQL90D54E7039R9CD10IXZKX2','1987-09-17 23:39:15','1970-01-01 00:00:08','1S3D0Q9IR9TS9D224PXKT661CW34WGJV48I284ZX04L6L5YM0M24IT2512FI39NDKKXI1K07535903S2R2KX9DB680K1FRD6HW2B07BJ3K1H681',0,1,13,773333179,425510244,1639140578,'1970-01-01 00:00:14','1999-04-06 18:06:33','2004-05-27 12:25:19','1999-03-01 08:46:52'),(1986029231,3818210122,'V9H35VJBTBOO74L042W4JEO93KS9OC7H523LLV2IO4S8HV13Q98U5TKI727LHFT0','0151C67Z6G738ELD8HDWNV1TT23665K','3DVETUR27BT19XC25SVOKC2D97UES2C2','1970-01-01 00:00:51','2019-04-12 12:19:13',NULL,1,0,310,1579021530,6747,1837275692,'1970-01-01 00:05:11','1982-05-21 10:35:25','1970-01-01 01:23:18','1976-11-08 14:08:22'),(2415525957,2547026287,'WEQ6N6VHGF3E5N4W79MPQ25N9TC23UR419RMYDPRI7',NULL,'','1970-01-01 01:13:55','2015-08-20 20:13:10','GPG39N17DJ638903JYQE98GV68',1,0,1029124006,270504135,8,31,'1986-04-26 19:36:53','1986-09-05 02:30:03','1986-10-24 23:28:47','1988-10-15 22:41:58'),(2415525958,1541035937,'PBDTHLKX86','J5E0RI65EB828280TQL60M70','5SWZOBXF4JP1Z30GOB3J87','1970-01-01 00:44:27','2015-01-24 20:24:05',NULL,0,1,1936820981,NULL,1248472586,4787,'1978-05-16 01:24:52',NULL,'2006-02-26 02:36:38','1996-02-17 08:57:16'),(2415525959,1111539207,'XT30E170ZMVRZJ8S055Q2HQD9260DO469H9T115R331TIS1VTE606DNLSI','','285GQ7T','1982-03-12 13:18:42','2015-12-01 16:47:00','7',1,0,170645178,2042270639,2073941896,1867630707,'1999-12-20 16:31:00','2003-08-24 18:15:49','1977-03-28 21:05:23','1978-08-16 20:52:51'),(2415525960,2763178035,'2NDU1T9OT9XWS0',NULL,'','1970-01-01 00:16:17','1970-01-01 00:01:27','90ZSYNYN2L58N2D7K',1,0,590,20609932,1688700589,2052704288,'1970-01-01 00:09:51','2001-06-28 13:18:17','2015-10-19 09:01:44','1992-12-19 09:31:36'),(2415525961,1111539209,'O219P1CH62EU','JKR07L2HRG20E99EM','','1970-01-01 00:09:56','1997-03-28 18:28:35',NULL,1,0,1313232495,1455603995,95,6513,'2013-09-23 21:07:34','1999-05-26 00:26:04','2009-05-19 09:54:24','1970-01-01 01:48:05'),(2717419963,1180,'VKKZJ7TGSA970T0F6','Z25Q29K68NR0697W1T5PD921A9T0MDO78XGPQJ4S791GF9148619YR351309U7GJ1BO101PS8J8G6ZXD6L64W5','22G4W1N30S306TQA82V0E590LUTXTW6678JZR72746UBQODJD7W7','1986-05-22 18:57:46','2016-07-29 07:34:24','547WW6Z23T07PSW',1,1,676141581,138287092,1098185186,1215894790,'1985-06-17 00:25:16','2004-05-15 10:55:27','1998-10-10 15:32:27',NULL),(2717419964,429497912,NULL,NULL,'Y9NF60988E2R0G6RT2GS349NPF7T097KB70Q3O83N22K1',NULL,'1970-01-01 02:02:55',NULL,0,0,7,NULL,75,265061438,'1970-01-01 00:00:08',NULL,NULL,'1992-04-06 21:15:06'),(2717419965,2117529560,NULL,'','V69DBW85RRS7S73V4','1979-03-06 05:48:22','1970-01-01 00:00:01','NGQF2C471F689611YB6D5I72UI68AHZ5P0221J2M6Z6I',0,1,106513582,7,494690123,744183413,'2014-10-15 21:32:35','1970-01-01 00:00:08','1996-01-05 15:56:01','1970-01-01 01:35:33'),(3146916693,3192674761,NULL,'YA18VER1X95S40M97531BF','85B11IGX5697389H45',NULL,'1992-04-09 22:22:24','EQC6T9JI0P0',0,0,800679174,200674745,17,973339391,'2011-03-19 06:03:38','1979-11-25 15:53:44',NULL,'1970-01-01 00:00:19'),(3146916694,3192674763,'0ZHFNN46XADVWIUX8EW1D2Z270L25JI01XHR5P5887ND2Q42Q','J5MMPNGRN61SR9H6RN666HEBA92WRFEG9EYDLM4II408549759C795A8YV4','1','1970-01-01 00:15:41','1978-05-29 16:10:24','12I',1,0,786886626,566,1754019073,454562242,'1992-02-19 09:10:20','1970-01-01 00:09:27','1994-04-23 20:23:31','2009-01-15 09:45:23'),(3146916695,429497914,NULL,'875PRUK24','KCAESOD769BM94KLC7W6RXC6H088900L429GI9BLL418375QU25Y4T3Z4B35826Y3AW1GDPI647EF8B63P91PG413NXO3SR8S325V9881KA1WFA470N',NULL,'1990-09-16 17:10:14','GBF33675P8KL961CPXZ9',1,0,1751919298,691169774,140713416,9,'1983-08-12 04:58:39','2012-08-28 12:18:05',NULL,'2005-11-10 06:43:27'),(3487906667,2763178030,'','0W8CZ52TTQ7R3','2291','2017-06-15 16:21:03','1998-04-20 07:29:25','84NC',0,0,6,1935933087,1515130146,629375637,'1970-01-01 00:00:07','2002-12-08 20:15:42','1981-10-18 10:55:15','2019-07-27 10:37:08'),(3487906668,2117529556,'93825ZOBK8K0B12YY1MTR145YPB4HOPK3GT3L05687UK7R09T459OT0AL8NY5QHLG23NZSRVU9UQQ','',NULL,'2011-06-18 04:23:02','2005-10-03 17:49:09','ZW',1,0,98844828,798730417,1553313100,513705807,'2000-05-04 07:40:25','1988-03-08 19:18:52','1970-01-01 01:38:44','1974-08-08 10:53:48'),(3487906669,2763178033,'CTVE4101LRII2SJLD0DDW48854X0PM5UUXY74STA28X3WVK39V42PP31JCAA9H8T53818PZB','113CYQ55RQGL1JI75P1O8T2SEK3AFADI773V',NULL,'1983-05-25 03:22:11','1970-01-01 00:00:17','09BCOPDJ7T28MZ4Q07B1U7Z085348433',0,1,9,1826028494,254153558,6484,'1970-01-01 00:00:10','2011-03-11 11:31:08',NULL,'2009-01-31 03:41:17'),(3487906670,3192674764,'803JE43OWUW2','W','R78MFW','2006-08-05 23:50:43','2004-08-31 16:06:28','94J20187',0,0,1902490965,1080585914,1470501766,553895189,'1994-03-17 20:59:15','1993-06-07 01:28:52','1981-08-17 23:11:58','1992-04-03 12:49:28'),(3487906671,1541035939,'XGU0158DFVGDNJQ3MX67R7FAKJ9KDM0VCV86083W183U1TXJ7CO2UOOYO07',NULL,'','2010-12-17 10:57:31','1982-01-30 16:10:14',NULL,1,1,368749965,NULL,346446157,0,'1992-07-01 18:49:38',NULL,'1974-06-15 13:46:52','2004-09-23 20:35:59'),(3487906672,1111539210,NULL,'3Q5A5QNCC97GF58171JN3CV','V95D23W0992C0N73IGJ47018M44TJLC',NULL,'1970-01-01 00:19:41','1T99',1,0,540768165,1510326408,332401004,613,'1988-10-05 12:53:07','2018-04-29 03:27:55','1987-09-02 13:45:26','1970-01-01 00:10:14'),(3917403393,4247706844,'','61Z2S','6LA675KAWJ97YE5RHQ84880I7NHCJE0FJ','1970-01-01 00:00:25','1970-01-01 02:05:31','VNOPDY4925Y58QFHLEVCN67SY0IYK3A6SX08P30G3',0,1,300,675430127,204517984,1999392258,'1970-01-01 00:05:01','1974-03-23 13:03:36','1993-04-08 01:40:35',NULL),(3917403394,4247706845,'8T3C1P2558UQ5L8Z64R7OK833C3K3KGS04S1I932E51736M4F90532EJ7C79V','90ZQ3U0SGSX272','','1970-01-01 00:03:48','2006-12-25 06:18:36','8B5925Y6A614ESP9046N6AX66DN',1,0,2115109920,3,8571,2106482885,'2001-09-21 04:17:48','1970-01-01 00:00:04','1970-01-01 02:22:52','2012-09-05 22:43:13'),(3917403395,3818210120,NULL,'SW','BR907CKYH26Y9517147WZ7HT30KXD90E6CE2U79HY','2017-05-08 12:46:13','1980-07-22 07:52:26','',0,1,1482735295,1858652352,2026627507,647839903,'2013-10-11 11:21:24','2016-06-25 01:12:45','2014-07-21 22:02:56','1970-11-10 18:45:58'),(3917403396,429497911,NULL,'8R53D8FO894T45UL882Y4','SOS72QA1S6NXN0ADS3XMROVU','2001-08-07 09:15:14','1981-06-18 18:04:55','',0,1,845906735,469873052,736065031,4,'2009-12-18 16:11:40','2016-10-04 13:08:08','1974-09-15 02:50:55','2010-01-15 04:59:02'),(3917403397,2547026290,'5R8','2ZC57IUBU58O62UH852G95','UKA24Y5E8M8C614UMJS9IU5E4X479IC9QNNF1ABL4442T1CQ2I3OR8LMP9I0311A5L','1970-01-01 00:00:07','1989-11-25 01:58:36','61JM4D72',0,0,1453322233,1317927343,1873117223,1145085273,'1986-05-09 21:48:56','1983-10-01 18:38:09',NULL,'2007-09-09 20:36:58'),(3917403398,1541035941,'IR0RIXGXKY71ZNWT383E4C0460ODMF8WZ4LBQ572Q',NULL,'82O7O6348VFK3GT6J652P87AH8T921WH6579Q7V5J9UY32','2006-12-21 17:05:26','1993-06-11 02:44:55',NULL,1,1,32550131,NULL,3,349,'2006-09-11 14:28:38',NULL,'1970-01-01 00:00:04','1970-10-13 19:25:27'),(4294967295,4294967295,NULL,'R84F56H3P9G990L26Q01D','',NULL,'1995-05-01 04:52:02','DJ96K6D88WZ1D4DP5UIDS7QEB0QT5N9RBS1A7B1Y13GM4V89EQKBS1E0SA6V',0,0,63,414584937,764302983,2102567996,'1970-01-01 00:01:04','2019-12-04 04:30:18','1978-08-15 14:03:57',NULL);
/*!40000 ALTER TABLE `collectionversions` ENABLE KEYS */;
UNLOCK TABLES;

--
-- Dumping data for table `collectionversionthemecustomstyles`
--

LOCK TABLES `collectionversionthemecustomstyles` WRITE;
/*!40000 ALTER TABLE `collectionversionthemecustomstyles` DISABLE KEYS */;
INSERT INTO `collectionversionthemecustomstyles` VALUES (340260023,921252962,3176161240,1077140471,'',2),(340260024,921252966,2177446741,NULL,'1C63079PHP3VAT06G21TQ0S21PI7V2Y413',675),(340260025,2535933909,3176161244,3637,'',1965140473),(769756753,2535933904,250057082,475,'4B7ILM94759D9R6I98HL672EN4A7FBP85E50I18HJ530WIU94L55H',1683016074),(769756754,509906695,3674089291,84,'C5CP91OO58NGZ3ZQ7A0WMOY5540I10Z51KX7I05',567497749),(769756755,2106437178,908016626,954263955,'',3),(934489746,509906694,679553811,1904180780,'2XYKX7Q8077H8W5VDAT903O93UQM88743CODHJ59H65452U4R78',1899636045),(934489747,3494246464,4103586016,286061260,'DG1AYW4069TQML',572005430),(934489748,2825359364,4294967295,595469204,'3676BDV883027JI270B1',605346200),(934489749,1350749692,679553813,NULL,'E91I487P3J5M9L5OQ6Z1NUXXU5NATU0FQ5E651F46AAT8M7E97',9830),(934489750,2825359366,2746664510,NULL,'',1991649863),(934489751,80409966,1747950009,1597045821,'Y8F8F2FYH7GYP248RZLK2N1',NULL),(934489752,509906697,3176161242,9887,'P8E4COA8VQ9U4F1904T4OK0',113832123),(934489753,1350749695,2177446740,1194208079,'YC2',NULL),(934489754,509906698,4103586017,1601698447,'',1448533915),(934489755,3254856098,1337513357,1839465957,'21DH3OIV94492TH777L6J192C1HKI4SN694W6U17QH35T562P85462U7VR6AX',2),(1363986477,3923743189,3674089290,538895221,'V7HL3Z32HU38S0R6D420146V0IDNF66Y3N4O',1525580662),(1363986478,1350749691,2746664507,397796628,NULL,NULL),(1363986479,921252961,679553812,836184693,NULL,72),(1363986480,80409964,250057083,9546,'X6VJEX9M8',224407044),(1363986481,2106437175,1337513353,6139,'0IL1QZ4S5OQ300',1277733060),(1363986482,3254856097,908016623,1662047131,NULL,1844626439),(1363986483,2106437176,1337513355,NULL,'5V331',109319023),(1363986484,3494246465,1747950010,1650706702,'A',673),(1363986485,3923743191,2746664513,357502738,'25S2RO478MNDF86A6AMDQMB43YIEZ14892',1129961216),(2035427559,3254856095,250057081,1674151222,'C',NULL),(2035427560,2106437173,3176161239,1799551501,'KRK5YVL17J7M2QXWHLWN6R47V3XAPG8L54827Z133DHGFZX59428944GHPW53S3H7PHE2MQX7GSI7062E24Q1OYPOFGVBJQ6TG5Y08AW34',5),(2035427561,80409965,908016622,1879937414,'K68FVZL5T72A2M2V1416RD19R560E5UF23125ZBZWX6JNI6O153BO',259211682),(2035427562,921252965,3176161243,963913136,'DZ2',0),(2035427563,1350749696,908016625,2117654424,'HBIEJS9K3G437',1956443312),(2464924289,2825359363,1337513351,2051002617,NULL,1320041475),(2464924290,2825359365,3176161238,NULL,'G2LXVD49JDW580YALO65IWAZ6Z3D0K4ZN3I1GQB2B4O887943E30200ZVPA5UR62408YT',630335550),(2464924291,2106437174,1747950008,1292246389,'',1359848386),(2464924292,80409967,1337513354,895182463,'365K9N5C3H085R6UN26Z49OJ916CZ3P365RB3HE5GG42AY3R1MM9F93F4A75C9D40',NULL),(2464924293,2535933907,3674089292,1025535157,'15FO2L871CXC1NRPRDE1Y0',NULL),(2464924294,2535933908,1337513356,885224925,'T3SEZ2W4B128DNX4G3F5B7YH644Y3KP37QRAP4VDF8DJH1CL25I',NULL),(2904054170,3254856096,2746664508,264,'6XU3TMYZB75TO7459C269Z59378BLIJ0R',1639574250),(2904054171,921252964,2746664512,1386220383,'3729A',76),(3333550900,3923743190,2177446738,1126,'004N31',NULL),(3333550901,509906696,2746664511,228971076,'20',1067568820),(3333550902,2106437177,679553815,21,NULL,388309933),(3743933942,2535933905,2746664509,6,'A',714665223),(3743933943,921252963,2177446739,9,'AEW',1329285282),(3743933944,2535933906,908016624,1124525456,'F6M690Z1L3796',NULL),(3743933945,80409968,4103586018,1742156573,'EKGO',1197281796),(4173430667,4294967295,908016621,1369010843,'Y7DLL5PX1350GU9144YF60KFMHBEBXNH7A35M',8),(4173430668,1350749693,3176161241,83,'SJAJN163YTWK0T',1536944742),(4173430669,1350749694,679553814,1473760220,NULL,748),(4173430670,2825359367,250057084,87,NULL,62),(4294967295,3254856094,1337513352,673504314,'C8GE4TZ5WHS8MTMMS34FMX40J8PW54E5P84M22810QE',1458);
/*!40000 ALTER TABLE `collectionversionthemecustomstyles` ENABLE KEYS */;
UNLOCK TABLES;

--
-- Dumping data for table `config`
--

LOCK TABLES `config` WRITE;
/*!40000 ALTER TABLE `config` DISABLE KEYS */;
INSERT INTO `config` VALUES ('05107I584DK','F90783','A066021PDGVM3P','II1BTCK8E'),('06IVD918G3','PR67I31Q6SS7W5HAWVEG','421MJ6F020N3V9879CF','N4FI1U3N5A3T05U80ADY5RIK8TO06N36S969F82L50O324'),('0866P04R1UBY00O1C2AOM308804OJQC7XYX56G1N5','P46I','2R6DZ531R3LUDE','I98THW3P'),('0FKJ07D8O61182AF2Z9DC623Y0HLP8CSH68','XLL38C8OZ1Y4397','B7QKE','9ZWQU7XGLKRJUKOF3I30FOJ5B3SVQZGR075629'),('146157N00CFEA7Z598YRO0T8T3715A19AU9YW986RYTI43878W68WUU6O856J59OGOJI18P44ZAE8746Z08868O16A6JOF5UMM355UVX5788U9USUOH85V','C53886XQ8YGW0DG560O41WYIM','X633DZUBVX7U59L1J2812HUCZYH',''),('17517ITXH41CS8JEWF','O6','P4L1E0','WR88A7VH'),('1B5WFLSV9L9I4GJ006W4B7H9','03T4R1JD52LQP7877AQFMXGOBDVP9KQQ9ODNJ1SX5SF48VX5CU43Q1719917FX889','L1W52G925RNQO0N41',''),('1O7B65P4O9547HA1P','1XZ07257WO53T76O03','8VW',NULL),('3X31','VQ8807TE2F1SGP3J8R','4ALDS7NDNK6IEROUL','40VH019J3L9734QJNV51TLRCT'),('47FEO61B59Z3','Y','7FMJA164CIEE0ZIFOV0T68P681ZI9R3099G6262QQ70A63XS4OZ123VPLYE3J89SZFEFQO63YR6','K09XVMCM71Z8FW1V'),('4S9P67YTACQSQDTE70','OTH0BTFBAZKMYHI35W17SL465ECB4KP176WBHJ3J46FS0','144CO7X4EEKPNTY147MH4J2979T218WO6K3NA','253JH3JVM9M9FVTBY93F'),('588E8L7','0','35CA549D','744KF7P1FWEJ8197TK8KBTD17E27C0Z2V5X53HE8V57NK6SZ01VGHS6E'),('5G3YF98Q6Q','Q11G1293E461RE41D11','01','UX57C4099DK'),('5QD9527RH804MOE13H5B7WD8927K7VIDW2M2A5TS73W08JY5L7989P97860B1LK84Q2303XC86909357386283TM51','922R1I2IYSIN1TI7P6CC99Z0ZE7PR','DOD14JYM3H31EAJ10L8BRG39PO','729KSJ96QOCS6T8A'),('639C54V30S8S79O6J8058WAD9D22F3567198M7855513BCI9U9U1AW452G03WK4O214210','YTV9JIJ65VWO951XM5G1343ZO8HA507JX8TJ39BPA10X7FT3G50D9A189568BDGL270EX63U7X6MM','298R57W7XTI742244H','7I7X'),('7R','LA23HM347224ZP273ATFAXALYFAA2L0K4TQ2A4F064F9U63WD5R11VK7612RK2SM2EIR606ZID53ZB8AB11Y21ALQZHDL1Z4P90J262','JB4FWY50690392AA08671',NULL),('81KJB7CI63FV4FLE45U301V84ACM6249','YTQ16Q82FQYWFT4Q45K0ZQ7P5R316BC85QOD0845XZ8RXF4TA1VZABMGRCGS4N7370','M0','TRKPRN07RG1703NCEJM9MD'),('820093L','80155453000Y6P25JGW1W0SP7DW5F097SQNRW1','MTVI93WO0L','YEI5BO43B0XY95LF6ET1D6'),('85T','VGQADTC8S5','A4ZY10285WCQ941AU08HXM','0I62E2C2L8P5'),('8GLSFZ094M1686UFJ1JH060X15JR5965Q669H8488','05FPSK3YYHVPOU9T6R870M78M0BW0I6Y927NKIMHGLE4C331970O1MF32JN904QS85R1O2TN943C022YQHOWGE8YRMAS8H79Y3XO0903SWG24117','0PWP30W7PQ','0QY03Q6QSP639K88'),('938NH238M67V88X3K633KI8A88','8D35P9E3704P5G9M835XGQY6840545','VZ9XQYEJE784PNH','A44F3B9HTB09'),('9Y','795FL89IG1UM8NIO9Y4XSZ823122TDN2G5','J8JEKM99S1T603XA23HM26154W500R9X28',''),('AP3EX4XS58ME6B5DM3H7B875GA3JD0N3MXI1P4163D12D90AZ4YGXS2R3NBFR','7Z97','XCG19','6I8925Y82909365J1QEVBBAIS8MU3L12'),('B6304R4V4RAAB38668197KZCL60J368OR4CKMO2281B9C27A0I8UYYU4G3M573UH84PGCDMNZ62CE8E5882A5O4L5','BYNUUPX9RA0A4A2G53J5T6I15BUH','2F9DT6DH75MQ0G1X1H2Q868FYQK43V91S2F0Y83B','18VTZIA94NX948A61932E89VFB9'),('BQ360341O39AJ1','90GB5G5CP4ER6C8C23V368AH1CSP','3307JS084C2Y2WS3H9B376QRSAF8R2W86RPGX01K5242C76M84TXTCA1AX3V7ICLY6603O2CK2S8CN2291MXLB89XV3J7X5XG2OJJL8K48H8K80Q19DH0GLI5TCHWJ','W6LO5O9YW75UL3EY93EA8450Z7187E2170'),('E7120912EIP1YT195I8D9O48H3NR99LGVP2F0QD35O9308CK33URG9767F776R2H0J0JWQ8885BG6NKH647K5I5482L76O27074H2O5H088ED1CQK','LBLC661VG946D','LW9D','OC7S1W7R2'),('E9SUQ457V6','9290PF90FQFX6C1AS0G9K371I7HZ466PT7GVE3S9HPL53O48SK054E38YIY3D2VB2GBW9XY45A4965K9BYR3WB5OAOAT3','AO57RA15DJ5ZYRLKUT92',NULL),('J73','6QLGN1C63','CJM813VBLU97QZ7','GH8B7UTHXYK8N931KHW2ET423CP10SM2F8LS4SRJAD0D7M55TJUJ87ZT567Z37NO5V0PSX58TUGR5RZZ44J177ZF9W46PQH'),('K4F5I78','D6Q500JC940T4QVU','X72B9YVDVG2AAH86DG175HM56NZJ5H3AD2',NULL),('K5F4AX48QQ43WGVF5F1T835GR9ZO3VJ4DM5','79R708MWC7DBBS53C38M19EPP9E16X0B1080VCU4E0','A4K903321AO4K4LV','W94U'),('L','52MDE','TIERUY95I8P2F9L48','NGK55A679L7170V6L7C46YU7N5FSZ'),('M515TDO9BIM992N3UY991XKW8S97X5B8RA','N3708YDMB75Q6','MREO550RSB9JO21YX03N74I6PFH6S816K551019ZCU3WA41MH9TEBLLX5U84QU48AY8B20R0IZ067S2HB84DOM0Q84G72CH61OX1W3979V0426PC7TM2PZT516QP28CZ8QU7PT912U8Y7GF5FX','GC5K4F75PSIB54YWGW'),('MHK49H3377E4S9737BQ5I3I47587CWB3470C0O0','ECTFV2A9F2','7853456TB8U8VHY1T43U896703XU4794MFK436PN4686SI8FA2A618SW5128QW',''),('N95H52','28UK9T56UPS9UP24GC5PTW0ZLH1XNI5103LNXCYHZTHWULQD0D4N06H3XISR00L2TOP2UCQ7','80UU1C6','3N7N4Z3BO'),('NAW2698T3XP4825XW45989CHLCZYLB79JO79H43716G','5NJ','VJCVG3IUMWA361Z7VKR6SKK4BK2T717CWO2',NULL),('NYHB53OI50VX','OM','0N8B','QL130R163Z'),('R3XU451125IKQ801XB5P8JXT23Y391927IP88E0CZM96D06KJ0E9P8T','19U99U7E6VBUNJM1N','P28FT4K9XBS6QUJAE4I29YC4DU679UBH439MQUIY605V38EVJPV4ZVY183','DDE54NLBPVRO1W843572I15605FZ42QL1FJN8GGZEANT224JSF057JC06'),('RM0L3IG49H07HE6NC994','OIR9T3DEH306881','O','5I'),('S','A8B7I9NP8U2XV4XHE09RYBD24','JX863X78SFIHPU',NULL),('S0R0KLJ922PQSD8NZJJJMQD','64','NTNCSA11HG2T792BDJ1PT79','160P137WZ034P4WPRU0BTKU856'),('SQQUB573EGTK','1X12MW7B','DB9OUHHO08US3XUMGW35VV345','BVG80YXG4L2W49EA2VSLX54K254JYLIF'),('T6X23S02974D6M7J4NVS23Q86EA0N2IV5M70914L62LOGD45I5986JGP89362BZ7HJ9UPMA72W55L','FJP3P093G','45IMF9KS0M2S0B2I75EQI400','B96849313AX65JLE1IIY2GNTH0VG29FQ3T18AK4O8286'),('TV0J','HEMURVE2XXDW7RKA75Q74FCLAK781SDW7O5Q07D15533GWKQN01Z71I99Y759A0','0C5E38423447XSO','JL'),('UE324AXAQ987G','1U8TB5YI38','I2880Y8RRQ9MN0V5R09XL2FLE40TUQ465PRB40VJUZ9AY7Y4JABIR28XR8HAC0JPM9410IU','IV'),('UN5MAE7J640N961YK6HKR64','54I0RE5QZQ0IK204S9SS93IXK2E707YI6Z0723MCXCQO5YE3AF50776PF','RA','7B8S77V5EY2Z2RI4R853325JW'),('VNDVB9QG9E4N4115U5NJ85VZ3','Y20983HI9X2RMO4X','F8X',NULL),('W4','HWP506','M06E7UEAI92GAS2ON6Y7K9L86C8KVB32HI3Y1UWH50KBQK2574H0GUW4MN8',NULL),('YKBI852601T3K3F02M','3I25ORM6JSOGS38XA0HNERQQV77Q069F6D6CLO73WR08BII4509ZLLAP3G4OH07PRO0380T1Z162C481F','U',''),('Z','D249','Q100P3479563M55A2HJ024Q988N',''),('Z637DWU27896G11ED6P3445X1VQ128H24862OQW','HF5OLH','EB41341XNDPV8RH44V6X3OM0NM1Z9F6I','5J6DV924');
/*!40000 ALTER TABLE `config` ENABLE KEYS */;
UNLOCK TABLES;

--
-- Dumping data for table `configstore`
--

LOCK TABLES `configstore` WRITE;
/*!40000 ALTER TABLE `configstore` DISABLE KEYS */;
INSERT INTO `configstore` VALUES ('0022VRMO392','2015-03-11 11:57:48',NULL,4,702203876),('0530C5D0','2020-01-18 23:44:32','1FQG3C954ZQ98SMM242U4XS4499BG6517Q92X861QKI33U9JNGHH05WNQT7A0N6Y0D7QL3THE9RKIK80318SBOH7OC6FXT',429496735,746),('0EIZHYZ20P9AQO','2004-07-12 15:22:39','35E65',4147598421,586371658),('0N8ELJ0593X9FGIZE84R9OJ81GCTYAT4IAAS6FMSUN1BUTRAVGV598','1995-05-09 05:56:47','129FNZKEWGK228IA1XXF1EH3AX06443JC1N36',1679870065,11),('0S9Y8C5ACBN7A2SXM5783R13GSTUL','2006-06-17 00:58:37','D8MW',1811055029,894678991),('10CH8GP6FMVT9UB9T0C3223N923C77E5414MTA9QTA8500R07MO7DU636W6KGT7B','1983-06-10 18:52:52',NULL,4147598419,1573011289),('18Q03VFMZS','2006-07-20 10:49:08',NULL,4147598418,505652176),('1E01D6B00724','1984-02-28 00:45:40','Z',2240551760,69),('21G5R343O7C4697MYQ8UR46EA33DKRT2W7QDGC0782TYB5LC7462M6UI5PI08CZ7','2006-09-20 10:40:46','',3403793126,1957198307),('25ELXR8MB971ZZL2WTW62Y86R93693N14L','2018-04-19 10:24:12','83OX3Y0JZ8N170S72YG1',1250373335,1953184966),('2L1Q57N','1978-12-14 14:47:12','3M0K2A2QVP5922O04TQYEF3E2718266DZ797V79FSH27C',1250373333,515),('32OEJQ0U566K0T2NROV84E09G21KPP2D2GTDJ8564VW26J08J8T7GFZ8','1970-12-31 23:00:43','F3M97B0DO5INSC1GQC9O',5,1512891355),('3770689X30LL9U45L5EUK','1975-04-18 19:41:58','',4147598415,1215773810),('4249VB8PGANN5U1T','2010-11-02 05:01:21','KW719Q91',429496738,569663655),('46O108W','1974-08-20 22:15:38','2735T54G5PMRNPRE40B58',429496737,633464301),('4B3B6CN6O2XVHGW7AV847GK7434M46LI','1976-12-21 11:45:09',NULL,3403793127,1371620519),('57','1992-08-31 21:17:22','0D9R9F76MN7',3718101695,175737108),('57ZD339SH2P2V7CK8QACF5AZRM9T8GJBRSB950L4N25E81DF0P','2019-06-02 07:55:32',NULL,429496739,1108402495),('61PH72397','2016-03-24 18:17:24',NULL,1811055028,58),('6A48U0ET6GO87B6FMV62FG5ARWTR42','1970-12-31 23:00:03','P23T014LGL7IKD5PL9KPEH3B5LR7QC86LZ9DKAA8243RM7471D7Y3ODFOR',1679870066,3),('704Y2OLOFD3B59TM482ERR1D','1971-01-01 00:48:46','GA037QJ449X15',4147598417,232723461),('74VT35M6RSKSEQ99B9SC15V500L','1970-12-31 23:00:41','EI1P4637376K6318V9MO9L5PG432M10O5F2',4147598416,5),('79','1988-10-21 05:17:49','4L7GM9G4514V9AK9KY05BBN2PT8EQSVTX9U37P4ZJ24890K3RJ187623283G9R3HB9GL',429496734,1740438930),('80','1970-12-31 23:15:34','PFLDB51K8K95U2P6B5OJ4WN4P22',7,1462070549),('8EVY69ND2BC0X0GCN973895I4206ZIG582YS4HXQLZ9JX65E7JH7WI34','1970-12-31 23:00:21','',3718101696,1004737494),('8LLE6G8HZBZ60486Q9D3D3TQ84LI9LE90F08','1970-12-31 23:00:41','',2974296397,1687190448),('8V2TGB0MX1URM1','1970-12-31 23:00:10','R6SUM0Q31R2ON2',4294967295,2058325997),('8Y00M3K5S07K2C0V','1981-08-29 17:35:10','Z6DEDYD71D123VLTTN5W6THR6K40A4J2WLKYOXT',3718101690,1540064308),('93V','1970-12-31 23:00:06','W8GVUES752E3E851IBI8',8,1253),('A00GZA5IQ9IWV43455Z2','2019-03-17 03:34:04','AE7453',1811055030,977),('A4ZLI1733Q0S924WZQB489E3E88HMPD10707GOWLNY6CF89D1IF3FSPN3TUFKC0Z','1970-12-31 23:20:34','4G8ZPAJW9D6Q70ZE066EG93O911QWDU7I',1679870067,52),('A7CG84KW3UJP64437MG0NXB88Q208XOS7J2K5545G7VPM35982A8S0PD44I69630','1970-12-31 23:00:21','5DRG875',429496736,1150363547),('AQQD9PLMQ62A8','2006-10-08 06:19:35','82727C801W5RBE4YGPU2ZN94Z1GJ1E5AU075279B1N41558866FTPYPCH1',2240551759,1777),('D4OUJVI09041','1970-12-31 23:01:09',NULL,2974296395,996023209),('G9T8063IF0A0Z457K8858E9R1811C2DWPA275LKPS11GSQUG45ODKGGJU856F048','1994-06-18 06:14:48','S9YX9WT55H0',3718101694,1678501701),('H','1970-12-31 23:00:10','R2LV9J3O2L4WJ72D1Z1JPV',3718101691,169159217),('I77','2008-11-15 03:33:43','M42OYBC575Q2K3P',1679870063,46),('J377A36MVU71RSO95BVK749588UB2X390V91YVPUL7K4988K4YZ439XSEA8Q9KXN','1993-06-05 20:31:38','3S655886OF',4147598422,1438858407),('KTRS62FFQGGSJY6WL9F','2018-05-31 18:58:00',NULL,1679870064,1150486775),('MJES1S3VJ2D5BFW0VC9D67832T4WZJAT6I8J551O0217ASEM','1970-12-31 23:15:40','9O904680OW03VWH8QHN3WQ2D',3718101697,1630831956),('MS4J','1971-01-01 01:34:54','7',1250373334,1897474817),('RL4A7ZCNBHJ7K90L8A7TH','2010-06-18 03:10:49','',3718101692,1844741776),('RZR0','1988-02-12 23:51:52','9PWMKI5NF9UM4R02FTMRQ',9,886232273),('T7A','1970-12-31 23:00:04',NULL,3403793128,1229681685),('W801L624PECBPJ4IRKA3J6LMJS3RYREWLS0CEM4SG27','2016-10-13 06:54:06','79194487J1AZC1CR3GH8UI88531A8S4DW723FLACYE04S6R6',1250373336,194086828),('W83PI67BPZJ7BP7O995ZSJ3H8GNPP6754D7P8NH2A75W5MB78C6NAU2TN','1970-12-31 23:04:35','',3,960426596),('WPFOZIB76Z794TAP','1970-12-31 23:06:20','7VCY6799G',3718101693,743801621),('WU0J1B29WPJ547Q','1970-12-31 23:00:06','',2974296396,393573901),('Y7EZY07','1972-06-30 21:55:04','',6,1630886020),('Y84YMZVFMYWSIABX7VD7IY44V98W','1989-09-26 01:28:53','D4HB1V',4147598420,76496478);
/*!40000 ALTER TABLE `configstore` ENABLE KEYS */;
UNLOCK TABLES;

--
-- Dumping data for table `conversationdiscussions`
--

LOCK TABLES `conversationdiscussions` WRITE;
/*!40000 ALTER TABLE `conversationdiscussions` DISABLE KEYS */;
INSERT INTO `conversationdiscussions` VALUES (58892061,'1970-01-01 02:36:25',2073464731),(58892062,'1970-12-16 00:36:14',841152792),(58892063,'2014-09-01 02:06:27',8237408),(58892064,'1992-06-13 23:13:16',371631000),(58892065,'1988-09-02 06:30:01',1207383404),(58892066,'1970-01-01 00:05:04',920),(488388792,'1972-12-31 16:19:20',995),(488388793,'1975-10-12 17:31:58',75748976),(488388794,'1973-01-02 04:11:05',4272),(488388795,'1979-11-19 01:09:35',NULL),(488388796,'1970-01-01 00:00:09',990),(1218385037,'2004-04-11 09:30:14',1021314524),(1218385038,'1970-01-01 00:00:50',9),(1218385039,'2004-03-10 05:09:06',967044603),(1218385040,'2010-11-06 08:25:10',1450132820),(1647881768,'1970-01-01 00:00:07',54198923),(1647881769,'2003-10-05 17:35:05',52),(1647881770,'2005-12-11 22:59:35',67511568),(1957539582,'1982-04-29 22:44:27',908),(1957539583,'1970-01-01 00:10:28',1079095071),(1957539584,'1985-11-19 02:11:38',1608367955),(1957539585,'1970-01-01 00:00:04',NULL),(1957539586,'1970-01-01 00:01:23',NULL),(2387036313,'1970-01-01 00:00:04',76241549),(2387036314,'2011-12-31 05:22:46',1040186319),(2387036315,'1982-04-01 21:24:36',477529074),(2387036316,'2012-01-02 01:00:01',963576672),(2387036317,'2014-11-20 19:27:51',NULL),(2897405018,'1993-03-12 14:13:58',634),(2897405019,'1976-12-15 19:19:18',677),(2897405020,'1981-06-09 02:08:01',NULL),(2897405021,'1975-08-29 08:36:04',NULL),(2897405022,'1970-01-01 00:00:08',471215919),(2897405023,'2012-01-06 02:45:57',NULL),(3326901748,'2019-07-14 21:10:07',1575392943),(3326901749,'1970-01-01 00:00:10',2),(3326901750,'1978-06-20 08:12:57',964915089),(3326901751,'2015-12-23 17:16:11',729579181),(3326901752,'1970-01-01 00:07:35',9359),(3326901753,'1970-01-01 00:48:11',2),(3574583034,'2010-10-09 01:40:08',1769765500),(3574583035,'2007-08-11 06:21:23',1049086405),(3574583036,'1989-07-28 04:52:41',6),(3574583037,'2006-07-03 00:19:11',623),(4004079759,'1996-08-19 09:26:25',NULL),(4004079760,'1998-12-16 22:42:36',707464071),(4004079761,'1990-11-16 09:24:54',3),(4004079762,'1970-01-01 00:04:55',NULL),(4004079763,'2013-03-30 00:00:57',720031694),(4294967295,'1972-01-04 07:04:36',2110688387);
/*!40000 ALTER TABLE `conversationdiscussions` ENABLE KEYS */;
UNLOCK TABLES;

--
-- Dumping data for table `conversationeditors`
--

LOCK TABLES `conversationeditors` WRITE;
/*!40000 ALTER TABLE `conversationeditors` DISABLE KEYS */;
INSERT INTO `conversationeditors` VALUES (8481,'3AE65T3DS235XQ9011','7OR2N4YX',1,790020352),(8482,'90GXI8G2K4G32K20U9R221IG3B7417','8PG9UF',1,5524),(8483,'71V2HRPNW5V6EK5E5XIC5665U96F230F6HH4E1844789W994BJP0SCDW49W58140','',0,982731295),(8484,'','8E',1,8),(8485,'N956L407D1F1M50XF2XJ8OAB5L0B7FH846','X3T1LQ0QTM3304TE64U59Z12X15GP7DZ08H9Q1UCY4OLOHEDI67GIPQ48M872I2',1,7),(429505212,'I4X8P3379IWRZYRS08ML','0W0P4526E963W411Y6K46U5EK590UR0B2PMN414J06N449QLYVNB2LZ9842I9A55343DEI4VR79T75E9P',0,1708760470),(429505213,NULL,'',1,913834800),(429505214,'I','I1OZM',1,399646205),(429505215,'K1F108I','J2',0,1102507116),(1044613470,NULL,'',1,5866),(1044613471,'YAI8NWDRE754T28','4GRWHU4574NSKE644L0Y6SINZ8GGAD',0,1131248121),(1044613472,'J75MM52AP','',1,1821977646),(1044613473,'FI56854338756V3KD1SXX5F00153','1',0,2032742294),(1044613474,NULL,NULL,0,462349418),(1474110200,'1X212HQ33WJ',NULL,1,72),(1474110201,'','GTK',0,7750),(1474110202,'X6M7H9R55TDN9F0SEDJ1V83',NULL,0,9),(1474110203,'',NULL,1,731),(1474110204,'0M7K6017X971B24J0B1M4ZPK','8AU27921VGI2224I1769518H9MZC0ZH1414344D5423B4CR7K0LL8',0,56),(1474110205,'N0253C97M38','O85202SRV3',0,116879182),(1907561070,'3O087M7HJCO7K696ZIK096480G11PBE4X69224CSQH2MA3E1FZ4C80Q370OOCR63','46S732B617S798O2Q44T9UA5W953LSM7H47E40ABM6U27BH9I71OZ5Y9RY3I18USREH34831ED541OUI11BBKG03',1,4216),(1907561071,'B4N1H4','F35JH7434KD2Z92EN24A3T',0,1940456224),(1907561072,'11ML42817','6A0DO001M9PXFV7',1,297524370),(2337057800,'8833319H9481Z8VGBA6OYR98Y9QI70P765796604K4Y1JQ8D8LXHHT64O88P5Z3E',NULL,0,1728727588),(2337057801,'U51','BB16J5USS436',1,369146782),(2337057802,'1L4X2YP8F13S2U3F878N5R6VJ35H57J4O065UF84D1MU7WR4V75OZ3','93OCRY4AL6N281QPOF15DW',0,1482733578),(2727832782,'O5U38Q59Q90VB53','',0,5603),(2727832783,'99E056187D1EWCSHVBVPT8547D',NULL,1,1601412022),(2727832784,'3FCQU2D0677NPIM44C950D0','5UL399B1396',1,759873788),(2727832785,NULL,'T7R',1,2120267834),(2727832786,'','413',0,937714224),(3157329512,'1RZ3KQ3D68B669XL4SZU69G99AQF3XR3I182C74B5II32BUY0S6DD83L6Z26254A','',0,2354),(3157329513,'NG2',NULL,0,72),(3157329514,'6MU74G04EIT1IYVH72YAUD993KM54L','2D5276T80JOD4P',0,25811720),(3157329515,'36M3G7VG','',0,2108221289),(3157329516,'N',NULL,1,685241091),(3157329517,'6V3K0UXX5D94I71XZX61B7JV3M1T12PI8JIOI9CT1LONL980554Z64U0D25FFMDV','',1,850066139),(3750859737,NULL,NULL,1,748978808),(3750859738,'','C3XYSQD45M5DHQO999',0,8733),(3750859739,'Z1DO','3600TRHRL72R83688N222MZVE4',0,1851096129),(3750859740,'97YPE38772S8E3X8618CSJDF9XEQ9KN72Q4H4QD','X',1,1509949391),(3750859741,'GA8MK2D0S70XL',NULL,0,1652),(3750859742,'','BJJ119E8A2949476393223UB24IK57IDL20Z8DV2W1Q8HJKEO4J1R5I80FB23DQFX0JGAC062KBJ7HFRSA2AA841Y2M6S4O3GPI9W904',0,791065618),(4180356462,'E3OJ7TQ23OOPBS1I5I','11T',1,1289094096),(4180356463,NULL,'W1706T98OG2G7B8C572',0,1459815450),(4180356464,'287T7Y3370076RF6DRR54QG24Q0T4GU','W47P9',1,490756959),(4180356465,'50I3VH1J','9J68P8EHQ60SL714901F415V34Z7G077ID4R0A71H1549WY9W53J41303803W9YZ5R03',1,5188),(4180356466,'2484T8272XBH1448Y7CY4F','397DTO88KUWFWI242YW3XE84CB1399N58T8ID1U08NU042ELT',1,1759766926),(4180356467,NULL,'128K0A852VHYIXU21F7',1,1885225648),(4294967295,'1R62AQZ5GBUHX5G86TU6U79S64C0K25','U907',0,1170507065);
/*!40000 ALTER TABLE `conversationeditors` ENABLE KEYS */;
UNLOCK TABLES;

--
-- Dumping data for table `conversationfeaturedetailassignments`
--

LOCK TABLES `conversationfeaturedetailassignments` WRITE;
/*!40000 ALTER TABLE `conversationfeaturedetailassignments` DISABLE KEYS */;
INSERT INTO `conversationfeaturedetailassignments` VALUES (1594936007,0),(4293886363,0),(307982966,1),(1594936008,5),(2582625747,6),(3012122478,7),(2582625748,9),(1594936011,19),(1594936006,89),(2582625744,97),(1812081620,466),(3012122474,570),(307982964,723),(4293886365,916),(1812081618,1078),(3012122476,1088),(2582625745,1473),(1165439280,3975),(3864389638,4797),(737479697,4835),(1165439277,7213),(3012122477,9480),(2241578351,56630097),(307982965,153818456),(3012122473,158513932),(2582625746,205401625),(737479693,318033998),(3012122475,404182494),(4293886364,431174232),(307982963,488586339),(2582625742,604580202),(3864389639,645134951),(3864389637,746463803),(1812081622,751207998),(1165439278,826045025),(2241578349,838410887),(1812081621,939464614),(2582625743,945312670),(2241578348,995612145),(737479695,1315107785),(4294967295,1318208129),(1812081619,1374496087),(2241578350,1493538717),(1594936009,1542279070),(1165439279,1558978793),(737479694,1579867933),(1165439276,1728116079),(2241578352,1827727082),(737479696,1902771575),(1594936010,2034064058);
/*!40000 ALTER TABLE `conversationfeaturedetailassignments` ENABLE KEYS */;
UNLOCK TABLES;

--
-- Dumping data for table `conversationflaggedmessages`
--

LOCK TABLES `conversationflaggedmessages` WRITE;
/*!40000 ALTER TABLE `conversationflaggedmessages` DISABLE KEYS */;
INSERT INTO `conversationflaggedmessages` VALUES (217779584,NULL),(1138966203,NULL),(1568462934,NULL),(2854733262,NULL),(647276314,2),(1954100805,4),(4224074475,5),(3284229993,40),(2383597535,57),(3794577747,74),(217779583,92),(3794577746,823),(647276313,4475),(4224074472,6490),(1954100808,7394),(3284229994,7608832),(647276312,83646849),(1954100807,165867897),(2383597537,215861695),(647276311,216647144),(3794577750,303754745),(2383597534,376046385),(2383597536,415203054),(1954100803,507682830),(1138966204,512115723),(2854733264,688004402),(2383597539,820498229),(1568462933,897692864),(2383597538,909518928),(217779581,989399235),(1138966202,991257842),(3794577749,1084616788),(1138966201,1139304188),(3284229992,1144095068),(1954100804,1154945363),(1138966200,1224826603),(4224074474,1429392640),(3794577748,1492573691),(2854733261,1574138445),(1954100806,1596600009),(2854733263,1708660137),(1954100809,1813950030),(217779582,1888950706),(4224074473,1912769726),(4224074471,1955420138),(1568462930,1994605502),(1568462931,2008594846),(1568462932,2016896135),(4294967295,2039066987),(2383597533,2133494303);
/*!40000 ALTER TABLE `conversationflaggedmessages` ENABLE KEYS */;
UNLOCK TABLES;

--
-- Dumping data for table `conversationflaggedmessagetypes`
--

LOCK TABLES `conversationflaggedmessagetypes` WRITE;
/*!40000 ALTER TABLE `conversationflaggedmessagetypes` DISABLE KEYS */;
INSERT INTO `conversationflaggedmessagetypes` VALUES (1646407248,'0CL'),(3386120253,'0E9RSW'),(2565064225,'0XUGO1I67V6055098IO8ERBV8C4'),(2956623525,'0Y97ZQNN71U32JMLG'),(2135567491,'1712R5RBTT5XVE53D0'),(429496735,'1T75171628JLKI'),(3,'22K2QIHOVR5Y'),(4,'2M0P15'),(2135567492,'374VA7273'),(2565064221,'3B'),(4113922838,'3CJ27'),(1646407250,'5C72GQJ723P92G2H5X3'),(3684426111,'5W6G412NREAW3TGRZ3VLGJVD'),(2565064222,'65D468J4T5QLC6U2V16D56K6MDX7'),(1216910520,'66K'),(3684426110,'6GDP7XV878211BG49UL45776VWWUMD6BB6W88M87CUHF503I1UZV19N6ZS6S34'),(3684426112,'6S2148BKDJ952FMSR2DZ126AU4GU60U5D73N156431Q1YQ3WNKV1J'),(4113922836,'6W0RH'),(2135567493,'72FNAU2D8BI'),(1216910521,'848J9M032925SR7'),(3684426113,'934J4E765QZLVW013XD508P1V619R85'),(1216910517,'93JEDEPX8CZO6Y'),(429496733,'AC2U3Q'),(2135567494,'AQLB7X85NN0411A30I1X4K82I372XA0HN75DRY'),(2135567495,'B2XUFA0POE38B'),(4113922835,'BP9X0XD8XH555PI'),(2956623524,'C7PC'),(1646407252,'C7UE44'),(4113922834,'CXKU34KW76Y70T6J'),(3684426109,'D4C7CE05HD'),(5,'FT7CFNK0F95OD612PZ3A2ZGY2ITK04K4AD7S'),(4294967295,'H019T4CJGI26FNS'),(2956623523,'H96RHRR0K2H2DF680ILH9PI9MGJ99YUKJIWS38'),(2,'HEJ'),(1216910518,'I1T9EANI0'),(2956623521,'L1'),(3386120255,'L11I24LK46481GJ866816658VZ4HT8KZL7C2R34472XROJESGY3CV4'),(2565064224,'MZAL6169W900N8O23'),(429496736,'NU67KZWH8CF31'),(2565064223,'Q2QFZO0468TPLE4D6EDX2OPFYT97YDC71N2A69PRQHL7DIQ563D5A'),(1646407251,'QU148472H1204ED58'),(2956623522,'RIGXO32HN'),(4113922837,'SS5LAQVUH7PSKR2N897R6KHP1VE5F2VKI28M08497N6M6J6Y61M4T'),(1216910519,'WA035UHU608PVFHK595JP'),(3386120252,'WTS9070ZZ3S063S29X2F53F'),(2565064226,'X9OZI8K3MF6PTAPHR7Y11836N5X'),(3386120254,'YIWG864J0P0GSI45EX1'),(3386120251,'YO6'),(429496734,'ZEI2D4RP833B9J9T7DV0TDNAD34NER2DJ70TBSJ0YWU57474482'),(1646407249,'ZV1OO286Q2279HQD');
/*!40000 ALTER TABLE `conversationflaggedmessagetypes` ENABLE KEYS */;
UNLOCK TABLES;

--
-- Dumping data for table `conversationmessageattachments`
--

LOCK TABLES `conversationmessageattachments` WRITE;
/*!40000 ALTER TABLE `conversationmessageattachments` DISABLE KEYS */;
INSERT INTO `conversationmessageattachments` VALUES (127576644,4,1887774684),(127576645,204529052,1925352065),(127576646,NULL,2006813669),(127576647,276944016,265897086),(127576648,290939373,836538852),(557073375,7,587902787),(557073376,713716113,180412821),(557073377,159792171,2002413151),(557073378,NULL,757),(557073379,2110796545,195265711),(1112493514,1365771284,581869073),(1112493515,722635373,NULL),(1112493516,NULL,NULL),(1112493517,NULL,342154851),(1112493518,1385748597,1328398831),(1112493519,8,930072359),(1541990245,546243598,429190935),(1541990246,4001,1355758751),(1541990247,971,854713893),(1541990248,1554700566,281),(1541990249,6,61012287),(1541990250,402,98469448),(2096119988,977432446,1999795747),(2096119989,1238511610,4),(2096119990,8329,608383443),(2096119991,271633976,262305723),(2525616718,NULL,187845880),(2525616719,5278,334578631),(2525616720,434030811,7754),(2525616721,1779959799,1914103941),(2525616722,36,1811648168),(2697343599,1897198016,NULL),(2697343600,912,1968800523),(2697343601,1510953975,813647928),(2697343602,2007867797,1399030206),(2697343603,1716928424,NULL),(2697343604,1095256392,1821347744),(3126840329,1751744063,154416224),(3126840330,92,3),(3126840331,276075299,289),(3126840332,1616657579,NULL),(3126840333,527819505,1033336529),(3126840334,17,5471),(3724732295,848339304,NULL),(3724732296,6907,579945390),(3724732297,4,319067009),(4154229020,1052781216,391046780),(4154229021,573050619,2035462584),(4154229022,857726726,1162674755),(4294967295,151289568,260);
/*!40000 ALTER TABLE `conversationmessageattachments` ENABLE KEYS */;
UNLOCK TABLES;

--
-- Dumping data for table `conversationmessagenotifications`
--

LOCK TABLES `conversationmessagenotifications` WRITE;
/*!40000 ALTER TABLE `conversationmessagenotifications` DISABLE KEYS */;
INSERT INTO `conversationmessagenotifications` VALUES (13,221044478),(1121516034,221044479),(883429499,221044480),(44,221044481),(1588541343,650541209),(1428135160,650541210),(506447684,650541211),(942015148,995163654),(2001306977,995163655),(739476083,995163656),(344193383,995163657),(1452663502,995163658),(1037751515,995163659),(2043733057,995163660),(770,1424660384),(1,1424660385),(1059291829,1424660386),(868095639,1424660387),(1431282167,1424660388),(649472021,1424660389),(1292745577,1424660390),(5,1424660391),(1807250613,2104012461),(695570137,2104012462),(11394173,2104012463),(1141336471,2104012464),(74031700,2533509192),(169655876,2533509193),(187859362,2533509194),(75476802,2533509195),(73415443,2593735084),(44241776,2593735085),(63120335,2593735086),(8,2593735087),(60949542,3023231814),(110956930,3023231815),(840,3023231816),(938997482,3023231817),(2,3023231818),(414911987,3644458535),(1034129925,3644458536),(177166033,3644458537),(1157404123,3644458538),(1929546178,3644458539),(1157197291,4073955261),(1414310809,4073955262),(895,4073955263),(205824644,4073955264),(449179992,4073955265),(545,4294967295);
/*!40000 ALTER TABLE `conversationmessagenotifications` ENABLE KEYS */;
UNLOCK TABLES;

--
-- Dumping data for table `conversationmessageratings`
--

LOCK TABLES `conversationmessageratings` WRITE;
/*!40000 ALTER TABLE `conversationmessageratings` DISABLE KEYS */;
INSERT INTO `conversationmessageratings` VALUES (207020874,58,1918595205,_binary 'xd\FG\','1975-06-26 08:36:08',740669801),(207020875,1210960301,1597722267,_binary '<q\V\\nd{\\&BJ1\a=	c-OA\\\n\Id-Y\WuL\','1970-01-01 00:00:47',913746187),(207020876,564,6,_binary 'oP\'\0l|\\\ikM\Tl$&^\n[xAr2\ZY[\\n','2006-08-12 15:28:59',788558012),(207020877,1460224588,347146192,NULL,NULL,1564250660),(636517605,1,1211987664,_binary '\@F\n\&\\"P \;q\\I\\ 9c7Gc\V7pE	(hSG\\0\|c\\' \ED\\r_\0%`W1\\F6I;\\n\\8\\/U\Ac.!3\0\\z','1970-01-01 00:00:42',210),(636517606,NULL,5,_binary 'J:+\0F.@J]\\=\	H6o!Oj\o@','2012-01-31 21:08:15',469),(636517607,1677492580,1844139490,_binary '${\"\\\+9t)\dDrZaVX{\9T\FE#\@q\\{O\3\oY\\_	s\\"\oD^^Q*:r\,_\|W\~V\\vo:<\zW7|mK!\"I\0p\07bCbiu=7F46\\0?S\']Jp;&','2013-10-11 03:41:06',575901902),(636517608,1566284721,1636491413,_binary 'X\]0GGm\}b\\rp\y\\@Dsi\rF/yE15\V\`K\$|c\W|6\\EBX\','1970-01-01 00:01:38',273170942),(1072784093,1706104034,674,_binary '\0I\7b_m^\*`\ZAZ\J{\5`0*ML^\Z\\0\rsFWv\W2k\)t\\\\?s?;l!&\\c@A\T\s5b\\\\@(4:(a$wx4\\\x\J4\B\"x\\T\\','1979-11-27 22:50:26',1567845234),(1072784094,9200,600872113,_binary 'EJ\|\\4\ac(QG$QX\0\|\)_<D\D-lsi\\ZY5;Ji\\"ID\I\r\\"\sT\r7-iz7N\]cc\\a*\nR?<{Rb\\L\4D2(28M[PEzT\\EJ\z','2019-08-20 22:34:31',66247362),(1072784095,31,1008274765,_binary '6]\*y-\vLi	{ZkM`\q\V_Z;M@A\o\\'\0UQP=\M8','1970-01-01 02:13:36',69),(1072784096,NULL,611,_binary 'KuL\	i\a7IH','2005-07-01 10:13:07',42813057),(1072784097,NULL,1967891376,NULL,NULL,167824807),(1072784098,641,802179427,_binary '#Ry9T6^T\\h@SF3	9\#\\=|r9\l@H`af+\6R1mr\\-\S.>g\\},\;k(C','1970-01-01 00:00:01',154214124),(1072784099,57927831,26,_binary 'K%v\+\CSE<\S\^|@P\'k\\l\\\\\\Z_%(1(c{\0!`\DKh\ne\fXS\t}Y\0P, a*<J>fP\,\jd\\]\C\nY6]\0\Z\3\(3;M\'8\i\g`	\','1991-02-28 00:41:52',1563157393),(1072784100,9718,8,_binary 'G\3_E\0\g\;Gb2?b_XG\9U\Y	gv\/(<0\DwRgB	=	U(','1972-10-07 12:34:48',766562203),(1072784101,1898776980,851431806,_binary 'ib\"L_	\\B\aUhq|Y\\n\\\(E\0\','1987-02-27 09:10:20',7064),(1502280823,26,42,_binary '\q\F_','2014-10-23 15:54:24',681712840),(1502280824,8,1484166665,_binary '\/\F4\*\~Z-@\\a\0MH2<\','1990-07-01 04:35:05',298694916),(1502280825,1737206560,388494071,_binary '\HB&<\"n\\'OU7if\|2<LjrS\0Z\\ZU\0\\0H\\2oG=A\KM\\HUG\/`Q','1993-06-26 05:21:19',1253718032),(1502280826,982,1669502558,_binary '\&eoq(w;Hj\Z`\u\r&/\\9q\\,&\=-\+ZR\\G\\\\YcR~.7\"DYB\\7\\Z\;N6AlXux\r`X\\V\n\qwy\DT-\e8`\7OUB','1970-01-01 00:07:24',1607063717),(1502280827,NULL,124687025,_binary '4O}=>		FuS\\+Gc5\.Q`/*\<k,\-v\uhYt:~H	o5z:@\.]^B\J.\Za ','1970-01-01 00:58:48',31910222),(1502280828,47,863,_binary 'm3\fFf \\S\\\/9u	Ds\\\{&cCw$\L?V|	\GBU$(w\_O\~]	\A\'\\O\\\	\\'xMV@E\\\\k','1970-01-01 00:02:42',623),(1502280829,1407751204,1465780995,_binary '?US\qI^ 20-\`%\\brF#>7\gC\ya>\ \ps\\\n$P\[!\rF/9ntKuiuX@M5q$\\','1989-05-04 19:27:54',1521654100),(1502280830,204108086,0,NULL,NULL,757543627),(1502280831,370705112,741,_binary '].9\*\Q\','1983-03-31 00:32:00',19),(1879652007,1186831641,451,_binary 'B=tT<\[\;\\24S\\0\0\*\:\PV+6\ ','1999-02-27 11:46:05',6),(1879652008,NULL,1337014648,_binary '\p\"b9\:Tj]\3\\N+VZIA\/Ti[>N\0*Qd\{\n i\&b/1?TH-R\u+\(\8|\hE\\\\ *gVFmJ [D\/\"\\0)\','2010-06-08 21:17:27',3677),(1879652009,1554346200,1132961790,_binary 'aQ\\\\-4LNh	\Ux	a\\\\0%\0a1\'P.{j','2010-04-17 02:42:56',1066668728),(1879652010,3935,2,_binary 'LT \\;l	\c	\2\MI4*G_\\\	@a~P\q9:\'KXJ5\','1970-01-01 00:00:09',1875833943),(1879652011,NULL,8,_binary 'etR\\\=\|=tUQ\	1n&3{?AJccLx\80','2000-07-23 23:24:18',840147850),(1879652012,1658,819744581,_binary 'j!L&#\\?;Bm\'!*\7N:\0\ q;B;4\r\7\v=Z','1992-03-01 20:13:58',6029),(2309148738,1348,7,_binary '*R7\@\6\]6x\UMl\Zts0+iz\{@\+\o\r*skDc\!\r& l4<<\=\%	mA17\?Sy\X\Zu[\\'\\r\c]{/@\>8#\\BE\','1970-01-01 00:00:02',175031269),(2309148739,102260509,949206433,_binary '\\\rER\\"TJ}1\O\s$q\\\9CA\:h\<;H\H\u\k/ys9o\\\y,\\3?5B}@\-$u4','1970-01-01 01:49:42',39799347),(2309148740,NULL,1366158401,_binary '\\\8qK%\G\n-B.XJ\\v0M	~WAR&m!\nw\\b:EqshaC%DR7{\W\x\*2uI\\\R[	o=\0u\GijS\CW','2007-08-07 20:10:58',1822681951),(2309148741,359628191,267242214,_binary 'kU]<\K\n1w#\8v.a\A~\\0Tuw.','1970-01-01 00:00:01',7604),(2309148742,509,1234256516,_binary 'P\$<\>,allLG\\d\\ =TD=\?\^ZPy5<\\DQ}dYR\QL25\\/ Jt\?;JcgsG	sY%(HK\0F	\o\\0\\,l\ 9hYa7\	\FxRj(','2000-12-25 14:58:49',3),(2890755866,8743,643582196,_binary '2','1978-12-16 17:49:47',1210904975),(2890755867,917548189,2071987793,_binary ')f*LR`Q\'[V\0g	r\8&<','2010-04-04 01:23:21',1),(2890755868,934093645,507846170,_binary '\%oK\\'8\','1970-01-01 00:00:01',149676781),(3320252596,651653720,381111592,_binary '(@:K\i\\'~\\\\0\[Cz(\n\\ZFE&9','2020-01-07 19:34:12',448),(3320252597,6,1701349118,_binary '%b %[K\\\\\\%$X\3\:\h{RZ^\\<p\f]\Zb\\\Z','1971-07-09 21:20:01',2097556002),(3320252598,499,8,_binary '@1_	1mBQo\V-C\wN?@j_\^\\\ZKF8h]6H74qe\6N\T(|m\'{\7Xk\nc:9w)4K% \KILF+N\','1988-05-15 18:47:18',6164),(3834729651,1552938001,3,_binary '.	\\\[#hX\%\N=\Z\!hO\:B\F\\Z\K\\[M-	\n\'S\qk?\	EB\zc\\\G\c$i\M\P$','2009-11-08 15:19:27',9),(3834729652,NULL,1484203566,_binary 'a\rP.Wbh-\M	zH6\3\&?G6Zv\md\\?\0!	]A\\L','1971-11-21 17:27:56',2220),(3834729653,223429850,1777321937,_binary 'D<CK','2006-05-29 23:32:45',9),(4264226376,7,1965181456,_binary '	b=	\#z\z;X:o;8]dU\i=@\Dz2','2016-09-01 01:55:45',759686195),(4264226377,4359,823174467,_binary 'e1\0\\nx','1970-01-01 01:11:42',186124346),(4264226378,1146916780,1560339145,_binary '\'!|jfEX%I\A\Z\fpw&\\\n\.\$x\Z.wA\9b\L\4h\S\\no!\rEP	Y\4\m\h\r`O\?e.\ZC4$\"\\wOW\z0VY\07\\r\\cx5W\^\"	$UiX5C%7U\h7h!D_a{!\','1970-01-01 00:01:40',1063209084),(4294967295,1315488876,845704148,_binary '1\S','1970-01-01 00:29:03',374792005);
/*!40000 ALTER TABLE `conversationmessageratings` ENABLE KEYS */;
UNLOCK TABLES;

--
-- Dumping data for table `conversationmessages`
--

LOCK TABLES `conversationmessages` WRITE;
/*!40000 ALTER TABLE `conversationmessages` DISABLE KEYS */;
INSERT INTO `conversationmessages` VALUES (26615001,3,642937162,1433897775,2143366288,'','31R9A8N10G52',NULL,_binary ':zxs\`;	v\7pu/\\	 ZaZ+!I*W\f\{ejy	RZ\i1\r','',2048864122,1134813622,'2012-10-03 19:45:15','NNF74R','6345U4BYS5T8E',0,0,-2415032491881583453),(26615002,344241198,20,9932,547067604,'DT45E4Y8GQTRA9678ZBS3','V1W59J931JCL734','JE28FAY198B5Z1Y96L8QYEBNP36I16NM07V0W20E7DK2',_binary 'Z\\	H\h\FU\Z\UX\b\'-\_\D\e\O]\','876AOV1V1HV50F428HDVZH6YA86BDTF6EV',287,1362401715,'1986-08-21 09:14:26','6W2US0A2VT426SJ52MCZB8WCR5PY48Q231S8','',1,1,-253131125266858390),(26615003,1846020628,9,788554965,1333563957,'T247733KP96CAMXLLND08','M0RP4','7SMF490N',_binary '5\"ps\\\O&!yUs3\\Mb udN4\ \1c\\\$x\s5tOsV\?\/\!o		j\0i\cAy\','5T9RG2TT0QV5B31W2LQPF61S9Q77NX2X8404T4R6V1E0880',1112796468,20,'1998-09-28 08:54:19','9U39CXT','3C8NFDX969W48F29N6COF3NXY87Q',0,1,-7891153006596727628),(26615004,1825,47,8832,598423936,'CLP','W70WL','7',_binary '',NULL,853453549,1033890577,'1992-09-17 11:44:56','46WND0','U6D78ANRZ13H7EP1JC',0,0,-4856088300645111691),(26615005,966,1905131832,1726342092,1563294236,'RW',NULL,'M994555225PUE5X9MK5SB0489JV584',_binary 'A~G 8BM\G&4\!uY\\\\0u!\M_)5[\U\2\\\#K\v,KWHA]#\= \\\0\0KD?(\\\,\'%[7@\*,','EM',485,680,'1970-01-01 00:00:05','QPWNX68M684YKK3E14V9T58365177480D605L62T6OD09W74BH756N30RZ58CAMS2791Z6S7594DD320BLQJS55C2731ZP0','2GVD83T431F93T6TW5UO587PKCO0OGJI05L2SQ110O873YIB9A9P46LL8MGHY',0,0,4),(26615006,59,109394270,5,746287336,'F3M6RQ4Q191','','FR988I23',_binary '\=wm\h\ce\Y0\\"?N\i/M\\5\_B-U\_\%fg\|\I`\0','',940,0,'2001-12-14 14:50:19',NULL,NULL,1,0,-3315415453197787333),(26615007,1166845020,1229258739,85,758748674,'','16W7F4',NULL,_binary '8\07\ >ezG-=R$Fi5<Ym\n\Fg8BdO\\W@g-	\iwSh_mV,\c','9FYKDXV611V3A934PO2FTQ73D80YAQ',1984174313,63,'1970-01-01 00:00:01','21DEUPW','G0YA9V64D3RBEHUD60BX4',1,1,0),(456111732,245,5,8691,1673839348,'135Y3SRX7K2',NULL,'43FR81COZF4TJ9E9GKE3Z88M',_binary '',NULL,1338357409,1207118703,'2012-07-22 20:57:54','K71T1F6HC00352481QNS1DWS3V4QBR8VUQYN4C29407T7H0SN6W6J446O9P915JFN2IR8','1H3K9Z10E675H3T06Z65022Y1A147779BY5FR0QJJ',0,1,-3573121396107687941),(456111733,852322222,696,1804818091,2114149420,'4PTOGHMGV6T680E74959HA5JSU9','','2B6K7JCHRRO63JD022PSLPA1XE8D1L38JPM110J60444Z5N92E4E07JQUZ8F98X6I4OI17RX3370B6S6IYHQ2I97EKE93H9DGVIQAO8GF8O',_binary '@oq*	\>M\!.9$?qIu\!#\0iq\Z#\\`bgF)\IG9f^s\;\\\bW	\\/1.\B\\0\>\_2S^Z`\'Tx$\7\Q\T.J_T\0Ls\\\ +7D;?yk98c\\6BG\y\-{\>lS$`','7D6BR3548HG',42,50,'1971-11-15 01:29:52','69W4Q19GEZF4E2JB1583CQ503T','W8WCS859535B',0,0,-6160210452273538832),(456111734,6,1756590706,81,2128042182,'QPK995','EW1UZ35Z2E8EI80I99D','R9SJAP88',_binary '.Q\cH','1FQ',92,122758946,'1989-04-11 21:14:23','T3','',1,0,-3960629607546735868),(456111735,536239099,740312244,20649818,505294136,'26OQKP2E56H320086WGC9180PGH','B77OE71200O862COZ6EIB694R31','P1E87VAK9127GSHU2V6X',_binary '\','1JOX29F96N6MHMV5CSS54C7962U8784FPJ33O1YDC02VUV0BUP05I',1083,1,'1983-03-22 21:07:08','IHE1','74FVYO5BQ0FYO674',0,1,-2113987820513591000),(456111736,72,76,772640520,1582282094,'','','VLBQG7B8714GV5HWA6KXODJGZGALI4Y1YXOKGT6948125L16RG06AXG38XT7ODDG9PM07388JA52324TJQOO2Z4R046M168P527X6T4LGU7',_binary '\@JAF;\\Z\\S zF~\.\$\\'&4\Z\0hdBD]jCu\\*{9N=\E-Picyb_\05Jz@U\]o}O\\M=	q\"\\.Tu\	RD','7X0DH29',1648117406,1936367500,'1995-09-28 03:40:01','JFG7M8M2RR25RWQZ3G5',NULL,1,1,-8530649937374953456),(456111737,45875424,1934311031,714578086,14,'LTL1WS82489KS022DW94A92P82WQ65RFG55O0979830YV914UX1E08Y95763L837ES751PJVM60G1VZ45MRY240KYF9U9DMYTK5Q5799XW39LGXRA6O3CSV5WV6RO2T61JPOE3DUR4RE3E2VYCKT39','E5XFAM111R79A3TK0K6V2SC25R9P3ZQMT50IZW99V',NULL,_binary '\"\J\#,\\'y6t\	\+=\rT\\\Y\]xBB\0F5Oh]\fc\0F_cf9','O00F43IQ6B9HEQDW3TZY1K7R77FR79U7I',6162,5,'1970-01-01 00:01:28','A0GTDR7JKJ2F4ZF','6NA09401UPWL84FI5L262K5917QH91S1X1UF',1,0,878),(1019837886,1793269896,1885163206,914245688,452,NULL,'9V2LE8MH31J','RB1472UUOGI3O9UZ1C',_binary ':k\\0\w\xU\\Z[\ZPZAz\Z&zjJ\XH//B\2b\1^D`3]C3Z/.d\-(\47I*NE\n*\:z\sP\PM3G1]r\G(DZoc\]\k	T}5#P',NULL,1030512112,2008011035,'1980-12-06 08:30:56','5G6','3L64F',1,0,-6045757438978228936),(1019837887,1937609379,745,9,90,'TD4H5751NGD8224582X4HP27ZG03WT3IDMY2MEZ8780FCS3UM7JSH4S80J9XH9','60P7','B9WK3SM5YC35309',_binary 'v;tW@S\0\/Ew \n\b?\0\r$%\v\tD	\rO\i	bA$\\7;H\ J\n{\!tznA\l\!\\[y|3G','',505929032,1318945894,'1970-01-01 00:57:07','HEY1WN28GWUM677UMMEY08540Q0G2258JYAE780NGH97U7','736J0Z2L5U5S8P6',1,0,-342),(1019837888,1568381739,644,1862898803,1814615395,'5383M484YS533930Y6Z74T429QF32M0','','3QEYRG509Y91QG7U514UJZPCR7CA1U56X09H27H85GI8P5WBQ7BOZ35KN9X875OHXD50259Y0SLUBUIP0X9O7W',_binary '\\O`+eu=\I\\1U*\!HN7\\X\j\%i\\~,Wg%axuV>E\"\0r,SewF\'oJK7}S','F7',1099920958,303752457,'2000-04-05 06:23:57',NULL,'5Q9176G82',1,1,-219031996256182649),(1019837889,1164482639,1474423982,900,401,NULL,'CP6YN7BQ1YEGL6F6FSPFZ0NU1V1562Z89JYFXY7KAV6E','M22873',_binary '\E\n2\\\2=6EJy\'D\\'h<P5','O84FTQTCBJ6A2LU4HHH',2,1982071604,'1990-01-03 15:39:41','T931Q056WKGW8970CI79A60UAZ2S21A87X259P31P92P0026EK91IJF0FV2X208XS42C4373','1WZU1BVZB64M8VIOLH',1,1,-5314244042387253909),(1019837890,2055658947,39,1436288207,772579146,NULL,'65D','89LD316IESO973Y9JRNZ458XUZ286026W9T26J',_binary '\0\\nC:\\US\^\Z.\b0\\~+\\0AF\Z\[Zf-A._-!{\r\U\"@[N\h\\\D\\','1BA9L1BK9O3168098W92YZW2UG',1740566189,338478557,'1980-03-17 07:23:17','DWE566MWW6A74IMYU02J399IKB794P','LRMQX0',1,1,-7285051057577924547),(1019837891,41,14,1033575473,2040028687,NULL,'','D4UM',NULL,'RAN78OYL946PNYJ56JTHXOU',3382792,467004865,NULL,'840K99I','',1,1,NULL),(1019837892,1596553840,1068738906,99,2,'0QIQT21','0JPLKK69R2ML96RGT8ODN06PJ8T2YZ','987M7TWBD9JT9',_binary '\\&6!ngo\^I~\X\\r','7TCZQ',43,1122472298,'1993-09-15 23:51:59','4WOA995F0HL6CM7XAFA1C3Z499N11Z',NULL,1,0,-658166979871040728),(1449334616,0,956,323935479,1293493722,'25','354',NULL,_binary '\1\r:f[\n3kV)$(o0=;W	\(\0tDT\\	\V+8aZ\&b2\[\\\R\x8\\\\.WJ53Z\Z\\\nYT?;<\\%','WBW8NQG8B319ZUIQ4LX6SZUFRM0MW63SYWDF315526GRD8S23',115568318,452,'1973-04-19 10:20:46','80965AM8B4K','19I58U1452AJ24433EQ7CO9I8QPHZ5V302UB1TR4J5G',0,1,-7297167863898439092),(1449334617,1287544592,967768684,3,7593,'91794OY88690GZH0','0C6DJ60V5B4','W4TDTJ53E6G8D67X80TS998SC11V69',_binary '\\B\\\U?n(`\\J=x\BnzbP^yjgP[B)	95ux \$\\q+\\qeOc\\\05_\G\\"=Es\3',NULL,1043919187,457135448,'1970-01-01 00:49:03','G6Q607CJVUL0RX','40AWE611',0,1,-294),(1449334618,511,1939182004,425799133,1835909586,'8H1J4AYFO43JKB98RU8T86U2U216B279VSK8F478',NULL,'UI0247036AZ0C421Y18O1Z69TE5R0F9BK4M1HKZ583007ZNF17EN8VRQ37I7N7ER6MW6M451U2CRNICVQXON28C026J1M9T45X602JEA57',_binary '	`\Civ\	\\\]lL>Dmp%	\\\8&\','R0930B',2062168768,53,'1979-09-21 03:29:20',NULL,'69QMM6FXPNDB61WKO53Q094H',0,0,-8648364544868047776),(1449334619,95025914,1675888470,1130336745,2030992267,'TS5U7H80976','13Y86773359SH1SDL8WLNH9323O1',NULL,_binary 'g2\'T\m\\HTA$\\O','8395H4QQ5U60',2128532232,1630740433,'2010-06-07 19:40:46','','X37WOI43BZC064D715N0GNX0R82RXR59D4N93B9FJ51N',1,0,-7838142291064899165),(1449334620,6901,1168006309,443308226,703,'',NULL,'',_binary '\'C2:%N\\L\\\?GJ>>\ZPU-\R\	^Q*Yi\Y\w\N\9\\\02\+\\\M\B~{\B&YL\V=Xt,IS,*46s\T\&T\N\z\"zL\Z5LS\nz\"\K=*Jsv@\D2i)\"','0H6',1581245209,91,'1978-08-06 22:01:18','5CJJO','3Y2',0,1,-3754335958511388214),(1449334621,414171568,4,858804253,1242569646,'8N4352GS','49E87EIJ','EA35PT4V87GM51ZV077DEV521YV9O93FWB20OJQ535T',_binary 'T\ii\\b;\`\\e\H\6D	cO\CV?~[p%\[[xGF\<-9[\nuw\\\-=\u&\0J\r\ ;c\\\Z\\\1>.\EV{L\_5\<M0C\!le\H\0%yu\\-\p','',711858071,844374511,'1989-12-28 20:32:29','W32178S6B15BOYQMB27JOH4Z0138VBZKP7135F3111B','43L99',0,1,-9220629557826930269),(1449334622,1731296128,747329366,816168732,776509405,'M0M4F','I0JNL1O00XL7F0IEGMLPP',NULL,_binary '-\n\G]I3\kp\F\\\\I\<8P\dF\S~[A\\\	LZR0U<YY\"4G)5{\Pe\\8_^\\T\\03GNJ?	\	k\\5(mGaM\P7UM\	\J)\Mu\'','5',1849228127,828898473,'1970-01-01 00:00:10','M84VGX','0O1EB514716M4FBI3741CK',0,1,9),(1449334623,1497735140,303905448,18,1678849848,'135621Z2OV5I2WE024','5G8CXIXF1P9PGW73NKYE142A','69Z0VA616PEPQN10KAM7X758342EPE091890V95EJH1JK8YVIORQCLC3342',_binary '\\"X	#Oc\n;;b\\{X\\X`\\\WM\0.S\'\'kHt# E+kf\.X\\0kl\\_\04Nm7Ek|12i/O@JoLc\nqMKj	$\Zq\'\N\r\Q,)\kqZ,\0ZS\"#A\\\\',NULL,38456251,1448057526,'1983-09-16 01:03:18','ZWWP1DMD6042J2F',NULL,1,1,-7995357503734004166),(1734193597,1607257828,10,455348499,4516,'BQV710DXJXBZ2B2989I1PV92O41WVR','',NULL,_binary 'c\(\\	Db^\do+s8\-gav\Fz\Sux<a!Hik\r4-W<r\	u)^Y	)C:p4&\f\','',1550551665,486110305,'1970-01-01 00:27:40','5C','YCE',1,1,-1659),(1734193598,1190192804,1128360390,2057,7515,'','GGDJ5D1V8H6V6R','PR2EF184S2X2H37A770FY7G712GTJ77A74G7J15544LI5LFZ1N2O20876DNG77H520Z92JPI4GGNG7986882BB410AG1FJ612LPI9V3YO3O8037T43X135H9C10DHS0P7RFO0788Q3QBA3197A9F130O97',_binary 'UXAc\o\\\','3M',2600,47,'1990-02-16 23:50:08','','NSZO22G2MBL026FAWLDI7T148V6136E923E01',0,0,-436808438763970059),(1734193599,127799657,1232319322,3619,2,'1XI4B27X1D928193P088','13N33O9G','2NT7O4C19L41FX',_binary 'Z\"\	>\/\ \0\-Da#<fas Z\.[MuJ\n!,Uu\\\t\0\6<cm$BT#.\/4\\P\0Z%\	YK\e1\0\\\Z;\5\rV\\?','CD3X',698,6069,'2001-06-08 10:06:11','KWLNX23',NULL,1,1,-1128734815090381081),(1734193600,62,261519380,1209132129,1196907960,'P0C2N5Z1O84C2Q7F26S1DBMSG87FPYPDGL310092F30YOQ6M1MF37LWYQHQEDK84508RTE6JZAQ2K655M6A762H9J1G4H6HA4WBO5P33VCR7X8OJS6','4N7L1A2G1E77EH53DKW79E0','',_binary '\F',NULL,1336897066,1358416262,'1970-01-01 00:07:17',NULL,'4ZI93JQXQ94V6P1SJ46JS97W0F47YIS0MP98',1,1,-43),(2163690328,346216858,918,2,1462473737,'49J89AQZ9N5W612OJE65OU3A35OH51KT835X7952GZ6JI92FC580H50ZRJXA96P5MLE3N9B',NULL,'',_binary '\"\m[\',NULL,100584727,937481655,'1970-01-01 00:02:38','A4','',0,1,-1),(2163690329,1906543412,934048092,1330408178,5015,NULL,NULL,NULL,_binary '6\PU+NW. 2-)\T\X>J|\nAr\|n\0\E.\','4JV27X0729ZBO9XW78PS',282895145,919614947,'1970-01-01 00:00:04','4YDVL9CCKVP40OK52FIU89368P3O47','6U4AA5M5RO8ZGT98F3708TWS2L6D44VD8KGR118523BP036A6Y',1,1,35),(2163690330,669878090,2123085627,784053605,1283082981,'','','',_binary '\\%\klnL\2[c+\,m\f\,\&\b>\i\\\u  \\\\rqhR','W7GF',640303578,71,'1994-07-10 19:28:04',NULL,'251KXR5J1',1,1,-2819502236884747964),(3005473321,799687280,25851115,95303113,6,'P408GKQM0V79HZNS2M8Q5A5U74QZ9XVK3I81O9U','ACBS6UX15M838M2XCNL52NCYQSIOM','FB5W',_binary '=\Z(\%ZB#\'1L\n\	/\T\$w7dI\\?\v)R$\l10\#\b<SDAXks','0RQ2LF9R56VD7569WX36XX4F3KY',397,1754839135,'2007-11-25 21:20:45',NULL,NULL,1,0,-4120578682967799612),(3005473322,771600256,538377766,205574340,379,NULL,NULL,'D3516VT6E1A2017T3A797D85C64QI120',_binary ':\\`+G>\J\\Z\0\(\0\QYq%O43kz`L\n\s\3U\Z?&C\\"i A\z\DM\O?\	\'\U1z0|EH\"\[\\\v7-)/	',NULL,2001607201,2033253744,'2015-04-24 15:50:45',NULL,NULL,1,0,-1701898855002597239),(3005473323,1484936281,676900410,1163674310,811967091,'7488S8JR1YG622AJGEW8FTFPN91G7OM','Z5H40P0XTW12N37LT8OK1TJ4',NULL,_binary 'E\rU`&;e>Xz\\H\\'\F\\1\16yW\\2\P\rc\n*=\6J\\','7',26,886475235,'2007-01-02 14:23:46','H9LHHA','VI2K1G4931VU299799E0Z381GMVMZY3EG9HBJ',0,1,-3864376427190071692),(3434970051,0,9794,1612189161,1438080656,'7CA1R6G60Q953YDG90PP625EEB06F9B7H7WP1055614CS45642E1I6XF49252WHE2AQISXLNRSS1U',NULL,'JY4V936J5',_binary 'n#3\0F1V\9o*S\A\)Dn\\+rf {f&*ET;f\Ct0\\pCcUy\\\=B~6oET','PUHOPX711F9RTQ06S60UOZ7NFJ5LR212U7TK3Z9I2NK',1952567643,1914921619,'1970-01-01 00:08:16','ORUU82L40007YMH8LY6RL8BQF9S684N6C3P00QMT9QC7Q16P94197ZV134KB7QO4B5DBX9','C92O4V9Q7K95KV',0,1,-4),(3434970052,1831321107,1371900496,342778929,1943948342,'TB81VL8W6421I80REN59','I646E2J6RC8U83848','380',_binary '','8OO357I7B8Q54UEH12QQ5OBCM8X17',302900850,742105200,'2002-06-21 22:07:54','4D','LQ',0,0,-549464266958617477),(3434970053,946805333,1965313207,1163711488,348543608,'',NULL,'H1ASI7COJU75ALV9N08Z9W53QIS5DE77777724FFB9KXS546SGK3',_binary '\\Z\%Q|%LhK! \rF}c\9o	IR?mU8l>)\\\wa[lI\\p',NULL,1854426415,597,'1996-03-14 11:07:59','','',1,0,-6479322489777646970),(3695038729,1201504979,51,638627080,6,'996S1WBGG0V','X4695IX16X7SKLXGPHIL50925XZXC1B2KE162888BH0L1NH6P4U01R92Q04A43S4QJK30RJTAHBE0610','',_binary 'ex\0\'\F\1<\o\\')\N\#S/[(T\fP\\\\=RE	\\\"i\Gw\\\\iG/\d	IK\\\','80W8Y8',1844286441,522154196,'1970-01-01 02:34:01','450G11F2LDD98Z476J379K6H288','4J5UBS3G2O22C4R5CP6X9',1,0,-9240),(3695038730,1807680544,721891154,1918891710,1217072577,'ET1DF7718E','9FPPVGL1F1Z69292','6P5678GW',_binary 'L\*	TJ\';m\0qSi\nES\	\_\U\&&\\0}\'U&Y	i \]|K9\W2zOjAZ\r@\1\f%<\\b;w\cQ|#	w8<S\\t<:\l\^@}`\$J	bHe@','',602185691,1919895554,'1970-01-01 00:00:59','','Y',0,0,5898),(3695038731,168,1132771447,544913877,1709899473,'2M5N5KU5621ZK00M6MD5C9GYR','XI1FD0H71719X85MUL8Y3522B77H450DT1UPA59VTI','OQ8',_binary 'J8E(Y1<\%cT3%\0\',\\"W\i:5\0\n0\\H$:\0M\\0(@s\~\J\=	}\EB\^','J4470KR4UVN9V9',1337320726,53,'1973-04-18 09:12:32','19WRU968L4F13584TID0KKB16X283PV066R2F0432139NRJ88F68W91DM8TM50X3C85X','7AMO5Q11DZ5443U0VD8B94392Y9I025M41F165XY5IFEX',0,1,-5165586529816640398),(3695038732,879979625,0,1113645979,1260213814,NULL,'N0CG91V2U7HO4O9819D9BYO69Y','Y',NULL,'AJ',76,1312563380,NULL,'74S','LS8S95RV9NL5XDK91AU5',1,0,NULL),(4124535455,1676732701,130,95,734,'BPO0OJZVTT1L1IO4S4P40LU7EADMG32RD92N8HG3828ABK58WJ','HO','5N9YFD038Z14OM75RY2RXBHI14EABV98G609N5S83RM68701S92PC47U84FXXE056WC7TA24EL49007U677LP2OEWW',_binary '=\0\\-uYSU\\'4	\_d\ \0\n\"%\y&y','',214187843,1950004736,'1972-01-04 11:28:01','A39QR605CUM0','307QLA3VE64DJ7TSEC6SFBI',1,1,-8686338060812886492),(4124535456,8495,384,961093619,397828930,'288ZX55','NOQ2K8OEP1U62O7BRR6WK9Q887V7HF1294N19ZW755906317HJ5X1WN587T4697W','47F4KG3Q3X7755D5V5BNCXGZDS7N1NP1B2Y677B7E754E3S10DAEK7MJL034PP94N7I4N93667208UONQIB',_binary 'HSA4\nE[\0C	zPkzT_\0l\nJL\I5M?\o\Si9\t\F4	M[\\DB\\\\\\\)/p	V^Dc7\0 +]\u \< \	O>]{A`f_\\K\ I2s\r\\\\\\ZGu\0\])ld\','955X3J76R7U5400LST',641651657,1012733935,'2010-05-07 22:08:46','','BZZKZ91L9LPTO',1,1,-5213058361588918388),(4124535457,1480878606,1338233761,37779550,1283010080,'8Q5S4V77P15','14PF08299L1E49I0L29012CG45Z7Y90A7N',NULL,_binary 'fmm\0	)\nbHpkY{:\g\\gk+WSW/\a3dz@\\\'\D*\Didu\_DT\\rQ\X[\1WL;^~cU=\\)x\(3\r(C%\9','E80M73DGWS9J15585FWW7NJXI',1323737928,1786038888,'1995-06-08 21:35:35','6E93R92K2H1AE99060NS6R','E66RV01IG9148C9IXO1QX1P08TCU210U8WU5290',0,1,-4083806336848478247),(4124535458,1196260777,162,57,62,'9WN4U6R026XG0L8CPWBLRS352H3T','1BM97K1H562ZT58W9S2CB7IP5FGVJF21RW0R55S559SL26K5EKJ27062RQGLQNI7X536M857G031MLVV73N70TF3T005X8Z94L1','',_binary '','1460C5BG48G99F',2078266604,1683114135,'1991-09-09 09:15:29','4Y028YI3ZO47I587AM6J1923ZOAXGW52256PHF87750516YX9314FMO7SS78RIS3733P1LTFI0B6UG97S9L9903','2ED5WL05T8LAV4I7MJXNY35Y93089Q691Y0CVOQ0TX1362TGE30OYV13',0,1,-5284137836037993450),(4294967295,1883975716,1515358658,1431234138,1788833081,'JPBTT6R0SCK9V00GVF88502986HGUZ','','',_binary 'Y7Q.[}\*\\n1YB6?z=!]6v<\lG#eU%J`)\A9N:\r\G	\*i\:7*h\\-0\#.n\xOry:%\K\G',NULL,1115826991,387032513,'2009-08-08 23:32:39','PW716',NULL,1,1,-2946110680101804300);
/*!40000 ALTER TABLE `conversationmessages` ENABLE KEYS */;
UNLOCK TABLES;

--
-- Dumping data for table `conversationpermissionaddmessageaccesslist`
--

LOCK TABLES `conversationpermissionaddmessageaccesslist` WRITE;
/*!40000 ALTER TABLE `conversationpermissionaddmessageaccesslist` DISABLE KEYS */;
INSERT INTO `conversationpermissionaddmessageaccesslist` VALUES (355149643,95299590,'T'),(355149644,913946316,'Y'),(355149645,2805411909,'2'),(355149646,1872773554,'Z'),(355149647,3234908641,'G'),(784646374,1872773552,'Y'),(784646375,2805411908,'7'),(784646376,524796323,'4'),(784646377,2805411910,'Q'),(784646378,2805411911,'6'),(927182653,524796320,'Y'),(927182654,3234908638,'2'),(927182655,1872773553,''),(927182656,3234908640,'H'),(927182657,4274684719,'7'),(1356679384,1343443045,'B'),(1356679385,1343443046,'4'),(1356679386,95299592,'R'),(1356679387,3845187993,'D'),(1356679388,3845187995,'3'),(1801763981,2805411907,'S'),(1801763982,913946317,'1'),(1801763983,913946318,'1'),(1801763984,1343443049,''),(1801763985,913946320,'1'),(2231260712,2302270282,'1'),(2231260713,3845187991,'N'),(2231260714,4274684718,'2'),(2231260715,1343443050,'7'),(2231260716,4274684720,'X'),(2884106714,4294967295,'N'),(2884106715,524796321,'5'),(2884106716,4274684717,'9'),(2884106717,2302270283,'8'),(2884106718,524796322,'8'),(2884106719,3234908642,'0'),(3313603444,913946314,'8'),(3313603445,3845187990,'U'),(3313603446,1343443047,'K'),(3313603447,1343443048,'6'),(3313603448,3234908639,'2'),(3313603449,3845187994,'0'),(3665378743,913946315,'X'),(3665378744,3845187992,'F'),(3665378745,2302270284,'B'),(4094875468,1343443044,'Q'),(4094875469,4274684716,'J'),(4094875470,95299591,'Z'),(4094875471,913946319,'I'),(4294967295,913946313,'3');
/*!40000 ALTER TABLE `conversationpermissionaddmessageaccesslist` ENABLE KEYS */;
UNLOCK TABLES;

--
-- Dumping data for table `conversationpermissionassignments`
--

LOCK TABLES `conversationpermissionassignments` WRITE;
/*!40000 ALTER TABLE `conversationpermissionassignments` DISABLE KEYS */;
INSERT INTO `conversationpermissionassignments` VALUES (3156213831,4294967295,8217),(1330206754,1316969968,8218),(3595533272,5096703,8219),(3595533273,887473240,8220),(4025029999,2014792739,8221),(1330206757,2014792741,8222),(3156213832,3775375299,429504948),(264946707,2648022245,429504949),(900710024,4204872025,429504950),(694443440,4204872026,429504951),(3595533275,3775375301,429504952),(694443438,887473238,1098544962),(694443439,2014792738,1098544963),(3156213834,1316969972,1098544964),(2373279899,434593435,1098544965),(4025030002,2444289471,1098544966),(264946711,4204872030,1098544967),(900710023,2014792737,1528041692),(3156213833,434593434,1528041693),(1943783168,3077518977,1528041694),(3595533274,5096704,1528041695),(2726717104,5096705,1528041696),(900710026,1316969973,1528041697),(1943783166,1316969969,2057099334),(264946709,887473241,2057099335),(1330206756,434593436,2057099336),(3595533277,3775375303,2057099337),(2373279898,1316969971,2486596065),(264946710,2444289470,2486596066),(4025030001,4204872027,2486596067),(694443442,2648022248,2486596068),(2726717101,887473237,2967036340),(2726717103,2444289469,2967036341),(1943783169,3775375302,2967036342),(694443441,4204872028,2967036343),(2726717105,3077518978,2967036344),(1330206753,434593433,3396533070),(4025029998,1316969970,3396533071),(1330206755,2648022246,3396533072),(3595533276,2648022247,3396533073),(3156213835,4204872029,3396533074),(2373279900,3775375304,3396533075),(2726717102,2444289468,3517850473),(264946708,887473239,3517850474),(4025030000,887473242,3517850475),(4294967295,2444289467,3947347198),(2373279897,3077518976,3947347199),(1943783167,3775375300,3947347200),(900710025,2014792740,3947347201),(694443437,3077518975,4294967295);
/*!40000 ALTER TABLE `conversationpermissionassignments` ENABLE KEYS */;
UNLOCK TABLES;

--
-- Dumping data for table `conversationratingtypes`
--

LOCK TABLES `conversationratingtypes` WRITE;
/*!40000 ALTER TABLE `conversationratingtypes` DISABLE KEYS */;
INSERT INTO `conversationratingtypes` VALUES (344390497,'56J6A651JGU92OY2DN7OS6Q7MMHGYO','',97,584788534),(344390498,'V4J429M33561PC23316AP7MY6OWX9V3P','',-1743444381,360267186),(344390499,'0S1313OZ7E7T2D2748864976422PKHP7D60PF7MUD54I240YX4Y9SR60D466SAJ861C7269DSLYS9G6164FS57Y0755XNBZ1W',NULL,87,220171728),(344390500,'3B033Q2M351QOO6E6U53UHYG9O03BW73K51P2ZMG3887L128N9069P6KW604CS7076G0IJ6Z8WSYFGYB2R',NULL,-212143139,40),(344390501,'C6L96R68DM99185I72QVA',NULL,-935495169,326),(344390502,'WQGCT3JF08459OHGK3WG7W4P85','',-1841087710,96511589),(773887227,'A56R941ZG0ACCOVGB','K',-1452098561,224472944),(773887228,'L94S6FFYRM2215G7399L5QET6R1NKG','JR6BQO',-260519492,1350285045),(773887229,'5AUU3K960RH10745C3348I0PLU814566523V18624666977C4O3X8VP6944O3396997U0HETL37X0RGRGK431G38S7QY00S5F1Q7N1PF0L86ZE83EA4RZ0SGIOMAC86H0733J441H2ZHZEJW16N841SDRV6',NULL,29,4),(773887230,'79X12UWPAM5717I6',NULL,-958436280,2),(773887231,'2IJ0KLOEAWU8643GJJWQR7Z91QG5T619TY1L0501MR60VMTUY2W2X33P843','RU',5482,7),(773887232,'1T8A972KJA9ASMWH4HBVF','',-1361345624,646537794),(861000552,'JBWG5RDYD2SLT632RX77X5J9UM54779F2YBFED71D4',NULL,-1133034979,8),(861000553,'SW9L1O56OE64IOFO8LTS6I17056PG19U','K',-1855117642,963147268),(861000554,'4J6BV55SN68Q0HI89',NULL,-1785647426,1654034055),(1290497282,'2FHC4HS861E5J4KEP8BRC8I53','8W',68,45),(1290497283,'3F7DL61ID7G4CC3GLO13VG60Q','6',-869,1200331448),(1290497284,'W488553PGIZTF6B9G','ZNAC',9778,529344959),(1290497285,'0RVCOZ7E2L7E4HP2N8','',95,942387512),(1727315191,'Q920Q71591CIPR0LC24JJ9H922YQ094',NULL,-710039052,1495577808),(1727315192,'WMS68','0',-885,5),(1727315193,'X633BNL9','F4S9',5,284443918),(1727315194,'WI9','L96ANQ759O',-159833717,7112),(1727315195,'QL18F1PQ2849O11D60GL5EVD3J85I2','5VJK5',-1305195061,2),(2156811922,'R52NIARKK7QL','U',-1086156463,133191364),(2156811923,'9804E8P3R82T6NU0BHRS62A14Y2GS8',NULL,-447,1149585835),(2156811924,'ZP2G','2',14,513433157),(2156811925,'0JA6U9MFVSV9QE0D44H8431K8N0UWI72I2IZ844990X05LM2E61U65Y797','',-1465439138,135786262),(2920129808,'KB038','2R',3,41),(2920129809,'401','Y0ZC',3202,305637638),(2920129810,'51F',NULL,NULL,579),(2920129811,'U43F2DL0K8Q3CRF7UZ6MBKKL7USYDE','',NULL,533),(2920129812,'Z04TU1C4JVBKI8T888OI','I',-88,1531665005),(2920129813,'9N2S1','2T55K',-924855771,391263378),(3349626538,'P2SPZ0Z1A4K3135PQ209Z1HXC6083Y7Y2K60315U0RU9803NRQP7H2BQ3','',-1167462782,213762216),(3349626539,'747O9N8DTQ798N3WY4FXG9CS2I129E','9G5Q7',-916083340,94),(3349626540,'8E8S5MHB',NULL,-2125943553,601475167),(3349626541,'279OAB5KNZ04S7504RDU7O4L9V4373CJ3A037E810K392J367K777SIPH03VTMP1F9CG7N','',-796145949,492),(3349626542,'41Q50T9ICBFXT9GO1574HAH3ONM38P34LYP0D','43LI',-212931677,5),(3349626543,'9M6PRRU1FJW9Q5B5107KA6UF6GJ3773148V','9',-1460768174,297268961),(3349626544,'KN9QUMG3GHMFW10FV31G2I5DR7465VG72C3W32CKH61PD8065','3',27,1454872816),(3705530648,'13Q0823K','02',-8,1926614847),(3705530649,'UAA40R3VF31O','1275CJN',-2120131336,5),(3705530650,'5MAU9ZMQVR1247G8OUE3W','FK0',-1418993777,1346799934),(3705530651,'72AC7095L','',-2033283148,1479895510),(4135027373,'10DKIWJ234MEL20O10LIWBOW95299662491','G04',-1687458570,1429583321),(4135027374,'59PS98AP27S2F0SW6K998013396','4M88N15QCD',-643431076,8128),(4135027375,'050A4ET2Y5','2C6IMOC1U1',-279081884,1751836733),(4135027376,'1B3RB75R4X40HO08UAQL7DOALZ85U1',NULL,-44,754118927),(4294967295,'O56TEN8Z26','X',-1206694686,1804343604);
/*!40000 ALTER TABLE `conversationratingtypes` ENABLE KEYS */;
UNLOCK TABLES;

--
-- Dumping data for table `conversations`
--

LOCK TABLES `conversations` WRITE;
/*!40000 ALTER TABLE `conversations` DISABLE KEYS */;
INSERT INTO `conversations` VALUES (254187560,735546301,'1970-01-01 00:10:21','2014-06-08 03:06:09',7,0,7823,0,1,-62,-1411937347,77,-782,'3U0P',0,0),(254187561,198646304,'1979-01-01 15:46:58','1980-08-13 21:10:22',1923866214,1,1484015449,0,0,NULL,-1948837344,-223617434,-663468199,NULL,1,1),(254187562,1221826745,'2011-12-29 04:42:51','2011-04-14 20:42:50',1458961722,0,NULL,1,0,-2132301693,-925656903,-688521926,NULL,'RA6FKEDK1Q9HQIJMR2391DD5W5',0,1),(254187563,1233472635,'1984-11-12 10:44:54','1979-04-19 02:44:22',14,1,483164579,1,1,-90204732,-914011013,144,-1664319069,'2145ZP77AM4603T78Q',0,0),(254187564,1999458395,'1985-02-17 03:06:23','1978-12-18 06:30:23',1021130096,1,1959747000,0,1,-1410130965,-148025253,-1126353552,-187736648,'VV577G0',1,1),(254187565,14,'1970-01-01 00:06:37','1970-01-01 00:00:15',102980355,0,1612602323,1,0,32,1407,-2044503293,-534881325,'',1,1),(683684291,485483358,'1991-02-20 23:55:35','1990-09-03 09:36:35',NULL,0,444965260,1,0,-2089650818,-1662000290,NULL,-1702518388,NULL,1,0),(683684292,786,'1981-11-22 08:35:03','1970-01-01 00:13:07',2423,0,612128585,0,1,-1946311818,-7,-242,-1535355063,NULL,1,1),(683684293,1200784774,'1970-01-01 01:39:24','1996-05-11 11:55:04',NULL,0,3723,1,1,37,-946698874,NULL,-3723,'OXULG4J2Q18554575RUQSSBEE61886EM8410BX0T8ZL23QDIK',0,1),(683684294,2160,'1983-08-09 12:08:08','1970-01-01 00:36:01',545603420,0,16,1,1,-507401335,-2160,-1601880228,167,'',0,1),(683684295,1827560079,'1981-08-24 12:33:52','1971-05-13 20:49:47',1,0,1433687817,0,1,-5356,-319923569,16,-713795831,'78G0CRSEUP8R2Q6VX59820019X4HV0HFXZ74R6E14Z96KD2A72QFN867DPSFKCJ40BFR88WD05Q0RD9OZ',1,1),(683684296,NULL,'2006-06-25 18:05:23',NULL,6610,0,1600831205,NULL,1,-936017626,NULL,-6610,-546652443,'117F4P36361204L7T0IU08RWIM84WR',0,0),(1264024206,1804739553,'1999-10-29 21:19:33','2007-07-05 12:24:03',450059069,1,986948035,0,1,-710037495,-342744095,-1697424579,-1160535613,'414L97W6DQQD9FT4FCV690',1,0),(1264024207,1679882456,'1970-01-01 01:16:08','2003-01-26 19:13:02',1926205925,1,1604124050,0,0,2,-467601192,-221277723,-543359598,'TB2',0,0),(1264024208,1576932938,'1970-01-01 00:00:05','2012-07-30 11:37:51',945056873,1,759,1,0,-1355912517,-570550710,-1202426775,-7,NULL,1,1),(1264024209,83,'2015-09-17 04:16:14','1970-01-01 00:01:24',49953327,0,1243703669,1,0,800,831,-2097530321,-903779979,'P469157A6MC5Z27693052UN3251769326645E1124K76LJY022V2M463BX8KOP6DF26HVRFZXX5P13689Z0',1,1),(1693520937,1057861340,'2014-01-23 07:17:36','1972-10-12 00:51:19',81103603,0,65,1,1,-5963,-1089622308,-2066380045,6597,NULL,1,1),(1693520938,2125,'1970-01-01 00:00:05','1970-01-01 00:35:26',885571602,1,1422422659,1,1,-1739481465,-212,-1261912046,-725060989,'',0,0),(1693520939,NULL,'2009-01-22 03:31:18',NULL,1343,0,1017640032,NULL,0,-1621714935,NULL,-1343,-1129843616,'',1,NULL),(1869334371,364630279,'1986-09-30 14:38:42','1992-11-08 06:12:56',277,1,2,1,0,-610220542,-1782853369,-27,2,'',0,1),(1869334372,644368292,'1970-01-01 00:00:04','1983-11-22 19:02:44',2078936495,0,207549792,0,0,-5,-1503115356,-68547153,-1939933856,'37S2TCDC4BDM7B04P949Q4F74P8B32U6SN3096K5ICJYC08BU9E808EX4LQ708ZSGC5M9B339LFNY2821053HNEW1KZNZV4S8Z6POIN0D0Z1OME9FRH8ZO1PRCPAQ7',0,0),(1869334373,1466623989,'1970-01-01 01:29:17','1991-02-05 08:06:39',1048486899,1,1922582801,0,1,-19,-680859659,-1098996749,-224900847,'',1,0),(1869334374,NULL,'1970-01-01 00:12:17',NULL,615488312,1,9264,NULL,1,-424716916,NULL,-1531995336,-9264,'',1,1),(2298831101,707547142,'2002-05-31 01:52:08','1975-01-22 22:06:06',23571062,1,137432633,1,1,-965849390,-1439936506,-2123912586,-2010051015,'Y4A516746T2Z227531TGV68X27S',1,0),(2298831102,1904071665,'1970-01-01 00:09:16','1980-12-10 12:53:06',197095091,0,1777034604,0,1,-1358511252,-243411983,-1950388557,-370449044,NULL,0,1),(2298831103,0,'1970-01-01 01:29:48','1970-01-01 00:00:01',2026058658,1,92710438,1,1,-1449070912,59,-121424990,-2054773210,'5118600',1,NULL),(2298831104,9024,'1970-01-01 00:00:04','1970-01-01 02:30:25',1519202801,1,1184613430,1,0,-593343064,-9024,-628280847,-962870218,'049P75B1LC8HH4584UL9EA',1,1),(2762740151,1451224490,'2005-08-13 15:37:22','2009-05-21 08:03:50',734976648,1,1716637736,1,1,-1343329297,-696259158,-1412507000,-430845912,'',1,0),(2762740152,1375108937,'1970-01-01 00:11:41','1982-10-26 09:33:02',477056268,0,2,0,1,-1433992670,-772374711,-1670427380,2,'',0,1),(2762740153,NULL,'1970-01-01 00:00:03',NULL,2101440296,1,784155630,NULL,0,-1029669427,NULL,-46043352,-1363328018,NULL,0,0),(2762740154,NULL,'1985-05-11 21:29:25',NULL,499,0,NULL,NULL,1,44,NULL,-49,NULL,NULL,1,0),(2762740155,7,'1980-07-01 12:58:59','1970-01-01 00:00:08',62,0,1597482624,0,1,4,76,628,-550001024,'8C631Z88E98Y8Q6D2A02JZ38VBDPJ76S4011XS1ED1934Y1A3ZR502J5OUJ8',0,0),(2762740156,NULL,'1971-12-31 01:31:31',NULL,621277442,0,1596860637,NULL,0,-3,NULL,-1526206206,-550623011,NULL,0,1),(3192236881,5,'1987-11-22 01:28:27','1970-01-01 00:00:06',440,1,690323727,0,1,-688188566,5,-4,-1457159921,'4',0,1),(3192236882,9409,'1993-03-09 10:44:21','1970-01-01 02:36:50',54591559,1,3905,0,1,-766853799,-9409,-2092892089,-390,NULL,1,0),(3192236883,1047716332,'1993-09-22 07:02:20','1982-11-29 16:42:05',174794127,0,1607064885,1,0,-70,-1099767316,-1972689521,-540418763,'090H6416F87ZKUM0JD896Q9D46JKB662Z549J8',1,0),(3192236884,NULL,'1982-11-15 07:35:06',NULL,8,0,363219329,NULL,1,-456,NULL,8,-1784264319,NULL,1,0),(3192236885,9,'2003-03-15 18:30:19','1970-01-01 00:00:10',1719445352,1,6,1,1,NULL,9,-428038296,6,NULL,1,0),(3192236886,6309,'1975-06-13 15:29:19','1970-01-01 01:45:10',1252329807,0,1356503105,0,1,16,-630,-895153841,-790980543,'',1,1),(3192236887,448158614,'2012-11-17 04:54:07','1973-04-26 05:39:39',1791307556,1,137771787,1,1,-111551096,-1699325034,-356176092,-2009711861,'1A33XVQ3M7UCID88M',1,1),(3635685177,6659,'1998-07-17 02:39:30','1970-01-01 01:51:00',1310936277,1,488308019,0,0,-246439200,-665,-836547371,-1659175629,'304TDK04YCC3K9ASN',1,0),(3635685178,7984,'1984-12-04 01:58:04','1970-01-01 02:13:05',27,0,69,0,1,-1941554925,-798,-2,691,'',0,1),(3635685179,NULL,'1979-08-27 18:23:23',NULL,657341096,1,NULL,NULL,0,-1888356564,NULL,-1490142552,NULL,'34F3O34L977EFM87R6',1,0),(3635685180,1910916079,'1970-01-01 00:01:21','2010-02-21 16:01:10',67,0,687866626,1,0,NULL,-236567569,679,-1459617022,NULL,1,1),(3635685181,NULL,'1985-08-19 10:01:25',NULL,239712136,0,1735236440,NULL,0,-1812446095,NULL,-1907771512,-412247208,'O2N71546K0TH',0,1),(4065181903,1805791893,'1991-02-17 16:50:18','1972-06-21 12:26:28',408522809,0,1302452312,0,0,-1476428337,-341691755,-1738960839,-845031336,'175QVS359PZ64VXO2NGR5IZ8NU87AKX3N9554388U50PZ2H1K37CG7CF91H8316A8459A3130Z',1,1),(4065181904,187853208,'1987-09-28 12:45:31','1989-08-03 22:56:34',NULL,1,1795134688,1,0,NULL,-1959630440,NULL,-352348960,NULL,0,1),(4065181905,NULL,'1970-01-01 00:03:12',NULL,1783694647,1,191010638,NULL,1,-5387,NULL,-363789001,-1956473010,'',0,0),(4065181906,1064362469,'1970-01-01 00:00:02','2013-12-16 14:28:58',8,1,1750374110,1,0,-1989818425,-1083121179,85,-397109538,'L9',1,0),(4294967295,317,'1995-03-04 17:22:20','1970-01-01 00:05:18',1,1,1012848999,0,1,-1895825731,-3,1,-1134634649,'QTC816K71117782G1',0,1);
/*!40000 ALTER TABLE `conversations` ENABLE KEYS */;
UNLOCK TABLES;

--
-- Dumping data for table `conversationsubscriptions`
--

LOCK TABLES `conversationsubscriptions` WRITE;
/*!40000 ALTER TABLE `conversationsubscriptions` DISABLE KEYS */;
INSERT INTO `conversationsubscriptions` VALUES (243428408,429503599,'6'),(243428409,3484174875,'9'),(243428410,3484174876,'6'),(243428411,2381611348,'F'),(243428412,3378860200,''),(672925139,2381611346,'9'),(672925140,3378860198,'Q'),(672925141,3913671602,''),(672925142,6871,'9'),(1197841654,429503600,NULL),(1197841655,1494578823,'Q'),(1197841656,1494578824,NULL),(1627338384,429503598,'D'),(1627338385,1494578822,NULL),(1627338386,3913671601,'B'),(1627338387,1952114619,'0'),(1794885581,1952114615,''),(1794885582,3484174872,''),(1794885583,3913671599,'X'),(1794885584,2949363466,'7'),(1794885585,1952114616,''),(1794885586,1065082093,'C'),(1794885587,1494578825,'7'),(2224382311,4294967295,NULL),(2224382312,6867,'9'),(2224382313,6868,'2'),(2224382314,6869,'4'),(2224382315,6870,NULL),(2224382316,429503601,'0'),(2224382317,3484174877,'1'),(2224382318,3484174878,'4'),(2798762755,3484174874,NULL),(2798762756,3378860196,''),(2798762757,2381611347,NULL),(2798762758,2949363468,''),(2798762759,3378860199,'F'),(2798762760,2381611349,'9'),(3228259486,1065082092,NULL),(3228259487,2949363467,'0'),(3228259488,1952114617,'5'),(3228259489,3913671603,'7'),(3228259490,1065082094,NULL),(3675837082,1065082091,''),(3675837083,2949363465,'2'),(3675837084,3378860197,''),(3675837085,1952114618,'U'),(4105333808,3484174873,'N'),(4105333809,3913671600,NULL),(4105333810,2949363469,'5'),(4294967295,3913671598,'4');
/*!40000 ALTER TABLE `conversationsubscriptions` ENABLE KEYS */;
UNLOCK TABLES;

--
-- Dumping data for table `downloadstatistics`
--

LOCK TABLES `downloadstatistics` WRITE;
/*!40000 ALTER TABLE `downloadstatistics` DISABLE KEYS */;
INSERT INTO `downloadstatistics` VALUES (153225472,457,6499,296068190,787217094,'1992-07-29 00:30:23'),(153225473,108522590,81,401,1183592201,'2017-06-28 19:47:53'),(153225474,689495918,1191111213,1212788201,1650162324,'1974-10-29 13:45:06'),(582722202,207297000,194,374851654,838694001,'1970-12-31 23:00:06'),(582722203,1902740447,1073245827,394520702,45662642,'1980-06-26 07:44:46'),(582722204,369768741,1226818928,8,42970128,'1973-11-19 14:52:07'),(582722205,4,1656340677,1888525423,2,'2009-10-12 04:41:32'),(1171368974,761714995,1871981289,9,1136320584,'2014-09-28 17:41:17'),(1171368975,716,1008106221,2021665073,1497339091,'1987-02-09 18:18:14'),(1171368976,369713544,1964478655,108974184,1589606400,'2014-12-25 22:48:56'),(1171368977,1442507092,1600719084,1470767595,1796489830,'1970-12-31 23:01:30'),(1171368978,758,4164,1453,946018871,'1995-04-26 08:24:42'),(1600865704,1667773603,793,566026431,1217275485,'1982-06-05 12:17:42'),(1600865705,363537612,1911884206,1587254258,263623639,'1982-07-26 06:37:28'),(1600865706,717,132343902,83,843,'2005-05-03 19:09:05'),(1600865707,817153904,663141989,1144058169,2082857325,'1996-09-11 06:33:35'),(1600865708,1961792553,706457746,1715675137,55389693,'1970-12-31 23:05:28'),(1936904711,397413087,710720782,1473235705,312712958,'2014-03-18 19:08:52'),(1936904712,1381763264,951316570,1972469634,1693280155,'1989-07-27 19:31:38'),(1936904713,989042127,869102983,1773969391,130059935,'1995-11-10 04:05:11'),(1936904714,77242177,1652685465,1910601166,1,'1976-08-08 04:46:26'),(1936904715,1,882973235,1603638663,1114709039,'1983-08-27 15:41:49'),(2366401441,1976236003,941506517,661115568,932034378,'1983-04-05 22:14:25'),(2366401442,935,1548993730,206732580,597560159,'1984-08-30 16:56:54'),(2366401443,205798754,8224,4,772693652,'1990-01-29 14:35:03'),(2366401444,853656132,760144956,486234574,3,'1993-03-06 00:57:56'),(2366401445,5508,1407973103,1030079558,76,'1975-08-08 19:00:23'),(2366401446,123996591,1579990638,1553948787,553,'1976-08-01 09:27:38'),(2641373142,1565672920,387747516,1357305759,0,'1998-11-21 15:23:24'),(2641373143,1162460239,767410932,1163691838,729388709,'1970-12-31 23:00:02'),(2641373144,1249751969,513102149,323847669,1988882289,'1974-06-07 08:53:47'),(2641373145,1,31,1379856498,1279851532,'1977-04-26 21:12:46'),(2641373146,183,744831114,1616738979,895667334,'1973-06-17 10:43:40'),(2641373147,1614271391,1896907854,241985346,648,'1970-12-31 23:00:06'),(3070869873,324868231,1452608277,118776574,570787351,'1992-05-04 22:19:41'),(3070869874,320739878,277502708,1383413104,1731336771,'1977-11-25 23:28:10'),(3070869875,1261350371,2055081346,1250220732,421676614,'1986-02-21 11:25:11'),(3070869876,176656119,1402274378,88691611,128885534,'2010-06-17 12:17:43'),(3070869877,351257217,678400720,1313417552,927,'2010-08-30 14:02:57'),(3070869878,178809494,9067,26,406,'1972-10-08 17:14:55'),(3605991612,7184,96,2135043140,1535537175,'1988-04-06 22:24:58'),(3605991613,1834523301,1641396031,326902711,4,'2002-04-14 22:07:09'),(3605991614,1122908005,679108465,214510185,1644996093,'1981-07-31 08:31:18'),(3605991615,174637297,308137978,1756633185,1097175382,'1970-12-31 23:01:37'),(4035488337,281230951,7354,1486890312,517601597,'2017-11-10 10:11:29'),(4035488338,67,557016741,58440281,1733880743,'1970-12-31 23:00:05'),(4035488339,63,1247908959,1699022775,740422451,'1970-12-31 23:00:10'),(4035488340,1097926693,4,7,1267806549,'1981-03-25 11:59:52'),(4035488341,9708,68,2032201953,904294482,'2006-07-27 08:28:51'),(4294967295,507599442,1790596078,89822601,728859834,'1978-09-03 20:36:16');
/*!40000 ALTER TABLE `downloadstatistics` ENABLE KEYS */;
UNLOCK TABLES;

--
-- Dumping data for table `expressattributekeys`
--

LOCK TABLES `expressattributekeys` WRITE;
/*!40000 ALTER TABLE `expressattributekeys` DISABLE KEYS */;
INSERT INTO `expressattributekeys` VALUES (NULL,281567498),(NULL,1034030078),(NULL,1034030079),(NULL,2082561144),(NULL,3260916835),('0KZLW7',2082561142),('0KZLW7',2512057871),('0L999Y4W942KRRB89T0',4294967295),('2HH2N3O7',2512057874),('2HH2N3O7',3740375551),('2M1R8V63',2512057872),('2M1R8V63',2831420104),('2Q8',3740375547),('31TL',2831420105),('45ZVGWH16O777F64',3260916833),('4FUTY38',2831420100),('4FUTY38',3260916830),('4FUTY38',3260916831),('53',281567499),('53',1034030080),('5TOG3DV81',2082561140),('6',2512057873),('6',2831420102),('6QM20MMPN7Y1S1S7SHX',4169872273),('6RI62',281567500),('6RI62',2082561143),('89905',1463526811),('89905',3740375550),('8LYJ',3740375549),('987',2082561141),('9TOP5',281567497),('DB7CTEBA1',1034030081),('DB7CTEBA1',4169872275),('G',4169872274),('KS434',1463526810),('L7LZ095FLW5Z20973H8',711064227),('L7LZ095FLW5Z20973H8',3740375548),('M68C41E0PQ',2512057870),('M68C41E0PQ',2831420103),('O0S',1034030082),('O0S',2831420101),('S670RI96Y0XM2',711064230),('S670RI96Y0XM2',4169872276),('U5',1463526809),('U5',3260916832),('U5',3260916834),('X8059',711064228),('X8059',1463526812),('XIZA',711064229),('XIZA',3260916836);
/*!40000 ALTER TABLE `expressattributekeys` ENABLE KEYS */;
UNLOCK TABLES;

--
-- Dumping data for table `expressentities`
--

LOCK TABLES `expressentities` WRITE;
/*!40000 ALTER TABLE `expressentities` DISABLE KEYS */;
INSERT INTO `expressentities` VALUES ('0EJA490GVG','59TN9M','30V2J8F73','0Q6','OYNDQ8853I525M5L67M2OBNKQ52N19K27C685OXT9XX6ZF19NWO7',NULL,'3R36LL01H1W9WZ',0,'','W66L59558IW8A',0,1424154093,-2,'1986-03-27 23:29:31',1226113189),('0KZLW7','564','9JIRW2N8BDN','0M23957C59VHOB152','4CUV9JPI6A714U7G680UUOBAPDN520YZ693MBQ60E009P368HRPSB2E862N907U97GYM0OFUWP5O','431U8GVG409YRKT332T27UV00V18R173W16A','G8FON1U36T',0,NULL,'T5M9O5IR834IQE83EIC3015UNQA6DZ2MR3',0,1604784348,-78,'2011-04-30 07:19:37',1880666078),('0L999Y4W942KRRB89T0','3866R','29','05O45','1DLVEMKN3F346348BN34GL94Y4A59MA','VZ79042','FV7Z22498A5F424WAK',0,NULL,NULL,1,1437080494,551,'1983-01-19 23:46:55',2310162808),('154X39YA5','B0E1RWQ863','N9Y99V9J0','P8H7TTC8C74D90P','XP9990DGOIU013F001BA6R2HRI7OBVDCQ','CLB84Y59S58E90Y991M0Z23B0KML79Z76S','WR0W5AA',0,NULL,'TN4Q3B7CP5LJT59R05',0,48003042,-235528177,'2003-01-24 23:09:15',NULL),('17S','A','C77L75SVES0H9','QTBBQJ8BKD21078CNPUAA671N60Z4QS7I7GS4DL00QLDP19VX2SM2J6IJK051YXI946P27B0TMG113MG153','A','MIIFE6Y1JCAMN3ZWWAIT02NX9M9SIMQC6H478','',1,'21148SZ5T114I3XJSX7Q431','TC3QPT717QVW164ZQ09WR934JO1FG455894KNAKCRH1I69EC9U1YJ',0,1826168136,-283115945,'1984-03-13 00:31:57',2701803394),('2C','01K8E0I2ENZ9BF395TC','23EXQ76WCIMD663Y1EFWD5DG1719','70YP8U','S943','8X501Z3L6277MO8HO38O5527F6VS54DU0EDP2073','P6KXIHI366',0,'6MJLLUIH843WS00L',NULL,1,7507,-1778918598,'1970-01-01 02:05:08',2310162808),('2HH2N3O7','ZR2248Y2','RUNY','932E8WAN7J55HK4SG7B27U','HUDXSU4C1X272247T311UL3JVSH7NLHG','7MBC2JL972006UKIY9M2R09I2JJR0E706IA58077DTGU17013K17K220PU0587318M63C7BY7NH06U8','',0,NULL,NULL,0,8,-921767369,'1970-01-01 00:00:09',3764914232),('2M1R8V63','RUNY','L9Z0RZ0','75R76HFY9P66937HX0S83','RDL523EPLM9W7U82MZW88NMQ0787L1S8WQ0E8GM7311NKS4267N56GCBZ2020468OZN6WNXPZVO23C01N8ZSOI9N9U65R185K420','WMP9UO39CPA1VY9R1039QKM15T72M48P',NULL,1,'HM5C8RA9J3N0684VQ0H','19N7O8G952R527X20KIRM4Z28S7MJ2BEO8796Q3AVQO6CM8302BR',0,1717308608,-1745510109,'1977-12-22 22:52:19',1655609915),('2Q8','61','XN5ND6FU1RUW6J1034','ZD3TA5L4F63EE3U9S9NZ71I379Z3A9589HZ285ALF1','P2BIE2MR317KH718XUD30L8M5N1L03WN20A893UN66TOY6929T','99G7GIH4SR498UC0M5T7578T76HMPZ8D5Z0H80T4','4P0W7LCCLJTZN60XA',0,'A4G3DGXQ272K30B8599WQ5OY13952FNZJ2972228Y588NIT9KDGLLYLY3G909362TV069',NULL,1,738649948,-1991040705,'1999-07-17 13:01:03',2310162807),('31TL','9YEZAVOYB8D1416K96','H2','MTA1D45724V0609N704Q1553W6U49H2NFT5IH68370C6JY6AQ6ACM08P','4','','8HNMB71TV24WP8KRLSDS7',1,NULL,NULL,0,2071844792,-9,'2008-02-21 02:18:39',618264152),('348Z87K9','39M876','564','O73485','J263',NULL,'25',0,'J00LA7A0S97MJDO25NF78N81MLBL31PN76LX6DG85ZQSLL08407W14WR5N91190J636X230F1K35U836410K9474M3R41','',0,467,-34617206,'1970-01-01 00:07:48',1226113188),('3OC495332YU','492L696814L','P951RAHTGO8A3','Y6FN14Y1B4I60W002457TJJW01','789T8244','','',0,'J059M0J','68JCWFL25FB665GI',1,1300830012,-1361514095,'1977-01-28 21:54:58',NULL),('430','B24W001X2','X6V6ST05QK','45X33Y','4BXDY4',NULL,'Q1',1,'77GMQMSAFM55DLO5U','',0,2040279222,-1876026493,'1976-06-26 12:51:21',2701803392),('45ZVGWH16O777F64','1Y2HT7','59TN9M','D1Q6','IU63A260AU613L5QG69','H29RIHECP193GFVL2972563VC778YF9A979VBI7WI45E7S7A','720TWQB',0,'','4QMC19EP64K8Q9TDN0P58J662NM67J5RZ02Z6R',1,5896,-737595680,'1970-01-01 01:38:17',2701803393),('4FUTY38','3626P3G32','B24W001X2','NPD5EZYCXA469DRE37DK','103EJ8M380462F808MYB1351M89KT7Q2PZMXW74SI1LL5EUVKWW5TMIG2UGO681G5K4D62','T39Q533GYVO209DCPS8Z7BY8UE7X2F4Z0IIW6','38R4ZY82LGMC1O1X4330FYGZZ2Y7K65JN33G4',1,'N452DQPRI4V4TG8','P95GR',0,36,-342003474,'1970-01-01 00:00:37',2310162809),('53','82U1OPU0','H2C','50718F6285O20LM8Y8Z2RIU27T5YK5MP589N27O7','QVJ02V90HY9J83117LYB0WCK79IYIT','RX1ACL7Y7QQ6U8PMQHG0606NUK14SCB47NTQBIKHN80324L4N4IH4SX8ZE768I6IOVR7AL2B6E959N91D4Q3EJ43059J25','3CF2D4SXMK7JSL405K',1,'969N9T73K4709VEL47901W5J77R8B33L228E2J86F516N29RGTED162P01L',NULL,0,7,-577151716,'1970-01-01 00:00:08',618264152),('5TOG3DV81','1N','4F3VFV','L1UPZAB0ROPY791754TU132VGB7717HA3Y52A','DX8N0','4Y8TY084575ZB11T8S16R3X7ZOGJFWG44ZXW25HG76O9OHSDX07V1I1','T1ZN2T9Q3717C2L',0,NULL,NULL,1,1802594181,-18,'2000-08-14 23:01:15',1226113187),('6','N146','E32RRZLU1','0O65D075710YM6F90FEN3FK6B2P84ZU5II1ZBQA02Q208HH584H4VGU2A446','94O92O71240K2H0997PU11E0AQG265P539SY1KV89873048S4P0IATP4211760T0','','F814P12RC08',1,'5ME1E615751XN','',0,1750725387,59,'2007-12-18 18:37:50',1226113188),('67UQ9','QYB3V2','ST','5M9WB52Z63','7UER4XGNEFA1ZKVI6S7T64DP23','T00MTE0',NULL,1,'7PR5VJ','BB913HRTX1155FZ4IUAQ',1,0,-71410392,'1970-01-01 00:00:01',2701803392),('6QM20MMPN7Y1S1S7SHX','30V2J8F73','UP','','0086282E0','Q7L57T1','2Z581',0,NULL,'811TL008A7',1,4,-1441193843,'1970-01-01 00:00:05',3764914231),('6RI62','C77L75SVES0H9','3626P3G32','74L1P15WZ','5T484U502A38I',NULL,'39W9LFLYIX',0,'','6C',1,2108655869,-6,'1974-03-18 13:13:44',4194410956),('89905','6','6R','9IIH2P5','X601D8860K96M',NULL,'E74FLX90K97XQA1J',0,'68473D9V6D1Y17GQ1046K63G4NEL530663V5LQZX2Y909TX595KDRK7','',0,47,-1511652301,'1970-01-01 00:00:48',NULL),('8H72T','X6V6ST05QK','IQP69920ZM17KV','10X5D9TS12EESL69777I06MJD6QNCTB9CDSLF969','6MA1EA23DQ9V97JP60I743W9UPF0V6EH4ON6Y34LQCAI4WD2J7MT7N96PA','628X9XA','U5G63MN2D8FB4L8NL',0,'5149D14F7J1C8','E7',1,3725,6972,'1970-01-01 01:02:06',2701803393),('8LYJ','E32RRZLU1','19O16MEY','2IJ0T0XCZY58X5356C1W4E8M35V2KK10E10VT6154O9','MR8291AO6D5I422T','KA649G34L759859IKUEP8I98S91C1UQVTOK','3M8ZEW4TF10E5S3167ZHQ04WNL',0,'53T12G3J99NF17219OZQN79MIS953Q95',NULL,0,52075374,-266101514,'1976-05-22 03:01:01',1226113187),('987','9JIRW2N8BDN','492L696814L','VMH81J594X4V506M40T2O5G0H2H53T8876LC2VA1M8U91D53UK17G5A8523524K','RG340','IBN4G45AFNY7W738E042WA',NULL,0,'6C2K1C906RLG0N7','',1,727058434,-2005953380,'2010-03-24 03:25:41',1880666077),('9TOP5','9K','39M876','JETLN1K9PH15IM3JY4J9ORSK4FM6S091GLZ49J4MTS0VUM73Z264X17WOXG011584','EVA2ZW3MV81UNU98GWC18X','7X85905WXK59S19360OD','6UF40RA6P1B9066WX016A4GHQ480U3T3DAH5EX4HC5V9GJS7R0K6T2',1,'6AGA2358EY1P255BO6FZJ','CG8L5KK1567TI681I2AGDS786F3',0,34544392,4,'1971-07-25 05:44:48',1880666080),('A3ZM3','1YS5DE','K','335IWV522YLRZMIW7','4HD450B29W37P','','8B579S22G859T9UO2V308XW32BN5BKM040J3G177EE4CCFPU7C8M0A1X4X9E90I225FM25X',1,'','59',0,21,-190864727,'1970-01-01 00:00:22',1226113188),('DB7CTEBA1','19O16MEY','4WWYQ51NYKU6','0G75QASWZON9','XT0CSCV','Z62570VR','',0,'HE','332X214N4PA332JG181ZSTSD26Y6C16670K39TM4JCP755594941I18GCYV',0,1623630356,-2132743183,'1995-04-29 12:17:48',3764914231),('G','N9Y99V9J0','6','QK5VP4IT1Z1D06E26I7HL9','U3R88SGCV4Y38RT','S86869OH1V','68P',0,'S7822B29UV5S0129105IQTMNI4F7E4','659K5UTJ4OXG24',1,220092341,-1658840023,'2008-10-30 18:59:28',188767420),('HA530C4W066Z411','YPV','N146','G8U5UE1AP128299V72KU9L0TLM7L39EDWM3PUXEZZ8W','Y6Y7P71072QB6TGGUZ2NG8Z748617NF82EBR155F','1',NULL,1,'5','',0,2414,-1985035441,'1970-01-01 00:40:15',618264152),('KO2ZR24U5','P951RAHTGO8A3','W1K3DK','7OH07Z1RUC24VB1EIE9P9U2Q9R3EEB','45','45212K',NULL,1,'268696L060AK810224PDD2690SZ74G81448T2PKOYX8MZ94WXZ6F2K907WM3PG10J5HXYF5','',0,3170,-459189240,'1970-01-01 00:52:51',2310162810),('KS434','6R','G','7VS7U9','9H21A384F6A872','N20Y6X85559H48',NULL,0,'Z0VOIVY75NGL5H25MJ98SV38IGIFQ8C4IA023H44484V191197C1EDF6BI519KMP2G8G4WKQU8V09BMCU87T08526D84DYI1YYY993L84CBX76JP',NULL,1,201,-316577877,'1970-01-01 00:03:22',3764914234),('L7LZ095FLW5Z20973H8','H2','3866R','JNHT73964GD4YPG3YXYDY7QUTB82JGLL','S41M1Q4NNGPAIN4J9794D3N87Q0RH','TYL0E5E8AP04BKS3966I0MPFC68VB368Y181E07HQO7SILV8XV8N9I778B131245RAI846','QIHHUNGAG76936GWWNN04A57IOK112VKYN6N46IA2J7I9V',0,'96X55QHRF1358N8NQH10','X',1,803401936,-75337628,'2018-11-23 05:58:36',188767421),('LO31','ST','9YEZAVOYB8D1416K96','','K8WSK14YCL8MDNN56GK5B2LVTIC30U0VM2U0Y','U9ADMT6VFW3PN6R76IJ6QAKK08B3M',NULL,0,NULL,'3X2U3R42MKS5I17A2X73PZ78Y80MO45A5ER61701RTU385BU531',0,604287499,-100018060,'2016-05-09 04:15:21',618264149),('LZ346095CVU591N45L','L9Z0RZ0','QYB3V2','3Z2W8FN04EI1M36EBON237LM562874LV7I4BUR4G7726R2K0L71881F216OYP2334T5CM4G50D6MHIT2NQLA7GFY','T4M5Z39H67N2X0GZI377AYDZ43U5Q7KZ0IMGH520RP0BW4571U8R0VNF9SM3Z29410ZH7379ZQAIT18WOQ68D6X4AE48','8CPV228606406126SH',NULL,1,'',NULL,0,948166728,-68826892,'2009-02-20 19:21:05',1655609916),('M68C41E0PQ','8M0','A','','31AZ7YSH780VB010461KJR0399E0I41NI1A74HC9FZ','9B4D343L481HP','',0,NULL,'1J8863',1,19,83,'1970-01-01 00:00:20',NULL),('M73943VTNU2R5U8417DHE0BDC9H92','H2C','132I6W5','K6ZW239279X10PH5175WS9RAVW04806YF9KZI45CK965X7BM6H85R5NWBRK8G436NCT400BW4TBM0G69AD1PNFG6O3Y2NDW348R2BJ4E23IBH8Z78UW1','AF6S47995VR2X8',NULL,'7N39MJG07CGF96P75JUG6WW9Y2E396M6Q84TO66J72DO66ZTM7F41C3UKG4VW583135U3788AB82534',0,'P952KJ35794E','38D4YI6SA86LGN578MVFGV48WDTU7V2ZX2YP6AUWNUP78975AA27678DS9339S9J6ZC8XO43K1D7UKW57V5GJ7569A7S75VO6TJ',1,1399339533,44,'1996-03-17 06:32:03',188767418),('O0S','29','1YS5DE','2GT3HH47I95M2VDLV','T9AIGG','IZ5E8','GU019B6I1MV7B4XY83G3T7ZNID47J4C35W9VS9E8Y95E0D',1,'257W32D6GK1UK7S2','',0,41203043,7,'2003-08-26 21:49:16',1655609914),('P5',NULL,'YPV','YN9','65K63CH7WN62UW60L7327T90I98X5Y91328QWMRGMJ4C511WR','6637549K941Z53Z7V8C93H0XE343GX5H3893C54QI6KCC702','',0,NULL,NULL,0,1557619332,0,'2006-08-30 00:17:28',618264151),('R22J1I993AN','G','01K8E0I2ENZ9BF395TC','9GUUUN77A36J0194O','CQZ4P14OPINFD60182PP24OG7L4Y2O13O7DNB9977459T43OBV4A9TN7SOUDEB70L1G8ML27MN609IK3TQ168MEGA03NR8S65G0G3UKUK6KZOB6E2GV6WBAI99Z35GZCJ2R93BA4Q855JC9332EXP7844V795CXX4','H2IR4PY9Y3553Z84PT23J87Y78Z4M30H4VFJ6AD8W5W32OQ6298KJ7BQ290Z190YD4XMLH575M0G6HK2F9687IGI1ZGW3MDP3B2J6PR81LAOY5X9V3ZIO5TU190IN5R839GK','075',1,'9AX',NULL,0,142,-2256,'1970-01-01 00:02:23',NULL),('S670RI96Y0XM2','132I6W5','61','J','O891T549H3BID6Z3E83W0591T','832TGO7412IF2C6RV7J3SLP644WPG402P5N0HX5RI72396JP6G08B','JACU88OKKB47D445CA1VTOE37X3F3KIVD9E',1,NULL,'6G8TDPXMJ31IG05P849PZEQPH5H2CXA2W761C47YKMJA9U5018ML12PD5640V4X',1,1396644943,-1529046839,'1996-01-07 12:29:17',4194410960),('TXIZGM46JFD9E2XH22GU1643U758TWB','UP','1M7MMY825I706Q50MVF33PX6','2D7OK77NRNP2G23CP4X721161Z81856TG','3F2VQ13ILWP','42TZXB47NQ30BQ25KP8','',0,'','0L960PSB8Q1W2106HZD',0,1752266366,-1048623008,'1971-11-03 22:15:54',1655609916),('U5','1M7MMY825I706Q50MVF33PX6','Q84M01YR6','JB4X237015ADZ3BJ478','4W2E841ZJM5W1X74JER09LPV5H7H','74Z64I3SQB56PTW44TXFDT91Q70U6XJLE0Z89I734RH7K952170O8ZY89E','UH29CU9',0,'55T92B9JH61GL','0O628Y054K670S5UVK8PF2MH949D90UJ8P7K81GFQ8W',0,877,-1994850968,'1970-01-01 00:14:38',2701803394),('V18U8','W1K3DK',NULL,'1','QOZG5R0P','F9','5JAOU167S06B',1,'','',1,950760944,-1380656633,'1995-09-05 16:28:10',2701803393),('V5W5T7','4F3VFV','ZR2248Y2','11N7L71P0739GMJ729CXV0','1G2U43W80IF028PGYG4E5CZ5021VS9YE72P5GTC','M90ML2A23A3ERJI3M34X91802816STP64EDG2F0W3P37RT4P19QKK896W9Q7N7A8D0L5P','5DRR9',0,'2X27FS8R25G6PLE2O90KB2DXQH77YYH9MWA7','8R45QV73NI9FR42V18U0N6Z3Q6WP569I7R3795ARW16876CG8RD23692FC4KK508FLA3J511E6Y8M31FJUFO0ABYYAD7M9C3ONZ4RLD526ZJM0IN035645Y205H96EY5ISLDSV',1,2029830808,-2499,'1987-07-26 02:31:08',2310162807),('WA59','IQP69920ZM17KV','9K','SR38622FK6R9SHLQ8713AX7VDZ5Z5Z495FC2D8M67DF8S6U1L6MF7U9C062645','J861654L013','0C3A83CJ5N4B3VBD8HNV02G76N4MBRJ','N1ZV86531MC0I5PGJFQ',1,NULL,'E461VMXAT80BFFQAPO79Y67N5S7520MUXW8066XM2RM494E98BWY0L3Q37LY0AF',1,1911861923,4560,'1991-03-05 01:33:24',4294967295),('X8059','Q84M01YR6','B0E1RWQ863','B1O5WETYG2OI4S44K8N83F3XGIJ','2WMDT',NULL,'KG9514B877N4881B813FP8',0,'30B28L144396E0U6W0WCV4WZ10TW19V9SC0',NULL,1,940571437,-5518,'1984-10-14 03:38:03',1226113189),('XIZA','23EXQ76WCIMD663Y1EFWD5DG1719','1Y2HT7','103832MJT9X8THGR6MD7GCBAS5I8Q4IQZW40B6Z1CWKJ313C2414','92','','',0,'02','ADKD143F7DPW108II',1,1716364278,-654,'1994-02-06 04:21:12',1226113188),('Y6E','XN5ND6FU1RUW6J1034','82U1OPU0','778Z2AU7U5QE338I76U','179LG0MWXN8HA6287M83RSXNK49YRSM0E30XSM25L9TQ8KRX3S4S6','7Q7E06LV32O414P73JNJN8845Z6SA3Q1','049W',1,'','P812YGZCZX4N5655B08NFBF9S0ODP2SK58V46PG5796605PTOC814A4NJ887L06IVB1ZDW8N09',0,1872761352,-973837287,'1984-12-30 03:22:41',3764914231),('Z','4WWYQ51NYKU6','8M0','40H511E203G82CDPU5R6NKE7TAYN07DJ6R7933NJ6H7ZR30H66B849R5R','HN4JP3H29G83AZJEGA54KY07A67BUO',NULL,'R5C4F0S7B1IPC7JG',1,'','',1,163194716,-1887118126,'1973-10-09 04:51:51',1880666080);
/*!40000 ALTER TABLE `expressentities` ENABLE KEYS */;
UNLOCK TABLES;

--
-- Dumping data for table `expressentityassociationentries`
--

LOCK TABLES `expressentityassociationentries` WRITE;
/*!40000 ALTER TABLE `expressentityassociationentries` DISABLE KEYS */;
INSERT INTO `expressentityassociationentries` VALUES (166124,5510682,601824033,8215402),(166125,8435920,1400078552,4546010),(166126,5510681,1,785144),(166127,6294501,1506749088,785143),(1166125,8435917,1286479092,8215400),(1166126,3636449,59,5546010),(1166127,2636444,1780309215,6415192),(1166128,807102,532,9215394),(2722849,7294501,2060411071,6415191),(2722850,807103,1850456910,4546012),(2722851,NULL,4364,1785146),(2722852,3636443,464547668,8215400),(3722849,2636445,1285028197,2293736),(3722850,2636449,257938646,7415195),(3722851,6294502,2061012985,NULL),(3722852,2636443,432755610,2293735),(3722853,5510681,24527814,785144),(4825447,NULL,800044345,785143),(4825448,3636444,1403427708,7415192),(4825449,8435916,792,5546010),(4825450,NULL,8,785143),(4825451,2636445,579,5546013),(4825452,3636445,1628286621,NULL),(5825447,6294502,1600172680,8215396),(5825448,9435915,37,7415192),(5825449,3636443,1328618297,6415192),(5825450,3636449,1311821966,9215398),(5825451,NULL,1022197986,4546007),(5825452,NULL,1986760116,6415193),(5825453,2636442,474052399,NULL),(6813093,7294500,1697034281,6415192),(6813094,8435916,874640107,5546013),(6813095,8435917,480126522,9215397),(6813096,6294500,1971269657,6415191),(7813093,2636446,24,4546012),(7813094,2636448,132720886,7415194),(7813095,6294498,1803775825,8215402),(7813096,3636445,1661,9215395),(8503529,8435916,75,7415194),(8503530,3636447,9766,3293735),(8503531,3636448,1381656654,6415194),(8503532,7294502,1890929494,1785144),(8503533,9435914,961110769,785144),(8503534,8435918,951952636,2293736),(9503527,1807102,480933637,7415195),(9503528,1807103,905876989,9215396),(9503529,3636447,9,4546007),(9503530,3636450,373468493,NULL),(9503531,2636442,745952520,7415195),(9503532,8435918,557650318,NULL);
/*!40000 ALTER TABLE `expressentityassociationentries` ENABLE KEYS */;
UNLOCK TABLES;

--
-- Dumping data for table `expressentityassociations`
--

LOCK TABLES `expressentityassociations` WRITE;
/*!40000 ALTER TABLE `expressentityassociations` DISABLE KEYS */;
INSERT INTO `expressentityassociations` VALUES ('036701R47B5K5','31TL','V18U8',0,0,'42W1','0P5953FOCSP551D8VMQ7GZI9RK8581259S07070B5F097896EKW82EZPZ7P4LHU9A3RRJ7741X7','7GY7HW958J37IYHAEAK32','QF984Z191H4'),('059','Y6E','6',0,1,'1951D0N17','DOR7ZFSH9XJL1Z3J69D6E1','ZT4N7773901S2K8SJO4U','5Z96'),('085K3CW7GAMC0KCX','V18U8','XIZA',0,0,'IIF9O12HU9D5TDC24064024L97NR9IY6AJ844RK48788WAS2FM029WK1IC4123P1R3ZHL88',NULL,'Z592422LKBFKW9J3R65YQXUS5MHG42O5KFY92WW1FY0HFA6MK5KHU5L82SI1EKVWOUJD2UGKJ7I','VE'),('1','987','P5',1,0,'NQ875K9527Z72NI08RGRVJFZ68391I42ZS6',NULL,'50T','0L8DUMKHS0I871M395CJL8ZKJM0QVT2EBBF8UWOT0'),('2E51WB1N','S670RI96Y0XM2','Z',0,1,'','7TZ4MU167688Z4FBDUUTCBIM2OL318O3SE1TECM641O6HM39GJJ0TT63D25RS4','0R5HX05A210RH0ZOQN0XZ7MKE7GB32GPG05OLAI','3SD0S44AL'),('2G9','HA530C4W066Z411','3OC495332YU',0,0,'QGW68C2X2A8',NULL,'B4UN9930FG6L2MZF29536BTU59','Q'),('307O3','DB7CTEBA1','6QM20MMPN7Y1S1S7SHX',1,0,NULL,NULL,'3TKPBVR4VT097W5968A6355O35H8','4WM50R6707G7PJSEDGK04YP09JB44Z40L280M60NGS19ZU907D2EQ3H3EK08528Q24GI9EJ25CGN20SGO5FE91W5UHG'),('30IP',NULL,'6',0,1,'AMWY67F6NLE4N8I','PIJ89B0Q3R9XSQ8Y49269R8UZEOH21J7Y28B4X4K0FJT035W7','2OZSG3HJUE1M9B57800005V56','ZFC4VO8Y03ADN62434G14CPNF9S09'),('35E2S0J540','U5','R22J1I993AN',1,1,'822NRBA46WCKG56J8WOFI9NJZT1N8BP4C','6378A777VF','5','FK1M8PZNS1056QT'),('3B','LZ346095CVU591N45L','2HH2N3O7',0,0,'','','Q172923VX97','Y91JAY4G6OYKI3ODEW3'),('3D','9TOP5','0KZLW7',0,0,'844U19Z6LIU5X9SW0900','3E4XXO9CELM5KHIS69','4301R969D640NE2OO779NO81GKMU7YF29XK7S23PRIV74Q8Y3J7U2HXCW56ASLW',NULL),('4','A3ZM3','LO31',1,1,NULL,NULL,'80358S139RW3',NULL),('49','R22J1I993AN','348Z87K9',0,1,'XR',NULL,'P7W6L7JPT','7E34I52ZYZ52C0W1TXY3BH1OXKT6J3U4R21604496410J46I'),('4ZNY7H45I','348Z87K9','53',0,0,'NPDR7Q12G5NOF6F5NF2476SZQ3','','WT25833EHO47795XOQ9F8B7','RF0YJBY2X652OTS92XJM117BJ913VKY7O63B06296'),('6','8LYJ',NULL,1,0,NULL,'','622C5P96','X7'),('73618K8DT270QEAM01O7','3OC495332YU','430',0,1,NULL,NULL,'L91B0G0J3EZGMF5S236GG97Z0M132R01Z72QE709T9','RDQ20XD49156R5999Q916ZSU12Q6DU054VA8'),('7B','KS434','45ZVGWH16O777F64',0,1,NULL,'868X76U','9M4N83J2MMTTG54B5WG1KPEY','AMA7FF95E565YI1A0N74V6I0H3KTPB3QJ31H36QAM3S47JODJJ18M0A3FM0623Z3B'),('7QMMDM0G','53','348Z87K9',1,1,'','6YI32I18DKS46HVK030C898KD13DX9X16290NHT5B8025Y78','DF5A08352X5OTF0L15H1','M22C93XRW9N056AFH8L4624578T03G84FE1V5YB6KYAFNBD7TWIW10I68251KMU0F5FHDMM3441597AFN0SOLAEH88761N2MS3SQ9N10I2512481DY952690D6SN4KVNV4SLEISYH9N31WKN46EF'),('7VLJX0K1GGIY3','2M1R8V63','S670RI96Y0XM2',1,1,'K5Q79','','Y7IRJ0123M34O656T693M412P319H6S15FLOO815L05ER496ETQX5RY25V6U5GAH882G','5Y3Z10M8BDT2Q717O3950SRN773EY6MQO0198R8O395488'),('8','U5','X8059',1,1,'93U459126AD9SSHD3','BYP36217770','D2RP6RH5IOK3WI20933IL76VX2FUW3098',''),('8H4N9Z','53','430',1,0,'C8IK4556AD9B3P9G4UZFKBTR6ZAQRQF2UZJ8JN6Q013F0E0399226Y747OJ6J',NULL,'1KD8LC30OQVGDFYW8607TEV07F0397FN9D0','1KPI163TX475FJA96ZU7V2A90'),('94V8',NULL,NULL,1,1,'128WW48NVCPDOFQ4FLH9WG999CA6FQF7128H2981GG1D9',NULL,'T671S0MC29D5SXATKL15',NULL),('95MJ','17S','8LYJ',1,1,'5592','49718O1B74L95E','17','09RQ4VAQ3ROAW450D84N7EG42'),('962N','6','Y6E',0,1,'Q','44JS9KW09UD46AX9627E75471E1E1X2AIW604F1X6W','02V8ZFN9S3J95387GL9697QYN7C4R','O9724DCKN8R11RXXOU0XL33Y255Z697VZO4J0UE3848IZ2984F2X433XTHJF3BKNSDTF0G8264F372QJ6CJ35I4878H4GV4H862JX2KU049JFJ2K83200Y5O5Z5YCHO'),('9JQQO261B61MIQ46F','2C','4FUTY38',0,1,'E9X2ZCFBQOUY90IJI8SP0J556CAJ862IB55O68N','5OLK4DYIASN1835091Q7VX15778','8P413D685A9','18I0'),('B','2HH2N3O7','6RI62',0,0,'O','','7U42ZN47HCI9CP4','6QUUIZTP809CH832KQOQ5AL5'),('B26ORL08P31I7T7','53',NULL,0,0,NULL,'5006IAV8R3F9I59294MF26O11D32FQ9B5F43H','93Y26419B10BEF6O9JIP6I5T33D7','6ZAGP5EW40V3OXCB5HP3NMVV804D53ALFRYEKJ090288'),('BENF076S1Z242MIW8QAE160GSR902YF9K9T3','LZ346095CVU591N45L','430',0,0,'MSNUF05H8','','15SKT31F435L93PEH8LOU5282LHBD7R78EL1M62054UZ4W18Y8855H9I7GYK1N','59T823SR3KD98BQ0EXFS148J3Q31SL168G6GTEO915WW720MGL602F47'),('BUM0D0G1','4FUTY38','G',0,0,'O89P326P3N0XEC990','Z6X1PFVOK11FG6VN1S8JX9EJ06I5G3QF8M1IJO39VHOT69O2CUMOFY9045ZU2NKMNPWH2F6AC3SMS9S116PZT28C98KKX5T9OJF15FRLMTK9MHW3V3VQU40353W8','96SELXECJ8058OK1',NULL),('C','A3ZM3','A3ZM3',0,0,'S5RP3VBHU66G81PY0OZ1353T1A990PGF11F809RMFO29N81ONJ33WJ0L61ZRY72IV51H3XG87H54XUR9IV4GY24M3','478DO84DUEHV398ZN2762N331XTGYN046LZJ02XW34987O198LOF13SZ1VOEHX69OK10EU40T6369N82K','Z1F',NULL),('C46QK0UL0T48G','V18U8','M68C41E0PQ',0,1,NULL,'','6V65GIET20P12I3Q9','W6'),('D9CU5A','Z','31TL',1,0,'','','J14407UO99OQS914805F46F5',''),('DE','67UQ9','WA59',0,1,'0W38K0EQGPZB5','8','67TDC69K','U69NR6JQK2L4P7VG'),('F','8H72T','2C',0,1,'4MQI6F92SU814383','45','XZY58221407Z5AJ7XMJ017',NULL),('F8J4A','V5W5T7','0KZLW7',1,1,'T',NULL,'3EWG','4E74F0CMI291871NOYHO22NG0026'),('H','4FUTY38','P5',0,1,'MIGI52OE0V41','MEIO','7WA700','335179KMD1Q8861258B2A5XO39P2V'),('K5','31TL','53',1,0,'','B5A635F8B9GMO0Y9NY','Z35583SQ0K9S37L464NX3HX7B046UCB1K',NULL),('MI14B39JT3','M68C41E0PQ','M73943VTNU2R5U8417DHE0BDC9H92',1,1,'94A13835L9',NULL,'N5I7FT2M29O83XT9JJ992','41T3084J85VNUJ8MJ5250TW32P887V5PML9JFG64'),('O','G',NULL,1,0,NULL,'4AMJ9IBHL931DMVJC9847LOIWV952','320QN2784A48Q044M47YVJLN0QSR2837YFCGQT','3LR8N16W6C1L5SDVC859YA01W38H'),('OFZ909Q5','Y6E','8LYJ',0,1,'R5T7AO4R22T8G8NY8Z4D00K0DFVC527RBBN23NI2T5WZ1QC8',NULL,'82M7O1D4H3WO0L161H6K','1JG0EO4S5BC83KPSP4P302Q1Z8Q13FN0H30'),('OH',NULL,'6RI62',0,1,'','DAFO7LF83ZZHMJ38J9I11M1489HOYX','B5OERU6O5J7NCOC44G3S31U01E4TR7K0','85P905NCI7DIVLS3V830XO09NS934413GDL'),('P','DB7CTEBA1','8H72T',0,1,'862O6G19NO1U7R618J91IAW2','','','002BSGOWB3GNL'),('U5EJ8V38B',NULL,'0EJA490GVG',0,0,'7UK005GQ1ZMN7P063034BKM3R','J73SS64','267',''),('V0273V361','17S',NULL,0,0,NULL,'X9AO','UQB7A1NOZC7K3LJ661L37W05N6U7AZ8FS2IX680458Q546K94NW','DG32H6E8S04'),('V09SLJ','R22J1I993AN','TXIZGM46JFD9E2XH22GU1643U758TWB',0,0,'MNH3ZH47NG5P','263T29YFBL6S7I33Q2D0TB5YRH471ZK2YN1WP285R3','NFU8I1O6TVAP2',NULL),('WXQ098','45ZVGWH16O777F64','Z',1,1,'2ML064MVRJP5Y8TY1877KVWSF6W1MOY4FDJGN1XP3945VPX0A90O1IH772SWF1L0','0E818RV5MBHGI2PMCFWH85G0V6V7028FVI93M60HY40WQ4BK5Z','DA13XLCF7DGGK123FME8C4EBQ4Y','I9T7O6P27W12A68EKLE4F4FWG32TU26RZFC3N2H1TWJDP0FT77V57'),('Y22',NULL,'8H72T',0,0,'K90RO5VWZ65UX5G1UO58BGDM9TBVFP6029RLGV7PG152ZIB5K3EH265','F6049BK3434','98XOLB20U34DX','O99N5G669T9629TN0VN0UOO6079WW0I7'),('YOCZ1YOK8','O0S','A3ZM3',0,0,'6KES39J11N6940HG6X7D9G669R6PSKP7LDBCP4MV8JC1BI1NS11GX0H7Q3T0A764GDCBUZ7R45730LWFWJIZ9MC253','9OW3CBB2X5W8I1K8P1487O56L369OJ3J7355','7PZWU8OJ',''),('YXL','TXIZGM46JFD9E2XH22GU1643U758TWB','31TL',1,1,'8EYK57250N06E0J7MBBC7UW6A0XM5EYMN9A75EL9MZ5NNB90S5GMK',NULL,'532363874',''),('Z33M2763LLS0DP52C5M8','31TL','HA530C4W066Z411',1,0,'','','I6E88S358O992Q0DLZ49NP827QN622P02R9484N3X3U','7E8FH8');
/*!40000 ALTER TABLE `expressentityassociations` ENABLE KEYS */;
UNLOCK TABLES;

--
-- Dumping data for table `expressentityentries`
--

LOCK TABLES `expressentityentries` WRITE;
/*!40000 ALTER TABLE `expressentityentries` DISABLE KEYS */;
INSERT INTO `expressentityentries` VALUES (785143,-809739484,'2017-08-17 07:41:26','1995-07-21 23:29:26',1631800759,'89905'),(785144,-1745617563,'1970-01-01 00:00:05','1970-01-01 00:13:44',429496807,'X8059'),(785145,-434155742,'2011-12-26 07:22:04','1979-07-25 12:35:49',3322021358,'M68C41E0PQ'),(785146,-735646980,'2004-03-23 04:38:56','2008-08-10 03:37:17',NULL,'A3ZM3'),(1785143,-1815374935,'2015-12-05 14:14:31','1986-07-05 14:30:15',1631800757,'M73943VTNU2R5U8417DHE0BDC9H92'),(1785144,-2023533846,'1971-06-21 09:32:56',NULL,3513329083,NULL),(1785145,-1191434685,'2003-03-18 23:42:05','2000-07-10 01:43:09',3942825808,'KS434'),(1785146,-152704992,'1981-03-01 22:15:21',NULL,2243956563,'KS434'),(1785147,-2141640015,'1993-07-24 08:06:52','2013-12-16 01:00:44',1202304026,'HA530C4W066Z411'),(2293733,-1038208079,'1970-01-01 00:05:46',NULL,1631800757,NULL),(2293734,-82,'1970-01-01 00:00:44','1977-02-01 16:59:10',2892524631,'2Q8'),(2293735,-885583991,'1970-01-01 00:00:02','1970-01-01 00:04:05',1631800758,'430'),(2293736,-1369891790,'1975-06-07 21:44:06','1989-06-01 10:04:58',3513329083,'0L999Y4W942KRRB89T0'),(3293734,-729849143,'1997-01-22 15:01:11','1983-09-18 15:11:52',2892524632,'5TOG3DV81'),(3293735,47,'1994-02-07 00:40:12','2011-07-25 01:41:21',2892524629,'6'),(3293736,-1743227828,'2012-04-20 23:07:46','2018-12-14 03:38:48',3322021361,'M73943VTNU2R5U8417DHE0BDC9H92'),(4546007,-1485713224,'1970-01-01 00:00:06',NULL,1814459834,NULL),(4546008,-641828777,'1970-01-01 01:38:12','1997-04-20 10:58:35',429496807,'5TOG3DV81'),(4546009,-355684888,'2007-05-08 21:59:49','1970-01-01 01:55:05',1202304028,'0KZLW7'),(4546010,-1776432394,'1970-01-01 00:00:49','1970-01-01 00:00:05',429496807,'A3ZM3'),(4546011,-825,'1996-08-05 11:27:25','1990-09-29 07:49:02',75,'M68C41E0PQ'),(4546012,-687536725,'1991-11-05 03:40:44','2003-03-28 23:35:13',1202304027,'U5'),(5546008,62,'2017-05-05 15:30:09','1970-01-01 00:00:07',76,'KS434'),(5546009,-1755170602,'1972-08-22 18:30:38','1993-08-01 06:33:23',2243956564,'KO2ZR24U5'),(5546010,-1122162189,'1970-01-01 00:01:32','1979-10-21 15:52:54',1814459833,'Z'),(5546011,-830217195,'1970-01-01 00:00:06','1970-01-01 00:08:20',NULL,'5TOG3DV81'),(5546012,-1261055957,'2016-09-24 11:54:34','1988-11-10 07:17:31',NULL,'31TL'),(5546013,-931018703,'1973-11-21 19:32:45','2013-08-24 19:21:45',1814459835,'348Z87K9'),(6415191,-268375102,'1977-08-22 14:27:06',NULL,1814459833,NULL),(6415192,-352221469,'2001-12-15 14:52:25','1979-05-02 00:34:24',1202304026,'Y6E'),(6415193,-1724260207,'1995-08-13 11:49:31','2002-06-29 18:39:12',3322021360,'6'),(6415194,-24,'1970-01-01 01:58:25','2009-02-27 10:24:48',76,'3OC495332YU'),(7415192,60,'1970-01-01 00:48:18','1974-05-01 16:00:29',3513329085,'R22J1I993AN'),(7415193,-289607309,'2009-04-15 05:24:01','2014-05-29 18:15:14',NULL,'Y6E'),(7415194,-187203027,'2015-05-14 20:46:47','1996-07-28 09:29:24',1814459834,'V5W5T7'),(7415195,-309586715,'2017-07-13 13:04:37',NULL,2892524632,'2C'),(8215396,-1069067764,'1970-01-01 00:13:18','1974-09-17 07:10:23',3322021357,'5TOG3DV81'),(8215397,-911692455,'1970-01-01 00:01:57','1973-09-06 18:05:21',NULL,'DB7CTEBA1'),(8215398,-372304933,'1994-07-30 17:53:00','1970-01-01 00:00:07',429496807,'X8059'),(8215399,-770883395,'1970-01-01 00:01:22','1978-11-10 21:52:39',1814459834,'0EJA490GVG'),(8215400,-1649173005,'2005-08-30 21:44:03','2014-06-11 08:53:40',3942825810,'4FUTY38'),(8215401,-153426845,'1970-01-01 00:06:38','2008-07-02 11:14:46',3322021361,'2M1R8V63'),(8215402,-1905379777,'1993-07-13 14:57:11','1970-01-01 02:17:37',3322021358,'2C'),(9215393,78,'1974-05-26 13:53:46','1970-01-01 00:00:08',429496805,'V18U8'),(9215394,-1394270716,'1973-01-12 09:15:43','1978-01-15 22:13:41',3513329082,'6'),(9215395,-417426438,'1970-01-01 00:02:28','1989-12-12 14:11:17',429496805,'0KZLW7'),(9215396,-6904,'1978-10-08 23:59:50',NULL,3322021357,NULL),(9215397,-49,'1970-01-01 00:00:09','1981-12-28 00:06:32',1814459833,'5TOG3DV81'),(9215398,4,'2002-11-29 19:20:12','2002-02-01 17:39:13',1202304026,'Z'),(9215399,-1708934909,'1970-01-01 00:00:09','1970-01-01 00:00:05',1631800758,'X8059');
/*!40000 ALTER TABLE `expressentityentries` ENABLE KEYS */;
UNLOCK TABLES;

--
-- Dumping data for table `expressentityentryassociations`
--

LOCK TABLES `expressentityentryassociations` WRITE;
/*!40000 ALTER TABLE `expressentityentryassociations` DISABLE KEYS */;
INSERT INTO `expressentityentryassociations` VALUES (807102,'49',4546012,'4IVV21CO8QM3912C9872WYPP5H1P0K92485WVQOA8P33B17AS9389PEN6V4T3T40H2JK827GH501BPV844695673O42Q05B3O0F9218I'),(807103,'307O3',4546007,'998JVCSRS5Y30409X547IH3KHL07'),(807104,'P',9215395,'AF2491S5VWOE22H9X5NI53NRX8R3'),(1807102,'3B',2293736,'JH30M29FD7I6HO'),(1807103,'V09SLJ',9215397,'P77HY728GFMY5113SEM3K83N12JSA8358Y22X0P90C5IPE3S35I679Y2RPRZ9'),(1807104,'DE',2293734,'CH7AZS56A71Z4607OML9I'),(2636442,'4ZNY7H45I',7415193,'JTJB847WR3EGZTW82WCNA256MEI1HORU4VK256Z228808'),(2636443,'MI14B39JT3',9215395,'68N34CY'),(2636444,'V09SLJ',2293734,'35QIM6OD6OUDIY5RDV62'),(2636445,'OFZ909Q5',4546007,'2L1VET24635K4R2K55XEB932S765'),(2636446,'BUM0D0G1',NULL,'AD8YA61IB5E06B2N7643958A6Y32ZJ020CJEIUUH8RZ32D08S'),(2636447,'O',5546012,'M'),(2636448,'B26ORL08P31I7T7',NULL,'MHJFO3391ED0X1B45200SUP8TSL0L01OFU91'),(2636449,'YOCZ1YOK8',1785146,'P5EGB30B52Q0241KNE2ROY72SZF'),(3636443,'4ZNY7H45I',9215398,'V'),(3636444,'V0273V361',9215397,'82V45A0E9'),(3636445,'95MJ',8215402,'S5'),(3636446,'OFZ909Q5',2293733,'2ZCF1SH97Z6D4O69803C742SC9R364BK0989Z2H2CB58YA88J54H9NXNH5PX213FXWL2UR3344727WXF5QH8ZZ908WNGU1B6'),(3636447,NULL,7415195,''),(3636448,'B',8215398,'7U1Z73C04U7237547T9151C11X0PA'),(3636449,'036701R47B5K5',2293735,'9H3H65R7WHVEQ70J4790P9D2223U78Y3XMUG307P606'),(3636450,'YOCZ1YOK8',5546013,'DG8696GXC1EW926PP0MDRV9C3XRTUU8'),(4510681,'OFZ909Q5',2293734,'Q472PB8K4V265536K74031Q1'),(4510682,'Z33M2763LLS0DP52C5M8',7415195,'N3N166048M321G1CJ29GH9L'),(4510683,'DE',9215395,'VD8QKQ4M71K'),(5510681,'2G9',3293734,'M2K94Y238FFD7UPG6RPH7BR4JFGYV1Q9E410558V1K24TS0W0RRM7L'),(5510682,'K5',1785146,'F58U9Y2OI8Z4N4837GT8X989I11465TDA616TQ2791J32DU0N52G6UDK51325ZW358YJZ1J40'),(5510683,'1',1785147,'XY64V2362IXY8P4IEX5H8M73MC2V4XJ2Q2W9091439U07320CI0OGJ516B925EY0J32LH2RQQJ5X83YS2TPS5DRMNE22Q0B9AWY164840Z'),(6294498,'F8J4A',NULL,'590WP6Y5TI'),(6294499,NULL,1785145,''),(6294500,'307O3',4546007,'A538M930S9PFL453TPCR45JB6OW28857AY818I84Y7UJKT48KDX4508V0H0V38A1HH'),(6294501,'U5EJ8V38B',NULL,'8E050IBHO86VN4U7729NAA52AT'),(6294502,'D9CU5A',6415191,'3X'),(6294503,NULL,8215398,''),(7294499,'3B',2293733,'0KAZ6C'),(7294500,NULL,5546008,''),(7294501,NULL,9215395,''),(7294502,'7QMMDM0G',1785143,'K2ZV667FPREYK6PX9WJT6F01P2HBY7'),(7294503,'P',4546007,'250QHW21F0NDJ46'),(8435915,'2G9',NULL,'15JB673L6J4HYW56R14D4J6956TGK63O62JR'),(8435916,'7QMMDM0G',6415192,'Z0O0S3S61D24254D8LXH5B4471G427XXAH0M242KD95R20'),(8435917,'U5EJ8V38B',2293735,'DJUJ44NMR23K9ASBL261'),(8435918,'F8J4A',6415191,'4FFN3165D841FYSKHE7IF6C14QA27WG4BQENU'),(8435919,'2G9',9215398,'T5MQ'),(8435920,'Z33M2763LLS0DP52C5M8',785145,'3D09ZVKWD0R95UZKNA71I6990T3G5'),(9435913,'O',8215400,'Q68KFM2H3SM0D3UL4M6E7O554Q6'),(9435914,'7B',9215399,'36803AG06E9266T'),(9435915,'95MJ',3293734,'N4B7GOB21PRC01U90F'),(9435916,'Z33M2763LLS0DP52C5M8',8215397,'P9Q53MH1R1CS2JGAY34375JV4SJ2P6BY'),(9435917,'2G9',5546011,'98');
/*!40000 ALTER TABLE `expressentityentryassociations` ENABLE KEYS */;
UNLOCK TABLES;

--
-- Dumping data for table `expressentityentryattributevalues`
--

LOCK TABLES `expressentityentryattributevalues` WRITE;
/*!40000 ALTER TABLE `expressentityentryattributevalues` DISABLE KEYS */;
INSERT INTO `expressentityentryattributevalues` VALUES (1785144,4169872274,NULL),(4546011,2512057874,NULL),(6415191,711064227,NULL),(8215396,4294967295,NULL),(8215400,3260916835,NULL),(2293733,2831420100,199585),(5546010,3260916834,199585),(1785145,711064229,429696315),(5546008,1463526809,429696315),(9215393,2512057870,429696317),(2293736,711064230,429696318),(6415193,2512057872,429696318),(9215398,281567499,888429085),(8215398,2831420101,888429090),(4546007,1034030078,888429091),(7415192,2082561140,888429091),(5546009,3260916833,888429092),(9215394,3740375547,888429092),(3293736,3740375550,1317925817),(8215399,1463526810,1317925817),(4546012,1034030081,1317925818),(3293735,3740375549,1317925819),(5546013,3740375551,1317925819),(7415194,1034030079,1317925819),(2293735,2831420105,1317925820),(9215396,2831420102,1317925820),(785143,2512057871,1317925821),(785146,1463526812,1317925821),(785144,1034030080,1317925822),(6415192,3260916832,2004673119),(8215401,2082561143,2004673121),(1785147,1034030082,2434169850),(785145,281567500,2434169853),(2293734,711064228,2824770949),(1785146,3260916836,2824770951),(9215399,1463526811,2824770951),(7415193,281567497,3254267678),(8215402,2082561144,3254267678),(7415195,2831420104,3254267679),(8215397,4169872273,3254267680),(9215395,3740375548,3254267680),(6415194,2082561142,3254267681),(4546009,2831420103,3254267682),(1785143,3260916830,3254267683),(3293734,2082561141,3571024640),(4546008,3260916831,3571024640),(4546010,4169872275,3571024640),(5546011,2512057873,3571024640),(9215397,281567498,4000521365),(5546012,4169872276,4294967295);
/*!40000 ALTER TABLE `expressentityentryattributevalues` ENABLE KEYS */;
UNLOCK TABLES;

--
-- Dumping data for table `expressform170expresssearchindexattributes`
--

LOCK TABLES `expressform170expresssearchindexattributes` WRITE;
/*!40000 ALTER TABLE `expressform170expresssearchindexattributes` DISABLE KEYS */;
INSERT INTO `expressform170expresssearchindexattributes` VALUES (785143,'8TP4DLXDJ2Z3002NUA3SYH3TLWROF3MZ720FIWFJ4OA81PSJ6320T414','9IY6',NULL,'1SOI760ND482PYULOZJRJ8K29D06W84U3P0PRT6343BMW19Y32A6J1C8ME8I30E76EVX2BY2VAO8LJ6DJP4DPGL80QOP','2JI6771EHVMQ9Q70'),(785144,'40JAHQ9W6J9NC4V74F','QW7849CQ52','','8YJW5F473Y011H7D9GH4H79011940',NULL),(785145,NULL,'OZY3R','OIV43TW1457W0E96J094950BJ9FV417TA','R5V5NG0X185401VZ2M06X','0Y44BICP203U4T73JF00U4ZV988AMIGX6ND1C93F76S66DMQH6DCXMGL4D5O9CL0860K65E35SH858BWE81XVY79W8VQ1T6LPD848'),(785146,'1X963J25B7X70723374T423G01GMMAF6','5V83S7J35S26PU322R2','54','FGQK5ZYWJ','DG1B85ZQ45216E52S73781158K6'),(1785143,'79','600ONL','36C2417359XH2','JRH46SHU04NZ2YU3R','7F7835PJ'),(1785144,'UJ28','130140II62H0T3M5KM9CRU5K9L','64GL057F4L848XU747S4K15WT','619U7','O84EI71TOUE655KS6L'),(1785145,'NZ9QN1Q8C6DQEF7P51IV8347E9I1318T1JQFVUG4JG9NNGQ5QG1RD2556I27LX266RI323H3AB7B2B64DY5W1KY21U8W74U4877K03JC96XBR4D25R025I','8I5AN6FOU3N2A1E','',NULL,'RD223IBEBM3Z2849UERS5SNW1YV4W52W688Z9401MW3XVWDY2L71UM57723DFE5'),(1785146,'QOQ2J2T2ZNGQ3','JVM12N5T2O8K4',NULL,'','7O90QBZF7030YMHMRR'),(1785147,'T72N768CE1Q597','WR1Y9QL5XW2AT2VLCH58LZIU90C4389N','3Z157NWEMMO2O9Y6MU64HP2DDO05X8R367S','88FL','PC2710FNLW'),(2293733,'CUXQ51CWNJ8T436','89JD','42JY7XAB7','040Q98JXT444NGN6Z2V40','5DK2P442B7242EUK5D'),(2293734,'84755JL107AKCE','5190STO200Y20M277528H43P21P15D7B5JG6629C4O4Q7Q1665EPPKK2KRDDXRF','0IW1HHC5E5WONJ27JDE081','LUO6887GEVU228619373','7NWA9H2C1JA9808'),(2293735,'TE67M089UPI1P38V8SC2S','16H8KLF6RZD1F',NULL,NULL,'0790RXLR90K22L26ND'),(2293736,'756Q02C354A0CWD0BZ2K54O3WIQ7209I','3','1149UPFMX4480O6QO2AN','91I5G8','Q8XYT8'),(3293734,'01Y9UPB8DL5K7HN13GASY2C9G7Q71C743E5J5',NULL,'7LB21928275AHQW194ND417MA0EBVU287B9W29B13XA1504UJY2G5O49441WE','0O','224WA9'),(3293735,'SO2BVCK45T32HC10Q73XLO59U20WMYY','','4XC7XEMQC5CQ73','9CP6AEP5P3JSJ3','RM10'),(3293736,'9HUZ3VIOB1S1D81N8SIFPQMDMFR4YRE9RUO0HY','R339IOH0C8W3F9HL83PCJ7TMU35UK1PV02659','0C89554M3H4P7M9OCM4M915MAU2X4LOGISXW8XK94NXPK3H0WG3IW233L4X3B9SDN8','W7','I2C35W75I1HR7A1L447D2GJFCQS836CA7X716DI250Z'),(4546007,'752AAVZ40U3SFK6HN3YXN9O74Z3BW2IRS4477IMNG221Q2B9O5S0','EGEQRT5ZU18K2L6V02OWXU94LWC229GVF956Q5PD195BN7M08AR5HI664595U6AP2792BPV08TNXL5HS3754WTLCH4SFT0CKN1JD','HJ89283148ZRW11','S5BEV59Y95ID9VE','N039BT290EO3PZ99432N9YC73P180W4K8IF26U6D7JIW4QD8UVD4TJVL3O2O352L552UJ92S5Y754369S5W6A9N'),(4546008,NULL,'1281RQLRDSITH9C082','SHO0FIQ5PS95','IVEDS','I4WO6VN7AA9C34'),(4546009,'PXR98F1FG1',NULL,'61S42R2RYGGO95V5D42','Y0M705232LGC6Y6ZV8U48299H8HWF5','I44C97OQM578BU7L0459H8W6ARY1XOG952RATR66XK2LPZ4W41FD630584D36V9Z02KF7'),(4546010,'61V61R4T7V66591NM61304LH0F9M380ZGV080S8FSE39P087Z67PD67DS4Z7PK8EMCSZ','U4M93G86TTGKXO','','F9','KW7FOF'),(4546011,'SV663634967OLUO1PDYW41Q4','','264HG6PQ6','O6Y',''),(4546012,'9ZH3R','JB2OFA6R941S005074248X470Q5HG7U79XXV20N3L44YIX4PFLU52Y3PDU','','','0U2W0WD76ED8'),(5546008,'',NULL,'96SCDA82',NULL,'BL80H63ZI23YI3044'),(5546009,'PJO5','H97646053JGW5G15CW31666J9YE61ALC70','YJ6I6RW7J1W','0I2X46Y8ULZ28Q8EI3F13YNG04N6Z28DW',''),(5546010,'G','H3EM9JSA3B7497UA499Q4HFY87OPT5K4VQFR4U6SSH01N8RFWJ267NTA04UPI8DR0FE0789E884RT6J1C2C03K75ZWIKTFN054CA4L31C95XDFGD62LZ1L852P44688F1V99K3D0O25X7MD9B9LO7067IFKFK768','T12TG8G17N00RY741LJ2WNH',NULL,'WMFJ7'),(5546011,'66W0I1TO5OZFNEDG8PDAI3MN7H0A637CX8229ZC14088DPDPD8MSN','','3E','995T','Q0E7OS753O0C3L0FES490ZNH2UC8'),(5546012,'31QHB6K0JY3B5JEG82NSDS5','','802TF00GZS6UH0985C403OP73Z0DM5Y1T8EI9F2SD36VXL0K4620E336KQFXXZO15RFH70DE','','2YHA5FCDD636UB8KL1KO23N0TW1Y1K21ZI6308O8FMRTP3WP'),(5546013,'RZX4X2139D7ZNQ69804BH2GH564','ATQYF99','JM438',NULL,NULL),(6415191,'512PNJXSXT9N20IF','W297S28H4','1731M675JLUE5C6RR14W5A4H050OS9J8ZW8KI99Y8R4Z2BQ1J4P78I29P4R8F1T253','','E5G3PBZSDQ40Q2Z'),(6415192,'',NULL,NULL,'K33H3KJIEPO6376VSJSFJ32WPG4SA067227Q8N1H18XSF28','G9SI'),(6415193,'2AFM166T3K99SZ6M5Q37B1SDJBPWIX9EE0M1JE0FH2APRNR85WI6C48EW97F','788276','W8VEV00G0Q638V336F10999WGPCWE9Y9XK5E39B54','AN72LV8U4U',NULL),(6415194,'Y0JC1H319A964K18D8EMWA','POM8255AG96N24K316A89JS3Y76ETXM3161Y7966A84BPDUI5DIG5082619SWI89D117R6BUX9526QHQ94I1SZT5S02HZI68E2E5Q218P7D0X9SO2Y54I9','5C2CF09AO65IXTL17RNUB2T6QRU2VYFY08L3Y7V10H7QD1CJR6OHU31DV7Y579','',''),(7415192,NULL,'','8940OGXYR12AT3YZQ21766P7130RKM55G517NP55G2AD7Y136XT3E9467E9M4JY378P78QUW5E6MPA7608R1GW4F6','Z0',NULL),(7415193,'ENH1CKGHWMGZ96686C82E5C1D00',NULL,'6OJ5V3DLWR2MQSE9LV07C0','6D1455O61TE2NCSP',NULL),(7415194,'74I9178FOAI','','','XO464129EL973V','Q2TS'),(7415195,'PNHY16X6USN5213U07O',NULL,'O581OEV0','5XQ4C','U7B12X2J0ROU37G0F3Q381RK2BB39MW3T24WIRC2NW0Z3'),(8215396,'AUYBT5826R4BXSE2D325P60594E7G6F8MXT6K258560I9D8776VYE2BYVB6075S4','G5003UY40WALXZE','','GF0PL3TJP495S9GU2NWGK','LR6L96EQS78TCGC580746FB'),(8215397,'','V200GJM3Z8483IEX664ECHXH27K291VJ55','O9F69B84B41PO7T5497B8F7S68','H06R4','H949499KT32'),(8215398,NULL,'HM01712554K3233QGE46W0I9I',NULL,NULL,'L3A9DA64WJI10H0MH2MR9UFZVZ5W4T5O81TS7V3J0I961Q98X6ON1WN1855XV0'),(8215399,'2PUTZL6H24B9QT6OIE','EF6Y6E0','145','7MD2QC939R7693UDJ','7QVY44ZZ8WLD6BSU93034'),(8215400,'COVW774ZYE500O85ZRMM3357TVUU1411B44Q95W01','Q8VNQV0NGX744R0PIBVR55P378D5Y656MY','5','72H99NFO',''),(8215401,NULL,'H6C9L68LHSE3BW8','AB8FP7A54NYR5M960','187HAH3L7C5MF35ZKQ5N24N18EJC3OQ0D75K1VCZQJ565',''),(8215402,'F','Z272M0ZAUT','WJ49V6Z80O7305LTLVKIAXO90Y14K0ZPM7NDN4EBJ92X0F7224U6TY2FSE20QP9HZ2I0UQ','4MD10L11ZT17YLGY56A34KK22I67PYU94D692167DBX9OK5F8689CLRM41AF94Q7D81MNDMUR3E2AL3C7MWHUK',NULL),(9215393,'Q46Z11J1LJW4C1HVFFL13EF21IR93G7C',NULL,'VU1453P9398QKZR72V90AI2T1D4G4GSL4','',''),(9215394,'7T81MAMM5EHV8T1PE86YF9927MDEVS4L78PZ436816KO77213UCLI4G9P2SLX4L2QPT93S',NULL,'M266J58',NULL,NULL),(9215395,'E2LUO56E1898HA86O8L2AFDOE8JS',NULL,'OJ','2R025W44X','6W'),(9215396,'17A1WAR302714','Y038','CD1','933VGC','V85VX64XM9R68ZAQDK4C26H06A6P'),(9215397,'3M3A5I8KQ5Z959HSEP64M423M1D9G77B','',NULL,'V61B92F92B3C2F1PAMJPKL',''),(9215398,NULL,'LWIXFOP149A3K20XC5Q3AT','JQ6GX6AI5NSQW0FO3OCFY8D56B0FCAX1O56PS1I2722A561FHGTX8P4G504Y49GO598XRR3C38415M1RIR1LJMF974NBX03C30G87K3YL773TIO0YF2J48NA47WB2403JQP0K0G11O4BIQ71X2NA2C5','80M0E2Z8WK289C2BW5TG2794YQ7TV00','H'),(9215399,'','MJ7N2OLOW364N8531DNC3GLNX9SG',NULL,'Z4774V0Y7P830Q9G4K4I837IT3N92FV84CS18715JCO4716V1257H','CAB7X33OV');
/*!40000 ALTER TABLE `expressform170expresssearchindexattributes` ENABLE KEYS */;
UNLOCK TABLES;

--
-- Dumping data for table `expressformfieldsetassociationcontrols`
--

LOCK TABLES `expressformfieldsetassociationcontrols` WRITE;
/*!40000 ALTER TABLE `expressformfieldsetassociationcontrols` DISABLE KEYS */;
INSERT INTO `expressformfieldsetassociationcontrols` VALUES ('0','7VLJX0K1GGIY3',NULL,92,0),('06ZP49OT4HE838B9Z10W',NULL,'KX7RV7',2093578736,1),('0P5Y2','H','',893,1),('117ZWFM2052X7D','V09SLJ','J72OIR241X65EBIK0699C88763N44875BK0VM2W31Q02UML',909085825,0),('2','O','8QF4',115061391,0),('29D7Q','3B','42BL621O574NN6CJ7IU3QE044X6',1058219405,1),('2YX44P98758547Z3YRZ7','94V8','7QEYRG37TUQVN59M72929P4K6V9H6S9Q3GA9I023301GWJ7SI5YBV81WKU6394MIA',296873336,0),('35','085K3CW7GAMC0KCX','NM9H341VW',1779379094,0),('4D339X17J','MI14B39JT3','73W',1009412271,1),('4D88','F8J4A','JD09406868N9E',2051876470,1),('53E',NULL,'ORW0IFJ582361',2039627093,0),('59UCPV','059','2570660997MK93R5W22WF7JJBE876730KD52V0NYJ9UPP1RY6SVD78B328',4755,1),('5CEA','B','O22271224S944Y58L1XV31M348665BU8WK94TG770P3PE',81,0),('5XA574KL51F823L3','V0273V361','73M6D9MPN900NL220A',79,1),('60LKZY4F','085K3CW7GAMC0KCX','399EO3V27Y962QBRVWU0X6E',1130966508,1),('6Q','35E2S0J540','D1L169IT9UQ5463050DT0M1NH6XX43120UIO676J3',8,1),('7','1','A01JH11X68JHC0YPGHCESPAZ392359XX16W6R7Y0DBCBQ8J',739986483,0),('72VDZ','73618K8DT270QEAM01O7','O',1366507147,0),('7T5UC27F7K','BENF076S1Z242MIW8QAE160GSR902YF9K9T3','',479,0),('8','WXQ098','LUK1QZL2D43273LMG85HRB430Q9J08UTRUG7BAE83T9',993657065,1),('8CM9RW2','4','B567A9BQNVGB0J2H62Y4O66U4E9',1723905625,1),('8J4216BH',NULL,'U827LUTNX9Q7F2ET',1644814103,0),('912TCE','49','O3NDL32O45DCXSH97C2QCUD58QP05046UI0K7BF01V1Y8VY46DTP797264177',76,0),('9U9','BUM0D0G1','70IICR3DNL4RHC6025GE6WGH85E4A6HW4W6193C14716254Y11MF7319G',78,1),('B','Z33M2763LLS0DP52C5M8','',1115189919,1),('C','49','',815934023,0),('C1K56M','35E2S0J540','5K3JIB9W',1993891633,0),('D3I2C','MI14B39JT3','12Y4467',290430395,1),('D64KU9','4ZNY7H45I','',10725763,0),('F5DR','BENF076S1Z242MIW8QAE160GSR902YF9K9T3',NULL,1757748925,0),('FY0','8H4N9Z','2P074B376P4TRL0VR8708K32UM3O6CF910',5,1),('G093',NULL,'VR14DMZIA31',3275,1),('G379S1S14ITF2G91285MJ1I0539U7','7VLJX0K1GGIY3','HCU70KL967FV962COBY98S873F0K8K5TN',734328349,1),('I92R746G7','6','QLL0S4AX8IV9N7276W9TZA5I9',702861927,1),('IA2PD9DC','7QMMDM0G','QHDFULQJP5LU19OVUXG7SH72R558710TA734',1036859819,1),('J577ZEJWA4BZI','085K3CW7GAMC0KCX','ABL7791Z3CEP49D033V2FG0HR8158T11T293X57YR04',379281991,1),('L','Z33M2763LLS0DP52C5M8','V4BJLQ52R904Y8A87A2KK915VIU4RB377A0DUTBOUWL1B62N6L14L3TUR53K8Z6WF8194M57S9Y048NYV98P0N9BS305YQS8P0FD1CDU1A5D32EN0F13H085NJ5L337X14G96LO005W25TAR822N977331I2B',1004993109,0),('P',NULL,NULL,1359054198,1),('RU4A5','V0273V361','2GX0WH87YYCVS1N296',1983083763,1),('S','30IP',NULL,225868055,0),('SHSYN23UYGU1','73618K8DT270QEAM01O7',NULL,208803387,0),('U','D9CU5A','J762B2488DT69G816VI6EG95143A3O27RM6E04C',597718340,1),('U221IHXU','73618K8DT270QEAM01O7','',2113640347,1),('U67948X9','059','15X9536TY4P58532DZHB11EJDL74NPKN6',244427904,1),('VPD','U5EJ8V38B','3O5I',994267346,0),('WL75K57A158MZK','BUM0D0G1','F8MC595CR8H1ZN1',1731555853,0),('YA0SM24WU6O3I1483560AHELD46790H83051','95MJ','N92OS2GTZ82V1H6KD3K7TIMX11BZA',162,1),('YDXWS09L5B54Y9259YU31QFGY4MK','7B','LS08D7',1700903356,0),('Z43KZ2HRWHQOK5CUXM1DP5VMY3SPIXFY297','036701R47B5K5','JA393WQU1OJKP9R740Y3KQC',887152864,0),('ZXM','95MJ',NULL,88,1);
/*!40000 ALTER TABLE `expressformfieldsetassociationcontrols` ENABLE KEYS */;
UNLOCK TABLES;

--
-- Dumping data for table `expressformfieldsetattributekeycontrols`
--

LOCK TABLES `expressformfieldsetattributekeycontrols` WRITE;
/*!40000 ALTER TABLE `expressformfieldsetattributekeycontrols` DISABLE KEYS */;
INSERT INTO `expressformfieldsetattributekeycontrols` VALUES ('35',NULL),('59UCPV',NULL),('72VDZ',NULL),('B',NULL),('RU4A5',NULL),('IA2PD9DC',281567498),('P',281567498),('7',281567499),('L',281567499),('4D339X17J',281567500),('F5DR',281567500),('G093',711064227),('Z43KZ2HRWHQOK5CUXM1DP5VMY3SPIXFY297',711064227),('9U9',711064228),('C',711064229),('6Q',1034030078),('I92R746G7',1034030079),('J577ZEJWA4BZI',1034030079),('SHSYN23UYGU1',1034030079),('8CM9RW2',1034030080),('U',1034030082),('ZXM',1034030082),('60LKZY4F',1463526809),('G379S1S14ITF2G91285MJ1I0539U7',1463526812),('D3I2C',2082561142),('U221IHXU',2082561142),('0P5Y2',2082561143),('VPD',2082561143),('YA0SM24WU6O3I1483560AHELD46790H83051',2082561143),('0',2512057870),('7T5UC27F7K',2831420100),('117ZWFM2052X7D',2831420101),('5CEA',3260916831),('06ZP49OT4HE838B9Z10W',3260916832),('2YX44P98758547Z3YRZ7',3260916832),('53E',3260916832),('YDXWS09L5B54Y9259YU31QFGY4MK',3260916834),('8J4216BH',3260916835),('C1K56M',3260916835),('D64KU9',3260916835),('FY0',3260916835),('U67948X9',3260916835),('8',3260916836),('912TCE',3260916836),('WL75K57A158MZK',3260916836),('5XA574KL51F823L3',3740375547),('2',3740375551),('29D7Q',4169872273),('S',4169872276),('4D88',4294967295);
/*!40000 ALTER TABLE `expressformfieldsetattributekeycontrols` ENABLE KEYS */;
UNLOCK TABLES;

--
-- Dumping data for table `expressformfieldsetauthorcontrols`
--

LOCK TABLES `expressformfieldsetauthorcontrols` WRITE;
/*!40000 ALTER TABLE `expressformfieldsetauthorcontrols` DISABLE KEYS */;
INSERT INTO `expressformfieldsetauthorcontrols` VALUES ('0'),('06ZP49OT4HE838B9Z10W'),('0P5Y2'),('117ZWFM2052X7D'),('2'),('29D7Q'),('2YX44P98758547Z3YRZ7'),('35'),('4D339X17J'),('4D88'),('53E'),('59UCPV'),('5CEA'),('5XA574KL51F823L3'),('60LKZY4F'),('6Q'),('7'),('72VDZ'),('7T5UC27F7K'),('8'),('8CM9RW2'),('8J4216BH'),('912TCE'),('9U9'),('B'),('C'),('C1K56M'),('D3I2C'),('D64KU9'),('F5DR'),('FY0'),('G093'),('G379S1S14ITF2G91285MJ1I0539U7'),('I92R746G7'),('IA2PD9DC'),('J577ZEJWA4BZI'),('L'),('P'),('RU4A5'),('S'),('SHSYN23UYGU1'),('U'),('U221IHXU'),('U67948X9'),('VPD'),('WL75K57A158MZK'),('YA0SM24WU6O3I1483560AHELD46790H83051'),('YDXWS09L5B54Y9259YU31QFGY4MK'),('Z43KZ2HRWHQOK5CUXM1DP5VMY3SPIXFY297'),('ZXM');
/*!40000 ALTER TABLE `expressformfieldsetauthorcontrols` ENABLE KEYS */;
UNLOCK TABLES;

--
-- Dumping data for table `expressformfieldsetcontrols`
--

LOCK TABLES `expressformfieldsetcontrols` WRITE;
/*!40000 ALTER TABLE `expressformfieldsetcontrols` DISABLE KEYS */;
INSERT INTO `expressformfieldsetcontrols` VALUES ('0',7379687,1,-1067394539,NULL,'J48HY5F118361261M55SH077Y812'),('06ZP49OT4HE838B9Z10W',NULL,0,-2103023803,'E','1LPA5OAQ3G2QK3N0QE2713Y2P8P9G32RGOXQ5V'),('0P5Y2',9671673,0,-1131106634,NULL,'0IL7TKG1492I540JM2R1H1T'),('117ZWFM2052X7D',4374275,0,-1670740003,'7147A76KQU2D','M13UJ4UXR9TA0'),('2',2079130,1,0,'1VF21P08CN81ONZ346OB4WSZR6BM0NYRT329V','36PS09233'),('29D7Q',6379690,0,-1468730198,'TOD6Y9Z1Q57CAECHY11XM4I67Y0T2JF4UJ9HJ78DZTEC78IO16355GW02TORWJ3S8S','ZX'),('2YX44P98758547Z3YRZ7',5374275,1,-991192328,'6S92L4W7BL048ON5VGHC75WOJ7Y3C','ESL98412O'),('35',123909,0,629,'R8Z5B8WZ5186EQMGXC5W5JLOYSJXFJ1D633X5A8A50N40V193Z7Y2PE0172KDHR8VG314FX70VMM1','7568641S4K4MJY6'),('4D339X17J',1123914,1,-1485340656,NULL,'58GGY595Y2225VT4H771F9X468L4K341RAPW98175UZ62A47H79O89X'),('4D88',1123914,1,-1803710841,'901T3A660R334G4H5US40','O0G39M1SQK4AXU6992G31O9GJB2D5XHKA8D382Z7833Q'),('53E',8671679,1,-8,'XL4Y969YGS','14'),('59UCPV',3079130,0,-540980404,'','08AXYMS1G97M68'),('5CEA',1123913,1,-1088125120,'UU55TQ10YRNZA1RTP','WM850C35F7RR3NNA6V43L9O2151LIWWIBD50M3OKZ8J67A'),('5XA574KL51F823L3',6379688,0,-69139613,'','PE8V0G21GY3A7H53LD9M8'),('60LKZY4F',3079133,0,-1215377736,'GB6A2B0','LNUE0K'),('6Q',3079132,1,-96,'QQ652FZQGLK1','BPH0JLL8QHC254D8533I184CR6748PC4CTS0ZNNCCP6'),('7',3079135,1,-2057643225,'','H7U2A3'),('72VDZ',7379688,0,3691,NULL,''),('7T5UC27F7K',123914,1,-1025920358,'V89HBOO6838PX10','Q10O435O9XJGC10M6XRV4C7E1C8917JP039MQ4D80E043WM66C95P2VW6USS8FB97AC'),('8',6379686,1,6403,'7I47','BE5UHLO2C6082786'),('8CM9RW2',NULL,0,-628041641,'5SPYQJIT','5J39E5VXX9GM087238S3QZ93B36UGMY031AC9'),('8J4216BH',7379689,1,-380605079,'8K9Z','2SL7NJ67546G8J7JVWEXO8T2IJ009A5E53268445R2U0GAH88G73RQC1L6I5J84H0G6J'),('912TCE',6379688,1,-1025058324,'83T','P44JJ4TSCZ63Z3OLR7Q4'),('9U9',NULL,1,-1792040324,'','7K8CGTY8V197HMX741791BJUQG07W3X013Y702ZCRG392'),('B',4374276,0,-1258861334,'89NJD3DJW38H2I247V',''),('C',1123911,0,-1596488236,'YAZ36K49NEBM1MR3LDF0N','4YXRX6X5405V21VCJ2R9980D4'),('C1K56M',3079132,1,-449,'','22E4SK9P3JXG5'),('D3I2C',9671676,0,-37481805,'','9WF1'),('D64KU9',NULL,1,-23,'Q39','Z2Z928WLZ'),('F5DR',2079134,0,-621,'0Y208OS2PW2A9U6715','C8U6Q69I8MZN6VM3'),('FY0',5374274,0,-2110132812,NULL,'ZA03R921'),('G093',123914,1,-577631662,'495','PC8ZSEV3G7LIYFSBJI450AL1CB3N4D143YT48805A9HP9DUY4PROSAX4M53WRU6TFO8JO0K9I9Z893'),('G379S1S14ITF2G91285MJ1I0539U7',4374275,0,-1026331612,'ZM1U6W8U','VT30971DJ92Y5ZZF6FA5CAZ'),('I92R746G7',8671680,1,-1531039254,NULL,'J7LGUAS01'),('IA2PD9DC',8671679,0,-2024348225,'PF9L9MAJW9ZU3','B8'),('J577ZEJWA4BZI',NULL,0,-1382668655,'V12MH8UDR6XUHWH3Y2N6MWAS4578C','2ISL97U73D958173779C9CK9'),('L',5374277,1,-2120045199,'X1X8S0V6YJG77T0LA8SUF8428OE48RXRY3OS2P5XC3P55AI029AA474Z1GX15825I1VJ5T2PR6GONXXKSPV','4R363HVF2OA5EUQTD3W12B9TNF27Z5S3TN878C5'),('P',9671674,1,0,'K2YBLCVS7MT148L34RDOLS4A8H6RF6P14ZVKKC6I6703A1MOG8HJ58U6FS37C9VGQ74679I573668AX0KAL46WKZ9FNP4NS64QM44','HLQOO1E9479VA6C9PW0YI2C558896Z90CO9SC1QT67491XKO6J3PR1'),('RU4A5',3079134,1,-5084,'LCXOM','853AU'),('S',5374274,0,-21,'073D5467W','1TQATSH1OFZTGCO861O2I2HUG1T4U'),('SHSYN23UYGU1',3079130,1,-1070177005,'2PHHGE2A1Z5N752I52P9020IE43B2973390PR6848K3','6G52H708A6C89U2VUZH16C221UP894J1G9BYQ36O6LV9'),('U',6379690,0,-330095048,'86JDJ5UL55EG6H3OJ9UMBYB4EV786LKW6G889ES','Q26ZI903JBN28856T8SE9PIZV06WX2RMDY5XC4Q07Y50H86GBO0FX'),('U221IHXU',1123912,1,-1393161602,NULL,'9GVDVYU3J80640IONAIT4GS'),('U67948X9',1123910,0,-1338327020,'7R32N2NP71078NZF264A040X3UV44MLF0JX2PQRL977IW28K5','RRNG727CW76L240KYCLN5'),('VPD',3079134,0,-2047363216,'VGZ2BHN07497VK56S397IGCH0Q0FWTX','54M5W85DJZ1X7'),('WL75K57A158MZK',8671677,0,-139700750,'4EKPG26M49T4K38U59P39BD5090K740P1ZDOL8H36YLZ90X7NO6K455LL7ZG3369','2315F9A77C061054A173K1CHET06WM9I59DTCD943Y8W3D169O876ZW3YP8T01J3G0P07WEH1I'),('YA0SM24WU6O3I1483560AHELD46790H83051',2079130,1,-1081902430,'','5'),('YDXWS09L5B54Y9259YU31QFGY4MK',1123910,1,-863878547,'4','38425TS43Q7A53DFYS6L'),('Z43KZ2HRWHQOK5CUXM1DP5VMY3SPIXFY297',1123911,1,-595407910,'818O00GAY8864B6B936KF0SD9768BVXMIW9871MV8084QSB312S0F66R85SWDXP',''),('ZXM',9671677,1,-2013183380,NULL,'07K7A11U');
/*!40000 ALTER TABLE `expressformfieldsetcontrols` ENABLE KEYS */;
UNLOCK TABLES;

--
-- Dumping data for table `expressformfieldsets`
--

LOCK TABLES `expressformfieldsets` WRITE;
/*!40000 ALTER TABLE `expressformfieldsets` DISABLE KEYS */;
INSERT INTO `expressformfieldsets` VALUES (123909,'59TN9M',-6064,'EY70NGYUTK8HDTBN4787CW3U9X9583W2Q','G74SNGF1E12M7S2J2NDQ30PJ1JO45752A59BCR14Q6U50LR146336XH2A3HR4D0V1022A79814ZN4N0VRK3TSE33TFQ51F'),(123910,'564',-53,'01448AQ332VD188WGD46B','KFMS5FX67Z2H51A'),(123911,'ST',-784,'HIE0T3J079ZN0V516O8I13J3ON876I1JQDR1JI9JB8J8OQ',''),(123912,'B24W001X2',-944,'8644RN403BF5945XE9O93XOBGU8EBG8FE2WK14B1RYD579US4Y0S77Z9N',NULL),(123913,'L9Z0RZ0',-4153,'7N53S082JD1',NULL),(123914,NULL,-463480984,'30A6C9JMTX9689Y33B39BX7JM25PVYA4T369LQLEO76737DLMD262V0VC9856I92VOEH014MW0W7H6U937P17T21I62QQL9XTT99D9DS0T4Z45583UTQKXT291EHFU5O2EZJ50953PSL34PNBZ9Y22YJ17VE95DXTV711','PZV7FMQ2P3EY2D4JX6L26E6609O6R07UU6239Y8D64DG2JY2935S4BM5C5D47DAQ79E73D56BOYXF672OD08PJY024NKACA75Q67J4662489495T5B'),(1123910,'C77L75SVES0H9',-1120277302,NULL,'HN6IPSV9P31WJ8655R86495EKMSQY2YCNHNJZ282K9N028L920IE98H83X0RZ'),(1123911,'8M0',-955143422,'','1AWHXT69OPA2ZREK'),(1123912,'6R',-5,'P1','38'),(1123913,NULL,-6,NULL,'O7HC93'),(1123914,'9K',-1871947913,'2WFW4AAC2N6839VN8TG6YMGFKBK8E65AKDZ1464Y9X4255K2FAF1U6YZSDO9YBQN1126SGFQ48724K97',NULL),(2079130,'B24W001X2',-1556894193,'EX861M20VM3SIV1JNSYX16CJW7G8WI612JT86295AR7D7H3JB675D7Z3','Z6JIV'),(2079131,'492L696814L',-777282971,'','8D594J3ZQB9ZF09675CD72BA55QJJA9M179E0LSCF44R2S042S71363Z1OES3IY7J432V37KU04F9NLNP42T'),(2079132,'N146',-405241721,'A7TD88476N',NULL),(2079133,NULL,6,NULL,'93'),(2079134,'W1K3DK',81,'Y43N156N86KM7F5XDI','96'),(3079130,'Q84M01YR6',-1638987249,'91Q2G','EW163U4'),(3079131,'23EXQ76WCIMD663Y1EFWD5DG1719',-1901028889,'AZY8P8UPBI2U886Z0QST57589B7','5V866'),(3079132,'G',-1615297037,'ZRJ9T8AJ38Y3555655C02','3C4MOQ2U0494ZF1Q9V61'),(3079133,'E32RRZLU1',-241538461,'69T7','9QD77N3E3P51E2FD6'),(3079134,'01K8E0I2ENZ9BF395TC',-866880937,'WS','63KC5ZVY0ZLH67Y4TCIW5Q3XMFA9OZSM8WB5S97AX22I4A1Y75KPE84BNL3OX8L52OF'),(3079135,'132I6W5',-67990684,NULL,'HJ4T411HY6A9PD1833CT07F2K2Q1PQ5H9N784EJ0FTG2B4FMQ92XP'),(4374274,'29',-19,'007Q8B','8'),(4374275,'23EXQ76WCIMD663Y1EFWD5DG1719',-653,'','WW4R4GR2ET566494177EV980J9RZQQZIZ3SZY4O9B21L638S0S8B46MYUFBRE9'),(4374276,'X6V6ST05QK',-273871598,'7290Q6YR3WTNOBDFR601L0S5JL6U35V644398W45UAC348A0770322','5553I26Z0D64A265Z667A6F4IOS0D'),(5374274,'B0E1RWQ863',-909894599,'S06',NULL),(5374275,'G',0,'',''),(5374276,'8M0',-8,'ZQ82U580H4F1ZY1B09S77EG015EX6ECX8U4289K0208O4N57912FAN4FAS1PF4437URU61F7FC50R9M104WS46VQ6YZF6DPCNP84K3','3O'),(5374277,'K',-1025465804,'','GG6NRKC82301DNN5CL6X7E62'),(6379686,'9JIRW2N8BDN',-363152149,NULL,'8T4A4A24A3Z7I9H38OW1M7J0QG1L538K63YD31M8JYOH3'),(6379687,'3626P3G32',-1450946951,'VN7I861Z27ZAVVPG60T349A64766UR7I7U1VLAKG3DQ96A74',''),(6379688,'132I6W5',6,NULL,'89A59FAG38WNG227049P04168KR8P78CY4Z102NCG3J2ERYN10Q9J0HM'),(6379689,'23EXQ76WCIMD663Y1EFWD5DG1719',-1463031756,'030Z61730905PGYKQ0UA656390GSD862E4XC9DZF10HHEBDGWY8FZAUP18G6M52U46QEV740ERFPTXI3FJ1','39G65IME28UA1FX111DME3P4DPFIU5S159HQ8H7XFKTT9'),(6379690,NULL,-418,NULL,'33MP1297WYA6H873ZH780555R4UB2265ID5D9J502S4L6X05R3332098P044EKU11A427KL1484L9WQ6BT7K677EZ45IX4I8426X2U7N20X0H9L898HW7V57217J9WXIL9'),(7379686,'564',26,'4SXU594XPJ0MMXI9L8YKE1D540F3U6596RJ698B17J7N730JG8IF598SLCYABX0615R2BO8810634D2WET71D4A28SM1','06N59R'),(7379687,'QYB3V2',-1726195126,'',NULL),(7379688,'A',60,'A0GB8YZ',''),(7379689,'59TN9M',-210550413,'Q3EDC1I8R9JZ7BN472C1K7NKOJ9JP5KN9P78VU7T3OOTMK9E7',NULL),(7379690,'ZR2248Y2',-1023824386,'BVYM8HDZL7MP',NULL),(8671675,'29',-125445540,'D3',''),(8671676,'01K8E0I2ENZ9BF395TC',-1501842487,'33F58FVSWGU2631PN028OY391DP4YE2R79E01YU833','LMRG4'),(8671677,'4WWYQ51NYKU6',-6033,'20','UON29JQQMM00TJ402M7CKMQJKI41V047E2TKT337Q5Y2M05Z67LND2E7M31I2B16GSOPCZ7'),(8671678,'492L696814L',-86941788,'08N9J277P0AP5E8I0LSJ417440MQ11ZXLL2VY7362CM9RAY4M9217WIH1EW','V2J22CI92FH5DFW66TVM67BKG'),(8671679,NULL,-45353827,NULL,'W7O8R'),(8671680,'IQP69920ZM17KV',-1355120199,'','AL5W194103B2YO2RO83Y'),(9671673,'4WWYQ51NYKU6',96,'541TONZ08SG99L35OLPL1B39WGLC79U7S561S06BU1O0R512J4974632T2FZ78XJIJT93I04W',NULL),(9671674,'61',-928360679,'4U128X7CKB332Q2VG01685','8Q0I9K'),(9671675,'Q84M01YR6',-633419392,NULL,''),(9671676,'G',-1585731285,NULL,NULL),(9671677,'RUNY',-63,'15L','R76TNH579A421ZN8D21SGT84X6B95KU2069LDRB');
/*!40000 ALTER TABLE `expressformfieldsets` ENABLE KEYS */;
UNLOCK TABLES;

--
-- Dumping data for table `expressformfieldsettextcontrols`
--

LOCK TABLES `expressformfieldsettextcontrols` WRITE;
/*!40000 ALTER TABLE `expressformfieldsettextcontrols` DISABLE KEYS */;
INSERT INTO `expressformfieldsettextcontrols` VALUES ('0','116',NULL),('06ZP49OT4HE838B9Z10W','','C38QH3J8NPK0QO7QB46U8P32S3360U5'),('0P5Y2','VPIL9GKBX030O51TA19CO7JW4','0225O834BSI6311U5DN846I0N00N4E7A65B6D34JU'),('117ZWFM2052X7D','K868LI6PICX1K7V66PO1075T34Q4M4358C8561NO9YU1432ZZW','ND4WY22C601PWF6HC38310228P3I9NHX30Y'),('2','','4JEQXJ8X'),('29D7Q','U',NULL),('2YX44P98758547Z3YRZ7',NULL,'9'),('35','',NULL),('4D339X17J','',''),('4D88','HL3WOQ55ZP5NZ141EV8LF2QGC60C7790WU5K7U6GEQ3K5','67MC'),('53E','013WVJ07KM7O53GV81','49'),('59UCPV','LVEP76P28TFY656LF7UR1WK786F6SM9UW2TZ4L0TWOC8ROC',NULL),('5CEA','','004'),('5XA574KL51F823L3',NULL,'9SJZW52SMS3A5VP975855A1VM77R25E2N8O79MNF3V4FFHL27SRI59D600K923A75I57053Q72K99IT56R'),('60LKZY4F','0HF540615YT99593T5P0Z4W428KSQ02Q0011E','W014JT5S21ZG57P4U74XM4MSVJ084S73434SA088F6075IT04Q1OR7VYCFW275NM1'),('6Q','027U2G439851L91NDO305A9IA96H4R454338157471','JA1350Q'),('7','CLV71FTI4D','F21YQI3K54P64133XCTE4YP9'),('72VDZ','153X1J6EY258KWB6T','962R2NU2YRY9FG0S7WZO0223F2QE3GTGEQ595Y1JZ5O'),('7T5UC27F7K',NULL,'2F6T47D3J72XC2UF1FI908Y'),('8','39FWO567PTXJ4WRA42XR5B90V5I7DZLRN6J0YYX1ZBLC0A6',''),('8CM9RW2','6ML2Z88',''),('8J4216BH',NULL,'S57MLTO835QQ6500'),('912TCE','B0XX9PT6',''),('9U9','R6Z8QNR1WW1W1068395085KF95JDM1Q04584B5KEMEW090B20TXO3H02DD83BXMWDU3K8Z7QMAF39W526','L4DE59CJI3096HWD3294X'),('B',NULL,'11542WOYQ7K8934H5FK8235ATJXZ7TIO0'),('C','2JH8LRU3VJBLG6P5SZ66UKE8638NC7893','095QQK6Q4D3'),('C1K56M','NF9L09OKEN2S1CQB55513JHUDD0AQX4S623E','O75S1F41N6I82701VLIT'),('D3I2C','HG40N44KY46TPF57349W32R2X35865411H81T6IY1L9036WJVK0Z7E','8'),('D64KU9','','8UYM'),('F5DR','3KWM631P5YJN1I4OAC7M61X6LE3RW16XEK59','6QY89T99S6VK6144C45G23M26G50B90Q0YCE3YE0N31RGSQY870BTSH7923A5884'),('FY0','02ZD8','3LHRR8IN67YME8VH1681KVVB279Y9U2B67W2O704'),('G093','2RU','4441TEO9025HVNHDH53'),('G379S1S14ITF2G91285MJ1I0539U7','486A4BP3U6','AA'),('I92R746G7','LFZ28O249CF6270DM4IV4G7C1FNGF','R83SS6L75TF'),('IA2PD9DC','90H7A5QTQ3YB712I8S9H886',NULL),('J577ZEJWA4BZI','3','B'),('L','49G17JDL4T','E4DHJ0E7OILVB9A3MQUP'),('P','08C95P3DM6K163100Q89B7Z8P7Z4',''),('RU4A5','1',''),('S','7EVFL7960RYKOH082CJ','4NJ96F9IB68KW6D3'),('SHSYN23UYGU1','2A766',NULL),('U','JLXLI1Y9J1152B4A39F657IL','PE'),('U221IHXU','752E3T1XS9J','72A8N4GX14X8G5'),('U67948X9','','26TK4AY0V5ZM2Z7M8AAM3380C7T68M5K7GRDBNAL'),('VPD',NULL,NULL),('WL75K57A158MZK','251GXO48O0Y8R1021E','Y012Z7A83XJ91TA31'),('YA0SM24WU6O3I1483560AHELD46790H83051',NULL,'6L'),('YDXWS09L5B54Y9259YU31QFGY4MK','43C','654YBM88POM8UN8'),('Z43KZ2HRWHQOK5CUXM1DP5VMY3SPIXFY297','SUS49X609V22MT6814A1G6','D6N5081WQ0C9XQ7S5LE73E0094R0Q'),('ZXM','0269FP0F8473C8397SW3I9V9R0','');
/*!40000 ALTER TABLE `expressformfieldsettextcontrols` ENABLE KEYS */;
UNLOCK TABLES;

--
-- Dumping data for table `expressforms`
--

LOCK TABLES `expressforms` WRITE;
/*!40000 ALTER TABLE `expressforms` DISABLE KEYS */;
INSERT INTO `expressforms` VALUES ('01K8E0I2ENZ9BF395TC',NULL,'UYD7M5233MM2'),('132I6W5','V5W5T7','JN2BD7IVG1U30OH40WQ7HK79E3RB1022944BC8UM64OO5P9X8D9098S91VMSS007SEJ2HJ2049CD69'),('19O16MEY','3OC495332YU','GAF9245'),('1M7MMY825I706Q50MVF33PX6','2HH2N3O7','FO29SO87G517I6N0802FA83P2401'),('1N','6QM20MMPN7Y1S1S7SHX',''),('1Y2HT7',NULL,'533YCS71HV3OW108SVDZUS'),('1YS5DE','6','AT316B6H8R'),('23EXQ76WCIMD663Y1EFWD5DG1719','HA530C4W066Z411','2W1T5IQ1010L518228Q2H0D4XJL9'),('29','Y6E','9T03VOPPNEIAE16X642KSOV7ZK00'),('30V2J8F73','987',''),('3626P3G32','0EJA490GVG','580689J'),('3866R','LO31','8L476'),('39M876','0EJA490GVG',NULL),('492L696814L','2M1R8V63','4H2Q345P7WP9P6'),('4F3VFV','O0S',''),('4WWYQ51NYKU6',NULL,''),('564','45ZVGWH16O777F64','EJEPGYZD12DR9995L4'),('59TN9M',NULL,'U213A9778L87F1OD1FSRK33O'),('6',NULL,'97552B518F61X344P525Q97M76'),('61','KS434','W'),('6R','5TOG3DV81','UVI9Z23'),('82U1OPU0','0EJA490GVG','9X891H6SKBQ18HYNQ1X9189IXEMH57R6Q79KA7G5K547T150F4G140QLAWBEAUW8DUSUW1QQV5L8MJ74552BQ7Z60D0D6E189'),('8M0','2C','O6UABFRG444N27DI62SZ553930J78V95'),('9JIRW2N8BDN','430','791093'),('9K','9TOP5','G9CCW2L11IRYKNQ6T8164J528101KW8V23W5DB54SEW'),('9YEZAVOYB8D1416K96','987','H7HYL'),('A','KS434',NULL),('B0E1RWQ863','M73943VTNU2R5U8417DHE0BDC9H92',NULL),('B24W001X2','154X39YA5','2'),('C77L75SVES0H9','2C','22ZR42O467CRV227SEQR0'),('E32RRZLU1','0KZLW7',NULL),('G','XIZA',NULL),('H2','Y6E',''),('H2C','KO2ZR24U5','H6SR9AZY9M5PH14GV72'),('IQP69920ZM17KV','V18U8',NULL),('K','8LYJ',''),('L9Z0RZ0','M73943VTNU2R5U8417DHE0BDC9H92',NULL),('N146','2Q8',NULL),('N9Y99V9J0','6','0DYIZP183'),('P951RAHTGO8A3','89905','G22G2559037J56XYPLAX73ZS1MF69NZ4DPM2TKED2W53599O57045Z556EQ3PTEX4VY19E39DK1TGAZMS2K3154G9HID765S93M94Z94K5BRMDQ5793888RC40PB5GJ0E52Z'),('Q84M01YR6','6RI62','6QPWJGC503318Y4X79JRZ3K9M1812S627D0QF85X75ZQIQ53DOT678767G'),('QYB3V2','89905','4JU2Y38655'),('RUNY','R22J1I993AN',NULL),('ST','154X39YA5',''),('UP','A3ZM3','2N9PSEDANK2A03H8LYU4G58RS95030462AUNR'),('W1K3DK','TXIZGM46JFD9E2XH22GU1643U758TWB','8H6LA2'),('X6V6ST05QK','0L999Y4W942KRRB89T0','D53'),('XN5ND6FU1RUW6J1034','LO31',NULL),('YPV','P5',''),('ZR2248Y2','KS434','2YSC');
/*!40000 ALTER TABLE `expressforms` ENABLE KEYS */;
UNLOCK TABLES;

--
-- Dumping data for table `failedloginattempts`
--

LOCK TABLES `failedloginattempts` WRITE;
/*!40000 ALTER TABLE `failedloginattempts` DISABLE KEYS */;
INSERT INTO `failedloginattempts` VALUES (395687651,'U','1985-01-15 11:20:42'),(395687652,'55R54VOC','1992-05-11 12:07:59'),(395687653,'201IC','1978-02-23 10:44:06'),(395687654,'9U8JBA','1995-06-03 13:42:44'),(395687655,'2GC48HC8','1971-01-01 01:11:36'),(825184382,'8MLZN26DLZ3','2014-10-08 19:46:59'),(825184383,'300','2014-12-06 10:50:43'),(825184384,'8U','1970-12-31 23:09:58'),(825184385,'P5TF353VSJ623P0','1970-12-31 23:01:15'),(978751465,'J3145QRA5W','1973-09-09 12:55:48'),(978751466,'W1','1999-02-04 13:09:17'),(978751467,'D','1974-07-04 00:16:57'),(978751468,'98BWLK','1978-01-18 03:52:09'),(978751469,'8','1985-05-30 08:55:11'),(978751470,'AFTF5C','1996-06-25 20:16:41'),(978751471,'90UP1D2805L5961','2006-06-26 20:20:07'),(978751472,'93PW35RR','2004-09-15 22:46:06'),(1408248196,'J2K50A145G6','1994-03-17 05:44:16'),(1408248197,'MIDT5624E','1973-05-12 03:05:59'),(1408248198,'M51RO7','1987-03-29 23:05:49'),(1408248199,'P','1977-05-30 13:12:52'),(1408248200,'365A8','1991-01-18 08:23:40'),(1408248201,'E9','1984-10-07 19:24:15'),(1408248202,'58Y44EFU3AL6','1993-11-07 22:22:50'),(1838382314,'0RK9ZQ75F56BQO','1970-12-31 23:24:34'),(1838382315,'7U','1975-11-07 17:05:03'),(1838382316,'','1971-01-01 00:14:19'),(2267879044,'X7Y80E','2007-12-10 10:17:45'),(2267879045,'DWDMN89W','1970-12-31 23:06:28'),(2267879046,'','2007-06-16 12:03:20'),(2808189241,'502339M7790','1970-12-31 23:00:02'),(2808189242,'A','2010-01-15 23:56:21'),(2808189243,'ZC','2001-05-05 20:35:40'),(2808189244,'','1986-05-01 01:59:08'),(2808189245,'5KPGTJ9O0IZ','1970-12-31 23:00:29'),(2808189246,'O2T','2003-06-02 10:21:50'),(3237685972,'95SM2832','1970-12-31 23:00:01'),(3237685973,'K7K','1987-02-28 11:17:11'),(3237685974,'QVPW7RN6952LKMASC754','1986-11-14 12:59:48'),(3237685975,'WB','1986-10-20 09:58:55'),(3237685976,'J61999V58P7TBW825','1982-02-05 15:29:35'),(3468082861,'W1','1970-12-31 23:00:01'),(3468082862,'','2001-07-31 22:00:27'),(3468082863,'41L28','1989-05-05 06:14:18'),(3468082864,'0AU57YO','2004-07-25 20:45:31'),(3897579586,'67','1983-07-19 22:01:19'),(3897579587,'8','1990-04-18 05:26:52'),(3897579588,'','1970-12-31 23:00:37'),(3897579589,'O9','1984-05-12 07:07:59'),(4294967295,'','1970-12-31 23:00:07');
/*!40000 ALTER TABLE `failedloginattempts` ENABLE KEYS */;
UNLOCK TABLES;

--
-- Dumping data for table `featureassignments`
--

LOCK TABLES `featureassignments` WRITE;
/*!40000 ALTER TABLE `featureassignments` DISABLE KEYS */;
INSERT INTO `featureassignments` VALUES (135837592,1299768204,280528605,'P30SA32T3BGC'),(135837593,1874390820,4470,'88'),(135837594,1055180664,6,'7K71KL'),(135837595,539855365,963352832,'S8C7SR4QZ'),(135837596,2027587094,464,NULL),(565334323,6762,89,'3687IX71'),(565334324,NULL,389,'3SSPEH5A142JUID8EIM7CQBD6Q3G9BJ243T22P54O2K9C'),(565334325,3,2052841931,'62DN8C81H7U7B9G0857X6JY2626C5'),(565334326,260290946,9,'FP7220XW4FKE9815I80I7Y3488GY5093GQ7271R5JPZIY96U3HWGCE61NX8M5SL510BLV0M80LE4F8A08230E3BP4DEPX77'),(965515175,9,175620892,NULL),(965515176,NULL,75,''),(965515177,52722342,1058473439,'1N44U0BV8248Y67528MMO3820C7006RWQK7698FWB9G4F6K6VQYC0XT083E'),(965515178,NULL,9229,NULL),(965515179,545339425,1544579298,'9S81U5OBW2S1GN11W5L9F3I35I6HLIF007TG67U448XB6RT14J722'),(1395011905,514203598,2,'D2MIZS99UJ457GW01Z43P3B760C2H9'),(1395011906,NULL,6,''),(1395011907,NULL,2140755845,'PE60K0F19I8'),(1395011908,163473708,1982227271,'R737C4'),(1395011909,221558403,NULL,'7G7T4L01925KWGVP72D6BLA5OYWX30'),(1395011910,15676236,NULL,''),(1909391934,474,1439830900,'1'),(1909391935,1652721047,658652154,'5S7W3GL'),(1909391936,37046106,496,'K8Q4QAV224'),(1909391937,71995815,6508,'FKKLS34KP2047L987E077H5YR50VU7S574H5J2H7NG2CR'),(1909391938,NULL,NULL,'20IXFIDTVCVA0863718E0XUAQS3A4QFZSTT1PRI35QAZ4QV7607'),(2338888664,859828350,2555,'37U190FC3K95CB90BJ9X3'),(2338888665,12,339,NULL),(2338888666,923533875,1541943091,'MC61T36C0I19B9510V8H4O8A58SH82PJKZ9N28P9813W0O81'),(2338888667,11,715,'633SP7UK5V78'),(2338888668,799183283,77,NULL),(2338888669,8,1295628166,'92NG52SP1NA6R0ZH7K9RC9MGTJO6GH3'),(2729494435,4,1850585420,'5'),(2729494436,NULL,1084502410,'SO4X0863XOT85649LJ810AR164K50Z296KVXY4AC9LGP8ZAW'),(2729494437,385032111,86,'0YJEL0YU'),(2729494438,1057020693,1276959494,'3QROMP6J859XDQI'),(2729494439,574505928,826887502,''),(3158991165,902254656,798057505,'P66994BN'),(3158991166,2,1364511993,NULL),(3158991167,923749771,860,'0137H9PP3M3WHIR89RSOGV807A5'),(3158991168,NULL,8027,'3RW0MW8L462LS6HE4P690Y4L77YQ46'),(3158991169,1188612888,1277833769,'FLF3V'),(3647924888,65803641,NULL,'D4S8F34T75159'),(3647924889,1468873300,1643,''),(3647924890,207568604,1893440178,'DSK4G0486M5GWJFAHWV85NSQ6DM6G63E945069E8R39S33AL'),(3647924891,777640353,6610,'U36E'),(4077421613,1945824577,549191646,'45UXLBN4N4IW1QL96D0R3W80ZWAM5P956B6D9F8I9'),(4077421614,1405773797,1653640928,NULL),(4077421615,750,1213434983,'YH4GUEVNJ787M1B40D0S21FF61A1D3820VOA'),(4077421616,933029558,17,'R5A7YSK5996A81F004G1996626E215QRS2FZ065D6F94M065E'),(4294967295,1322712426,1572205716,'');
/*!40000 ALTER TABLE `featureassignments` ENABLE KEYS */;
UNLOCK TABLES;

--
-- Dumping data for table `featurecategories`
--

LOCK TABLES `featurecategories` WRITE;
/*!40000 ALTER TABLE `featurecategories` DISABLE KEYS */;
INSERT INTO `featurecategories` VALUES (12,'XQ42CP12Y0',1482883450),(13,'Y71YUBE0V71G05YYCEIQ35068WD7Q84A',NULL),(14,'57201491YR8P93OW0APMQGSX',382),(15,'74B705IQNP9TL29XIT3FLC11WCKH76',NULL),(16,'L4B1V695463BGNHN4K8CR46914F7Y291K72J203A40Z245716GLA8C85IF0G0BHQ3RL08L098IJD1W',682),(429496743,'C2U87P30870J875471F2S01M095UG',2078014596),(429496744,'3H9',2103984473),(429496745,'CLHAX8NL0WM',1247792199),(429496746,'VY3R60ZE7J90UV5OBKXPDZ3ICKW6B97PUL',7497),(429496747,'8KITFY4Z3Q4F75E1A0672NPG7U7U11N7U0TB631IFPM900D8O0E3V6UK75Z2E22AE9UTJY',1686749709),(967185157,'U4J542PPNGMC2',688603234),(967185158,'1793G781FACRN8D',NULL),(967185159,'LL83995BT3U438T473CERN799LUS9DD09680LBU',496336254),(967185160,'G',1677334536),(967185161,'1XA3CW3',165992060),(967185162,'5Z604Z746HRC4Y30608LYC6H540O',636623937),(1396681888,'A09USCH0445G4Q8K6I9I8994',1),(1396681889,'6R',138135982),(1396681890,'5',1028911973),(1396681891,'L59W5H413I5X3S731',2707),(1396681892,'B6726YA3DC5087YAX8HT5H36V79F',507071706),(1918200010,'X44S1YDR267HKV1GO',982534133),(1918200011,'R',516048530),(1918200012,'I63U42ULH4CXG338KAL09C03H05YSN25T8407Y',NULL),(2347696740,'QNS00377J',NULL),(2347696741,'9D708BRWAS0NSST5TXX7N3Q',654425957),(2347696742,'23K6LP',874591354),(2347696743,'DORKW27',1661916934),(2751810237,'P6NV26ANA7M5B4B6723194VC3S',1736697686),(2751810238,'899',1717941310),(2751810239,'9I66015',NULL),(2751810240,'S574P772EA1M',650),(2751810241,'RSFU6LB2HQ29Q187311P',1285147038),(2751810242,'NE03PY553KBZASTS4M129ME82773R2V201ZYHR91Q0TW4I2I0TKU8WN288406LA2SBJ6K72737',90),(3181306968,'O44N9571C3Z2VI163ZR81BZ4RX0XCXF6B8U990V9W547I5UDFR198FT03790838PPT47Z5E331SR7037VSON3',191095985),(3181306969,'79VH18740A',1266081684),(3181306970,'5O682XF74044E70G6DV8Z7A7262WI385JW970HOHZO7ZGH502SN8M750D9VJ385NAQUG1B428D8Q35O2',4),(3181306971,'FZTL5YQT6XCB',694),(3181306972,'Q4X1G385967WW7GCA7QB53HPZP8EO3182N9RH0VWB5',1839059869),(3480443896,'0R63RMWSO8CG705G68F32',1621019432),(3480443897,'Y',0),(3480443898,'2O03A53729SX1C39VKY',1072497948),(3480443899,'7DQNZ9F92NVZRHF53B',1102177638),(3480443900,'FVE6T276YFA0VI4P6ZW8Z7RTP',2023008485),(3909940622,'RA46E9XBLKBR1600D0XRH01VQUST5887191P402KRL6DN40',279616926),(3909940623,'D9PFH3H8VT933DVV0D473003BSEI5N7ZMJU36AJ59IF8P5DW2AJ4P696658YBTG94E0D506ZTL761YFL93O222MZI456',109203345),(3909940624,'X967MZN9Q6VU2X03469TLR5M1ZBX9C201HI8IXZ7YRZ2240K',1760570239),(3909940625,'OTI4Z310',874236798),(3909940626,'1R4G24',13650883),(4294967295,'590R532H123MGNAOJP2L4',2034515422);
/*!40000 ALTER TABLE `featurecategories` ENABLE KEYS */;
UNLOCK TABLES;

--
-- Dumping data for table `features`
--

LOCK TABLES `features` WRITE;
/*!40000 ALTER TABLE `features` DISABLE KEYS */;
INSERT INTO `features` VALUES (125078891,'98',-583880369,0,1092691136),(125078892,'B514DHE26U7G9ILRQY705S3HE8497AD62AN0B0G10E15E90JK256P8SR1WSY2I9MT3U72FMEGWC953HQ9G3J25N06X0G13936',926,0,NULL),(125078893,'V17V24',-1023100456,1,1944143654),(125078894,'S21E034NMSBFW61846OYC3A54C37M3S10UA473HXSA35UY6',-572313911,1,512947755),(125078895,'6IKOC8J503Z2DSK6FCNP053Q0642Q',-504625252,1,1639579168),(554575622,'K7AT2A8ODW0936YMDM372ZS8C5248BS663L37XNI52F9886U6',-1400747202,0,24),(554575623,'G8B',16,1,525),(554575624,'1WQN3918K7V2',-9,1,NULL),(554575625,'OU4J6ECI17X0XL86QJ0425NVCNR9M',-1528999612,0,503),(899332628,'LQ4PFD1WZV',-1035230137,1,471171635),(899332629,'FIOD60B26U1I6OPY0K2GLV91Z',-101514648,1,850897539),(899332630,'6MT6MTQ584C5F765540KRKPZSLS8U3G41200Y25Z4SM',-778540604,0,1197492337),(899332631,'K329',-224640707,1,613778037),(899332632,'3OV499HZ8',-260124124,1,2),(1328829358,'31DD',-1704389620,0,1412652271),(1328829359,'KJXS156122W93RAE0KPDCQA4GIO78E7823UEKO5510P74BVOBD9D',-698160063,0,71),(1328829360,'P22VU2NQAO2L6BK2V9YR2OQX15KTFPRT5A1B7533492Q0D8V0GKEH5IAIV93U1PB3565282R1Z9KZ3XNY7PMAJL01T3HUF259D53S8R8R26M',-1377356719,1,NULL),(1328829361,'9XZG9WA8LXP50P5YG71722TW90PSN169G85Q8549O46HD5W',0,0,1260060909),(1328829362,'79CW1',66,1,1281730286),(1834943089,'39EE866SGCRWB7Y63RWPHVVYY6T673OS6RT22E6P41RY9Z5',-670321782,1,NULL),(1834943090,'553L9WV135DT7G1BE829NL4Q7ZRAOTW30I60H',-1034025994,0,9841),(1834943091,'6Y',-524,0,NULL),(2264439819,'Q8352I8IAQDNH5T6J89B91Z7UQ6223E7',-789453159,0,1478548105),(2264439820,'JON3979P20I02M61M010NI279AG0119A3FKD30129G6YY6445XI04O68CPOS10WOFO3W34Y77AE7283OP51I09763897F89W65FYW0406VG6ZXI9I85GRAWY2QD9U1881Z8503S3X45',800,1,321151090),(2264439821,'F0CLM25',-24,0,1318329577),(2264439822,'6QSZD2',-6,1,1398074283),(2765517485,'F1RKS0U072472RRL',-1756488850,0,5411),(2765517486,'46820J6K29W6UE7X2RZ6U67XH4Z64V00VG71XQOVOC74AJQXZ48RT394240',8,0,654085746),(2765517487,'94AOMYW80N9YYC09N8E659T38869RQ2H65B',-40,1,1050843755),(2765517488,'0T9KS0SXUS8324X95V3V4OZ812H7USDGR01YRAP4DT9106E02C6227773SB29H',-4,0,NULL),(3195014215,'N4NZ5K49V',-614914035,1,507276865),(3195014216,'VBH716AK2',920,0,5889),(3195014217,'FI1M5KR7KEFTW5P7G6Q1947947A',-1224020241,0,746651317),(3195014218,'99577984DCQH50U03F',-1658741934,1,1903608345),(3195014219,'87EEU96Q4Y7U1T416149FVYV2Q924RF16J59160HZ0',5310,0,1370104633),(3688076773,'JB039G',-1430858848,1,97),(3688076774,'6C2JI99EQWRNN2XPR2VRL4X',-19,0,2128289099),(3688076775,'R0K112RLD624U7K',146,1,578641757),(3688076776,'WP79',-1804747825,1,949),(3688076777,'0G1U97F024I87PD6TKWB1EG09V5YT0CA8VD37938ECG',735,1,72),(3688076778,'2W2IFRT4J952VUH5QF1US',-1124647714,1,2090420188),(3688076779,'JM521404U9O5E64C7',-386248944,1,2095708591),(4117573499,'7S1G66NZMF0OK62112FQAFQQ5',-1353398057,1,NULL),(4117573500,'6T816918U4VFAV5I0662T382SX9VE',-273530773,1,1660341234),(4117573501,'SU10JUWUY9F3E5RH',-340612109,0,2091652426),(4117573502,'2U9GGSXX616OTX61G11RU9VX7VCX8M8QX52D4OO8LLW',-37224853,1,1374496743),(4117573503,'V55TID6B30R5899CKA783LN3F5D',-6,1,75335304),(4117573504,'SAW1C816OWEX980602LMRUW8N55T2T7QT168633HN7GG9RMQ5',9,0,679093678),(4117573505,'D0WQXP887E7',-903933608,1,NULL),(4294967295,'Y3T8E28K',-1568411727,1,73);
/*!40000 ALTER TABLE `features` ENABLE KEYS */;
UNLOCK TABLES;

--
-- Dumping data for table `fileattributekeys`
--

LOCK TABLES `fileattributekeys` WRITE;
/*!40000 ALTER TABLE `fileattributekeys` DISABLE KEYS */;
INSERT INTO `fileattributekeys` VALUES (281567497),(281567498),(281567499),(281567500),(711064227),(711064228),(711064229),(711064230),(1034030078),(1034030079),(1034030080),(1034030081),(1034030082),(1463526809),(1463526810),(1463526811),(1463526812),(2082561140),(2082561141),(2082561142),(2082561143),(2082561144),(2512057870),(2512057871),(2512057872),(2512057873),(2512057874),(2831420100),(2831420101),(2831420102),(2831420103),(2831420104),(2831420105),(3260916830),(3260916831),(3260916832),(3260916833),(3260916834),(3260916835),(3260916836),(3740375547),(3740375548),(3740375549),(3740375550),(3740375551),(4169872273),(4169872274),(4169872275),(4169872276),(4294967295);
/*!40000 ALTER TABLE `fileattributekeys` ENABLE KEYS */;
UNLOCK TABLES;

--
-- Dumping data for table `fileattributevalues`
--

LOCK TABLES `fileattributevalues` WRITE;
/*!40000 ALTER TABLE `fileattributevalues` DISABLE KEYS */;
INSERT INTO `fileattributevalues` VALUES (2980601471,374169303,711064227,NULL),(2980601473,2548478186,2512057873,NULL),(3410098202,1705380328,3740375547,NULL),(3843506998,803666037,3260916836,NULL),(4294967295,2118981453,4294967295,NULL),(2146206432,1275883598,1463526809,199585),(2980601472,374169304,2831420101,199586),(3843506995,1275883601,711064229,199586),(429497230,3309731678,1034030080,199587),(1568978887,3977882578,2082561141,199587),(1568978888,803666036,2512057872,199587),(4273003722,2118981455,3260916835,199587),(501,3977882580,1463526811,199588),(2146206436,2548478188,3740375551,199588),(4273003723,1275883602,2082561144,429696316),(4273003721,3977882579,4169872275,429696317),(2980601474,2548478187,3740375550,429696319),(2146206433,3309731676,2831420102,888429087),(2146206435,2548478185,2082561142,888429087),(3410098203,2880234947,3740375549,888429087),(429497232,3977882581,281567500,888429089),(1139482155,803666034,4169872273,888429090),(3843506997,2880234948,2082561143,888429090),(500,3309731679,2831420105,888429091),(4273003720,1705380331,281567498,888429091),(2575703161,3977882577,2512057870,888429092),(502,2880234949,1034030082,1317925815),(3410098205,2118981457,1034030081,1317925815),(1139482159,3548385855,4169872276,1317925816),(2575703163,803666035,3260916832,1317925818),(2575703165,1275883600,1463526810,1317925818),(499,374169305,4169872274,1317925820),(429497231,3548385854,711064230,1317925821),(429497229,3548385852,3740375548,2004673120),(2146206431,2880234945,1034030078,2004673123),(2146206434,3309731677,711064228,2434169850),(1139482156,4294967295,2512057871,2434169851),(3410098204,2118981456,281567499,2824770948),(4273003719,1705380327,3260916830,2824770948),(1568978886,1705380329,3260916831,2824770949),(2575703166,1705380332,2512057874,2824770949),(1139482158,1705380330,1034030079,2824770950),(3843506994,1275883599,2831420103,2824770950),(1139482157,2880234946,3260916833,2824770952),(3843506996,374169306,2831420104,3254267678),(1568978890,3548385856,1463526812,3254267679),(498,1275883597,2831420100,3254267680),(2575703162,2548478184,2082561140,3254267681),(1568978889,3548385853,3260916834,3254267682),(2575703164,2118981454,281567497,3571024640);
/*!40000 ALTER TABLE `fileattributevalues` ENABLE KEYS */;
UNLOCK TABLES;

--
-- Dumping data for table `fileimagethumbnailpaths`
--

LOCK TABLES `fileimagethumbnailpaths` WRITE;
/*!40000 ALTER TABLE `fileimagethumbnailpaths` DISABLE KEYS */;
INSERT INTO `fileimagethumbnailpaths` VALUES (114319690,3478573981,'276I4UX0KQ790390RVU627LR5934VPCZO',933722293,'7','7',0,'6293SN76J','1996-03-14 14:54:33'),(114319691,1831503908,'1BQ4K33O39N991H01VBNS1RMFHLZE4OM4W8P',3163634144,'0','61W9MR302N2WOV18A9687M3RCTBU251PBY5Z48A0XK003UIZRU94S1U1J0',1,'CNS','1970-01-01 00:15:46'),(114319692,1678907198,'409LE4CVK52VO66N2FIBGQ3IK5549RU880HK7T7P00CB851VC99JOB3E5W4SG78TYA590Y51IQ54C3PZ7ONI0401RT75CI06',933722294,'34192','',0,'4U44','1974-07-19 11:48:23'),(114319693,1249410468,'S3NQD4C70C1JBPITM23QX78JLWTT12',3163634145,'8','',0,'Q5','2005-03-24 14:10:55'),(114319694,3152342014,'294',1813215738,'I6','70TQ3P298R839EFUT6SQFTP0VD9R61K7J3P955409Q4GZ7YV028J2GO319M',0,'87348IVE4L18RZ974','1970-01-01 00:34:06'),(543816420,713463092,'P3Y3T4O4E9Y3',2242712467,'7Q','N4674N8R8D6LS0D',0,'6F2938CS6I508XQ51N8207FXYZQ3NC5O7L78IPYL','1995-03-03 19:25:05'),(543816421,1678907197,'NI5A89CX2G6746F92M1RA9WT519ISTQC72N3987974354NNFH80VYME767A41AM',3876265841,'9GH','Z7JFI11X07J7GHGSH3498RJP5056A12FW56LGN98L997735',1,'023E6ZF76J3130V36M','2017-05-28 09:58:30'),(543816422,1249410467,'4I6K9560762Q5H2',2734137414,'1','FCN8LX7448ANMY0QBT9U4V1MY5VAQZ19RAB4V3F8TXC7YQ99A6Y2IUI1B9SXGI72P03ZL5D6KY59V62',1,'MXV3','1996-10-15 11:42:17'),(543816423,713463094,'5YJ16C7630969O7XSU8955HM511SA4433FD63Q10J8R8R6LAOC68QG74K4KC63N87SA16JRW58K46L3481PA30Y6BF6947C9G4ZHQ79FDNOD45C1BH7Y9Z688QEZ89280RR4QW886ZB334PB68LI5K1J2A13OI6HK7SI',3876265842,'KEZ','I006045W5SLNWTQ33AP04O3TTQXJPBLX',0,'C','2007-05-16 00:51:36'),(543816424,1678907200,'KCQD8K5PR0TGM3S7Y1',3163634146,'V','2VW8J2709',1,'40S',NULL),(1262647257,3152342013,'415M55726H7VA0W',933722292,'F','46ECGW',1,'P7A0WTH8M','1970-01-01 00:01:22'),(1262647258,2261000639,'R0O227V356A2OTLQ8U',2734137415,'3988J','M5103MA61UD9E8VIIL9',0,NULL,'1994-02-05 08:45:49'),(1262647259,2722845284,'25R2S8KR70P520Z08B819SHC14MB4W9KU768J9L6C2OXA6Q33N2W1EOWRGC488299Y31PX1WU',1363219026,'00','2BG86TXAFO09Z5016RO',0,'0KPH4OGDTW34Z81S2322D6ARDMUBPG49S','2016-04-08 10:38:40'),(1262647260,2261000640,'GZ4691W591398P9I85NUBD5H8192Z4GUY',1813215739,'79','42J96B2UDU1NI5EW8KX8TVSH4YA594541G338DRE3S3U8LFKOF9559BD327U44ZG387COT53Z2OX62Q7XR',0,NULL,'1974-04-12 00:49:39'),(1262647261,713463096,'C80',3446769119,'S','41L05N58U7QGBDE7H7I4GCE8L',1,'8307C5463156O408ID3IN55CYL','1970-01-01 02:33:32'),(1262647262,3478573983,'OV',100,'4','W6LRGJG42W27EJB31S8PSSIU55K1OFFGM633G7G34004E814X63P5',1,'F69E59AJ4D','2002-04-27 05:43:40'),(1262647263,1678907202,'BFF9VT9W58LAH6',3163634148,'5N43O','C2YU77F45WP9BB02',1,'8Z4ZKFKT992HKQ','1970-01-01 00:08:58'),(1692143987,283966361,'N53068UZ9324HQ1H9DPEA7410DAK7X46RZ',1813215736,'69Q','',0,'','1976-12-13 18:08:05'),(1692143988,1678907196,'4W2CHB9Y111V7CK6ER46DP3AGBE3U23',3446769115,'9OVS','5FTL8PW0RP39942QKSR8145B0N68J898CX95RCVI1321G30R8Y14W0MOLKQ8O289A1LQICLEA0IE',0,'BP95R22187MV6VF082N09QMVNL3IR465D1O4UT0998883311L9N511O2JY','2006-11-19 23:55:16'),(1692143989,1831503909,'5R12',3446769117,'J0','C6J7NJ4D2STQM18R86Y8K26S05263739E8V5O6CA4XUV599G414S30IZ56A',1,'O732E2322ZN05F','2004-02-17 22:40:57'),(1692143990,713463095,'M5SYHE7E12FW48743N4SWW54H1J4HL575F8L22ZGT344KQQ0012L562NPBI237A289X98Q413IGU1N117TIAOE7H20K6XWGSE6J80VUB3HQ33X35Z2T3S1',2242712469,'R','CZ46A3M23F71IC974L4I',1,'N65MR0G3Y9LL0BG82V9L31Z97309D8XHVL33WU289','1984-06-21 10:09:14'),(1692143991,2261000641,'O0FAD2YEVO8ST8',1363219027,'1P2','',0,'4E015OG0D9439F38P3E7302X8EN2VH56570I','1982-12-29 08:43:33'),(1692143992,2261000643,'4Q3O5X8H1Z600Y99SOV86VLKR4N5P7QGE83H1CBTF8V3UPM8J',429496830,'O6928','9N0Q94HW61DZC7D6382V69BP2Y2',1,'BW6O4I','2011-01-30 01:15:07'),(1692143993,1249410471,'1TF628QLUS0J2085E4PB31',429496831,'4V','K2OP7NVJZ781TPYA31G6WELQUS5Q838J4KG1',0,'CW4TDXIS54','1992-03-31 20:30:16'),(1760494293,4294967295,'22C579Y7B91V7944367FCL1NR40M74DKS9AN0ZE6',2734137412,'W','8Y88YI7KE98',0,'4','1970-01-01 00:00:32'),(1760494294,3908070706,'596R601G0YT9AS7672X2SJ9',1363219023,'3PZP','W5A79757183N8578NJPDU48JF64CZ5',0,'8Q57N537576487PO1O455','1970-01-01 02:15:35'),(1760494295,1831503910,'JB083706QW60M95',933722296,'254','6GG25WZJI827YM55X88EP12CM60N',0,'OEXH6','1995-06-05 17:10:33'),(1760494296,283966365,'82SWJ2Z',2242712470,'9S','RTVPPXD0R7JU71XMC31PAZH22F',1,'3YPVSV8N7Y6JLV50GCW7H34Z6A3A6A31N5RD341137Q496BU637403GSO6NWWSG811SQ21816N9Q012XR3S8Z4AQR75F5DHPV6OW13GPS7C7G92E1OB256X71I33X','1970-01-01 00:04:20'),(2189991024,2261000638,'308R3BM771E',1813215737,'F7','3QCWT96ZK3S4Y645',0,'','2006-08-25 05:30:24'),(2189991025,713463093,'IA9UZ7TG03',3446769116,'403VZ','T7PWT3ZY8894',1,'D00EB523H9XT94435730KDE94V5B093PZ0PH35519','1987-12-18 15:23:15'),(2189991026,2722845285,'2VQ0BDB36R',3446769118,'YTD','S',0,'','1977-07-13 21:52:01'),(2189991027,1678907201,'RJZ8NLH1HUA9GZPQD919S9270',3876265845,'1WNI','WJB0WPI6UI8JVNJK2A7I',1,NULL,'2001-09-22 11:18:47'),(2801540089,283966362,'BC06655V28',3876265840,'3I','I5TBP5O64K69H5T7H4R1Q222I',1,'3H4E1','1971-08-26 09:48:40'),(2801540090,3908070707,'MJ533MFYQ5S0B85S0ZX026RJ55BHL7W5PO26D7AFRVAB7P9JWK1Z2617Z98K86YFNUZF39563AZYN7983D1478PV',2242712468,'11','68U1UPO7VTS105L9GUFCIB4N7YHET15N',0,'S64R590OWNQ3M9K88U455W6CP','2011-01-01 19:01:51'),(2801540091,283966364,'I8BIC1WUPCW8R2UM',2734137416,'6ZT','B9XS',1,'RZQIOME18AP0ADFQ130S8UB6','1970-01-01 00:01:18'),(2801540092,1831503911,'B4MDB84UBH9GPCA74KC1JWNT7GEW2QR310',3163634147,'94','69HQRR52XIC3N6I6O',0,'EWUIM443964NG7TJAT598VNJI378D01NUH6T6X0ULJP2F4GT497D99VK06IEP7FCWB30RD8JMO4DNQ0V4I1HIGI2529D8390G040VS',NULL),(2801540093,3152342016,'P6ZTZ50H67OCQQ14V7KILJUTOYE0077QVU8C2QR1146M156H084Q35D8E478NMZ3J48PY',1813215740,'53X','9K1G3X4AU7Z7O8HJ6243',1,NULL,'1993-10-17 12:45:59'),(2801540094,1831503912,'9UI9KGZL029F1N81Q2A877Y0SJ910',1363219028,'ZL','6P2I6783ZL2Z6U3H',1,'4SAJXI8I16K4N2Z3R490WZ97699E0AFT0FP83691H','2005-07-16 23:51:47'),(3231036820,1249410466,'OI0306RD98K2AY75663N2J9ZR6B2RN',3163634143,'V81M','5FNH2A180F571N2UIMW4167N21C3564749M',1,'5H','1990-07-13 15:08:56'),(3231036821,1678907199,'HZ8F8T',99,'K','X9Y4KDLA70M10GUS30',1,'5TGN65I67AMSI7K3','2017-08-28 05:18:18'),(3231036822,3152342015,'JSTC16584X15B0',3876265843,'S17K9','X1QUA',0,NULL,NULL),(3231036823,3478573982,'Z0X1',933722297,'F4JA9','2G95L00V',0,'13UJTG14S21GA','1970-01-01 00:00:09'),(3231036824,2261000642,'3DNO36O98MNJB4R',3876265844,'2','',0,'','1970-01-01 00:00:08'),(3231036825,1249410470,'1IJXC2H87Z0I956FNMU1NH8M4C4M1YB84108121',2734137417,'A','NU46',1,'A2P7MALQ7','2015-08-27 14:02:26'),(3728228678,3478573980,'3ZUYL16CP60R69TT4NL3CE98408R9QXWUDN9V5L27J71N',2734137413,'2Z8','',1,'76ODQCM1MJWV6WVR63','1996-10-12 10:14:40'),(3728228679,2722845283,'0Y',1363219025,'6','91GE9',1,'','2002-05-24 18:52:18'),(3728228680,3908070708,'QM4',2242712471,'17','0GN79E225R',1,'8O3N1F0PYQ05UB9DHKR0E0I311F','2012-04-28 15:55:55'),(4157725404,283966363,'7OF00MI1P4XMMU2I673DWA0E6989NF3YDGBBE23XDVW1Q',1363219024,'8XG3A','6JX4M7H6XLN13',1,'Y45DL','1975-07-07 03:03:54'),(4157725405,1249410469,'H507Z65AGBE706TW2M8C1FR',933722295,'7Z','Z7RJQ270GR333P78758A99BHSF4MCIPAZ4487T5453N36OA9475Y77Q6MORQUT53428NAN9291UVP61J460W815V35E947L',0,'46IQ2SUM','1987-02-27 20:28:36'),(4294967295,3908070705,'916OD6GS2SG4YHMA58C5S4',4294967295,'NA','460M4EQ48GBZ58ZH1PR98X0',0,'1V2CUPM2794X5O9FYPMTFKBC2282ZA',NULL);
/*!40000 ALTER TABLE `fileimagethumbnailpaths` ENABLE KEYS */;
UNLOCK TABLES;

--
-- Dumping data for table `fileimagethumbnailtypefilesets`
--

LOCK TABLES `fileimagethumbnailtypefilesets` WRITE;
/*!40000 ALTER TABLE `fileimagethumbnailtypefilesets` DISABLE KEYS */;
INSERT INTO `fileimagethumbnailtypefilesets` VALUES (2474029388,977760),(3588570537,977761),(3345754723,977762),(1209701049,977763),(2044532662,977764),(2044532658,1977761),(4018067263,1977762),(1639197779,1977763),(2474029392,1977764),(4018067262,2763581),(1209701046,2763582),(1639197777,2763583),(1209701047,2763584),(1639197778,2763585),(2474029391,2763586),(1209701050,2763587),(3588570536,3763581),(1209701045,3763582),(2916257990,3763583),(2474029389,3763584),(3345754722,3763585),(792907328,3763586),(3345754724,3763587),(1209701044,4807017),(2916257991,4807018),(2916257993,4807019),(3588570539,4807020),(2044532663,4807021),(792907327,5807017),(2474029390,5807018),(2916257992,5807019),(792907329,5807020),(363410599,5807021),(3588570538,6321561),(2044532660,6321562),(2044532661,6321563),(4018067265,6321564),(4018067264,7321562),(1209701048,7321563),(2474029393,7321564),(4294967295,8790376),(1639197775,8790377),(3345754721,8790378),(363410597,8790379),(1639197780,8790380),(3345754720,9790374),(1639197776,9790375),(2044532659,9790376),(363410598,9790377),(2916257994,9790378);
/*!40000 ALTER TABLE `fileimagethumbnailtypefilesets` ENABLE KEYS */;
UNLOCK TABLES;

--
-- Dumping data for table `fileimagethumbnailtypes`
--

LOCK TABLES `fileimagethumbnailtypes` WRITE;
/*!40000 ALTER TABLE `fileimagethumbnailtypes` DISABLE KEYS */;
INSERT INTO `fileimagethumbnailtypes` VALUES (977760,'J6R8J76FIJF9F1S5W2IA00','LDQ76WL',-624645300,-1176781642,0,'9C2201E53I2P5538',1,1,1),(977761,'Q87Z','7HR7',-1545842099,-960183789,0,'88W68MY5IQ94DD99TL27SE11DN6RB2PN0355981IF6771WXF8MUDGA1',0,0,1),(977762,'UOC0G806384','AYAP6798Z53U2BZDG8WW',25,-503083746,1,'TS2NFA3LB57Y556P54S4YQ6IUJ66Q767B25C1ZJC9TWP9E671H549BXXWK68L0I8SWN3EN156S1931928V50136Q7',0,1,1),(977763,'W7N4JJ3L47040E1U93S3O16BO81T4RPGTF2ISIEQE','CLZVLK5298U4RK161JGLJ534F2TZ702V71WGX727694J4',0,NULL,0,'',0,0,1),(977764,'2WA30DX71M49M75Z52256T0518Z84U3WTG369MU9L5EF4FU6Z7','4C3613ETU4LID6Q9T9NWMFX1K003T5XZAN0NW8584063WA7YGT42YXV43154A45PAM0NUEFSBF',-123592890,-598458001,1,'5J5WIA11RN5LR47X0AC25KBC1715ZWVCO4A0RP8',0,1,1),(1977761,'PV09Y40','',NULL,-1531186804,0,'FJQZRA7N7T5CV5O2NHE6VMI9HW5Z3V3M47H6RC5D12L0K0P',1,0,0),(1977762,'T06T41FXD4T28M80U9562W2151I283I74G3ZB8Z54HV475SB7020H9','P09R81YG9HFN309EPB7K7LJ4TD',5,-814573206,0,'6JGPW4',1,1,0),(1977763,'74A3925','ELU9F85W3013I4IT3AWQ7Q26IKF1P04DWCI52',-1616643506,-1980582569,0,'E35B2M932U496LVC34266QBDD5Q6CGU7',1,1,1),(1977764,'KX2J262IF9Z493X85U308O123G1M03W78N864B1','R2T7CIBRH74K2GY4CG0X734TD8S0F53QAUDC2',-904778375,-1635990660,1,'16B13949N56GQZ4M2T6D3O7GEP7P24',0,0,1),(2763581,'506WJU2W7Q3H9020ENDJ835VI0006QD0R183XAX11J','43RPOQ22T',-1350235935,-1358299451,0,'U756EL1584OO13HO17R6D3953QMD6NC',1,0,1),(2763582,'1M27X98RK811','',NULL,-2101398520,1,'EAX0N638MI8J486',1,0,0),(2763583,'CL834','0794QUNSQ6KCN9M4V6931JLIEDPYSK20CU4132Q6IR4W838P12',-1528939028,-95380341,1,'3R',0,1,0),(2763584,'96E6NAOD8','H99G586UM3M8DH7',-804510311,-692718982,0,'82D8JUC735Y3IR21574W6XVWD39D7',1,1,0),(2763585,'680M91G318516P1120L21PPTPTU0WMB51D3T3I75EB61UT7S503S78N','1U3ZN2M902NOI9AW10V1OPCD425N7C',-1509101861,-2,0,'N16T8B77I46L8P39TM8028V27QW326ANBJ6O2Z5U4VR2EX95DEI5412RHM1L80FZ9NK20XVVLX9HS0AK8490S',0,1,1),(2763586,'MA68706K36Q339','O82Q07FIVH69KCKV50VMR2JT1',-1669236056,-1317369387,1,'V1D26GL2NNL7B76131J13E',0,1,0),(2763587,'6EKD','Z25J20479U9',0,-926989300,0,'S4876PXCI5QI84GOYZM6CBQ9201D9CX8N9GG0ZJAKQ',0,0,0),(3763581,'2','8PR0Y',-1776667182,-3,0,'R400M1E66ESG736702QFB57I47Z8H9W284403K5E94713ZU8TAAA5N7DN82SZ2S85YF59XE87I6C0AY509DJ1G2X4FH588208N9C24H4UJZG7GPI6WCLRR9Q8J1OCR7R6M4O3I707I0P3P1AKD0RSC',1,0,1),(3763582,'46775J6','',NULL,-1101518406,0,'81BL1150XO6QMR0U4VN1C40Z20251L7',1,1,0),(3763583,'217L46FAFT496M1JQ02096E39ZXRGG','W2IYB4ODCO1231K816',-1004138319,9132,0,'W19JCHHUBP3X4GQCNU9GTN991VO',1,0,0),(3763584,'Z076FPW8B11KL73Z4CH','BNEH2VA',-1486253181,-1364333311,1,'WEA34B52MZ00449MV7V8P323E51N78V9SPGPARIXFW2T7JTL6ZG2X02D67DC0',0,0,1),(3763585,'O','PKA06H610R4S3GS1068902LDJ70C41Q94F2Q8SBS630JPTHC181GI51IO8753G9047R1383B7NZRH8CE1V',-833002913,-249134492,0,'6DCWH41M8WQJ6B5MFN4354N2FKHPXQ4P8D07CPV27B5EQ9YY6Y1039ORTFXFDN7BZ3V',1,1,0),(3763586,'08A7B5952088EY733973L11J31TCUX3LI3HB013U084A14Q','4J08789Q4ZKPV8MNXS5X9QTOLPA345T90C8X8ED',-1007635746,-1256909928,0,'1W1751YL8WS806Y03DJ3S732M6E75I1V1Q10E21B0W8NS8NAHFCYBY0BF6CJ7YDD',0,1,1),(3763587,'','R',-5,-139722416,0,'6DW9065AIHUS021I89E512KFW59NQW6W16Q0VJQ0OKJ92T0',0,1,1),(4807017,'G15NZ92E3VV7B2U4R891ZZV634RTVR6D97O0TGF8C927','03A0D16L1VWHFP95TQH9LOGA41TH',89,-488,0,'SFB0J6F6X40BM2YXQ4D4NU8JO2J55LL50PM94RO1NPTJ7DAKASH24SM0HBB6E5GUR28ZZYE7773',1,0,1),(4807018,'EH9181Y3B3512Q8D9RJU7DKA4O89NO0946B8733SZ39J6KE9T79SZ','CY7Y96458U02L788WM9WM300814S5DIE43B1LS591Q',-177838097,-167756295,0,'TRAS8DG13C699842VP2C54A2186A30',1,0,0),(4807019,'','026N0PV5MTAP',-607557218,-1571927271,1,'Y08I605N',1,1,1),(4807020,'0G92US','B8',-5120,-591227269,0,'338I36UOTD937E355JNB18B9WE0FJ3',1,1,0),(4807021,'AL97','',NULL,-1688748063,1,'B2YT03Z2JPWTX2510XJXAXB6Y4C1W',1,0,0),(5807017,'M4P9U00WD4BX64QHA03F5SZ6N0J832Q9229S3DV0MZE697F1082Z53NKLV7OV82I9T9F0264K6HEVZMM3DA8G5C376471QA1C8ZK6X6WSL50AG04X7US7W5AT0L84W7326X973','UDW136G6P7XV0SBZG7T2H4W71',-1565751509,53,1,'4R3N7IF',0,0,1),(5807018,'','K3T9254',3290,-292358431,1,'7W3698OIP93C92PE55LAL348ZUTFE53OP36CWH7KQ5K89',1,0,0),(5807019,'83I19MSKCNI73I9RZN2D385J5T','I8AG09A97G76Y0',-369,-1685832680,0,'644RZV445ZMYQHP1ZTYQ628E3175IK48E3QM35O77SILIGK0LG32H5VW81ML91CM9UTB301M8O78Q75IQ01G86A9091EU5J4DN72',1,1,0),(5807020,'F0GXON3','40PYJF79K7D3583JL98OU8SI67VEO',-1667137738,NULL,1,'',1,0,1),(5807021,'D5D56K7OO15J1SWRTIJ','A6VPWUGFHD3P3O980L3614',950,-1538266084,0,'8RETV0P7IBN444L0HCI37Y',0,0,0),(6321561,'04N103Z810CF82','35405EO505AK2B2LDTZDV3927SSQSJ4NUBSH7PCYBHV44669627X2KJDZ5Q4677N897Z5K0QT64BE16APO0883HA',-20,-1,0,'Q32A52J86LE618ML2PX6EV8773XG6053797157JG3RY0W844U5O613UA96DO0CNQY354D0B6NQ1AOE6PQ',1,1,0),(6321562,'07067G81J0272524X8','4758L97Y82WC5U36H7P1FR37U7NF0JL5K874QZOXN2RL24ZNY209F08UAJN3OR3Z94GV33K2QVYYS4880POD663P3C5GE4K60F85J3C306CX5SDB8319X7YQQU',-1976558476,NULL,0,'',1,1,0),(6321563,'EXYL5BBJUINDQEKI8DEL3H113NO5F48X88U1WBX93ML08M87EL62YEN4H24O330KW6342F7B8Y9YD463M2UWZN5ZZY18YN6ZF863921ST12Z6','4QYFX59',-1377462813,-907622541,1,'HGX12I0TR88QN4H1H0IHR2T916BD28498I5V6WG3O9W39WLSBTB7708SZBM1RYY1I9OF7V7T59ON2MM1Y061',0,1,0),(6321564,'T52NQRDNNOEE05A5B1925U2UEO3641WY5TS4F2452YRBHQMS487','M94B39W',-2082587081,-1698674241,0,'ISFHO3XYMM245RB95F41955C5A1056NX26ACM30L182Q04A4',0,1,0),(7321562,'','IM6Y8LA50',-2027623667,-1936758333,1,'826BF5BXS315293A4OGR01KDR769MIG6366F3HI34JN54',1,1,1),(7321563,'W9P7A3F7VLM098J8CT7CP','',NULL,-905235459,1,'1D49Y12BUZ0IK37XIM3X0GVUJ8P6IOL22155S2',1,0,0),(7321564,'E9L6062AN1C6XI218598218948J7OLAH8QR1R2R2D38UJS710OS50N6KXOBL2EA1B5YLII7891DX4NWCUACSLRD6H48295FW9JO0W545VA89BGIOC0NLB97JUNZI7TEDVVR2898R17QVID9E7RNQRM7BD85DW2ULMI','2REGTD771OH80TSB26W1579',-1709340403,-971558014,1,'S2J4L27CPATN101VB53PIPW',1,1,0),(8790376,'UM361Q','5I7L63D6',-1468946648,9,0,'1ZBD0J91AH',1,0,0),(8790377,'','550TW152RE96N0Q47',-1237330178,-1831249234,1,'87D8D2D',0,0,1),(8790378,'4J514RW9055245K023HT528D9E7YBXB74U0C7S01RRDGJHV4778HNUQ16VZ3H56','P5QK',-430260637,-712910935,0,'IA12WRG36220F0W37HH49F1GH1NPRM645S2Q75D5M7P995S5U2WAPC553XFXXE7WNRM1EVQK1ANZVLG6886J36',0,0,0),(8790379,'7923S316A35MXP05Q8OO69G','E0W69E',-1,-1154369950,1,'C3C2H590',1,1,0),(8790380,'5587QY632R0','',NULL,NULL,0,'',1,0,1),(9790374,'3113SHPUJFK4','6W',-11,NULL,0,'',1,1,0),(9790375,'8260','',NULL,-437969014,1,'B7M6U',0,1,0),(9790376,'X156TOT04YW08UVO82U751XWM2687C','XOM446P4O267',-394084071,-1424666222,1,'L1Y5D4ZH58T72GNB77QS181TZ48',1,0,0),(9790377,'6YE7E41N09X7E1366T2DXDU4O96K5ASD9E62','TA935PR0ERF9860LPXD01VK',-517079249,-629958818,0,'BEB3125EGHJ41725',0,0,0),(9790378,'PRA5LO5PNY9W533476EJY1NGV85W3','7F6I9WG4147QLZT2',-1963070800,52,1,'7903KE418007ZN82GQ5YJ0D14RM5V55OWY87V970UVY41CD9J',0,0,0);
/*!40000 ALTER TABLE `fileimagethumbnailtypes` ENABLE KEYS */;
UNLOCK TABLES;

--
-- Dumping data for table `filepermissionassignments`
--

LOCK TABLES `filepermissionassignments` WRITE;
/*!40000 ALTER TABLE `filepermissionassignments` DISABLE KEYS */;
INSERT INTO `filepermissionassignments` VALUES (352651395,92801386,2567224979),(2952280597,92801387,3145961716),(1143518945,92801388,4272086967),(3628722441,522298116,4272086965),(1970083868,522298117,3145961714),(3381777329,522298118,429496819),(1970083872,522298119,1329756157),(3628722442,1130282603,3842590240),(2399580600,1130282604,900259422),(3381777327,1130282605,2716464985),(1573015677,1130282606,2137728252),(1143518943,1559779333,429496816),(782148126,1559779334,429496817),(2952280596,1559779335,87),(1143518944,1559779336,900259424),(3381777325,2041093433,4272086966),(2399580599,2041093434,3842590241),(2399580602,2041093435,3145961717),(782148128,2041093436,1329756156),(3628722445,2041093437,2567224984),(3381777331,2041093438,2137728254),(4058219167,2470590163,1329756152),(4058219168,2470590164,2716464983),(3381777328,2470590165,88),(1573015674,2470590166,89),(1573015676,2470590167,3842590242),(4058219171,2470590168,3842590243),(2399580598,2873585788,86),(3628722443,2873585789,2137728249),(2399580601,2873585790,1329756154),(1970083871,2873585791,429496818),(3628722444,2873585792,1329756155),(1573015673,3303082518,85),(1970083869,3303082519,2716464984),(1970083870,3303082520,1329756153),(3381777326,3303082521,2567224980),(2952280598,3303082522,2716464986),(2952280600,3303082523,900259426),(352651396,3808532469,3145961715),(782148127,3808532470,2137728250),(2952280599,3808532471,2137728251),(1573015675,3808532472,2567224982),(4058219170,3808532473,2567224983),(2952280594,4238029194,2137728248),(2952280595,4238029195,900259423),(4058219169,4238029196,2567224981),(352651397,4238029197,900259425),(1143518946,4238029198,4272086968),(3381777330,4238029199,2137728253),(4294967295,4294967295,4294967295);
/*!40000 ALTER TABLE `filepermissionassignments` ENABLE KEYS */;
UNLOCK TABLES;

--
-- Dumping data for table `filepermissionfiletypeaccesslist`
--

LOCK TABLES `filepermissionfiletypeaccesslist` WRITE;
/*!40000 ALTER TABLE `filepermissionfiletypeaccesslist` DISABLE KEYS */;
INSERT INTO `filepermissionfiletypeaccesslist` VALUES (7335,172245572,'5'),(7336,3066998057,''),(7337,3918529026,'3'),(7338,3918529027,'9'),(7339,3918529028,'5'),(429504066,2637501324,'2'),(429504067,2637501327,'7'),(429504068,1824625453,'1'),(429504069,1520069915,'0'),(429504070,1090573186,'2'),(1278316332,2637501326,'1'),(1278316333,1520069914,'X'),(1278316334,2637501329,'A'),(1278316335,3489032302,'C'),(1707813063,1824625452,'N'),(1707813064,3489032301,'6'),(1707813065,3066998060,'Y'),(1707813066,1520069916,'4'),(1839731853,1090573181,'3'),(1839731854,3918529025,'U'),(1839731855,172245573,'7'),(1839731856,2637501328,'3'),(1839731857,1090573185,''),(2269228584,601742303,'6'),(2269228585,3066998055,'T'),(2269228586,2254122183,'2'),(2269228587,1090573183,'X'),(2269228588,601742307,'2'),(2762223051,601742304,'8'),(2762223052,3066998056,'C'),(2762223053,3066998058,'8'),(2762223054,1090573184,'1'),(2762223055,601742306,'0'),(2762223056,3489032303,''),(3191719781,601742302,'N'),(3191719782,2637501325,'2'),(3191719783,172245574,''),(3191719784,3066998059,'N'),(3191719785,172245575,'4'),(3191719786,2254122184,'J'),(3743397765,3489032300,'8'),(3743397766,1090573182,'W'),(3743397767,601742305,''),(3743397768,2637501330,'5'),(3743397769,2637501331,'X'),(4172894491,1520069912,'S'),(4172894492,1520069913,'T'),(4172894493,172245576,'2'),(4172894494,3066998061,'9'),(4294967295,4294967295,'O');
/*!40000 ALTER TABLE `filepermissionfiletypeaccesslist` ENABLE KEYS */;
UNLOCK TABLES;

--
-- Dumping data for table `filepermissionfiletypeaccesslistcustom`
--

LOCK TABLES `filepermissionfiletypeaccesslistcustom` WRITE;
/*!40000 ALTER TABLE `filepermissionfiletypeaccesslistcustom` DISABLE KEYS */;
INSERT INTO `filepermissionfiletypeaccesslistcustom` VALUES ('0ZLP2C13YI3PK8702Z05626EF32TC70XF1E4QREQ8Q5AR6862SE6B1C55T9P2T78',1077336396,82042635),('ZG0CZ2GN9M',771388974,82042636),('N69436PTX08463UUGH',341892244,82042637),('S9A02B6L9JMP3',3668874330,82042638),('82N0AL7FC3OXD9Z84',2988303651,82042639),('UOQJ657008VFZ1P2NV2P26014PU6F',3417800376,511539366),('10',2988303646,511539367),('X5H967127OIVW421224JM1I6HO2AO685ZH381PW236J4YPZ7W2X11E6ZUL5VMW0H',3417800378,511539368),('4',2325131804,511539369),('1A1S8NGHN2B6M961',1895635072,1064100056),('1CY60N3',4098371054,1064100057),('JW8P37OI1L67U',2988303647,1064100058),('OXCY77RTR8',3417800380,1064100059),('ZBLG2JH2QPWB2YT3M7I1C30FUCL8382W011IAN',341892243,1493596786),('U',1077336397,1493596787),('7AU0O',3668874329,1493596788),('3',2988303648,1493596789),('74WGCDN33B1897Z2C5693PJAP636FC7',3668874331,1493596790),('11MN77873',4098371052,1966644637),('6',2325131803,1966644638),('2IWZEPH8C34O1',4098371055,1966644639),('KH',771388976,1966644640),('1G',3668874328,2396141368),('Q420HW818Z3F8N52S083070GH55X1M575FW0XQ936WFF0AQ1HE85UMU2CMW',1506833128,2396141369),('XF7Q2P09T7863M7BU692T0ZE0HES135T1290P616J25KT0NP8ZQ',1895635073,2396141370),('QG8SI11K91',3668874332,2396141371),('555STG74NZK257TFYJ',3417800375,2909608838),('06QXI58REAY533T96D01Z572I70N4TY2P9IY8F04E49U2O8V89X',2988303645,2909608839),('8579KQX94NMO',771388975,2909608840),('04B7A10W5N92030RV23ZY32H',2988303649,2909608841),('595O1Q57CVV2E73NME0F8FV8XRD0128U16J98W',1506833130,2909608842),('BMR8C9WJ7S',3417800381,2909608843),('GULD87V2RQ0',2988303644,3339105568),('781VX3M42U01C28U49WFF98T8WV79ZHKJL59SIW42K6CGD6W4V096YL76F1BNTO0',1506833127,3339105569),('55I33RWHK1C7YM569C4N605M',3417800377,3339105570),('6A018QLB90470K9J5O',3417800379,3339105571),('K84K93P48C4Q',1077336399,3339105572),('RFPKQ2D9Q7923ZOK1Z2UT5840ZF34JSPY39G5KTUTNPV0980S7E71UGALPCBCB8X',2988303650,3339105573),('W97A67YW0OFY3LOY52PXTLJ790ZP6T4DK1816VYTV',4098371057,3339105574),('E2',1506833126,3848684374),('702G33UTW',1077336398,3848684375),('ON4GW25',341892245,3848684376),('30S5935S946RBZ8',1077336400,3848684377),('M47S90N5Z6MV6UI900O21Y',3417800382,3848684378),('LLO4609ZFN1',4294967295,4278181099),('E4G75YI03983KY',4098371053,4278181100),('YLEQLD9082N76337JSF036K2X4QT5887O3J96Q907I',1506833129,4278181101),('U05LK06208649E31O3743WV4UF64J53LQ3ORNGPXI10V1D944F7D8887U5D',4098371056,4278181102),('7AIN0O5D515NX477968772CY0738T83019',1895635074,4278181103),('0ENK6PR2L',3668874327,4294967295);
/*!40000 ALTER TABLE `filepermissionfiletypeaccesslistcustom` ENABLE KEYS */;
UNLOCK TABLES;

--
-- Dumping data for table `filepermissionfiletypes`
--

LOCK TABLES `filepermissionfiletypes` WRITE;
/*!40000 ALTER TABLE `filepermissionfiletypes` DISABLE KEYS */;
INSERT INTO `filepermissionfiletypes` VALUES ('32M',4205653337,421336429,3529184205),('9M',3374752504,421336430,2673524376),('3XY90JC25',4205653338,421336431,3958680932),('UC636X',3776156614,421336432,3958680935),('2G8B5O9',1502053207,421336433,1453887367),('ZR2OJQ393805C4TN0404XVQ3F3TH93N',1072556473,850833160,3103021106),('VMIVV5I',1936237939,850833161,1750176657),('41',2365734671,850833162,3958680934),('7ZEWH8R32EAE3ZFQV466Z1T2CKK035',429496962,850833163,3529184210),('0',1072556477,850833164,1024390637),('Z1W',3374752503,1037626974,590983151),('FR9L55UK2M',429496960,1037626975,1024390635),('L7G57H6IGQ9MX1S1F14',2945255775,1037626976,1453887366),('4U',1502053205,1037626977,3958680933),('953',2945255773,1467123705,3529184206),('72G1',3374752505,1467123706,2179673389),('WB',1072556474,1467123707,590983154),('YRGO',2945255776,1467123708,161486424),('58Z',2365734669,2108663822,4294967295),('7',229,2108663823,2673524375),('71I1G500GP6F',1502053204,2108663824,590983153),('7I72PJ7T8',3374752506,2108663825,1024390636),('K1',1936237941,2108663826,3529184209),('EZUX41G53473',232,2108663827,2179673390),('597665C6BM4FYIQ9L8LX5G1',1072556471,2538160553,161486421),('8E3H9E6NX',3776156612,2538160554,161486422),('3A9HM82GLQV',1936237940,2538160555,2673524377),('9930',1502053206,2538160556,2673524378),('R10AM75',1072556476,2538160557,2673524379),('9X7J7GJ89AFL1N51FE',2365734673,2538160558,1453887368),('UJ428H713',1502053202,2752219181,590983152),('9',1502053203,2752219182,2179673387),('J453W',3776156613,2752219183,161486423),('PG6EV2K6F02',4205653339,2752219184,3103021109),('9Z601VL2UC',1072556469,3181715911,161486420),('71M21A',1072556472,3181715912,3958680931),('88A',429496961,3181715913,2179673388),('XT8739',1072556475,3181715914,3529184208),('1SD',1936237942,3181715915,1750176659),('5',4294967295,3778871683,3958680930),('53C0Z',1072556470,3778871684,2673524374),('A2H1SI61IKPK654',230,3778871685,3103021107),('8',2945255774,3778871686,3529184207),('M',2365734672,3778871687,3103021110),('59TX2EL6U0NN',2945255772,4208368408,590983150),('N3DR59E1M41407TO27',1502053200,4208368409,1453887365),('1',1502053201,4208368410,3103021105),('7KC4QG18L4D1PBIH86TF30KV',2365734670,4208368411,1750176658),('6T',231,4208368412,3103021108),('4V8F7',3374752502,4294967295,1024390634);
/*!40000 ALTER TABLE `filepermissionfiletypes` ENABLE KEYS */;
UNLOCK TABLES;

--
-- Dumping data for table `files`
--

LOCK TABLES `files` WRITE;
/*!40000 ALTER TABLE `files` DISABLE KEYS */;
INSERT INTO `files` VALUES (331133097,'1975-11-12 15:33:51',NULL,1,0,333679216,1631800757,129209317),(331133098,'1970-01-01 02:20:49','0Q7A3',1,6306,1656087808,3513329083,2385824187),(760629827,'1970-01-01 00:24:20','KJQM0GRGNR80S9HM92Z3BVZ80X3D9I802Z6',0,1277732197,461686966,3322021360,2385824182),(760629828,'1970-01-01 00:00:04','K5',1,8,16,2243956565,NULL),(760629829,'1992-09-17 10:33:43',NULL,0,623338375,226764529,1814459833,1684836894),(1011154294,'1978-01-03 09:08:22','17830K647KT184H0PKFX04YW',1,4,692240770,429496806,1255340165),(1011154295,'1997-10-30 12:36:37','QXZW547ZEPY0IC69HAXRCRB4S2SK800D623HQ21MB4FF83XV577',0,5,1903533352,3322021362,4079169405),(1011154296,'1980-02-16 14:49:05',NULL,1,9242,447092852,2892524629,1956327456),(1011154297,'1993-11-11 22:32:58',NULL,0,714381449,652,NULL,129209316),(1011154298,'1998-10-16 11:13:08','',1,844035398,383606791,3513329087,2781592677),(1011154299,'2005-04-30 07:33:49','IL954U9OJVCLZ',0,19771110,3180,3322021363,558706046),(1440651025,'2001-10-07 13:31:28','QO16',1,674708852,794626507,2892524629,129209316),(1440651026,'1975-07-09 13:20:06','9ZAP7LKS6XE967090ILF3464ZIF2U',1,1569810669,2114819661,2892524628,129209320),(1440651027,'1970-01-01 00:21:23','433984O',0,5170,788942474,1814459832,2385824186),(1440651028,'2011-02-03 16:02:32','TKD0MCBD0X7HE87C4SNM69P2X77M7O7226KFYVLC017R1C552DY8LF0N',0,1449347759,6315,3322021358,NULL),(1440651029,'1970-01-01 01:28:56',NULL,0,803802184,85,NULL,2385824187),(1440651030,'2014-09-25 18:27:36','5',0,1924874818,798824452,3942825810,1956327455),(1821186277,'1970-01-01 00:12:51','29OPM99JF3FH280X48',1,1380767830,1591233497,3942825811,2385824184),(1821186278,'2013-08-02 07:33:53','8D0S3',1,2011237451,179,4294967295,4079169405),(1821186279,'1989-09-18 23:46:27',NULL,0,574774650,11509961,NULL,2781592680),(1821186280,'1970-01-01 00:00:06','',1,2033350526,823,3513329086,3211089410),(1821186281,'1970-08-16 17:47:21','',1,1320,1033031803,1202304029,2781592677),(1821186282,'1981-05-23 05:55:16','',1,63021285,687527251,3322021362,3211089410),(2250683007,'2007-10-15 00:15:23','5',1,9,1064758087,3942825810,NULL),(2250683008,'2003-09-25 23:46:56','EQK38T3HTX799QX6E3Y12KC9',1,2085025082,9370,2892524630,NULL),(2250683009,'2008-12-19 07:11:43',NULL,1,644601449,1366151189,NULL,2385824187),(2250683010,'1996-08-16 09:06:28','O7AO7N8U5',1,1000694601,379034757,3942825811,1684836898),(2250683011,'1970-01-01 00:00:53','5789197S6NIKVA0H7OHC346F8211',0,7506,3,74,2385824184),(2250683012,'1970-01-01 00:13:15','P5S8D4IAHO15CC6LXE167MBJYN0LKX532UVVUUB717T22',0,687034518,683034696,4294967295,558706048),(2594829568,'1979-12-26 03:51:49','986A4B9H71T174UJ6488ABZ',1,967332346,729,3513329086,2385824188),(2594829569,'1970-01-01 00:00:05','ZM552DU',1,1787825249,367583941,1202304029,1684836895),(2594829570,'1970-01-01 00:01:30',NULL,0,1711021228,949,2892524633,129209318),(2594829571,'1973-07-14 01:02:02','44G582YP3G0',0,4,144,3322021361,1684836895),(3024326298,'1970-01-01 00:00:01','Y41D985JU7TWH9LZ4PE589L701W16N08KG2',0,801,87333845,2892524633,2781592679),(3024326299,'1970-12-30 00:02:24','',0,599,1735196686,1202304028,1255340165),(3024326300,'1970-01-01 00:15:11','X6PJC79F2HUYQ420PHZPF1KC',1,1771263745,738098963,3322021362,2385824182),(3024326301,'1990-01-05 00:41:32','34461O7T692J3V7S1F01D5D20YP2NJ411F8S4T7MX2RCN24956SK6FN963CPQDY09UTY6UQ105AQG4M39',0,680976334,1423302209,3322021357,2385824186),(3709026232,'1993-10-13 05:47:45','70',0,734796054,99,1631800758,3211089408),(3709026233,'2008-11-25 06:34:17','',0,1583703640,268571535,1814459833,3211089411),(3709026234,'1985-09-29 09:10:54','77N19NXTWKNOHQC0WD',1,296292097,1226025169,3942825812,558706049),(3709026235,'2017-11-11 17:13:40','3DT788741K395Y764U88WBP45P',0,130131456,1686720925,1202304026,2385824185),(3709026236,'2016-12-06 22:09:13','160',1,0,1755574999,1814459835,2385824187),(3709026237,'1980-12-17 21:42:55','28',1,953550635,1813184535,1202304028,1684836896),(4138522957,'2017-06-12 05:19:34','33279K9195118LQ060C2X2CB1405212HYBYOP28R6D3HB7G2BWP959460P0FR9FW',0,1235614891,596797517,429496806,NULL),(4138522958,'2015-07-18 00:02:29','',1,1343697585,2,76,1956327452),(4138522959,'2009-06-30 16:19:32','69RH555WB9TX5101',0,1305188271,2027830204,3513329087,2385824183),(4138522960,'1989-06-25 23:49:23','W1L35',1,8,5589,3942825808,1255340166),(4138522961,'1982-06-17 13:45:11',NULL,0,1689421841,134,NULL,3211089411),(4138522962,'1970-01-01 00:00:15','',0,2092786193,1965194273,3942825810,2385824183),(4294967295,'2003-10-11 00:32:14','U41KRDE00N79J4D2H852TYZW1AS7NDZ05B6F348ED3S8UEA90XQ10QPD9PET6J9ZFO41Z7X0ZRI61',1,1059729986,5986,3942825809,1255340164);
/*!40000 ALTER TABLE `files` ENABLE KEYS */;
UNLOCK TABLES;

--
-- Dumping data for table `filesearchindexattributes`
--

LOCK TABLES `filesearchindexattributes` WRITE;
/*!40000 ALTER TABLE `filesearchindexattributes` DISABLE KEYS */;
INSERT INTO `filesearchindexattributes` VALUES (331133097,-2767297939.8069,-6623668791.1035,87.2029),(331133098,-10.1174,-5598274020.1836,-713353640.1873),(760629827,7774445100.9162,-8281909851.3721,9487891843.0404),(760629828,9359568680.7918,9946933425.4208,-6000455892.4432),(760629829,-9367577269.6084,6728643337.6436,-478.7810),(1011154294,9.7173,-942.6187,0.0554),(1011154295,-4491.6886,127950281.3431,8465862526.0280),(1011154296,2062774561.5476,9.0959,-9937818599.8140),(1011154297,-8573533939.2686,-6552865990.2495,-1357570915.9678),(1011154298,-699.8767,1056.1099,-7743334951.6401),(1011154299,9254615110.2125,-6625412328.3494,-6096753101.2207),(1440651025,-2460451687.9159,7741837251.5987,-6297396270.9661),(1440651026,4891543374.0857,5441766196.6767,7532.8511),(1440651027,-21.5874,-2145238366.5749,-2.0419),(1440651028,NULL,4682246043.6833,-2257.6873),(1440651029,8584611435.6973,-9800.9965,NULL),(1440651030,6818108031.0523,-9093.5339,3165487341.6404),(1821186277,306952408.7809,NULL,6853000070.3937),(1821186278,NULL,6083439040.2084,5234370035.5047),(1821186279,49.7373,834.8679,NULL),(1821186280,-6247301482.1334,935.2682,-5033689235.8872),(1821186281,-7612.0083,9183792640.8752,2824367842.3763),(1821186282,7929278526.9804,6510511129.7643,5473146584.2023),(2250683007,-8097044236.1478,-6480586907.0518,-1.0128),(2250683008,7.9646,-8811461459.7637,4880942150.4021),(2250683009,-4715511820.2180,-7817411050.2638,7018618469.8589),(2250683010,-75.1896,-2227937279.4853,NULL),(2250683011,53.6346,6531394994.2835,2623990266.9290),(2250683012,2668780655.7570,-7071.8538,3870372765.6946),(2594829568,-8359307972.3875,NULL,33.5891),(2594829569,795070286.0993,-7759098672.6141,7678790231.3809),(2594829570,3.8018,0.2634,6782653757.7319),(2594829571,9861447725.2939,5248581452.8776,-6500952441.5769),(3024326298,-1576264723.7095,-432464290.4218,-2330299274.8231),(3024326299,-8956207922.3492,-9073323275.3731,NULL),(3024326300,82.0038,-3.4733,41.6906),(3024326301,9487171857.9670,-6607.1881,231600413.4647),(3709026232,-59.5796,7.6681,-4428726927.0700),(3709026233,2781188173.5922,-6395230490.7551,5276022386.7310),(3709026234,5020145559.9028,-6108.9220,194.5714),(3709026235,-8636049269.2761,-37.8868,-6789452486.7741),(3709026236,1675643834.4617,4468838607.9741,-8035460201.3873),(3709026237,-8720604554.6727,6459326594.6141,-5603955895.5177),(4138522957,4197783283.3192,-3579715942.4468,8027673363.3400),(4138522958,3295052527.7526,-9637315120.5524,-7010308169.6709),(4138522959,-5734.8768,-5843286012.6047,-6309919629.1199),(4138522960,-6798368666.0943,-9509694670.5692,5.8682),(4138522961,1542506875.3494,NULL,731.0708),(4138522962,-4305817676.2537,-8882.6052,-9.0304),(4294967295,9383617204.7352,-216.7834,-857.6117);
/*!40000 ALTER TABLE `filesearchindexattributes` ENABLE KEYS */;
UNLOCK TABLES;

--
-- Dumping data for table `filesetfiles`
--

LOCK TABLES `filesetfiles` WRITE;
/*!40000 ALTER TABLE `filesetfiles` DISABLE KEYS */;
INSERT INTO `filesetfiles` VALUES (942,137648615,8893,'2002-11-12 18:13:34',199816299),(943,1144358944,1633842043,'1970-12-31 23:00:39',1182870099),(944,720958387,1179123349,'2019-09-19 15:09:14',1739124847),(945,2441,1006728175,'1971-01-01 00:16:07',2080890845),(946,1200405417,1613902879,'1975-01-07 20:10:59',830357318),(947,1928583095,1943291691,'1995-12-20 07:28:55',284837980),(948,1540537290,1659922376,'1974-07-26 02:50:58',221544067),(429497673,375660990,535412929,'1980-02-18 08:38:34',1729878725),(429497674,1032990827,774727330,'2003-02-08 15:04:25',1997270360),(429497675,4,200555057,'1996-02-28 12:11:45',44),(429497676,1949933904,1193963410,'1970-12-31 23:04:18',1122990277),(429497677,2110876727,696605842,'2008-04-01 03:20:14',250560028),(429497678,844277769,1034162921,'1970-12-31 23:03:39',877371003),(429497679,633358218,1471164262,'2006-09-15 07:46:57',1300003574),(1039093599,1242507680,706543852,'1991-04-13 03:59:46',1199893114),(1039093600,710140231,1008223899,'1971-01-01 00:59:26',2036778875),(1039093601,9,666707428,'1970-12-31 23:01:30',450817534),(1468590329,9,793,'1994-08-25 17:04:04',1055888089),(1468590330,1204341531,53207938,'1971-01-01 00:37:22',1056397475),(1468590331,1846646193,2066148869,'1992-04-19 02:15:01',2095526786),(1468590332,1857554141,80,'1972-03-18 17:16:03',13),(1831253225,1618881770,1938728181,'1970-12-31 23:06:16',1374101366),(1831253226,1695627740,1499826979,'2011-12-20 05:10:34',807965490),(1831253227,5,579,'1970-12-31 23:01:13',745892615),(1831253228,581,1143514899,'2009-09-13 11:51:40',2023923277),(1831253229,1752930957,953256695,'1970-12-31 23:00:09',6914),(2260749956,6,655877914,'1970-12-31 23:00:10',935253717),(2260749957,1801215934,2174,'2010-11-19 13:06:54',781924251),(2260749958,1351268878,583694081,'2005-06-29 17:11:48',7),(2260749959,1942626113,5666,'1970-12-31 23:00:48',5),(2927582903,6,393754160,'1970-12-31 23:00:10',5),(2927582904,570339437,1188223314,'1972-12-14 17:38:34',1853993689),(2927582905,4280,843405122,'1971-01-01 00:20:44',553990115),(3357079633,1097614673,1821076432,'2003-01-14 04:06:28',490346994),(3357079634,1346272080,1951384459,'2018-10-05 03:47:08',66),(3357079635,2024862160,6,'1979-12-08 04:34:20',1142138144),(3357079636,1220969831,913154698,'2002-11-20 19:59:24',581237602),(3742481011,9,1404186746,'1970-12-31 23:15:43',226261342),(3742481012,1200300495,630,'1970-12-31 23:15:55',6),(3742481013,7431,889351262,'2014-09-19 04:33:21',295075081),(3742481014,1121403485,126827104,'1970-12-31 23:33:15',2048066380),(3742481015,1098348344,1515477976,'2014-03-02 10:56:27',477),(3742481016,2048424425,176953708,'2000-03-03 08:18:15',1554950624),(4171977737,857,4,'2005-08-06 05:02:44',8),(4171977738,7,397387162,'1971-01-01 01:46:40',1561716471),(4171977739,293519600,31,'1998-04-29 12:44:32',2136196142),(4171977740,1391972497,6,'2007-09-30 17:13:07',500386246),(4171977741,2076454693,8237,'1974-05-27 00:12:24',49),(4171977742,57,72133202,'2012-07-21 02:10:11',920594077),(4294967295,3,2007866521,'1970-12-31 23:02:40',517648795);
/*!40000 ALTER TABLE `filesetfiles` ENABLE KEYS */;
UNLOCK TABLES;

--
-- Dumping data for table `filesets`
--

LOCK TABLES `filesets` WRITE;
/*!40000 ALTER TABLE `filesets` DISABLE KEYS */;
INSERT INTO `filesets` VALUES (309615189,'78',693,27593,-6),(309615190,'6D54T6H56R',820364262,29338,17382),(309615191,'660LXLE2C47236M4D25NO0P99',5,2842,-10417),(309615192,'45RELE9PVCFM1CE86PQTC0KTU5Y8633Y6U802M619H3L8FS660E07DSK431573Z8',673226726,-3327,757),(309615193,'PQV2HK46K67NC8M1RO58BJ6O2O2712ZWRC981O6XGZ0B774E2VUD87A978219H98',399322126,-13298,13159),(309615194,'K9Z3RM44LK',499612497,31729,32108),(739111919,'0P865UGEFBKO',1459000464,15520,5264),(739111920,'LH80331C',728039098,7240,32442),(739111921,'992R0T95715P3F2XRQ2Q641J0H610EXFA91IP1OZI5N4A6DPJ27X',4333,21284,17171),(739111922,'E2906WC1N4247N81EXG91M9K',1299934466,-3,2759),(739111923,'S',1885462761,17421,8166),(739111924,'99626XN0R1T8934R755H6PUB3',1485091490,5299,30408),(878789640,'E7598I520GIE9F31U4328XQYG6',4,16961,4),(878789641,'9RVU1V2DTW7K1O',1058232143,-899,6),(878789642,'AUP9SHZCJZAU4S74GD7D581IYUN0M5499K58G2040419C42KW07VCM983OA37T8M',747801287,-19784,-43),(878789643,'0ZRJRQ',152568005,46,-5733),(878789644,'4DP68UJ34',589,-64,-2534),(1308286371,'0I494CS8404K0P4IQS',6,-26043,-9502),(1308286372,'80DUF10',261566474,17951,54),(1308286373,'I37IG6J6VCH3RF57',1063569069,-20008,-19789),(1308286374,'10I7O9SAWJNUNG2JUWF3X0O5TK9I6O04HTT',638811852,-15765,-21490),(2101785812,'E13OAF2RF805U6ZTGO85',87,-10175,-4659),(2101785813,'',3422,-24517,NULL),(2101785814,'1',79,4469,-32571),(2101785815,'FQT77ET8A1W643JV28Y',1408661018,68,7932),(2101785816,'3S7925G',2031280879,-2624,-58),(2531282543,'9DT92F8V3GBPVHYKYO6J46P9EG311049MXP5Y7LKYWAGZ0EA1',1488441810,-6284,-12819),(2531282544,'',1878682011,4256,19),(2531282545,'HGE',105969352,-23612,-308),(2531282546,'T54854ZU9N85A4FYP605K9NI5596S1LI25WDL9196438X2C4O90NGP93699Q14WF',25558380,-28316,12962),(2531282547,'Z9OI8ZO7QN5R4JIAQHV660TU9INY9097TS40K4BDG7Q7110BO5W7IW8TL698OT42',1436495373,-30817,4),(2666875222,'6Q',2951,15479,-295),(2666875223,'0',1164231443,-19245,9429),(2666875224,'62',195255010,-24714,20946),(2666875225,'U191MPKQ9014J77F1FYVN6801N32857E5OGXRM7G4XE6G8SL89FZN08664H2V8F0',979186355,5113,18635),(2666875226,'PRLK1W9C8SI86JY5B4U3CTMOJ140D1OD3A4UET2842KPB015O19232MDUB7KU7S1',757215103,8232,25327),(3096371953,'1Z',315532501,11679,NULL),(3096371954,'RJV5HU49D0F9094SO8CK153X8MA32G2IGXLY30IHL16C27S40AEDJ88RV',4659,4953,-433),(3096371955,'W8ROX2XE8I7W4522GGBP11S9V19HW1MCFXA5H0B54GP1T47AI6198C3',1855584537,12112,-20470),(3096371956,'B30L7I4J6S6',4,761,27343),(3096371957,'227ZWX3026F5IR89018274DR64I0EEG316596BWR26Z091UU',854195407,-21198,NULL),(3789330022,'',804212205,6210,872),(3789330023,'2F',438,20513,15797),(3789330024,'',131713227,5204,24809),(3789330025,'E8K0P896GIDYW9DU7124WZ72C454E2',1637659495,-529,-3422),(4218826748,'4965M15FB4588P13M2MY195A7DP202',1249230261,-30761,31001),(4218826749,'A',75,43,-4862),(4218826750,'M5U16PFKT589Q3FJIXY34B37R4Z54TNUDQ939J73PB7YI266KHYHH3K8385W',1,0,18093),(4218826751,'4F0',1239870159,-9,NULL),(4294967295,'',271423407,-31158,6063);
/*!40000 ALTER TABLE `filesets` ENABLE KEYS */;
UNLOCK TABLES;

--
-- Dumping data for table `filesetsavedsearches`
--

LOCK TABLES `filesetsavedsearches` WRITE;
/*!40000 ALTER TABLE `filesetsavedsearches` DISABLE KEYS */;
INSERT INTO `filesetsavedsearches` VALUES (219412252,'3515Z0J8E1GUG128','F4N45Z64B1BD7T46J988XBY5458PI'),(219412253,NULL,'92LP3WH249N'),(219412254,'EJC550STH2','Q8R4M27G5ONCK4CU9N073'),(648908983,'','V6DZLRKRQH92SO6QXV9NP6VXV9WY5WO829IAV9A0BQYWD66TNPM78BMK4IGQ38XFXV8T34G4A6R6SN2Y4RC30SQN02AD6GXP014P3495Q6QX8VY55O76Q9K'),(648908984,'YR06U7QKPP9','SHKLW49117611WIZ4'),(648908985,'85LM1J13Q388UFR96CMJ2BS0C08JCE0U99C06E7E3J6Z9O1103YV68M5IH85D25552','Z2Q5JZX5'),(1281813289,'87RO1U6YQDKB878D',NULL),(1281813290,'DTW',NULL),(1281813291,NULL,'132DQI26S8R909NQ462V61471N44'),(1281813292,'5LB9G','K97WK'),(1281813293,'T900K3F8D5TEMXN2O34JG7795I95UHYPI3F94B5O',NULL),(1281813294,'95TGIQC7K1BQQ3KTS84389HH130B0MD7241E','Q6GDZ5GKU9DTX19E4255NXDUGYQ4ZWV6FYP8FV70K'),(1281813295,'HB76VG0MMC979Z62YK68TK7QJ87L','LVEYN'),(1281813296,'1GT5H2T1','22DDG01QQHM0AITSL26'),(1711310020,'W5A16K4I82AR9U4','51QMKP8UJDWO24G899CGL9707RO18'),(1711310021,'B9BV',''),(1711310022,NULL,NULL),(1711310023,'',''),(1711310024,'','11X4C19483J'),(1711310025,'27R0P4W6U3LPHPR4LW530725I461ZS04O300XOZX54207G8R013F04DK5405X102S8UZ9343',''),(1711310026,'66BL4OMDG5QAHHE28W11I0NH84Q','29N04LP13HUCCP6DSH1C2BFXQKRZGS6'),(1814308267,'J2612M7S650','0TK3UKJ1ACHU'),(1814308268,NULL,'GD3N7C35PI5S34L8ASK130AQ092PVC98R0ROJ1632352E980IJC2UL'),(1814308269,NULL,''),(1814308270,NULL,'CELL1DLA3WPTCB0U03UD7C9Q07OJT78I7U'),(1814308271,'6780JE7QLC9F47X4M','4L9E732H9FM11UR16G3E8EY0388734E3I6X360K7N26'),(1814308272,'0I6QC88W4450RTI','T53QPEL629MB5Z1YCNO4X46B7'),(2243804997,'','4W84SS'),(2243804998,'6U0GFE0HR','3DUC8D'),(2243804999,'',NULL),(2243805000,'QN2EW33677N5PNY2XH3G8NQ769XV8L279TUM02',NULL),(2243805001,'','QWV405F5HXRI8CAM1BPJ842F23Q379P'),(2243805002,'','28'),(2243805003,'4LU1C9Q47R','J481T9C8DOI1DUS24RQIMY87394UBW7737'),(2938982290,'Q',NULL),(2938982291,NULL,NULL),(2938982292,'5E00BGZ9305K35UV3KB','OHE0O7JSHT7610M4U619OVI7V0HN2C1TC5Z1RFP4DUFX0Q501O3YJ6SUAC027L4530K98XKHO1UWYPY0AA8S0E7K6R'),(3368479021,'J850X2K8XWOACS93C4RQ4101X1HE69N39','RZ47JZ5B18LAT2NB0KWZT39'),(3368479022,'','RU333HN64T54NUA31S8D6Q'),(3719518150,NULL,''),(3719518151,'B6','0FP4SDGFESFPSUC55R490RZF'),(3719518152,NULL,'NY056FV7O8P4M5KG5632G83U'),(3719518153,'E31D0',''),(3719518154,'29H0SVN455','E86HQI7405SD8BL'),(4149014876,'675195V661T7JNU',''),(4149014877,'52','H0T24S8DTUI6662C92Q384A4LW674AHCQJ09E9FFB'),(4149014878,'','O4A0C4R277098I1BGCR12I67MIUJ8WBNMUU1568629KA59RE6NP7Z1I5MS27KC113XYQRDFJ71615LW53'),(4149014879,'GA3AID6ZS96D477MIKK8CRRD61E5EEAGAGZH',''),(4149014880,'Q22XYHJAE5244L23J','478L45I'),(4294967295,'34AC7BDD84NF19EKO','S2GLPO24W0RF21N485876376P5I0403R0RQMHXY43L72CBJ83YF2L');
/*!40000 ALTER TABLE `filesetsavedsearches` ENABLE KEYS */;
UNLOCK TABLES;

--
-- Dumping data for table `filestoragelocations`
--

LOCK TABLES `filestoragelocations` WRITE;
/*!40000 ALTER TABLE `filestoragelocations` DISABLE KEYS */;
INSERT INTO `filestoragelocations` VALUES ('CV2525162F3607G3990HZQ741A91K92SF8WX0ZV7TM729Z2A02K3','68',129209316,0),('674843','SG00V5R684NYO3F321L54J51MBT36O228I8Z683',129209317,1),('0852D3TV1E7F79GS76','2',129209318,1),('038VQ8077J6WP713L79J1L6KL','5VH2TJK9P6TJHE',129209319,0),('VW2N8799Z37Q99JYY3L5M21XX25S9G6G38E9X5VO1H71P92G7P2937130454CT0FF7','6Z0TA',129209320,0),('8AV8DOO','1X11094U07',558706046,1),('RJU1173X558L404PM9U93','AV33E6E62H9AO0V93',558706047,0),('1MM7F0D8KAFB56G4DH8W8YB0K7Q474EI29KV9EL6K2Q','P69RJBEN4858O8U8DD9910P44',558706048,1),('5X870S25CF65HDM16P73KS5F7E88QY8J5MYJX10JC57L5MLTRTGA293KB956UH824YAFE9NI7J4V72CT59CA5MDPDFI3310UF7I8NUB0CJX7TP53N24D45HVH790B91N331WRXH24A4HU4S','',558706049,1),('953J8R509Q8H6ON831W9R3536JHUX0R86B','3LF630NB82REI079X',558706050,0),('T7G9357REPJ85TB','2R6K8W65DBDR7YOCN456B3WCU64U5R7500IG4J20EA65O1',1255340164,0),('JB','2Q8D40379',1255340165,0),('TA85QF3N6N773P2','62BG7MEKEF6Z08R7WFJ431572G1525HLLX9R5424KV33RLF',1255340166,0),('04S9OPPD185','MDJ688T161DDV7ULJCPYO3T0E',1255340167,0),('T0Z4S82M','PKW3E',1255340168,1),('99A9J3305YWPZUUG51','S4YE5BHY94H2403E1UHB0H16C0K2XX37V38Z3B1076E22J78B',1684836894,1),('Q5VH5','',1684836895,1),('D38Y4F5W18L987Z86L3S8NL','J52U09874S4',1684836896,0),('9LGP641G5A8','1V03Z7F0HQL0J4Y',1684836897,0),('WBK6O87MIE5LX3JOTR9MR6','R0KW7H0MXC4H9S8CP38',1684836898,1),('G8J1GFOM2XXXY9Q24W8SHP8E289E44','HGGQQ1OUQV2IMV7106K8W',1956327452,1),('','N5E7XO6820384O6ZCZ9X186S4KZJ4K',1956327453,1),('438AES1','4PPJY99P1LZJUXA4CKR760NU93',1956327454,0),('DK8UTQ00AP381','NNRW017MJ6Y9',1956327455,1),('7364K414PK685415FNL','89VC7',1956327456,1),('KFG3BZBWU2GR39CBEG6','P7VY7OG3R3',1956327457,0),('GS44O0ET39U26E3SJ0FYSQ8KQX0ZRW8SF4Z306U64','KK',1956327458,1),('R3SUZH20PJZC5NMSV9DWE8636DM3','81EC0H7A',2385824182,1),('CJIJ8X244H6O6T9T3993R73B712414FDR5FR953B30J5Z6C9H68CR88422AZHQJT8TV14P','89MC18EBTL880FVFV7O06045Y32P5Y539E5MQ8S564DMF63QXREB4J38AQ6EMOE1MW8Y70O3MP12292N7L4C8M1SX9J033BY1CE3465E0271',2385824183,1),('2GRU2','F6P1L523OE32276869CQBW49Q3849S7',2385824184,1),('7G729B22IJ2FYI428E8','02HH2J',2385824185,0),('95OXO7W3','QSCA993GQ9N1AL77I06804RLPID677YL0Y0574P',2385824186,1),('S8A843T8896L7O4LQWD5B7TJ1OP2EZGI963X32I42ARWU92','',2385824187,0),('6F75O59V5C24005M6Y2I2D935O3W6C3JCPQH92508628Q4','',2385824188,0),('73N6K44YMM1QAUW6Y2CR6','BI',2385824189,1),('O48589F9U77Q1B227KA67V4ZT059V0V2Z63OEKN53P38D','667GO2MFAKJPWO1837WQ0Q101',2781592677,1),('BM0Z','VLS3D655Y52GJ209GFD37322MERMK74D04',2781592678,1),('2RGFGKRQ0ZE703H792LE','08YSG197SMMZMDGZIE3UZ2UA0FC8J4KH7DN2NS55CHHC8026BV335519IQNKXVG39GNQV90Y9UFRJ0Y4',2781592679,1),('Q6Q0I3','298',2781592680,0),('U9Y6BW0N055O9G36845213MGMTML9UWW953407M70BU0COX3JZ02GCFS0WK69ZQLFPS','2V023Q71F5A9U809WC33X61U3HC2E84L51074SU2M6P0U451',2781592681,1),('3K43WY76BU9W5CQD01HPQOS2R136','2X5A549F5J579KBY6S5391UH2JG1VC8',3211089408,1),('97I30ZPJJJZW1LE3EK78V60U9ZJGA7R3BOQU1BB721LLKF1I1057K7SPM82S50BW8R0NVYO5','WA8RNYHY0479L92CJ7OLO1575530XPTSB46FVYA5V89KMYWQR0H7T6Z87751XFL25VER8XC3KWH454485',3211089409,0),('46W053D330J64','QS72',3211089410,1),('0K968RAB','F411YRJZ0LI5',3211089411,0),('3TMC296JQOK','555VK75HPW9D38B255O1GJ146RAC3O06037733E68M',3649672680,0),('6546M3G8L4PGRO09ZDF17Q4E80X5EG2HX88QV9F66D4XMK11RDOM8P9SF6N9Y95E457E3X9OJM49QI59R4RZW35BHF13G912D','8JZSD6S376ZWS46ELGG42FBA53M3CM',3649672681,0),('4UC985UFP45L81L7R9RL7BZFGSI51809VB668JYJF8','70116',4079169405,0),('3D8V7T5','Y1WNGPE7XCJ40BW910C803L9V22T4E4P42IYE77DFG93',4079169406,0),('GM49H37434132XZ67813RKK77C172H075H','70L9E7HD8C231GGK21P89',4079169407,1),('DB92JV723W46170M5CT75YZ17L71SPUQ90743FA37A7298DH209N2OFJS409AN1E0D46HLI2399W9P7BW1UI5HKCY','46O5NA',4294967295,1);
/*!40000 ALTER TABLE `filestoragelocations` ENABLE KEYS */;
UNLOCK TABLES;

--
-- Dumping data for table `filestoragelocationtypes`
--

LOCK TABLES `filestoragelocationtypes` WRITE;
/*!40000 ALTER TABLE `filestoragelocationtypes` DISABLE KEYS */;
INSERT INTO `filestoragelocationtypes` VALUES ('U72WSCU2VB1W','QR',412571,1544946342),('P96E47T93O3D6597ESO198AGL6J59J65SK8N26141F376T64HJ0DKWY5H6WYOAU98RM27Y1916O61641LM0','JF40N2LQ8EMOQ8B',412572,1210913451),('JXKDZK218HTEKD7V14WBSNC5XPQVA4629004A60YCV78A04Z3QN6318666C39P2103LG00747X0V05LWMP61J27668B31EP8BB70KS88K861XU99B3NA2VH8Q20Q8R','XC6OX91V4X6A',412573,383729710),('','12TR',412574,1041502532),('08UED7MYBU20Q179GV','F6X5893Y0GH9BH03LFPK06A7R634G8CH2OJHH7OC655F7KISII',412575,3),('R','22N434515Y',1412572,269830829),('AB06U225I2Q654MY224NG67','6MSZKG3ISFS35BBY18FPJ46JU8VJ118RHO54F5',1412573,429),('QQ0A','AM3EL96981P06135024N95KO8J5S76G7AH9GKV6803I8ZQWCG1M97E7296ZR775C',1412574,1884123897),('359TL9OAH9','293Y2N52Y',1412575,439726314),('7JG21I41I342U921URC2JU8424UAGDC89K50A36SA7WA8V3211J3DXER99RKIF4D67PUB6Y8W7KNCOC2X5O18LNXC0L4U019','7B7H',2448984,1512274855),('S21B695A0BO18P1J','',2448985,1),('218S','0WTS3TD15Y69BSMZ1766MLE4O304B58DF5DZN8304A4',2448986,161722522),('E557WAM61436Q4D42B25AM9UX0P597R23O','LM56XCD66EPNTHB7M605RU6CLV81JY6EF8PW5S574VBED8N82Q8T3CJ413Y7X7',2448987,1160162745),('1M913009QAU0EI5ZQ8KKTI89QXQ1KTTD460IZL6YZL4L642L997OV8E','',2448988,2),('B3738899','T0U07S7F6F4T8QNKT7MF1229T0',3448984,1583558239),('93QU9QS35N','KO2K83F41T04027H9DU510J5T22GLDF1XNR7NYK0E92',3448985,4294),('BXKC55DI4','I8D1X16O7X19Q8D1J53O208GIGOIEP',3448986,627860569),('7R5BG53G','7LLE8Y51',3448987,875842505),('29ZP1Y09C35HT7S2X5028181U2395P5','S5KL852I',3448988,1173877719),('','666XVN',3448989,339),('G','X55XTN3381AFB0V06ZI7O5B04XVGPA3IF5404BXE224JEG4M0815H2F9B96UO427BNP55YUY9X675N',4713954,98),('NS23NS2837P568OW33VZ9WPVOUGZ286A4GCD8815G3A78197X7O9U','5K0USJ9I6073T806W9HLC47D619N3K3P0NE841OAY2QRE010AS35CLEX1H8MD',4713955,20),('4Q02N3R336LD3KO05R67B8O075E90E6DW2XCQGL25QXCOPT2SGIY348','PW43N0892N272HUX5VTWD511M02',4713956,869810944),('0T8UPST5OWQ28H7I0N066AK810P262D','590WO15',4713957,80253540),('34044VKA75JDM35L60J7YAA8Q06608PB3Y1X72N3U26WOG6M665Z8A8D1T3','JP39E6H36',5713955,886),('2MF9T5L0V33CNR22UDKLF5W98TKHJS5618','FUH9X85E262QGZI9ZDS7L1QM6IRB1B34KBBKMG6RV7T7Q5997GOJAFON3WUU5PB2',5713956,1086575172),('R','I12FL0',5713957,0),('LZW7546FM06854AO53R6H','YRP4124ZB440P10FN77716LRGO483SGET054YP88525',5713958,2060952133),('46H61536DSQ5M4Z498Q3NP96LZHZ6X717GJWB6','FFHNW1X4CC',6619815,899),('8CJQXN80D41K9B','ZDM2BU',6619816,1691400405),('FPQ041M62TJB1258GV5Y4P1QD6THI48MH73Y89P8H12E84795DX4ELJP487Y9K1927IITYH2081H0885813DS78O2599MP9','',6619817,2020502691),('SKSL45054090M','90A06O5N2IJ101SAWX2RRCCM9S98GZ2MKNN5OM7SH7HRSRM2822J1HDKU8VH879COA960',6619818,7309731),('7CR6G82H460S1J0XA75116P22NQCK4L5AR780EE6M4O0TTBKS08W3735AU3CV2J2YZG9MNEEG2XAK932','471717UOIUN23P3',7619815,6671),('A1PAX67JU','1577OY348UFME',7619816,4724),('RTC9LYV82SR541OEJI31A','IU5733',7619817,1912082379),('7F3Z5YUIACMAFZTF183PSCP1873S9VRF7D30','G14IT5772ZK687A',7619818,85),('3B1G373694QP32','VI2SCK3',8833213,982714491),('W1W298EKE3J1SB30Z561MRQY3Z','GIAF4K9WGGK6IACT9GM71276FRRL5495CO1GXAOR1KO7A',8833214,676),('34','9682F8H5G7645K9Y',8833215,1810896058),('B90N9DP99JZO2X5844RH42N91I11T0H2X5JI994Q25M','PZY4H7RWWERL6DZ8358CJ005TCE9AK6Z1XTG1N0G92F3E2YR560KZNUQR6QZ27JJH1',8833216,980937904),('9L77FRG1RD99TW','P5O8',8833217,1817171287),('7QM','WHT2R9K640269O95D6ZF2GB10CY67R87YY4QW',8833218,874),('G977BPM379','4EFPY40SH6640002S06Y73U8JE4L6UQZZN5P60H3Q2T95DI0EL64Z51S0AF0C2UT6QXAMPY328MHJZ6Y32731Q2E53N7',8833219,6984),('0FHA6D','FH71412217FMIKFU03J08O5V558968WF0FS83JQN4WATADU2O28D245Z7P60XR2J1G3D93QRGHJ2KA1Q7Q9Y39ZEBSKBM9D696',9833210,1540276345),('596DGU06PP2S4QEZ3UF40ZTPT35BN41XMV5','M5TL109D65C9S02W2045Y9C7DZJ3I3Q7PB487W4',9833211,1840087561),('E64MV9MD7UTF3CAV69OCYNH93G402K8VF','0VA3941I',9833212,9456),('9W61F0','Z127C3TM741652Q569989122931S0R84062TOL4EFV30XX9',9833213,640441237),('ZDL1R6Z1266N2YS83660775X77GHON6I73791S21NGDL01G8O59709J0U45N7966X026VAJ5HGIE9T','X3YRPXQS07SM1203KNA7824MS417389JGLA06QV2G05T40W720773EC86Q9DC9YLDRH4467TN5EKKFC0D1NSEGK3482',9833214,1149043424),('LGTX2OIG0CR8056B02DPFS14K08V1WD629D5873I78J6ZBI20L4T57KD6TR','',9833215,2423),('KTI46P7MG5NC7KT6','SZCP1QXTH0PVL406189GR3E9H8O71034SE5T05DIM',9833216,6);
/*!40000 ALTER TABLE `filestoragelocationtypes` ENABLE KEYS */;
UNLOCK TABLES;

--
-- Dumping data for table `fileusagerecord`
--

LOCK TABLES `fileusagerecord` WRITE;
/*!40000 ALTER TABLE `fileusagerecord` DISABLE KEYS */;
INSERT INTO `fileusagerecord` VALUES (502463187,14898746,214748369,202),(873686175,14898747,668665592,1061547001),(1647824033,14898748,6,1585606193),(152274202,229647111,2147483647,1061546996),(717211554,229647112,1690705364,1276295365),(717211559,229647113,1148817437,1061547002),(1747757147,229647114,668665593,1966952946),(1647824029,603687080,934069069,1061546997),(502463188,603687081,214748370,1966952942),(1747757146,603687082,1475956998,614021537),(873686174,603687083,1475956999,1752204581),(717211556,603687084,1975477485,1370857826),(1088434541,603687085,1975477486,1752204583),(873686176,603687086,934069072,1966952945),(717211560,603687087,7,614021539),(1433075663,818435445,3,828769901),(1433075665,818435446,4,1061546999),(1962505507,818435447,668665590,1370857824),(502463190,818435448,934069070,828769903),(152274204,818435449,668665591,1585606191),(152274205,818435450,1690705366,1966952944),(502463193,818435451,453917227,204),(1088434542,818435452,1148817438,214748570),(717211552,972823104,668665588,614021536),(717211553,972823105,1975477482,1276295363),(1433075666,972823106,1760729122,203),(502463186,1187571469,1475956997,1585606189),(2147483647,1187571470,453917223,1276295362),(1647824030,1187571471,1975477483,1752204580),(502463194,1187571472,1690705367,1370857828),(152274203,1405765012,1760729120,214748568),(1433075664,1405765013,1760729121,1276295364),(717211555,1405765014,1760729123,1370857825),(502463191,1405765015,1475957000,1585606192),(367022571,1405765016,214748371,1370857827),(367022568,1620513377,1975477481,1370857823),(1747757145,1620513378,453917224,1061546998),(502463189,1620513379,1975477484,1585606190),(1433075667,1620513380,1690705365,1966952943),(717211558,1620513381,1475957001,1276295367),(1647824031,1894241997,453917225,2147483647),(1962505508,1894241998,5,614021538),(502463192,1894241999,1148817436,1752204582),(367022570,1894242000,934069071,828769904),(367022569,2108990358,668665589,828769902),(1647824032,2108990359,1148817435,1061547000),(717211557,2108990360,453917226,214748569),(1088434540,2108990361,1760729124,1276295366),(873686177,2108990362,214748372,1752204584),(1088434539,2147483647,1690705363,1966952941);
/*!40000 ALTER TABLE `fileusagerecord` ENABLE KEYS */;
UNLOCK TABLES;

--
-- Dumping data for table `fileversionlog`
--

LOCK TABLES `fileversionlog` WRITE;
/*!40000 ALTER TABLE `fileversionlog` DISABLE KEYS */;
INSERT INTO `fileversionlog` VALUES (197893899,1584505447,1492501714,31154,81),(197893900,1140408329,997093919,25031,1068840360),(197893901,498807709,658,37454,791953948),(197893902,1008774521,868812650,8,2089369304),(627390629,6,1836044707,16071,67),(627390630,1827664059,530,773,85),(627390631,1575648711,2079411610,57027,828731636),(627390632,4,1478114103,788,947),(627390633,1869677448,1080243305,25389,1262570364),(1149448641,1997574262,1615558185,43716,654),(1149448642,683472953,5,56127,36931587),(1149448643,1623685096,1349550978,8272,1725691480),(1149448644,1116186217,367636176,51986,742746313),(1578945371,915174862,1884733105,11498,69),(1578945372,2030063527,1108605243,170,9726),(1578945373,903006357,3,40402,1544994796),(1578945374,56,6,2829,1937881365),(2094907406,1871640632,1926510877,6645,1224586111),(2094907407,1403982967,1868950218,22820,832661213),(2094907408,2091355714,148587100,7903,1986330366),(2094907409,2019,89,7,22),(2094907410,1638996580,1352003637,2,660023072),(2524404137,2090012598,251899434,3331,1528135277),(2524404138,543864260,291332618,44323,846323793),(2524404139,758035534,711835892,0,3638),(2524404140,5248,1326335901,25174,7925),(2581531264,713447447,152654109,24337,2135329027),(2581531265,2123408129,43112122,60962,21),(2581531266,865,1527531477,44609,793600640),(2581531267,1211355281,467185177,50597,1116),(2581531268,1544896034,1748672789,64147,729389103),(3011027994,9080,1693613713,61393,2075130389),(3011027995,1004722621,60,12241,1463059128),(3011027996,448520887,1258807515,58514,1144261785),(3011027997,1974615849,498711929,53217,98241109),(3011027998,15,1374837670,16285,1783844752),(3799821941,1161968334,148,43146,1660954914),(3799821942,6884,719797978,79,698660646),(3799821943,778,1924087224,49163,1544325444),(3799821944,800008108,445973121,1151,1657667077),(3799821945,856136041,1134891217,59812,94),(3799821946,193984155,1259524345,14744,719999014),(4229318666,1220526660,97597757,816,2166),(4229318667,7559,5364700,2538,1352217814),(4229318668,1910533601,514939047,35109,406),(4229318669,1042671969,1580699681,40939,2034795804),(4229318670,585167736,11116949,16282,90),(4229318671,1337736787,1516414528,1225,296402213),(4229318672,6,431898850,40150,1502267373),(4294967295,10,7,28563,946221591);
/*!40000 ALTER TABLE `fileversionlog` ENABLE KEYS */;
UNLOCK TABLES;

--
-- Dumping data for table `fileversions`
--

LOCK TABLES `fileversions` WRITE;
/*!40000 ALTER TABLE `fileversions` DISABLE KEYS */;
INSERT INTO `fileversions` VALUES (2147483647,'17Y9FX8ABV0NM2K5M','','1988-07-18 06:58:05','1970-01-01 00:14:16',0,855,698491960,-7673875635864519338,NULL,'',NULL,'',-1919903831,0,1,331133097),(1022535929,'826CM1K16OO16X3X88L98R6','','1970-01-01 00:01:08','2017-10-22 21:26:40',1,1581445342,53,674,'3AG4D5T8OSRKW6979K2V00I55NE042ON','575797PGU2XWQ6U5BDQ301HTG6JI8341VAX525N9','WTL9S1ZF3S2BZ0LX1DA8XWA9U0831M806G94M','8V095RF2SZBGRSOO357O1P2JO3JEZHP5WIP1ZIUUBQURSU8ECC7M6ZI4I7G7Y9TF6GK12Q5J5981MHCK6V09A276O8849BKXC71M9C8GD6ES3X2YM435K15LT078FB14MAX2I12G80N47AZ54M155PWH8Q51YP9YV1MCR443R4',-2134311519,0,1,331133098),(1022535925,'','2OIVJC87BW8V28E5RA0F67RFI8283E80051Y2UJS679837W5HZ54066928K78L2144Z9CDU0CD0AZ77K55XU1XM76UV432ZGL2SITQ3E49CGUJYX4047DE4F6XZZ30MJW8GHR5082','1984-08-29 06:24:25','2003-04-09 18:47:32',0,1329019354,268334498,-6194721881437766667,'C','204Y367YV3336ZN8R149','4BC78HQ6Q7I43WO1QN628MY62W60EL9O4U3CGNYP0WTGZ6684Q4K6035403D',NULL,-1042630922,0,0,760629827),(2060226385,'SCP6LJ0ECM92Y8Q80TIVTRG','823ZPH36Y0IP30BF08WPLJ0P5W56Y52SB5F2PK8TDZ3P5N0E029UYIW156S2PVHCWEH416XP2I3CH1O29P1GSU78G6GE3U8O1992ZY','2001-01-22 13:21:17','1989-08-20 06:15:18',0,1948884963,601770388,-897066779888799505,'ZXU6643279UIT3157H62RN6WA22','9P5K7P5C0PC1014W8P050099','12XM98V95N','3LC4J6RRI2N9KFPYHJ7U',-1743103013,1,0,760629828),(668006311,'Q6IBPM6',NULL,'1970-01-01 00:01:15','2019-04-21 01:29:46',0,1422109524,1141148734,745,'RUD6939VKO4OO1E','','57XGM9','953FV9GM3LD798U9138AANI961931ND86147X3A2HP923897QK4TW46385GBQ6VH0812',-913232310,0,0,760629829),(127006242,'5734432VV6JO6JYHK',NULL,'1970-01-01 00:06:31','1970-01-01 00:00:40',1,39,2011928081,-390,'JH6E675C','C3993L8','8I72997LR247K5','',-875054022,1,1,1011154294),(341754609,'J','14937PJS9I7','1970-01-01 01:54:30','2017-11-26 17:30:20',1,994578535,8190,-6869,'','','360N6JV3809F83LV2F923DH','A605PYX45Y2J44XU8E84592580Z0AKES53YZV3K21CE81G65837FCJ5ILTE5H89H13I0LBB17',-41,0,1,1011154295),(1022535927,'VW9X','650FT','1970-01-01 00:00:03','2002-10-26 01:53:23',1,1640937648,456,2,'','Z20E2B5Z46LU81JD2365M76F',NULL,'246',-2076044483,1,0,1011154296),(1644088536,'HK73QB032LL54RYQ','8INN9P4R4R9Y63XIAPK264CRQ43Z8HTB20','2002-09-30 17:09:56','1970-01-01 00:07:34',0,453,3,-7407928964238828743,'','0T26LJY9K4IVU6O8S4EPEXEUW92FH9D9C2G97G039M8S',NULL,NULL,-89008129,1,1,1011154297),(1644088537,'7B0599','','1970-01-01 00:01:07','1972-08-04 23:12:05',0,883531180,698481613,661,'',NULL,NULL,'J6XVX0Z13',-1189757013,1,0,1011154298),(2060226386,'Q7E4','3COTA8R2KL4970HN2579','1985-09-09 16:31:27','1985-06-09 05:09:10',1,989650576,0,-3357806714323452601,NULL,'6S34A2U6S27X0D24SSOI9FX306RC8N86L930P392U90637K90KASX57G76T5MS37G1ZP39','','AD0B97FPQ5O56DDX900KI7F38XY1076KP9557AM1Y46JV0J40J1T21289316DWT3XYHNPWS74LC132Y072UC7L7531R13Y16NM7JT9Z18442W0R4D55BAX',-1570373656,0,0,1011154299),(1845478023,'H5HPUYDN2B25UW6L14J6OG','SSQFG73O68V2F739AS2A578LU','1971-11-27 07:16:14','1971-10-08 10:21:22',0,17725047,1692604300,-3685172923524210930,'5FZ47',NULL,NULL,'4W931L16WM371T203520DW793B7',-682704082,1,0,1440651025),(1237284291,'435T73MQF90W5O','QSZS3Z5C5964EM2WO3E6R','2018-12-15 21:09:42','1979-03-15 07:40:38',1,988381092,1118039049,-7703690835945401732,NULL,NULL,'4V9R5D2','YX495S',-631207581,0,1,1440651026),(1022535928,'71ST7494356IK2UDBGI3','644GPSH55KMOA0146RZQ0365R3','1970-01-01 00:00:01','1970-01-01 00:13:36',1,815,1909763091,1,'','RXLX150DU4YI49B4','6XH8SO6G4M3YB33L563CN9W662Z35AK6X9ZL844L21W4O5O5U50D4L56O0DX2JN5G8C1L7WM3WK4446','3620R',-372648446,0,0,1440651027),(1429340171,'QTX0HGP9LN6I87PM2J1NWWSTWC352Q70YT8925HU923WY518U663232VF4J9M4T10MA','9030N8RC9IYAS004W69KZP9E','1997-12-31 19:16:48','1977-09-02 09:15:58',1,388265726,1739170830,-7197949485535004923,'E12AA6BP4FL8XQQM83EG695H0899N31CX1','G456XD2E4YD6H0XD','','NMMT2R6RR350V8S0S',-22,0,1,1440651028),(341754610,'SFCB2J7AFT7RSZ03YB716U47ZWGI394YBXZIWT11HUWNZ2I9JW0834Z64DBT','C9Y2UKUMG95NZOYU4EAL4Y5GBH8R549W4F0QJ6OUI9FW1S2A54IYWN877','1998-09-19 00:07:11','1975-01-25 23:28:44',0,1065329095,19156781,-2486536168512793428,'',NULL,'','4C94EH9T5B1D068HC6464O7AOI07TD74L913820MWMQ',-890162623,0,0,1440651029),(1022535931,'4LR5C04','U34XTID0E1923547','1983-09-05 02:17:39','1997-03-17 13:14:18',0,924642358,668318573,-7823444682083735264,NULL,'HCNP0P58241NGLTH9PN9HOT9BBH1KX','ALJ9','5ML3S79447IZLW5V85G4VC9J3OJ5000H93U2MI9QS34883AALQ319I60T4CAKC0BKDDO5A9ZPE9HE27YA5MEP5PRTLW3Q42YVWX42Z1S',-1922484379,1,1,1440651030),(1845478022,'0155ISD79KRMCJUA464O7HFIGW9O68XF666F4QCR7D5D11DDYC0U0N7','I6QKL198A308','2012-11-23 22:46:21','2013-07-30 06:56:07',1,410424231,1673364293,-8268074543552798982,'I4T73SZSC3HW','Y1510W9P6647T32','28LE34C1D3Q287C200N5','AX59622G7576KAJU27TSVUC414YJ',4224,1,1,1821186277),(127006243,'631MOAP','LJ79ENE5','1970-01-01 00:11:48','2014-10-13 09:26:50',1,155368496,56964404,-7,'','1O','TNKC1O922KKR00Q74Q54R5PA50C1KX765G41C0ZL0HC864WR8','538C5K',-503828935,0,0,1821186278),(1237284292,'3642AHXAAN561Z9E41S3S9U2B24O','','2002-11-22 08:54:01','1970-01-01 00:13:16',0,795,9,-5566095580491927052,NULL,'','','8DF3YP8NPZ55QWG',-195,0,1,1821186279),(127006244,'65MT2EK5','DYF','1970-01-01 00:04:48','1975-11-20 14:31:10',0,1431188357,4,-2,'9',NULL,NULL,'',-325316855,1,0,1821186280),(1022535930,'637A3KP8OG88H53L6Z3UEHT3B77V175B9C7MZ6','29VWJP','2006-03-27 11:33:54','2011-04-14 09:41:15',0,1950940377,6,-2374900112794139211,'327T8D08C1GE','25GM6FGLC1M1387P8N57F41','','YRXL',-1426431393,1,1,1821186281),(1644088538,'8346Y5C5A596C7QQ6L',NULL,'1990-06-30 20:15:15','2002-03-01 07:35:55',0,498440540,1467998783,-3946058285933965192,'YK',NULL,'5ULX9XK3W6LCJWS3MSV37UWYVBT673FZ3',NULL,-1857410269,1,0,1821186282),(2060226383,'328B3KGTPG00P62G41J6','7V8829','1970-01-01 00:01:29','1997-09-21 01:53:53',1,1981593609,1893158237,8884,'361ET','','VX4VO7WA6KT2G25664L166WM8GJ7L8PJX9X99',NULL,-261719039,1,1,2250683007),(1644088535,'K1124TXA68S6OBU30P40DG332657O972L6PN43UAE67463N1D359I750K7K09Q53YM2IF5X3J78U5J806CVV60JNG0L4UZ','','2006-11-14 02:36:44','1970-01-01 00:03:31',1,210,8,-6300415604698269536,'X1OM4O6E387ZA9N84XGJV802L291I15LYA8IDRZU453074TL7CFY64U48WP7R1FQRI42K50',NULL,'17J2R1F2O4HDJ1Z7525M48H3','3L9EK516JF594VN3424A9K',5,1,0,2250683008),(453257944,'0K2','CI2','2014-08-27 04:05:40','2002-01-06 11:15:07',0,987362874,1802731035,-9172888303252074776,'','H5','80OG45O2KQVXEK22Z7B437Z1A6X14S8MP7EJX8J4W519KNAZK5J1459GN03U0WGT53S4JOH2AOVV3OR12U3F7376OO42514XAU2T6ALMTOV1730KB16B93263QB003ZWI35JSV7F0YO3O9268MX1AVY','8KE68PZJ36226',-1899396204,1,0,2250683009),(1237284293,'2SCDH1K217H1660C2Y61EVZ23GS785H4',NULL,'1992-06-22 12:04:03','1975-02-09 23:16:00',1,2139811519,241816307,-6697978896328403326,'G1791Z5X9X4V37FZCYR13',NULL,'7HK99H9FFR','8UBPGK4O32MCR',-1752931013,0,0,2250683010),(1237284294,'GOZV83TQ2ITS65QA3K8VFOL7D6K31K85WFY8B445K1Q8YPLM899453HX2274OO4466TJ274N5NW9NFE','24AXNIVS3I73119M238','1987-10-24 06:18:14','2012-03-05 12:43:22',0,355541997,174122498,-4657073581713337850,'MM8U4EWDEIEFMHR3VX8WW105UVFZSZ74X3921423I02HVO4I238M73OPBI3BK802G51QZDD9EECMK72WTJ962K3JB6F','A8AR774GTY591NUQF3NG11WLXUC948MPF02U290668I6V1','PCF7GN135','M9DGQ154WVT',-270403358,1,1,2250683011),(1845478025,'6VGZWT5S0','','2004-08-10 23:51:16','2005-05-06 11:40:48',0,2016633095,5,-7395641615502878616,'','','KG8X','CW6HE',821,1,1,2250683012),(1022535926,'W850F2732CU220X40Z4T4KH1M9OPD69H3CF1907Y9T9W57O10W9BZ3S897',NULL,'1984-11-03 15:24:02','2013-01-17 13:45:40',0,1066567527,1146719287,-1904983951461725716,'KB6818Z9VC11DZTRWJ2WW9L24626H46Y64L3K061039B50TI6UYH12WAV7AW1T20P28CU','','K6J9DS','519T373Q65O0I67V9AZJEHR0F5XR950BP0H',-484032679,0,1,2594829568),(1429340172,'50VZ7QB7284WSL7871NO326SGRJIN9NG9ETZ','69R','2008-05-15 18:54:46','1998-06-16 05:55:50',1,868785825,1405739870,-4167555857492953738,NULL,'7339S557VPA120N4V86931V',NULL,'',-15634459,0,1,2594829569),(341754611,'D6ZV85UL3PN0711GK9SA2M36G9SOS86N106V9H86A835760F',NULL,'1970-01-01 00:01:18','1987-03-09 03:13:08',1,2087938157,1023334100,7758,'','2688OR334W9C8979HB3Z0','Y022HJ13756TAD3O85H1M137WVI3Y1TLE3WX496D8E219I62BF81MN12890E640I1IEO7Q15O35H175N836UIXE9L9Q5C4H142YJ955Q6R98OO2FKE4PU2XL20KEL5GV1J07R1G2QI',NULL,-287325295,1,0,2594829570),(127006246,'06','4Q1ZQ844Z40GMGPI00D1K5O73VR6MRH1HHLG9AI8I89U54S0A37BHA2PDVRR1QP7G5','1983-01-23 13:11:20','2002-05-08 21:42:28',0,1341462362,1284151141,-2765992759954158886,NULL,'CT16068','6SLR73G6438V1EH52793Q974EJ','A773',7,1,0,2594829571),(2060226384,'FYOL9427U',NULL,'1981-02-14 05:08:30','1993-04-26 22:45:00',1,1941203873,1916712745,-2765305586105690602,'ZPO8574J6','M8G4VJ66HRA5M0SSDU64MT24H','82OVGC63RGMIAHX0E1QJM','0M1FRE4',-9830,1,0,3024326298),(668006310,'Z20BY31RTV2UK4J6HHDTWX15I1Z1BR3P845L8GTP2AH3AT7321022J2S417G2W06YQ92L031AQV2R2895','0ZJ1C1T6','2003-01-09 19:01:06','1980-02-02 05:30:25',0,1535392661,1622179823,-7256012697198499273,'','L1524Q09Z4N1SBQ4Z7NLK65','','8NPZ80',-374,1,1,3024326299),(1237284295,'9I1OWP7C79H1Q5CYWEUU938NM9O67R','EXCEKMONDNNNL7N2ZR5E4W5OJL21WG1578','1970-01-01 00:09:16','1998-08-31 05:58:39',0,11473863,1288778782,-55,'I047','223EOW90HE3HW',NULL,'4PQ2WH11C7MMAVNL1428US63E70G762NSFHM457372RH085',-748,1,0,3024326300),(1237284297,'742881DV7G72KW9BABZ5LD',NULL,'1970-01-01 00:00:47','1971-05-18 22:14:12',0,206301244,336616211,468,NULL,NULL,NULL,'SHG3L4540U28V1R6PI7YV7Y4625046209Q72SH97MGEQWH9ZB26IFW936H9G6F2L9BW8KTL',712,0,0,3024326301),(1644088534,'OZT6KAQ0M4I59HLK93T3N315C3M5VLOYL33','H01FQZD7WEN6WXN','1970-01-01 00:00:32','2014-04-02 12:49:55',1,696857364,730970789,3156,'','BS3JUX78','3X','6JNC16S585755R004XZ2O66VZ6GC71BLQX13AR9L0KN',-1389986411,1,1,3709026232),(1429340170,'KUZLO39O44N7U2RK87059O4SFU8729V1X29GHHMPQC7QSKOP5Y82','UJBVYJG1835F5P4','1994-10-27 02:51:49','1970-01-01 00:01:03',1,62,43,-4258768785978889801,'','','Q5CTLOJHBR8SXK9S3Q20D64FAX44VN4VFZ291YZN9GYEY3LE1X7K5VF91A9JNND666D01J409WM','O96LL319SM6Q5',5966,0,0,3709026233),(1845478024,'4QY','','1989-09-11 11:56:41','2019-08-28 22:50:42',0,370540679,1338088113,-3512776566305761289,'214N','09P8Q7H6FL556R57PS9E3VMBIPW4385YFY52VA5PT12B4OH9P','7','4ZX9MI09J7D47PS8LX5529287DE8081S',-805152288,1,0,3709026234),(1237284296,'ORM08XG9G0Y15PK6T0NOI8EM3723AS3VCWL66R2V25NQ86CD16QKAYOE33O5WYX945GDE50','5M34H821Z2Q9400','2004-08-03 18:20:51','2012-10-23 23:06:00',1,452054105,1169136205,-7163864157832250158,NULL,NULL,'','J031K54933J8Q2I',97,0,0,3709026235),(453257946,'L3236EY146OX71FBR2NS3U99W8346B1M1OW9AW3A77189FZ4X352EZ34NMSG1L8P400K',NULL,'1990-06-26 03:46:58','2018-02-24 16:53:00',1,1835659749,562272004,-7744554700309923916,NULL,'CN167I9V814G774OQYT0A528274P341P2Z0CHSRK939Z07B42G9YVOKEQZN5B4VGG11W7ND300','W5O6CR435T9ZT338XU30HW','RDR35Q9UHE4FN',-1,1,0,3709026236),(341754612,'0YM9R1460Z86O386CAVDYSX8852RCIQ7Z5P',NULL,'1991-01-11 09:38:25','2011-06-13 16:47:41',0,1200879779,1,-3907214001900555407,'21VC0SZE4L201J','058J6J861N08WW1VMZ9O1C2YH28O73JMOB7','Q0YPCW5OTR98T2J9E928M4KO','I71886W1R4U18YEUA799J1Y',-735846174,1,1,3709026237),(341754608,'S73GPQAB3R5P6NANC','','1989-12-01 05:55:16','1970-01-01 02:27:50',0,8869,147931762,-5213066066774313887,'4P9DAM','34F4A5E99C9J8LT96ZZP47B3E31QFTPJ1X4KBT71F64HFUZ51EB','812','2MMH7',-1836,0,1,4138522957),(1429340169,'3','630203S47806BC03D0YUR7O9Q4127Y0728NJOH5P829NI1','1974-07-10 22:56:45','1989-05-29 21:21:04',0,531902735,1946458818,-8172567342323025366,NULL,'','9TYJX51C5PSH9967E43OB3','3QJ4IY7B0E243PPS9U2E76S',-2090140638,0,1,4138522958),(453257945,'R0LE4J32PZ23D575F0A','M87I5CU4WL75DI9VZ6MI3039Z44EB6105DF97Y8TN6D5EC56RJ2D1U18W9Q47A33PY0M36ZK961B20X27XN3X2Z7L4QR','1999-05-01 11:26:25','1970-01-01 00:10:15',0,614,398774306,-3969720244944941588,'1255FKK354','EJ829L15QAA6SWTO8D50LK289TNF07YL4O0DRC219ULQZNA671V34M4FD05','54946','L5809',-580018873,0,0,4138522959),(127006245,'5AEPERQ3VH','7E9U1Q57D72HIFNJ9XNVCJMI7R','1970-01-01 01:09:46','1970-01-01 00:08:43',1,522,1986714972,-418,NULL,'','O83GAK7WH734','O583T35L6B9S',-593015739,0,1,4138522960),(2060226387,'3FT55','L51N1N95XDBI8','2003-05-24 10:37:58','2002-07-16 22:22:38',0,1487417994,399013576,-2671214938634289710,NULL,'5WO2','','W2N73C13',-1509997017,0,0,4138522961),(1429340173,'D8J870Y3N9NKFT7R79Z5TF2H51421JG26A5CX2N015PO4009Y0P8DU3SI','','1970-01-01 00:05:23','1996-12-23 07:09:18',0,1496830858,96,-3,NULL,'F515T8S41QAA6','4WLQMQ5BOW1CLEO5',NULL,-1697413482,1,0,4138522962),(341754607,'','7G4Q26RDCTEYE9ML174984C7','2006-05-16 19:02:39','1970-01-01 00:00:08',1,7,114,-5398171349380033469,'8R8J6O1MM56W18T11QJKEP95C4U1Z7B4C6GV77827290WFQ6UP','V00J4612K72QG9ULF5JOFJM6L9','W98AZPNWLMH9B28','13470EP4',-30282745,0,0,4294967295);
/*!40000 ALTER TABLE `fileversions` ENABLE KEYS */;
UNLOCK TABLES;

--
-- Dumping data for table `formsubmissionnotifications`
--

LOCK TABLES `formsubmissionnotifications` WRITE;
/*!40000 ALTER TABLE `formsubmissionnotifications` DISABLE KEYS */;
INSERT INTO `formsubmissionnotifications` VALUES (NULL,2104012461),(NULL,2104012464),(NULL,2533509194),(NULL,2593735085),(NULL,4073955262),(785143,650541211),(785144,1424660387),(785145,1424660391),(785145,4073955263),(1785143,3023231818),(1785143,3644458537),(1785143,4073955261),(1785145,3644458536),(1785146,3644458539),(1785147,995163659),(2293734,2593735087),(2293736,4294967295),(3293736,2533509193),(4546008,3023231817),(4546010,995163658),(4546010,3644458535),(4546011,3023231815),(4546011,3023231816),(4546012,2533509195),(6415192,2104012463),(6415192,4073955265),(6415193,650541210),(7415192,1424660390),(7415192,2593735086),(7415193,221044479),(7415193,650541209),(7415193,995163654),(7415194,1424660389),(7415194,3023231814),(7415195,995163656),(8215396,2104012462),(8215397,221044481),(8215397,995163657),(8215397,2593735084),(8215398,4073955264),(8215399,2533509192),(8215400,995163655),(8215401,1424660386),(9215395,221044478),(9215396,1424660385),(9215397,221044480),(9215397,995163660),(9215397,1424660384),(9215398,3644458538),(9215399,1424660388);
/*!40000 ALTER TABLE `formsubmissionnotifications` ENABLE KEYS */;
UNLOCK TABLES;

--
-- Dumping data for table `gapage`
--

LOCK TABLES `gapage` WRITE;
/*!40000 ALTER TABLE `gapage` DISABLE KEYS */;
INSERT INTO `gapage` VALUES (57,NULL),(429496788,NULL),(2077297528,NULL),(3971726520,NULL),(3971726523,9),(887265174,75),(1316761904,168),(60,239),(3542229797,821),(2506794256,944),(3349819573,1380),(887265176,4148),(56,4372),(3542229795,5110),(3971726521,9648),(887265173,87508946),(2077297526,136797153),(2506794259,178651215),(3349819574,238492377),(2077297530,297925861),(3542229796,456941828),(2506794258,461782014),(3542229799,494093215),(2920322842,541155625),(3971726524,549364592),(3349819572,575932168),(429496791,611588558),(2506794257,613868490),(3971726522,720754012),(2920322843,747385395),(58,791740797),(1316761908,828278675),(3542229794,866232319),(3542229798,965267868),(1316761903,966044826),(1316761906,1035077705),(429496789,1063285135),(1316761907,1095307140),(887265177,1106074069),(61,1364949667),(59,1450307524),(887265178,1560451704),(887265175,1570390949),(429496787,1602748288),(4294967295,1735003672),(1316761905,1830193611),(2506794260,2097016449),(2077297529,2099763588),(429496790,2137079755),(2077297527,2147254955);
/*!40000 ALTER TABLE `gapage` ENABLE KEYS */;
UNLOCK TABLES;

--
-- Dumping data for table `gatheringconfigureddatasources`
--

LOCK TABLES `gatheringconfigureddatasources` WRITE;
/*!40000 ALTER TABLE `gatheringconfigureddatasources` DISABLE KEYS */;
INSERT INTO `gatheringconfigureddatasources` VALUES (425466903,1604088382,426162978,'A7QP40AK406LU38Q1674ZTP3W19WLYJTHM0218A870F487YZL1OR09L3CF02S4OBS15RP380677V4L4Z905ZS02133FGU3MJLK8A0E7EJX74TD49HI4Y0444NZA9RSHNY33GT0T735F'),(425466904,1876785287,891481965,'Q69QNE2750T9Z'),(425466905,605,571557490,'P7QV74X490V5H4VD0'),(425466906,973166974,1016322135,NULL),(425466907,1198,57461383,'46U2NM2683NJ6RNH60JK6845AYW14QD38VZ29G'),(425466908,247316725,1380520583,'BPS4MXQ21BDG18CXGZO36O77RGP3C'),(854963634,32,1825140441,''),(854963635,7470,526175888,'8711WS2283HB096Y8J40C99KRMM2G8840EV7Q79APRP47QG3U1E829JD1GTEJ33G6T0387ZLM'),(854963636,675251618,9,NULL),(854963637,3238,626554953,''),(854963638,9011,248090289,'9X8B11F484B03P7W3K1865OP3T7A9L2GJ3X5SZ71Q'),(854963639,303006497,22,'7RXNZ3IGVM7LM5YOC'),(964138225,755249967,284337824,'HL0JH8YL83XD98593Y36N1S'),(964138226,NULL,45,NULL),(964138227,1707250759,1251670250,'BS42JQCG23M868HI46995EO27AF1'),(964138228,6344,9057,'1FAFCFBBP1GM7090C934H30'),(1393634956,5,20,NULL),(1393634957,1004023262,5996,'6CP751L8ZP77F9H97OU2P1J0582E'),(1393634958,1757068619,330907990,''),(1800551405,4725,56028296,NULL),(1800551406,1620562975,562300401,'03J026FV8I640Q302T05242GH9Z23A1L4VE2OZSV3RU0G5S9G8700948BTP3VRUD0D8816U3YBL8'),(1800551407,387,1163426670,'031K22DFJU2PBWLBUB'),(1800551408,2207,NULL,'FY11082W30N'),(1800551409,180,0,NULL),(1800551410,182,9,''),(2230048136,62660917,570982273,'5679EVUX63'),(2230048137,693143545,543324288,'T7FB18S38W3XWMGD64S77BHQCF287IJ5ZEWCRR40WZWDQ51100Z9FUHADRD2VT606O2472H'),(2230048138,1271103779,NULL,'18M1H88'),(2230048139,7659,3190,'USDB47KI8J57JK5ABNAP0R6LJU930T9DQL1DD89TR3NU6B8D11B0WZABX9934F476F9IHS0AZAOQI6930K741OV8'),(2230048140,1986504805,1505538644,'T6B76102T30D5'),(2768294819,86,1738,'B646V4DYF62P05XA6237L84860G12G5J25ZQ8GJ28I8NK5L39239KA531MM'),(2768294820,815494818,1852900693,'52GEE6Q7Z165V349TJR7KMC4RRFI7SV64QNPQQ7N1KXF26'),(2768294821,725743075,1736528726,'3'),(3197791549,1218589402,1272957781,'9F769ZX17NLE3WPCEJ2R91IOH6LA36O184AS8JVP7597B65SC3MI1'),(3197791550,8,658436939,'832CZB8YFO1'),(3197791551,1803539540,4,'45K391G6Z75J7421943HG8L869QUC6O6V9PF014H852'),(3197791552,1437,72,NULL),(3740467589,5,453228734,''),(3740467590,6,98,'VSXW283QH6O2480T892B47T53NV'),(3740467591,1434324527,2120930736,''),(3740467592,1623620455,957087296,'F6510IA204JJJM8360PE0T298LF85AC1GEM50F10WWOQ1F30Z9IS17304M5O4L1B951D08A'),(3740467593,1774612387,NULL,'49Z3F2LWD'),(3740467594,874564526,228890268,NULL),(4169964315,1881413825,90,'45'),(4169964316,1099895374,1813920894,'P0L951QIHY87849K2OFB43M90GWOC2PXK7399288TK2V521PR66O5OVTLI5'),(4169964317,378239360,1208817627,'8SOV24FQJ32L1Z0N5'),(4169964318,1528468308,518308672,''),(4169964319,1529394788,2,'9DPDU0PIG'),(4169964320,962,23831242,'4BW6K5C8QZB060882BTF14612C468ANX873ZDK7U41SNT'),(4294967295,NULL,2104631024,NULL);
/*!40000 ALTER TABLE `gatheringconfigureddatasources` ENABLE KEYS */;
UNLOCK TABLES;

--
-- Dumping data for table `gatheringdatasources`
--

LOCK TABLES `gatheringdatasources` WRITE;
/*!40000 ALTER TABLE `gatheringdatasources` DISABLE KEYS */;
INSERT INTO `gatheringdatasources` VALUES (932,NULL,'EB8NZ57VS98KCCZ296V6MMG',611,1169144292),(933,'','JM4Z7Q',312264336,1996424223),(934,'R43C6U3LAM1E3A9G10R6AKD7K0Y7JV4036QIM7JPU0XZ3C','4T708G90XI',618,1174225281),(935,'664972GHA1G8UZ09P42O92UTFE79G543CMSCOYN2TA6S8BXO7174OKYI4348','HY6HX0JUXV5VJS887A7OUPEHN4OB6LC5W9H6C8TT2JI7DB6L6196U38BFM4QB6A0824001',2080944544,1124613980),(936,'','A69U0AFC',937843620,276),(937,'L7K93N9QZ1I39F','OV820A55C4179FWX',1789867830,8),(938,'923D0QU1FCY0I54Z75BK9CZ5TDJUC21187153PRBI4L1Q4I4PZS42Y5BFSD38E21B6FKG','4K28M4YS0R87HT5O5V0UB',1805319335,1797041073),(429497663,'WY4EYY3144153359218123GBZ09FFM0GOOD1Q57DO67ERTQL43488FV9X867B72E7Z6VW234R3JEXILR93','I28WM0UB59053SR88V1Y6429S9F2791X4HYDU02BYSV2WEA863503G9QN3WM83RMGK00WV7NQ9M7SC5GD8K47',1648002392,1833443272),(429497664,'BZ06G87A3XT37T93OEJCBJRSEIKE4E954DJ','NX28EOJ1ZT211Q343S947',5,194557488),(429497665,'64MR4B6L278431K3K','KZK18OYFV1TW027',1051663106,802240060),(429497666,'65QC5T4FBRQ5NV1F5Z3MT2M94YBDZC571LJ0R4AHIS7U3','5V3A1OEP8P27T9WIE6610OG69N3608W29XF8874Z894XMRBDL21QU60C3EL3GX7MF0HX9274',314004593,1445877587),(429497667,'AU8N623R524QXH6786743JSCE54B24YC03TQ5KRC2Z','XK43Z3M4DAB49J8BG540M8T57838J',1012506500,513657415),(429497668,'X7','37EV53054HT034',1,3),(1059561775,NULL,'J77B95W8',1489997185,1019085042),(1059561776,'','623LY6GLSG6UL9XCX9092628TTH98O01YJ4NW58V22',535280840,1090562499),(1059561777,'14A','445I928',5,2076006190),(1059561778,'G6KM6HG574SJSY6N1F1Y7C','K4',1945751894,6132),(1059561779,'XZ3Q6J744YB4ET3Z','585H401U1E03071C419XCV23F2LYWDL7W7L3N6830594011Y0WPJB6',1937609285,711),(1059561780,'2IEPMFTOS9FR0175CA7BH3P5Z3688','5791',1894604315,1762438656),(1059561781,'H216A3S2D4G650','W0G0322AB6',654890683,53),(1059561782,'891CVA8IU4E53UW63P559EYR71PECJGI5376ICCBA875SI','M06H041N9703JL4R5JZ9XX8829V5733T',1498839727,1916014061),(1489058505,'A31W5P2RE5','N94GLEN04R82JCBV555AN',217795817,1187354060),(1489058506,NULL,'BBX87A',6,230427932),(1489058507,'H25','0B48L3052WIUA50L75LJ13I',1163926996,885417629),(1489058508,'S9','LU985A75H3S992HV4I9I8CDMJX7XADY9NB7T8HY8GJ852MG580G',1917378936,1078233076),(1489058509,'168ELCW9LN65WW1874NU37M67FF70W18H6N5YU16496V4X105','KNG3WJMR0O86W9ZP190BGX10MKPJVIR6A4FNHJO89VERFTXXAXBST77412HES0J7256359A11LEH9',62,386014803),(1489058510,'','Z7J06JOF2SECRNCN08TCQ7L65BKXG310T6',82288249,974553028),(1489058511,NULL,'8YV89OQ91YVDW7PV7GC7PU9YXTBNK87G4ERS8989Y9FAV81N409R68B80W4CR64ATBHR1U74H7AGVREM',393478055,118920884),(1489058512,'53915631S8F8QI3FF8379891K2','06KES8OY25K13XX9480',500,4),(1875807216,'','1807ALZ5RRVH85X',330351535,91),(1875807217,NULL,'XZ10R3236V24T82Z510KG68709E1D89ROSFA1HPMP38',35,8),(1875807218,NULL,'3E6I12SPD867300M5V8SCCV293353',290628423,48),(1875807219,'ENM741UX2B1N5UWPS22JQ3WZ','0954',829096331,1004459609),(1875807220,'98EH3761OV06T5L7MI7316P48','9733T6Z9OB5709CA205BM9D8H4886RR0R2I25POU5A77410I49M456YG021',944484004,1091683104),(2305303947,'TI852YBQ46DUZ696TN859S8G0012256T096WW3B91P1C7M2RR32H555I8D7692ZL7IS888VDRFMG2LTC13XR805Z062J407DN16','TVF',1,1553906724),(2305303948,NULL,'Y96',1613901958,2053789479),(2305303949,'','7XGG94GPI2',586868187,109089360),(2305303950,NULL,'IYL9X7GAO7HCD94286DAC7OJ7L9L65UPUG2BRQEH6N4X3X',627898391,8),(2719617351,'H7V07T9C22L26573F0R71D7P','09O5N6',359242336,1871793100),(2719617352,'KQG7816DR','0AR20J',959011275,591810654),(3149114081,'','YWDVSGD982X7O8X0HZ3U53KTR51I48HYO9S55J0540AN6129GGM65B91X4Q510LZ36JP',1942118074,1631076662),(3149114082,NULL,'Y11Q31V04699640',1350324887,623),(3475796166,'K80F1628X3A72FV62P5SD20L4Z93CI240T0527FC9P95','8K2HZ534ZS92X4V6O0',1461896950,0),(3475796167,'X20GTYHO8JQN6QV5K2BTCAW8L','I9HO21E',1523644620,851898581),(3475796168,'','INTIA4',377,70),(3475796169,'5Z3Y442785YJO99TN5J1G286D0N87OB9MQ1057649Z2173MHY6HY4A2MG41038ELRF52IG9Z2A29HB27N43K8','51G25HT3XO328E918190JI042T',706480054,1677294413),(3905292892,'P7Q56901MQZI8073WS95BUD4NJBWY6R4UIJ21DD05898158J06YG8SCZMV0H6F1','LY649Q02ZY3290H9I0308W2JQH68JTZM4LX3H3T',1023123338,47763793),(3905292893,'2GQXVLNB3234K4MG95MZWB2KV68H','UYBDCVZG07K85559ZEW1',2093988422,694746502),(3905292894,'','3SB5HT8ZG22S',2044634015,880371967),(4294967295,NULL,'36G99AODQG4CZJ6M',49,301936431);
/*!40000 ALTER TABLE `gatheringdatasources` ENABLE KEYS */;
UNLOCK TABLES;

--
-- Dumping data for table `gatheringitemfeatureassignments`
--

LOCK TABLES `gatheringitemfeatureassignments` WRITE;
/*!40000 ALTER TABLE `gatheringitemfeatureassignments` DISABLE KEYS */;
INSERT INTO `gatheringitemfeatureassignments` VALUES (2226609356,NULL,1686741175),(2725622620,NULL,1916796347),(2725622617,NULL,1952130193),(3155119352,3,2069063896),(2725622619,4,205901177),(584354432,6,NULL),(584354428,8,3023),(3960462301,8,814216963),(1797112620,12,8),(1797112626,36,1405980065),(884719336,55,1155393957),(3530965578,99,39),(1314216066,115,NULL),(584354429,115,1053804588),(1797112622,579,935025665),(1797112625,606,1614162139),(2226609357,701,31),(1314216065,2617,1360580746),(884719333,4269,18),(1797112621,5193,269123580),(2226609355,7222,1849749283),(3155119348,8425,904),(2226609351,7000586,674),(154857700,113342282,1714511695),(1797112623,137497356,1167555063),(1797112624,251652600,1416638196),(4294967295,477586628,2139664301),(3530965577,685975966,919),(3155119350,874831076,1239975825),(3155119347,978986899,NULL),(3960462303,992422439,58),(2226609354,1118381297,329637870),(584354430,1215545333,1214492679),(884719335,1224470412,5290),(2226609353,1358174351,671541643),(1314216063,1363570847,941668992),(584354431,1365665060,254170361),(884719334,1542868553,1688274729),(3155119351,1640834875,97),(3155119349,1645403011,1257639625),(3960462302,1649380087,714912833),(2725622621,1682008676,NULL),(2725622618,1704615471,426),(154857698,1747513417,403951869),(1314216064,1817195124,725),(3530965576,1954974613,525502162),(154857699,1982266084,1633384763),(2725622622,2039058546,1242581030),(154857701,2106309846,826482866),(2226609352,2126022817,114);
/*!40000 ALTER TABLE `gatheringitemfeatureassignments` ENABLE KEYS */;
UNLOCK TABLES;

--
-- Dumping data for table `gatheringitems`
--

LOCK TABLES `gatheringitems` WRITE;
/*!40000 ALTER TABLE `gatheringitems` DISABLE KEYS */;
INSERT INTO `gatheringitems` VALUES (234301878,2510647721,3191142401,'1985-02-20 01:42:21','1970-01-01 02:46:38','86L86IYK2TRTVI6476W94OCGOQODNWT230IYA8RV48XW',6168,1947443856,'ZZ429M35F4E73',483626896,512,0),(234301879,4294967295,144098546,'2016-10-09 15:41:34','2018-03-15 15:10:30','',1479431969,1089497062,'1RT',71,981602780,1),(234301880,1690766589,144098548,'2019-10-30 08:30:52','1970-01-01 00:00:04','333ZF6E1HELW45850',1519891813,NULL,'5773463BCV2AYUU9ES9J33',1163863797,1822662338,1),(234301881,1690766591,1722663826,'2008-02-23 17:42:03','1970-01-01 00:01:31','6DJ4Y0HOSSJ',69323288,1944015329,'KCJ825IQW4F7W4012W97I27Y2C08DW04003V5748GIGITQS4VMVXO1C',1915324582,9,0),(234301882,833445280,573595276,'1970-09-27 14:06:22','1970-01-01 00:00:06','R5S85695W46926PJ5FMS6BX0FDSQT8',874260462,2142997799,'6986668BF3S43QJ9QS',662925486,1394646086,1),(663798609,4250268107,144098549,'2005-05-24 10:13:51','1972-03-14 17:05:17',NULL,1473580250,889,'9R0L4K67AUIEATM89P5J6B5P0P6983F7K5UA6XC7528RPW9Z31X031S226W2Q08R660S75XE6L6FAJOUZV7XX2',2067387499,1092434063,0),(663798610,3269837254,3191142399,'1987-02-08 18:21:56','1994-01-13 04:41:19','U5',374187148,1868879191,'U392HP5J67',1574599224,2059243542,0),(663798611,2081150990,3191142398,'2002-12-15 19:26:41','1997-11-21 03:40:50','50',1806658977,1524562064,'Y406VQ89W1FQF11',1406038359,1063642056,1),(663798612,833445281,573595280,'1993-09-28 16:43:23','1989-11-28 04:13:22',NULL,1422953053,6015,'CP637G4H14FQSA3',99,1435682794,NULL),(1274506647,1690766593,1248033521,'2013-10-06 12:48:30','1998-10-09 19:23:40','L9I1M',383,1321156026,'IAV63OV0NYF8MV44359U86B80T27IS1NKUHY7VA95S3KH2H77E08S5E59',674,1394956027,1),(1274506648,3820771381,573595278,'1970-01-01 00:00:57','2013-11-02 03:42:47',NULL,451056689,434862164,'96DY59YR755XP121L5EDX9S7FCS6KG969MI659MTFZW08F5NP56VI5044S8L3851F65',728884968,367,NULL),(1274506649,2840340528,144098551,'1991-04-04 14:30:40','1974-02-08 00:48:08','ET4XU99TMU9R0DX6',949585675,1864087025,'4DZ2L3ZVY',1122829223,42141593,0),(1704003378,403948552,1677530251,'2002-05-23 16:33:27','1970-01-01 00:00:05','85Q141S1TNNXUSE2P6BIPNUOAWW8P8T31VN82TMSK8RA385EGJDQOT11',999639637,1581596292,'C468',1848772479,1765049052,0),(1704003379,1690766592,1248033519,'1981-01-12 09:47:10','2009-05-27 03:23:32','67',151613178,NULL,'HY709J',82333121,1419536570,0),(1704003380,1261269861,144098550,'1972-04-15 04:39:09','2009-07-02 22:16:50','',1723436456,2053773496,'0SJC67T0UJ860T3J14T4',1548867256,149236939,1),(2010141425,3820771380,3191142400,'1970-01-01 00:00:06','1993-07-20 22:03:32','X71QE5ZGV198S73MH8N6CZ7A4U43BYYXS46S8OY7P629K9CZA7K70I',1578311986,32,'671J0N9GB1R',2093705171,811760052,0),(2010141426,403948553,144098552,'1998-10-01 08:14:35','2016-08-14 04:11:16','7UG3J2H0M8934G',333919345,32,'04Z36T0V9LBQY4N',2080525323,608254881,1),(2010141427,2840340525,3571117481,'1992-02-01 17:52:07','1970-01-01 00:00:03','75IS83',1093172957,NULL,'JB',2136259700,1739,1),(2010141428,2840340526,144098547,'1983-06-28 21:52:15','2005-11-25 05:53:19','',2101172084,5630,'9O956RIQT8HHXD4I95037N66XUAX93D73C5U119GP4972TPWDJ8JBU05YO4T',3,37795704,0),(2010141429,3269837257,4000614207,'1994-01-01 04:26:10','2016-07-22 06:27:58',NULL,897124236,232784154,'JE1K735Y71Y0',1905309085,1793268186,1),(2010141430,1261269857,2152160555,'1970-09-07 15:32:10','2010-11-20 10:59:13',NULL,1261499749,NULL,'6DU375832GR57Y54U24',725800119,284,0),(2010141431,2840340523,2761645668,'1970-01-01 00:00:09','1970-01-01 00:00:09',NULL,557230551,1663068339,'F7T5094992FUJS41082T29W5HT7DXFYE6FH3H5M325LX085V5O86S3197L4IMO1OMM07RNO38AYE28955478522E55IJ2BTF24W9G410GQR3NUGS5X05611',2127143986,997553316,NULL),(2439638156,2510647722,573595279,'1996-06-16 06:35:53','2004-05-28 10:23:59','MA1F2R62006SH467A04152KUVX',942881784,1228058366,'73',1269,1136174331,1),(2439638157,2840340529,573595282,'1970-01-01 00:04:13','1970-01-01 00:02:31','ZBB84X2846WRK83C',704430367,1251372880,'KF08SRIDI5RC70079D7L',266,397766539,1),(2439638158,2081150992,573595281,'1991-12-27 17:12:00','2006-06-21 08:25:34','FX82L',881786169,NULL,'J115J70IBL3L8XJEYX6G8365GH2Q61Q71SY8CXY87V29Z',1538773938,6,0),(2439638159,3269837258,1677530247,'1970-01-01 00:09:59','2017-12-24 04:42:06','2Y5',54,NULL,'0Q92US0UN',1638197424,596769448,1),(2439638160,1261269859,3191142402,'1970-01-01 00:01:06','1982-04-29 18:12:16','45',73,9,'9GK4',1006338032,687446068,0),(2439638161,3269837259,1677530250,'1971-01-11 02:58:25','1985-06-19 11:28:49',NULL,1149021991,928696916,'GY96S',2911,308812247,NULL),(2919034884,1261269862,3191142403,'1975-04-30 22:23:56','1970-08-15 11:22:32','Z8Q5WHM3R9370M7XJMJZ3W',1984293814,649,'IXP7B18D77E93224Y9O78F890',6,1429224016,1),(2919034885,4250268108,1722663827,'1971-02-12 11:46:57','1991-02-28 20:01:19','780',1378333764,1960438521,'78R6I9ECDL4QJPK0IN',1640800357,1661710001,0),(2919034886,1261269860,1677530248,'1970-01-01 00:00:02','1977-03-04 03:08:34','61XP',91,938268868,'UA710ED392HOEFDQQT1F04K2G2I1YQ3L0IZRB3DX3BF78XF6KPJ1O',1665244846,2058005773,1),(2919034887,3820771382,2152160557,'2009-09-02 14:57:31','1970-01-01 00:01:34','',80,3169,'P27VCI',2137468150,2136695238,1),(3348531614,1690766587,4294967295,'2015-08-12 16:17:38','1970-01-01 00:00:04','5IFX548661P73799AWPRN1MLR410N21C03984B0YO',535235944,2049866447,'73FWMON1TMC106827',956167278,1229284519,1),(3348531615,3269837255,573595277,'1970-04-29 23:58:25','1970-01-01 00:54:21','K7N48KLJU4CQ45FMV206559AF0L3YHO4770A2VC42OS7',1725999526,5,'YWC9644',2111670879,1,1),(3348531616,4250268105,1722663825,'1989-06-29 02:24:51','1988-07-10 12:34:14','',683028485,237,'934665930E3N2G0EFC63F73UI6RNZD2084547',1391290212,1250884822,1),(3348531617,403948550,1248033518,'2005-10-16 13:44:01','1970-01-01 00:07:06','OKTR85E8IG2G4X1L03KHU9E',277,1761214162,'606BA94QN577M1F59948112JF30B3F9494QHJE3J194607640ZH8QMU0TTT77U78N',83,1865037526,1),(3348531618,3269837253,2761645667,'1991-05-23 04:29:22','2014-11-17 17:23:47','',78,118471111,'8',339790434,3,0),(3640929353,2840340527,2761645670,'1994-08-13 12:33:27','1970-01-01 02:17:51','TO13588LU84V60TUM9W13VLZP0US77K3187P8R19LJ721',32,1788667967,'N1RY9TQC93511138W6QBQ92ZM5X0FANU2G4EH9E93',108223006,9068,0),(3640929354,3269837256,2761645669,'2013-09-12 04:59:16','1970-01-01 00:09:35','FT9XQS2LYC9302Y8G6GO0B5L3C9D46KUM9Q713IO4ZV1JR34VU56OCL6C3U836GUK78X0Z0VMREM25400630P10D',2138797246,NULL,'D2KINUWZL90',510,834,1),(3640929355,403948551,1677530249,'1970-01-01 00:00:40','1984-11-10 11:24:18',NULL,1101859358,67,'O946Z349HI50ZN229E4CBTKI2NO7YJ5YX6015RS0NCH84T8VCSLOV3AVQ75FD9A6B74V4RGD6L3S3D822Q88N72WM9M1D143I40U2V9D1Y992GY0AHR390ZF3H0158685S4H3N',395710227,0,NULL),(3640929356,1690766590,1248033517,'1998-01-28 13:29:09','2011-01-12 12:01:57','64FFQ47GO066H81M9X832361Z154FV88T496EX263N2AHYQFWHW2C660AMJM9MVDGN',43,1321093746,'36BB92U0EAT4E5326F06WTGQ88N',1340432465,45,0),(3640929357,3269837260,1248033520,'1982-09-27 22:33:15','2008-03-30 07:49:01','07G0PKRIIWKJJUDZ',4,1923191669,'IKB',1422224557,1048286382,1),(3640929358,1261269856,3191142397,'2012-12-09 21:08:42','1975-02-12 17:07:38',NULL,1965,5304,'FHF3',1339891436,1776233459,NULL),(4070426078,1690766588,4000614206,'2005-10-19 16:04:32','1970-01-01 00:01:32','4',827685095,262318209,'9725',666,604930906,1),(4070426079,4250268106,3571117482,'2014-01-03 00:54:59','1977-03-03 23:33:55','3',1564814654,162884558,'5LF0U82KXT35F248SA9T2MWL846M8',357963866,149133163,0),(4070426080,833445282,2761645672,'2013-08-21 12:06:23','2018-02-02 17:46:59','7C21HVLDB93PWV3T5L1M5DQ92M0Y88G5MC',494,1,'6R4GCXJEY3U47J4Q0Z6X02PLTKGCMH234SG2940XMR1BNLRU032S0A',892092300,328827611,1),(4070426081,2081150991,2761645671,'1994-11-29 17:42:32','2003-09-28 04:23:28','344JDT91K6709Y4405T65A267ELC929ES',1424504988,53,'4175W79QZUJ01T50CZ5TD1FC6K41C2H7J07WAKM26HD94JCL8335S7',1454596657,11,0),(4070426082,1261269858,1248033516,'1997-01-24 03:05:22','1990-06-23 00:27:12','7RGN07K1CO6U5F84SQQ868',1769911036,654872246,'4MUFAOVSN376VIH6O2Z4X82D',496582673,1941703753,1),(4070426083,2840340524,2152160556,'1980-10-15 14:18:50','1970-01-01 00:05:11',NULL,1640052113,NULL,'ZTLII14JZ8DT8Z672P25VU56E2Q1IDH455O7V41529161RKBY3EIC8FK4744Y9SM49B3Z61N19ZCQRB',978821474,34,0),(4294967295,833445283,2761645673,'1989-08-04 19:36:16','1976-10-31 09:07:55','3696ZCAJE2F0FR7T715UK881P29F5FHC3LGFI3',797,6,'',1323443659,145518255,0);
/*!40000 ALTER TABLE `gatheringitems` ENABLE KEYS */;
UNLOCK TABLES;

--
-- Dumping data for table `gatheringitemselectedtemplates`
--

LOCK TABLES `gatheringitemselectedtemplates` WRITE;
/*!40000 ALTER TABLE `gatheringitemselectedtemplates` DISABLE KEYS */;
INSERT INTO `gatheringitemselectedtemplates` VALUES (133339790,4294967295,NULL),(2507208496,1998828924,4),(1181851419,1627892637,5),(562836523,4234680393,6),(562836524,1627892639,7),(1611348149,1627892636,429496735),(133339792,2428325657,429496736),(2797668275,1198395908,429496737),(4040766093,429498405,1146956088),(133339791,3805183664,1146956089),(1181851418,3360232394,1146956090),(3227165005,4234680394,1146956091),(3611269366,2930735661,1576452818),(3611269368,3360232392,1576452819),(1181851416,4234680390,1576452820),(4040766096,1198395906,1576452821),(2797668271,3360232391,2130329754),(562836521,4234680389,2130329755),(1611348147,3805183665,2130329756),(2797668274,4234680391,2130329757),(2507208497,2428325656,2130329758),(1611348151,429498407,2130329759),(2797668272,3805183663,2559826485),(3227165003,2930735662,2559826486),(4040766094,2428325655,2559826487),(3611269369,2930735663,2559826488),(1611348150,1198395907,2559826489),(3611269372,3360232395,2559826490),(562836520,1674,2976493728),(2077711765,1198395903,2976493729),(2797668273,3360232393,2976493730),(1611348146,1198395905,2976493731),(1181851415,1198395902,3405990459),(4040766092,1627892634,3405990460),(2077711766,1627892635,3405990461),(3611269370,3805183667,3405990462),(3227165002,1627892633,3705991208),(4294967295,1675,3705991209),(1181851417,1998828925,3705991210),(1611348148,4234680392,3705991211),(1181851420,1998828926,3705991212),(3611269371,2930735664,3705991213),(1181851421,1998828927,3705991214),(3611269367,1198395904,4135487934),(3227165004,429498406,4135487935),(4040766095,3805183666,4135487936),(562836522,1676,4135487937),(133339793,3805183668,4135487938),(4040766097,1627892638,4135487939),(1611348145,2428325654,4294967295);
/*!40000 ALTER TABLE `gatheringitemselectedtemplates` ENABLE KEYS */;
UNLOCK TABLES;

--
-- Dumping data for table `gatheringitemtemplatefeatures`
--

LOCK TABLES `gatheringitemtemplatefeatures` WRITE;
/*!40000 ALTER TABLE `gatheringitemtemplatefeatures` DISABLE KEYS */;
INSERT INTO `gatheringitemtemplatefeatures` VALUES (2991080535,5,NULL),(1142141996,15,NULL),(4150762668,262543070,NULL),(4294967295,698342176,NULL),(1571638726,977728765,NULL),(1142141993,128461956,0),(3420577264,209,3),(2290740518,1403781064,9),(2290740519,9,16),(3420577269,859742837,124),(3420577268,2041229547,408),(3721265943,1659971603,690),(2991080537,240,956),(2991080534,476617018,6611),(212783575,62,6799),(2290740520,1691899401,8312),(1571638725,1601191828,158201078),(1571638724,631105151,249197596),(1861243790,761061326,316065796),(1142141997,1665985708,348206894),(3721265945,1659661380,443698555),(3420577267,NULL,526105972),(3721265944,4,623875550),(3721265946,1487425132,667200739),(1571638727,1731178130,781578300),(3420577263,1158980247,926699913),(212783576,7733,973826778),(1861243787,658,979246653),(1861243786,3,1058579006),(4150762669,3,1083251814),(2991080538,3571,1117636295),(1861243789,5,1122006643),(3420577266,748682689,1122973768),(3721265942,1692958563,1160559324),(2991080536,431280470,1161073285),(3420577265,NULL,1311062624),(2290740517,1180173721,1407441075),(4150762670,1089571446,1482392763),(1861243785,1368803423,1494838034),(2290740516,1960601468,1587229708),(642280307,177872843,1624138152),(212783574,397853838,1667900419),(1861243788,6,1756226994),(1142141995,0,1759043940),(2991080533,136,1780678342),(642280306,1152867260,1862686131),(2290740515,727365353,1893929526),(1142141994,7480,1982252224),(4150762671,2210,2012788959),(642280305,1102426112,2074425342);
/*!40000 ALTER TABLE `gatheringitemtemplatefeatures` ENABLE KEYS */;
UNLOCK TABLES;

--
-- Dumping data for table `gatheringitemtemplates`
--

LOCK TABLES `gatheringitemtemplates` WRITE;
/*!40000 ALTER TABLE `gatheringitemtemplates` DISABLE KEYS */;
INSERT INTO `gatheringitemtemplates` VALUES (5,'BT10761J94BWF3RRO','BV32I159MU931O52Q8XDLBD0K50Y0UL68HL98OR1L40283Q',1,1234359969,116,1498666906,1781430125,1113493218),(6,'BC4PU3J9OOFAI3AS','4SZA8AGYO6ZCQIO6PRZOG00M62WEOUNH026BU06OV7A8IG',1,854746017,87,2077785996,1165040265,3388317590),(7,'84VI6E4MEC8755BBCO2B6WE753D68O4F11KB0HAU68HF85Q9FRUZ0H83Y6AN049RYL44FCRWPXYL923TIGK1YUWK','1P2K17VL13Z73800MQ158889ZDHWH47RU40Y5MT20W6I40VU4N0NUDW159JC9R0',1,1889441202,841926505,1841529511,276737632,1542989953),(429496736,'C6TITDGQ7B7GE41','724D4',1,578498424,38,1017104305,686332140,3388317592),(429496737,'T','72D45GHD60QKC645AJHV94XQV1C89M8XRLK6QU8291A9Q86IUKBLPN1207AP0KQXXZG5',0,9845,3,1490149359,1822770362,2454842213),(429496738,'3QP934CS7SQ2G72YF8XFG8A0N499976','5Y899D7UXM2877BM4EC08I6P9YO5IP9F2TJ1B98ZY8E07VJDR574XGXWA43Y0G8H76',1,1382098571,147985288,587636637,716887325,1113493223),(941196219,'G99B',NULL,0,NULL,1562350843,86354430,543244471,93),(941196220,'54','5WLZ524A64668038Y2P3FD3O400E76481G4P9X2T6E25YJCNGE5LRRR85778H711793L2Z538PFG59V6SU',0,1999723749,465702950,NULL,453009650,429496824),(941196221,'YLSTM3KM484G123Q5','',0,2100605579,NULL,1614748494,1360168210,1113493220),(941196222,'3M5GI342Q8H62Q2VRDB8','3R812K1B4EQ08MVI3HU1F2G0WO53Z26N8W3C2E',1,250528625,43,1953385140,1659970479,2025345481),(941196223,'273H9213W6AX9O83H1EITR4FU1CF78196F335946MD4K090U5P70C8Q5NKIILE53I500BT259UL59080P4RI23E2TU','7M6S51XNV1BD1K7O74Y97B7JZ4MSG',1,1699,3,485447392,213585589,4101812337),(941196224,'L4177T2N42O7DA',NULL,0,1450294391,1841828679,709674768,1517659701,92),(1370692950,'K85NMS9I42WW6K324P',NULL,1,92,1975536312,170,NULL,1542989954),(1370692951,'RPPW6PIJ22G093GSC0U334Q0LJ922V2JLS0O6GP35','A90J9I7D01Q48AWHIY1TC96S7FC5V5EP9Y09R824NA75L7O6R',0,1129897372,NULL,2053,NULL,2454842212),(1370692952,'C00S9PN27T864CB9SDTQG2N197JM708NZJU28CGD60TOG74W1B4','2',0,918392614,1128314630,53,701010399,91),(1370692953,'3GAA88K','0T',0,2134506801,1139380389,1041559940,8,1113493217),(1370692954,'4','844072F778WM5AOGT5LP2ERTD507TJK7M83',0,776,1484544576,NULL,770943028,2958820862),(1370692955,'L4M925R7DHEYMVV1E3D2T4WT1RYR55S271U941XUP3I857E482','8W87R',1,6641,3828035,NULL,184260716,3388317593),(1797338614,'5NKL99HJB7BPX7B','',0,1541666260,844967080,1624539021,1187601487,94),(1797338615,'5P88Y3XH6A8UDMW1944668KN1J837E',NULL,0,NULL,7,NULL,9,1113493219),(1797338616,'7Y71ZBBX93C393SJSYZSY2V6LJJ4C','',0,383,1969502162,NULL,684924088,3672315611),(1797338617,'073F11D910','40WSLLVYL4K5TKC5C6O8928',0,2149,783,1144521007,148053001,1542989952),(2226835345,'8O9QF17M4L0','HV3T7TAFJKZF1L4C9I7BES',0,1602160526,1037490641,2052778766,286752816,2958820863),(2226835346,'X35QY38L0JAS0JRFTG7230B2QNM',NULL,0,NULL,2004931907,1591738226,23,3388317591),(2226835347,'1164WJ5M13','',0,1663929325,1516791427,4,2207,2025345483),(2226835348,'09X0JYM4SDYJ2QL1VVT28001902Q4M8L9EY10','UKXN42443HG208AIP9F277K4650IXU60088HNJO8J0GX31',0,8885,1886159003,1752110048,1670218870,429496822),(2730030115,'8C250G10MOKADMRXD095H6447K8A5VX049FFP0IO91DN7',NULL,1,NULL,661688913,2,1502483279,1542989949),(2730030116,'670838G63','8A11E1AL6QI17R7B',0,831731091,343457392,995,1969491116,4101812335),(2730030117,'J4OQ734NX9B2N5T46IPMJO4DIBC6089154831BBX3529ADIP9H2T0X057953JVI40P9YF','B9RW',0,7,1767050312,221066145,99,3672315609),(2730030118,'036K949KV8RVPGF','5R',0,1831516292,1975675277,7,1569071151,2025345482),(2730030119,'0R3965EL3XEYNI90TTXLROS1N75','7E0C1M019COOC26L3X116RCZ4IPRE280J3TWK315LRQ42N2F313TS0Z7RQK29AUO38Q201EE6VXS7230LQOP9REBYNA',1,282,43693572,360,NULL,3672315608),(2730030120,'03MR682U90X0MNDF2U965V1O2S74726M6HZG73TD1F','A9943',1,1612047035,5,5932,578629808,4101812336),(2730030121,'S5410YU','0',0,664,872,1606343573,1791208966,4294967295),(3159526845,'57IWZOX224P1O2R','08O60DPN57T0Q3QGU89H225U794IG7J2RO6',1,1459533258,281607854,1251166097,0,1113493224),(3159526846,'2317R3WP80HKPN27W037','',0,1132601056,775407610,5,1334271635,1542989948),(3159526847,'M5Q5N920OC06L755LE3GP475DHH8FZQW7928F65CZKCQ200345FC0THCIFZ353GEYW19CG1R8G6QH','',0,9349,44,668381534,NULL,429496821),(3159526848,'T6CRH16E3ZUVZQ10RQ6JF169Q0','2',1,389579076,503929008,1883687489,862310778,4101812333),(3159526849,'8O00I6A85UX13IJ7C22FHUC70','2A52X3N95K3EAW70BB995O8VXS95DTEYYXLM9M54WVK31W8GVE37EA8EMS5',0,139050451,3170,646186341,1526423022,429496823),(3159526850,'R6T1','RS996G6NJP37MTQL',0,975979273,94,9,9,90),(3159526851,'3ZEHUD',NULL,0,NULL,NULL,537154812,1139,2958820859),(3738750035,'0TE973UBN8',NULL,1,1276825748,318231521,522415056,272212998,1113493221),(3738750036,'0D','W933ZYH2XXZQ178VWHY0P7JZCE04LFX0',1,803245255,3,1196597561,112194877,4101812334),(3738750037,'1FJMFL0XVY4KK1QOO710DI14327TH0O','QH8Q1N599PPT0A05323U',0,889051821,1047,1894040505,1027033858,1542989951),(3738750038,'P0WIRB8AK8L','57WFNLJWS',1,1348435651,1304233460,232632614,280,2958820860),(3738750039,'B6H55S6KISA33','X4FG9XSN6HR',1,1474510413,1959021031,1478115264,0,2454842211),(4168246761,'1','',0,1773102901,1747,52061597,830350383,3672315612),(4168246762,'MQQB3PR010SID2N30VHJ10JZ','SF37GX4',0,3479,669941148,NULL,1807582043,3672315610),(4168246763,'0G90X259YX9SDA5E7SP35','V43',1,7579,4061,179493256,1441310253,1113493222),(4168246764,'04F7W3EH4','D6779806WM',0,9478,2043454238,1519477434,1935188867,2958820861),(4294967295,'RSEYN2',NULL,1,NULL,1334958960,6487,891096987,1542989950);
/*!40000 ALTER TABLE `gatheringitemtemplates` ENABLE KEYS */;
UNLOCK TABLES;

--
-- Dumping data for table `gatheringitemtemplatetypes`
--

LOCK TABLES `gatheringitemtemplatetypes` WRITE;
/*!40000 ALTER TABLE `gatheringitemtemplatetypes` DISABLE KEYS */;
INSERT INTO `gatheringitemtemplatetypes` VALUES (21618549,'QCL029BL29',1965668636),(21618550,'639QN91I197EV8D8K10A4Z',0),(21618551,'6F',198445275),(21618552,'402OHP',598775543),(21618553,'8R81PUX',936603205),(21618554,'58Q1RU2BGQ1K005BI5',1198709596),(21618555,'28E41T0T8H28V780',1401535974),(21618556,'EO9CI8K3RH83GEPRQ6MOH8D02H6E99Q90066',1649001673),(451115280,'D9Y729H7B70U8B9IJVRQ62THH304XXWBWNQ87584B1264821',1921756763),(451115281,'MX16668',1295313281),(451115282,'2032EIV4R6VHU430N46HNWGOGI6GOH9V34543',66),(451115283,'XRX0I522J',2121344776),(451115284,'X7LM1',1835184113),(451115285,'O6',2102),(451115286,'788O',8),(1023013685,'M36T2279K6PJBO01447Q55D86BXN1',1742833768),(1023013686,'O9',355),(1023013687,'45M869U7U6',705973394),(1023013688,'T73M24315D3UT8R8E65ON395GC',1048179565),(1452510415,'9',673885246),(1452510416,'333P8O4T0U9EE8253406W',486673515),(1452510417,'P14CE5UO94908Y95',1162884587),(1452510418,'990026S54XTMK',1680305992),(1452510419,'842SIQ82PBW5',1619984994),(2070833359,'7H978',1969198527),(2070833360,'38J27N1J112Q1Z',640638386),(2500330090,'35N8V78',21),(2712324313,'M9ABJY1EN969KCEM62AVBPD9KW09WB3TJ2583T243RUYNF98MGX',103971435),(2712324314,'VV3OVU871W9FKPCV532A',1296845850),(3141821043,'3HV409KH58U47D6185TF02',43911873),(3141821044,'XM0NRFEOB9AB85W7N6ASZM6470ZDBSKAUX00F0568',865),(3141821045,'110ZPN397K6',446),(3621727706,'648Z',590444941),(3621727707,'J8H1GHQRCSUF5SDET3634433V461E0L4KQ6Z241GCAE69J7233N64U89A',447045079),(3621727708,'R15UZO92M976W313W0BCQPG43KZLM00BB8V2Q66H935O4OTEB6U3IA8846',490261587),(3621727709,'NXT5B2JZ26ARDI09K80979L95Z',503491921),(3621727710,'EO1C3AK18X0RQ8456H73L0X7Q',252),(3621727711,'ZGVL9MY7W5A961IZ911O67MGR03O7C0LBA0710Y2TN5L7QF',5649),(3621727712,'C7OLI04H8O6498N2FRAF215UJK203EK7592MI8L931HYAL4Z13936B99723G9779',6),(3621727713,'91F6386I5W6GGK6J306J986Z68V',494687907),(4051224431,'5720CE5',9),(4051224432,'O97C7QG007XNNR7F5R055I',143399862),(4051224433,'K6377HX7T29M',3896),(4051224434,'N7F594702J415992TWV2M8S2YGQASWE717Z8GN9O86259S4MFWW26WFB27X4B0FT',8),(4051224435,'VXNTREICM182368R',1317178684),(4051224436,'961TOJZ2ZMS',1962597108),(4051224437,'5Y9',4081),(4051224438,'E68T3',320),(4051224439,'8',1444722893),(4294967295,'IXM5F3CW98M91WV3QT8WM7N7F4E1E',834431775);
/*!40000 ALTER TABLE `gatheringitemtemplatetypes` ENABLE KEYS */;
UNLOCK TABLES;

--
-- Dumping data for table `gatheringpermissionassignments`
--

LOCK TABLES `gatheringpermissionassignments` WRITE;
/*!40000 ALTER TABLE `gatheringpermissionassignments` DISABLE KEYS */;
INSERT INTO `gatheringpermissionassignments` VALUES (3413928606,40,4294967295),(3413928607,41,1285790216),(790409077,42,4035378706),(360912348,43,429497007),(996540606,44,1285790218),(360912349,45,2758115370),(1783355808,429496771,3187612094),(1783355809,429496772,1823855173),(1783355810,429496773,2758115368),(790409079,429496774,3605881982),(3551915037,429496775,1715286949),(4294967295,907733354,2758115363),(3551915035,907733355,4035378705),(2212852540,907733356,4035378707),(3413928610,907733357,2253351905),(3981411762,907733358,3605881983),(790409076,1337230085,2758115366),(996540605,1337230086,1715286948),(790409078,1337230087,276),(1783355812,1337230088,3187612100),(2984431877,2121851077,1823855172),(360912346,2121851078,1285790217),(1426037336,2121851079,4035378708),(790409080,2121851080,278),(1426037334,2551347807,2253351902),(3413928608,2551347808,3187612097),(2212852541,2551347809,3187612099),(3413928611,2551347810,429497008),(360912343,2712357295,3187612093),(2984431876,2712357296,3187612095),(1426037335,2712357297,2758115367),(2984431879,2712357298,429497006),(2984431880,2712357299,1285790219),(360912344,3141854026,2758115364),(996540604,3141854027,1715286947),(3981411761,3141854028,3605881980),(2212852542,3141854029,1823855174),(2212852539,3705041675,1715286946),(3551915034,3705041676,2758115365),(3981411760,3705041677,2253351903),(360912347,3705041678,3605881981),(3551915036,3705041679,2758115369),(3981411763,3705041680,1823855175),(790409074,4134538400,1823855171),(790409075,4134538401,275),(360912345,4134538402,3187612096),(2984431878,4134538403,3187612098),(3413928609,4134538404,2253351904),(1783355811,4134538405,277),(996540603,4294967295,1285790215);
/*!40000 ALTER TABLE `gatheringpermissionassignments` ENABLE KEYS */;
UNLOCK TABLES;

--
-- Dumping data for table `gatherings`
--

LOCK TABLES `gatherings` WRITE;
/*!40000 ALTER TABLE `gatherings` DISABLE KEYS */;
INSERT INTO `gatherings` VALUES (10859353,'1976-10-18 11:26:35','1999-02-20 09:45:50'),(10859354,'2009-03-13 21:18:13','1970-01-01 00:00:05'),(10859355,'1987-10-26 14:18:30','1970-01-01 01:32:08'),(10859356,'2006-02-25 10:53:47','2018-12-03 03:14:17'),(10859357,'1970-01-01 00:00:38','1970-01-01 00:00:06'),(10859358,'1988-02-16 15:43:17','1988-07-04 17:21:30'),(10859359,'1987-05-19 18:49:04','1970-01-01 00:11:08'),(440356084,'1974-05-31 01:23:44','2006-02-15 06:02:03'),(440356085,'2002-04-02 11:34:52','1975-02-20 21:25:55'),(440356086,'1974-11-13 07:46:13','1970-01-01 00:01:03'),(440356087,'1970-01-01 00:00:31','1993-08-10 12:25:55'),(440356088,'1993-11-02 10:38:35','1978-09-03 07:18:33'),(440356089,'2006-07-03 19:41:49','1970-01-01 00:00:10'),(440356090,'2009-10-18 23:39:37','2004-01-30 21:38:18'),(956831132,'1970-01-01 00:01:13','1999-10-11 06:56:06'),(956831133,'1970-01-01 00:00:04','1970-01-01 00:00:03'),(956831134,'1988-11-25 15:21:18','1989-01-09 15:40:55'),(956831135,'1970-01-01 01:30:52','1970-01-01 01:56:36'),(1386327863,'1977-09-28 20:06:05','1970-01-01 00:01:35'),(1386327864,'2020-01-01 11:18:10','2014-11-19 23:16:56'),(1386327865,'2011-10-17 04:46:46','1970-01-01 00:15:42'),(1386327866,'2018-03-09 06:16:29','2008-10-11 20:00:18'),(1996384564,'2017-03-11 19:38:31','2016-11-03 08:34:20'),(1996384565,'1996-02-12 04:12:38','2004-03-22 04:24:57'),(1996384566,'1976-01-09 21:44:49','2000-09-13 03:49:15'),(1996384567,'1970-01-01 00:00:09','2006-07-01 08:11:43'),(1996384568,'1995-01-06 04:36:43','1989-09-01 17:55:35'),(1996384569,'2003-01-04 02:24:25','1975-03-31 07:05:27'),(2425881294,'1983-12-12 06:51:16','1970-01-01 00:00:04'),(2425881295,'2019-03-16 07:23:53','1981-04-07 19:13:17'),(2425881296,'2007-05-01 12:27:53','1970-01-01 00:45:29'),(2425881297,'2007-10-29 05:03:55','1970-01-01 00:00:08'),(2425881298,'1970-01-01 00:00:56','2001-08-30 08:00:09'),(2425881299,'1970-01-01 00:01:00','1989-06-14 16:13:45'),(2748347412,'1970-01-01 00:00:15','1994-01-13 03:11:06'),(2748347413,'1972-03-15 05:45:47','1970-01-01 00:00:05'),(2748347414,'1987-07-16 15:42:43','1986-09-17 00:31:38'),(2748347415,'2004-10-15 09:58:58','2003-02-06 06:41:26'),(3177844143,'1971-09-19 20:13:29','1970-01-01 00:00:06'),(3177844144,'1985-10-27 23:47:41','1970-01-01 00:02:03'),(3177844145,'1970-01-01 00:00:06','1979-08-22 20:24:13'),(3177844146,'1970-01-01 00:00:24','1970-01-01 00:28:43'),(3661912390,'2017-07-01 10:09:39','1996-11-27 00:44:28'),(3661912391,'1970-01-01 00:12:30','2006-03-24 11:07:06'),(3661912392,'1997-04-25 15:34:21','1970-01-01 00:15:04'),(3661912393,'1975-06-05 22:49:04','1970-01-01 00:00:09'),(4091409116,'1970-01-01 00:00:05','1970-01-01 00:00:13'),(4091409117,'1992-04-14 06:28:59','2008-10-12 21:11:50'),(4091409118,'1970-01-01 00:01:40','1970-01-01 00:27:31'),(4294967295,'2001-06-23 00:38:52','1992-09-27 04:50:20');
/*!40000 ALTER TABLE `gatherings` ENABLE KEYS */;
UNLOCK TABLES;

--
-- Dumping data for table `geolocators`
--

LOCK TABLES `geolocators` WRITE;
/*!40000 ALTER TABLE `geolocators` DISABLE KEYS */;
INSERT INTO `geolocators` VALUES (350153197,'I6N14J94E75L378SMH','UM5N22J0662KRKHJ2K','','M99688P29MV5C7MC24',1,1655609919),(350153198,'FZ1NQ9IVQJB3UVB3R2QUY87U196RI0ET7','8616HD8GMRK1','9C6V2','OL1T9NF',0,4194410960),(350153199,'K28P95P87VE57A2DDOLY62V0Q6','21W10VY24IVLUTXQ7MA2423X72H2KEUW574OBCKDQXUS8W0S4TSCRP281CDOD49A2523UMY5841YN6X91I1I1S9314R9A6GA3524T','4UN2838B024GQ096U47VAQBS7T884QOQ59M61320EJ9PAFET9G092FVV6JR0','',0,1226113185),(350153200,'5E4DEKY8O0VEO9R9T0Y5SQD8840YN6QZD32DPH04J00FW5Q9F0349280D027I308OAK9908KTS2OLCZLM9A44QSY1KGCEQK54R8A0','','WV7AI3V','LK9121BZS2B72233T',1,2310162810),(350153201,'64RA78Q423GEHIHPIG200D4I5M8S16EPN9Z15KS1660Q4HW8V3SPY4XDZ7K79K5464','P5','2MGM0K8N422K27WK3BTTZUTSTU','10CEXSZJO39595V37C6S051M2K691NSSH3I59V4VT300PDEG8CUB4LJU8R7B43Q33P998S',1,NULL),(350153202,'ZT56566ZON80W8M1N7MSREFY7YL8Q50D','','','BW650O5LPK9M15NCEK02QZ157K455RFJMM97680WWI4',1,NULL),(779649927,'6U6Q5Z236XD07U71','XY820','VQ4G5E3RHN4X8M45KEZ7F5V3OT582AZ53O7E8Q884GZWXVU9ILG2742087X007S21T42A1CJ9CA0RO2DJ6','423M21JAU6R658QFN4L4T696UN03Y286PR4Y6',0,2310162808),(779649928,'722X943674TXSEZZAOR615CK128FXXSJ2A41SD5P8E753815GW3OMNS9TR','SW9JGY7969405E6B0H0L29TI6101I850531646ABWFJ85QF0PT8X8G','GM19UOM3I07DPLFZ2V4M0GZNLA32I','N08LN4I45BCR7R2X254GO22WN2964H7445111R3G68TPF60CD9YQM423GF02KUY89YL3TVJ44SU444R62Z15ZWXOKP8',1,1655609919),(779649929,'98DOT91X21412CCBM441','TA7Q841WIJ','U6Q0I822UL93K','R09C4',0,NULL),(779649930,'P1J449','5LKH1K00TP0HG61N7L5MH23417Q','152SK28922W3VJUFZ1M1V','1K18720J5EM061551D6AT924Z1MNWZ',0,188767418),(779649931,'656LPML24G4M','82P9FF5F637','693LDG9CBAQ5','81',0,1226113184),(779649932,'0M6R90E6PE575298G8B9480O1H8G8UGH2W23A8P8KJ14T22AT05OV53RE80E8ZI42ZDWZ6409S','93LDSS6F2','4','F8M71WXH74BW',1,2310162807),(779649933,'X55474','HOPFK','I60M1HF1KLZAB0GB3','508MC00M773HODF87FY68UI8VS2J10865IT1U9XB2T3772EI098',0,NULL),(930358502,'N45U05J06B626K0R26C','R6083WI6KKBL3916RT02S64UX1E1H6','NYZB38Y','GB197L70X5CZL6SC95M92ZRP95TIY48AM9PJ8UMP4',0,3764914235),(930358503,'FCRUY6L','9RY','F50N2C54XEF7312HNPIPC4SRNIK39','8V465U8RRC9IEAUS89K34QY3677J8N',0,1880666077),(930358504,'5O35J3J5C2FXJ0','E0HK649752DXJ12S060CSIXY0UC237D512G6PZZGHT705H1I414L7YV1A795218825C180GZC02','2YA805Y9NH433KTHY37H0065VT9ZU625B5OV91R86J','W55V99193O95BIALG414DGIYBE6N',1,3764914233),(930358505,'S','YC720J2VQ42K0G0IS4JW41HIS7A6108PWK57U19IUEC6O6TY0HU0ZHSK8','JYA6I30M2N','S93Y24S3NH68B58',1,1226113188),(930358506,'YOIBMFY3PJG7I8SQC319E06TW12GTMMBO0D1MX3FET','0451I9374VP5ODBF15D2KTY26','D0597H2MXZ1BUVK3806BTE84AQ3GBO9ZV280P60QV72A30E88M2HPQD0B6UIDX553T3WM885Y0LH06R1781NAOA5AV7C9L440ZNZ6E','6G0J',0,1880666077),(1359855232,'8662109AX09S6DYBD2','VA88','','1BIFJARLK1C1060OD730VW1WJ5VQ239',1,1655609914),(1359855233,'PWO08S2801RSU6K','QAJDC9JJF28','CM05195CK139','JAD93864U70H0UDL4RT6JGWG503W60142519A28Q',1,618264150),(1359855234,'086OC1ZQ7R8D5J2QF6X00SYG795MM20YX5LYV6951338Q6F56600HN0X1L791J0GJS43OOLG35948V71ECM7NNC9GI264ONIA342V6N5R84G9651GGDJN3V8WMJ0EPJI6H847GO7RE2KN0P0L97UBU0L0M00PC80D5Q24XN5748L1642X645025A6KA6O7JZ6','G51D4JVUJ71YW8888S6S73E45IWZ3Q43V5425K374HNA','9576S','N',0,1880666075),(1359855235,'8MC4W560D640P8WNU83603522SEC5EL3P24OSQI0J1MV10A6Z0892857IQ68S7L','5V0I4I','DGGA5VP641751VVO6','J238ZSD92DN6301R5RS741NPR413XV3',0,618264151),(1359855236,'93CE88V3156Q7XFXRU1C','50Y','8','224H99BBXW7EU3X997P02',0,2701803393),(2138403749,'XG8AWH53N57MK6E692Z28D4SO','W9OXT9O59FP3V0OWYPQVFR2EVA2','G6I54RF7CS2S12679','1T1',0,1655609915),(2138403750,'9QBTYU25V2008Y6Q5G110Z6N67U1UQ7S5O','G04NT0D8H8B493HM2W1T5RZS','71ZB284UD6C','9W6R1SFUJ74H1J15YVMM',1,2310162808),(2138403751,'MCN','34N5OU0HW21F','','I5',1,2701803394),(2567900479,'821MBVW604HOCBPP35U6X42VO7W8TB2VV231XCHFY89983B1K65S6','1R3JKZ3982L','6685C2805B9P4LL7D0LSL9V53T0PCZFNG38H1M0MB','8AMFBE8QVGE465XXRSVH3WRK7G69GO7',1,1226113187),(2567900480,'Q2LXA869RWNQRFS09AB','PJ3O','5FT29Y80B2U89F98J9H6I2G597106IT668RH','629H76307M',0,4194410957),(2567900481,'AMI6T504362K76494ZOGVQJJU6S6D6EH','I0K8SP00O4A71I1','4QPNZ24A075OZVN0T1O2U3RI1UJBXIBM3B5EO4ZFPSKE4C03OH3W','6',0,1880666077),(2567900482,'49TRG6P','KM246XXJ64AUG3Z1FCR0562CW45831','73Z','6',1,4194410957),(2590957750,'3T1XX9D98HPJ592LLV54665Z','10E7VG3M1W427W4HBT1P41M2Q5S','U86PXP920RP96F0T87IX6N85HR45W2B5TK4G8','Y2I641V7CHP793249509C',0,4194410958),(2590957751,'USIWH3Z6BN1RZ0C81QOQ617LA74CHI96P972F98D98U2B00JN37E04991YFN5U6OY705072U3422696S6I0800W2F95WN5HLE2ON5ZP1Y6A535PQSHV6J2Y5AV5507C6P4O3JB2P8N25S8A8VPH94QW0O7S3RUN970U9CDHF8D4N8RNFEKKZ3D2LKN8D61WBU3G56392E','VN3N161','46N1MA2564BE64M36NQ0GQ7PAAV2J0EQ79WH946D8A2WWGHU7KSHNC528FRCWZ2054D0VP8UV4F7M278PA388N57RFW0MNLOD41U73M37F0FX3R55C5J4DH67240V99UOOS7I50I05415','JG92325Q3B2N215S60LCAIS4E3',1,1226113188),(2590957752,'Q0X8696JOXJHQ6ENFMVCO4HA1B1HJ65R0U5GETTCS8E60RJ77099GXJ47190QQL22L6T4VYDK8Y9V176NX','','','B9',1,1226113183),(3020454480,'W22608224J7T84MXFI078PW9B3F91','Q3FJK58F64NK2X093LUD3P8857VD0NX756E1','758Q6L','6',0,2310162810),(3020454481,'1A8KXPH','8000','8Y7GIME0GH9J06','3I5T',0,NULL),(3020454482,'UM925Y5NFH06B8T95BZE','128QVZ2T674UJBQ8Y9N7RJ2T7RV5P05387216J3618','CJXKGW66965845Z37337EA77FE5ITAL','',1,1226113189),(3020454483,'0EC2982E','','51S8NWFVCGOU3G02UPJH','5PEOBYOEBF5UPF29',1,2310162809),(3592066920,'1PANGIP8X1Z3YWY4M3Z41IC74A75OES7VP90OEN428JE9QHS71CEU415YBKM86HJUTO691UMA7154UE1D','1159BZZL6G','CP11T90EN298M1316YR879LPTR69Z85Q3F43C1N0S6LO6ZD7PCD03S43YX0YS4N78005D10QX83O0J0A55XA1935DM0SP','O83466D31EG838M36Q21N5F9141I0UGV75091F6OXH80HDJ90VB1BC116X7CI89DY3E3SMWX',0,1880666080),(3592066921,'9RWVI6H6VUB99R3948HG9RX6852UHP1G17W','R81F4191H48FTN40XX6GKB2Q9NQZX616F580C60C3Q0RO2','0L24G816WW5U2DP4HKRJ','772E1DM3P036X51',0,4194410958),(3592066922,'0TK2FS8FNY02M363P4XK7752T79ZHI208M2M140WN35J01MO4U5','Y','','9A054342P1AV8YMO1131VRE03H4M4X474JI3I6RMH12E302NYXC750YIFT2AK80440M8U24U7V861',1,2310162808),(3592066923,'8MB9CZ92660YF4I8D991350D62SE3VGSMX269V7W032','QPA2D8IZ57F','35AE9B72TZZD2','B',1,1655609914),(3592066924,'6Y6','635IDP3OTCOT0LSA','EP680L8BF378216L1X7856ZB','H92E5O8MJG6AJND88Q7Y872H838FC',1,2310162809),(3592066925,'E9J8EB95I6314BBCTO','LBBB1X','W93HJAXXD7Q210LZW8K94716523K124LR00','4X',0,3764914232),(4021563645,'QDRX82DS89S0308A365WYF7X0W63YN3QUK','LIRO25N3Z2CBZ22O459GC27YC35F70UUB6QMB26BYN3G9R461N1','FU7Q7844M55F9A21900HW0Q871M610RZXZ3QXR5NP6RHGL90RQM0AHP29B769Z904','F96ATPUYO39D9NQV7L0973CSWZ402M6LJ4QDQKW297354BHRUS52LV4CEQ6BOT0T3',0,3764914234),(4021563646,'TP1A16KR9529V69K853S8I2381H1JX3S','7A3RK','8L25IN55H348Z3P3AAJ5U9RKKG19J010PW09J7ZF165ATMG4','P',1,1880666079),(4021563647,'665AFH4TG8P909N7IAW18G','9K266D8U0U2XFBH20338','PGN505TE946S0','X6',1,2701803394),(4021563648,'88CWV0CHV3E9LUK70PN05300R17N6BEPYJ079QB3','V0Z1Q7B4WV76E9CJ5','6CI51LSS07Z41B25D37BUF01RFFB39U35','CQXG7B19RM4O8NU9G51H82H6RYJ23',1,618264151),(4021563649,'E1Q23KU5XT6Z5CROG2','YA5X3Q','9760U1WWC5W6I08T917N2571517ULS9','0947L7GN29I2X',1,1226113184),(4021563650,'YTSZ7I1PK6T95D6V','C8','2Q0EE2U364G2VOI69PZ8XMC2O','0PP02BS92T46ELXRAI931Q46Z44U5CKF87772BQ2IA34OZ8K9827',1,2310162809),(4294967295,'5533GO0DKX','J74YRHCOW2R81MNZ9R6JR87A2TGP6357W940GR1UE2088N6LLC','SR521TESRQJN7KMEB13LN3H7TX5959EY61P6','86LP83V4S18F5R36EAU9VNM03TZK8L20J1W',1,3131300124);
/*!40000 ALTER TABLE `geolocators` ENABLE KEYS */;
UNLOCK TABLES;

--
-- Dumping data for table `groups`
--

LOCK TABLES `groups` WRITE;
/*!40000 ALTER TABLE `groups` DISABLE KEYS */;
INSERT INTO `groups` VALUES (169747318,'N05M27LG3Y6K89EK5WU9','T84GKRV22FB9CJ2ZV5',1,NULL,'2017-11-18 17:00:00',762154213,'5IRV5O9P41',0,1409,'O1AUB95L52EE7ZJ74',-207404031,1,0,1,0,'XWD907NNL9897QY9KC2GS2F8K9SK3Y',553787052),(169747319,'3157I048C2EE49PA2I7GNWGBDZ6L9IO4H3M1S','9T1JW',1,'HR','2007-11-26 23:34:08',281269757,NULL,1,762,'',-248,0,1,0,0,'O8580XF7QY1G',8),(169747320,'6KLU06CC6DGP2N8HP95S7S9938PHQ914KI68U886H4C5J47877B43TOF7R73LPKMG3K4421YY44U17','5V984ME9D1H566X53036VM30D33OC',0,'0','1973-05-12 05:05:32',1193561992,'XAU8',0,1491313097,'D50TL7S959DCP857K5SJA4VO4AU8HR5151TETJWL0S5BE4T1B',-1989910604,1,1,0,0,'',1737860027),(169747321,'55264','2NWSZ',1,NULL,'1971-08-01 16:37:36',1237899439,'87B389L4R',1,197609347,'PT09384BYN58284EXWE2NPUJ78WR5D6U7ID5PMY',-39,1,1,1,1,'0Z01ZA',2019053710),(169747322,'5ASCLNLPWWP44OX932HK2S85UNPBE5FW7N3Y2R0CJ8IS4SA605QD25UHT7O7KQ68','5F',0,'AR31546','2011-05-21 10:26:12',1823523830,NULL,1,1062158371,'JBF0IV121ZK',-1492757797,0,0,1,0,'0I9FPY46KH4SB961C9E2D604LGT2R7O658J6WH4135I0K68UD769Z640O82',930602252),(599244049,'53N15','0O16J33GRWTSRKMXV48LP183UMMY0I1L952Y4H2NB7T92R6J7P',1,'EDU48SBI93MK','1981-04-24 21:23:05',91,'',0,1581037741,NULL,2,0,1,1,0,'23P38410XHYW08H9V0GM0X0XIPWO72QH11S73L9B2KKK3243A9GB5721CAVG49H82C77JW258NN7L3FJT30R4298S69FLF761XAW46257LB56592',2015137439),(599244050,'','6EFH00PTD07JKNLEQ6XG00AZZYEM8270Q63K28989G46L9EVO4321R791A31Y7Y1N574X6X8I8136U2Y69V54KLYM2075F7S98H4JTR9X3444B0Y0OL87391S6M1UJ5IJ',0,'Y4',NULL,537295365,'9W',0,1,'',-787631233,1,0,1,1,NULL,1846),(599244051,'4SE362QX89F57F5ZM985FO7DJ48Y4BOI9412DVGY4I32TER76BZZ7K8PG037WFPZ2EPV11KW7PW1Z80','49B0Q2XL6401H8X6H',1,'4','2007-09-14 06:59:24',791378964,NULL,0,1030433841,'GZC2D786NL2',-1047741574,0,1,0,1,'',409207778),(599244052,'YDI839YQPC12182H8PS5U','N8PXEK8TEPBKN9QD8755T2WH3WI663X',0,'','2001-11-30 22:37:48',943355323,'6FE8N6ZE95F2',0,844203344,'1US2E2E6MROA90O25V868I',-5,1,1,1,0,'45R33ANH584',1303063114),(877412245,'','Z6312',1,'',NULL,1717029213,'4',1,5802,'7K567XXK8KVDCYJPA6PCB89S4ZF18C7FW86FW43JB08Y2W744FE3955B3BX735T2',-2107025939,0,0,1,0,'EID',775204927),(877412246,'','07N8W',0,'13',NULL,1875675360,'B8',1,1740747471,'0E4XX52OK125OS8GWAXQ408DA1RK1Q96GY0',-3235,1,0,0,0,NULL,7),(877412247,'V71','1WC38063',0,NULL,'1997-12-22 16:35:01',1708745678,NULL,0,1756353566,'LCDV7865A7R5ULC0J6Y9RBJ8CO9G',37,1,0,0,1,'',354265934),(877412248,'1W99W29UR0565I','RI49E967U7Z7OFHQ5A37R8F7Y4ATBYJ89FM',1,'5','1970-01-01 00:09:18',932409070,'',0,846160580,'547DI7UI903AAOI',-500607352,1,0,1,0,NULL,1680971635),(1306908976,'R24L0DMBV23Y6','848DS6464L98H18N605ZQI35359D',1,'J','1970-01-01 00:04:00',2038444879,'I',1,716331226,'IB1WM',-858,1,1,1,1,'',153066537),(1306908977,'C21QE2524FQ3I61FIFE436PNR3MK430YW112P6W07QT87H41FF3MRPE1I8I0UVC689E22CUE4Q6I0OEPJV','63U3MNV6S7L54U614EW042ELV02DR6F6S3YHU3T2Y',1,'5','1977-10-08 13:04:25',7983,'5',0,443298262,'XTZKJ4GDBMF8AATBH173CIJ2ZH2996G8K1P626PMW8ZH580FT9AY1OT26',-852880501,0,1,0,1,'BX9Q37G',1317394164),(1306908978,'B6A6','UI5J5WRR1BZ0GBXVF57F2NZOZIUKVV602XG68RAG6G82J427TD8PRH2G6Y6OX1',0,NULL,'1975-03-27 03:11:33',311717928,'J6B',0,0,NULL,-1141278863,1,1,0,0,'7',372460862),(1306908979,'YBNNTBX7','SK0A22XJJ4H8NB4U3L3JXD1F67QZXUOP9G',1,NULL,'2019-12-13 18:26:09',371942397,'3',1,70,'',-1922315506,1,1,0,0,NULL,766235341),(1992945779,'189','714N3B1343H',1,NULL,'1983-04-27 08:51:49',2041283629,NULL,1,793040339,'',-473960693,1,1,0,0,'',1318391478),(1992945780,'A9R6910SV3A9DR3HCGU3V04M4YE0I62HL5LJ69R4039AM0IQJ7','32EK455814',0,'661G','1970-01-01 00:09:00',2,'EQH14DF0A',1,6727,'LF0G6CV679I8578E1MPE1C8Z9J1Z6TZ8GY2A5OCSH2B9297G9YW',-367462561,0,1,1,0,'TNAD6YNKML',9),(1992945781,'20792M808OH38OE045393Z52GXC52','1MD4FWDZPXN3ZCD337F088',0,'5AO877U4','1987-09-30 05:30:26',6854,'GU',1,40821121,'2EBHGM4I9KX',-1049196864,1,0,0,1,'72IBKN',292901626),(1992945782,'Z6N75UWO6SMK4L6789M16T07DRB65D604ZF93XV62L4N6Q63MNB9D70IKIYMI2Z3X481SW881E6ZJKL0BC8G0Z9','84',1,'','1970-01-01 00:00:04',637232707,'7XV',0,8827,'NZBB4800WUK3TF91TZLR',-228980202,0,1,1,1,NULL,1685796792),(2422442509,'910QF9IP46LZ43WN62FF87I0LL74O6K5','VSU390405T6OIE9QG5CEPOD7ZS196K9034R245CK7455B',0,'6S','1970-01-01 00:00:03',1749027859,'B',1,1951710460,NULL,-964117632,0,1,0,1,NULL,829829548),(2422442510,'','AWV50WF5O94R',0,'W',NULL,171,'MU',0,46,'',-641481088,1,0,1,0,'EN',1828604497),(2422442511,'667UP1','1AEICX6832HC5UDJGREY4K2372HB',0,'D','1970-01-01 01:55:57',316016533,'D5D8D59GU',0,674851996,'N881SF6',-137670880,1,0,0,1,'8BW12PTR9YM97CIU6BG92507451552KN2Z3771HQ9IL7RO5EH15NFQEUHZD83R',2113362796),(2422442512,'73080YJZ37R68','OV0MW38K03G57099',1,'DYQ','1972-12-25 17:40:10',1412325383,'',1,1881936341,'XW9CJ633MY6XJ6GN66QQVU',-1321517832,0,1,1,0,'26009D76M',1244886220),(2422442513,'IGO6031F','8YJ',0,'R7112','1970-01-01 01:12:55',2005552117,'77DCJG',0,2030766741,NULL,-591784064,0,0,1,1,NULL,53309650),(2705675161,'PN0','7L0IAWZ9O2E9DABQOKF2465K18251TBVVUIDM7C9D9O92L9O4EI4603TO6XR267XMX7SS8R6C17Q44OR3JODJU95M2X791QY34X45CRM273503421RJVYL561S7KN7CLL9E170DF54Z3Q90PYRBL2R63E3D',0,'117','1984-03-24 15:49:24',1498375704,'',0,1328254818,'7BARCJFBD574K1T448A73G329OTBIMUYPCASDXN487M0449RX0FGOJO7ALLF',-8,0,1,1,1,'3Y134I71CQN',20),(2705675162,'VG81MTA1C56IG8A04B841TG250Q250F08','0274GG998A980YO3TJ3UI2XT35H69PE3PIK6XRKB8QWO483455N254ZM16T3K2AIJX40',1,'0','1970-01-01 02:23:02',1138303794,'3P3J0',1,1311937275,'3',-965623243,1,1,0,0,'M1LD9222UFM',1262690226),(2705675163,'2W4E10664Y62530QPP0CEX8YB99UXZ6BIP9GQSU0PZFK5V7PC2STJWS352795Z38QYKU23XJR84R5ED','K4IC0P5AK93N7ZP3K62E5BT5O670EZQ621K',0,'X7V3GDYQS69C','1970-01-01 00:53:56',1892760774,'0067FN8M',0,1258509505,'K0806H796J9EM231797XQ5MT3P04E5MR5G5039LU11R59EY86E4MUR9DS608KQ72I64LT0TC4MNDW4N1HJG3C',-1884653611,1,1,1,1,'Z596ZJ004B7C902X9GK0C15',1546759599),(2705675164,'P5J7337G97K','491MZ1L80B038D50A0A2CCFNH8BNOW95CC',1,'612','1975-01-17 02:59:47',10,'',0,1274169995,'1AMPR',-437,1,1,0,1,'W4T365ZN429TC4U360A9JX4ZWMX9X3Q86P387B4MS4X09YZ178598WV52A79B60DLU',1046499535),(2705675165,'91A0U667YQG945FH8723RDC82F1H1O','7V7',0,'','1980-09-20 11:29:48',1538264093,'',0,2010395492,'UJZ0T0Y422T3MSWHD2304VOQ9YYK7539MWZ59DOS5AQHQ51F5EO069T52',-601825927,0,0,0,0,'VA9Q09',88),(3135171891,'S7W0PSZLCRC6338K','809Z749JP3L03SSR1238Y1U4X9I01X6V673L9MWK6Z0C',0,'6A','2007-08-11 00:04:13',117606705,NULL,0,1288418592,NULL,-2088010155,1,1,0,1,'QC9N6PT6APCM816N58F56',233873129),(3135171892,'B0Z33J868NU1TM200NWW1VQN7U89N3482829TI2224B79IPH4VN0E53C5R89Y178','8K0V0S01O3TY6V40CG39KA4RW9W95',0,'F5VD9Y','1970-01-01 12:40:21',593,'',1,1421562543,'7AV5Q1SBE2B1XDXV41VW2A76CL3386J424R0K1L5A7ERUJCP0O3A41EO0H087T',-2,0,1,1,0,'',824),(3135171893,'0099S0R6Y59FDU44W79F1T8PZK5I8AQ28R','3L761L67S74NMH6Q5D2D0XWD61W93OOP98UD10FWC64998A9FZN0929RTH8JIG1WB3E0BAQCP5088268M897',1,'0','2012-09-29 09:59:10',24,'',0,313743948,'81223O85DX9P43TNJ28892SS2AJJ583L6P1K8O08884N01VY2GF8Q28471MU04H16S',-776779213,0,1,1,0,'A7PMD58605RJENV3B7',240684536),(3135171894,'N4IQ576F34AC62O6W577800K8FGQ1523YTALAE48FL3I0787SF79W20HP1997IS913E200A30S5','BNH3',1,'69GC942I967X','2009-07-23 07:08:52',48,NULL,1,103144650,'05O8AJ40E955O28FH48',-1921868491,1,0,0,1,'',1308980721),(3135171895,'558VM45SBOUPS15P4DDM243EQ2NL593D2H84','',0,NULL,'1970-01-01 00:06:36',662481600,'5L3',1,152,'J6UK2',-1057928897,1,0,1,0,'KXIED97KPS9U08I661697',357567481),(3135171896,'RYY316FT0D165P8X5R1YMWOEJV2K5BGXS4632P7W0W87GPX25H5LIT5JE7LH4YN428CW7RJ9YIVI84440JQ6K9532K','Q11G5RY1155281LLZQI0G25BNYJU7ELB2AQ9X3TFX7F9BSB034M53O45I17FSC3MT49X3Z7Z7',1,'F','1976-05-30 22:34:51',4569894,'',1,1168515140,'2UA91S0433F9T5U5MW0VE44P1SIF6UN455292412V60FF5T74O2X',-4,1,1,0,0,'JJMYRFNQ5B52X0S2EC1Q8H0A89E6FKZZ1049221',3906),(3452376798,'0I76SWCY8MD8','Z87I8BZ08B9ELX667VH9',1,'LAWY','1975-03-26 21:21:23',1078075004,'',0,1198516044,'N95C7TG61',-1188802914,0,1,1,0,'AR7L130OFSY8D791R772B',314042850),(3452376799,'P02725AP57Z7X2KG47F43JOZ08119L238KDG202B6TW99F731DL0Z6331AK22S6M024L31MHK19J429I827X1I9QE465CH2MXM28F3D38874BPHU4GB7Z70G03W3F802','58Q2Y5A7BY22GTEC46236FS9393GGBIF8DBG0E7C62P7',1,'0DSKBZTDA63','1970-01-01 00:00:43',20,NULL,0,1795290514,'14U39872X6V73MY7PI',-1795292614,1,1,0,1,NULL,2064612487),(3452376800,'','20ON7HKA',1,'D51T2',NULL,2934,'',1,728835368,'2Y9J0K31YQ7BU',-1260394373,0,0,1,1,'38TL67O',483),(3452376801,'AL70','',0,'9','1984-01-20 08:18:54',41471622,'EJ',0,963007235,'40M27MA20536Y0V8B0B0TBZ75T9E50Y2Z9X3Z6',-1835372806,1,1,1,1,NULL,1359214119),(3452376802,'F248','9682FOPL',1,'8DG7','1970-01-01 01:54:53',167559216,'',1,1522181699,'9K1AJ8J7Y1PXB6DCARY9OQ3OKUX',-1479090876,0,0,0,0,'1LB58H',165698758),(3452376803,'8X3320Y8V3','Q56VKH219MQP4E8C8K0P62F3F7046',0,NULL,'2005-05-12 15:51:28',804,'Y',0,949248263,'TUA18I07JDP7FN8T5349VN2',-1964866341,1,1,1,1,'6FP28836D012TJ03QRQ30K4WAMGMS6SZI3SZ',46),(3881873523,'BWXGXY81979P413L2K9','73838K4L6D95D074',1,NULL,'1970-01-01 00:14:55',1056171591,NULL,1,1030698335,'CGZ',-695,0,1,1,0,'JF5B62NR942T5MI74D9LWW4JDJ2ROMB78M34U62907106N0Y4AK',2082068562),(3881873524,'CJTZL69Y2HTTTGJLXA6NV6QG36N04WHB81V2A3055OQ0NMZ0NKDXD2A2W634WN0860609R1KSU599E483T3TVX17YTTS157U8B15','LRF1208TK3O06E03G81XUL78OQ1A',0,'','2002-02-24 22:08:29',2476,NULL,1,55,NULL,4239,0,1,0,1,NULL,9),(3881873525,'9P3Q2H0EX5P97OFE3Y289T8GN9653','5L',1,'19','1970-01-01 00:41:23',1954980142,NULL,0,535,'LN8K0G11ZB56LX',-1286719483,0,1,0,1,'BX21E0T8YB201KAIMYG4DR2E3408X07GD4X1Q5S9D1QK37LD68Q22437YT3ZJ',177435820),(3881873526,'','O2R2CRS1TBYY',1,'596',NULL,859651970,'9',1,1355245936,NULL,-689,1,0,0,0,'UY8O97OWNBH0M9ZO3MTKV19MSI',1292807095),(3881873527,'JLRBN5M7E7FS4D71T5YVE49444PT0D9MWV','631HPG9F8',1,'7A1','1998-11-25 15:10:33',1290449610,NULL,0,7,'VO82PF6',-1507299244,1,0,0,1,NULL,877331658),(3881873528,'L4E05WIZA2RS95A2O763QWE0Y12MSLD6VF9K2V1JDZ0Y5E07G2K452C2HUU66J2P49XT','L4N9MZ1GI3U83L17M0OU6D5U9',0,'Q8RB','2015-05-08 12:31:40',691,'87ZV',1,1546007216,'4741D5U0M',-1470201797,0,1,0,0,'T4X19KQ1K34OW',1424290101),(4294967295,'FMS8SNNM5R290UF0575P6X3V1681HA2BDHP13','F42J1737J94DV021OBIH730842RMVV8Z',1,'','2001-08-28 17:18:36',842890764,NULL,0,1749704112,'',-5,1,0,1,0,'P9J',7);
/*!40000 ALTER TABLE `groups` ENABLE KEYS */;
UNLOCK TABLES;

--
-- Dumping data for table `groupsetgroups`
--

LOCK TABLES `groupsetgroups` WRITE;
/*!40000 ALTER TABLE `groupsetgroups` DISABLE KEYS */;
INSERT INTO `groupsetgroups` VALUES (1476064262,5),(3604932447,6),(1815376494,7),(638,8),(641,9),(2923475606,429496736),(3352972338,429496737),(2244873225,429496738),(1046567533,429496739),(1476064264,429496740),(2923475607,995127662),(4034429174,995127663),(2244873228,995127664),(2244873230,995127665),(636,1424624392),(4034429173,1424624393),(429497370,1424624394),(2923475609,1424624395),(2923475610,1424624396),(429497368,1946876879),(429497367,2376373609),(429497369,2376373610),(3352972336,2969233673),(637,2969233674),(1476064263,2969233675),(1815376496,2969233676),(2923475608,2969233677),(4034429175,2969233678),(3352972340,2969233679),(2923475605,3398730403),(4034429172,3398730404),(3604932448,3398730405),(1815376495,3398730406),(3604932449,3398730407),(2244873227,3398730408),(3352972339,3398730409),(1046567531,3505739972),(3352972337,3505739973),(2244873226,3505739974),(640,3505739975),(1815376498,3505739976),(2244873229,3505739977),(4294967295,3935236697),(2244873224,3935236698),(1046567532,3935236699),(639,3935236700),(1815376497,3935236701),(429497371,3935236702),(1815376499,3935236703),(3604932446,4294967295);
/*!40000 ALTER TABLE `groupsetgroups` ENABLE KEYS */;
UNLOCK TABLES;

--
-- Dumping data for table `groupsets`
--

LOCK TABLES `groupsets` WRITE;
/*!40000 ALTER TABLE `groupsets` DISABLE KEYS */;
INSERT INTO `groupsets` VALUES (238432352,'H3Z1Y7BGG2400233IA9042HST43W399DIYCQW5Q4693Q2606R65I2R5306UZN',0),(238432353,'O9CBX3U26R7U1CUI895ILMW6P6LI41J6928S2XYLR25URY5MDB499',297456588),(238432354,'',827698898),(238432355,'HOPUYIA8B4I195AP19',800504285),(238432356,NULL,775),(667929083,'J619',2461),(667929084,'82X6VK7H2F6Z9A52XDR9EC7E63M0M5T5G7',976818694),(667929085,'41R720I',1368222507),(667929086,NULL,2066349376),(667929087,'S5U767JU9JU8UO0ULHNM8443MW212',810656261),(1201017453,'',864792181),(1201017454,'8L3O886495PDINB',1594522386),(1201017455,NULL,1956001196),(1201017456,'934HIXJF48VQP201NUS5H236GH57657722YMIVLF6SW5IMO146T39UFMU1',4),(1630514183,NULL,688401727),(1630514184,NULL,1),(1630514185,NULL,304888620),(1630514186,NULL,796252248),(2131525739,'E1FWQAX1771XTOC947P67KJY436J27FMD3K6Z5QS16DLOWHKTJ1ONT1',1669549015),(2131525740,'5YVO4AM4L',31395121),(2131525741,'KI6C4RC52E1JTNAAN1B4M',2107888976),(2561022469,'03GFM100K85MO49W1U25ODE84ZWPW6JUV',117971081),(2561022470,'4WV734DMU',104863810),(2561022471,'I1DMYG3650P1FG846B6',1358903257),(2935110522,'0DO08SF6V44QK938OQ6YJ6A040UV40983O9J3897EKT03R4UAJ27HZI0387237U2Z3RI',3),(2935110523,'',1167),(2935110524,'CWA4UE1H645TI9NJ9X7OA4N46N5M5846232U1N5I2362RR2445V51CSZ4Y2Y2H6H6PIFMOZ9',281433691),(2935110525,'CT',3411),(2935110526,'63U700KCB68W4GF2834N5FU949I1YX80890MY',119518635),(2935110527,'4DR9NDP',2),(2935110528,'',5088),(3364607252,'',1346572142),(3364607253,NULL,1334088345),(3364607254,'725Q33V48N8TPUR077Z5M34XKS5WZX0Q34O4JXZ6EZV695EC55K4BPZJE4Z58I6X772MON1018C991WBO0BYXFU8C1MMEL6WBIRVVJ3FM6P2Y862862',403687753),(3364607255,'',1622193532),(3364607256,'RHQ6GXQR7VRM8763865A7CS',861796493),(3364607257,NULL,1069657960),(3364607258,'JB12QEL5X34DD074X7H0AU940D78U5V0MQ9',42),(3364607259,NULL,31),(3602526059,'83B',667116004),(3602526060,'',93),(3602526061,NULL,643),(3602526062,'',1382118685),(3602526063,'1MIRJ484021002',436489427),(4032022784,'BZWZ6YXXZ054D5I7V97S19J9ZMWD657729KOC820I67WV9A',1979355309),(4032022785,'J0W0FY9013P1Q',1961058921),(4032022786,'41XV09YUUT3D3QW7U71BT11BY2V04500606U88GR376EL4WV',1588971776),(4032022787,'7PGLJD0T3XV51RA92FB0937LKDA7509ZUZ12WC9JV26F',55),(4032022788,'XY7GA',61),(4294967295,'P86AA8PH73985183J4',2076169216);
/*!40000 ALTER TABLE `groupsets` ENABLE KEYS */;
UNLOCK TABLES;

--
-- Dumping data for table `jobs`
--

LOCK TABLES `jobs` WRITE;
/*!40000 ALTER TABLE `jobs` DISABLE KEYS */;
INSERT INTO `jobs` VALUES (148229416,'MBNY18TKMR77','W7W54R9E5TY5K8MB4MQEY1XI0MVP7E7LE7G3041PTUEU2','1989-04-15 02:02:41','1990-06-03 07:07:32',633364266,'',27373,'','527HUSO5',-8406,832,'IQ0BMJNAE118BH6B2KQ420ZVTV9L6GLNK6FBE92M29KR2FV760S704UAKS3A5CGWFO994595F90',-1506678035),(148229417,'ACE76M050B9LZKE00','LB','2007-09-13 00:36:32','1988-02-19 16:01:10',1643460321,'W683N11D3CP05H7NDON8M970T3BW3',-23483,'3J6E0','V6G88R5E5FHLS0K18A21DZ06SPFW0D717SPONFID1616237PC0I52EY4506XRTPRPRLT9HTA776X4Y13K6F9300TFR47T6K41VQ31245HH03WR1B',-18719,-3,'',-1254874043),(148229418,'A33IZV45T1U30EH81J','7IUNRAO7R4N458X4HQPNB71I846506HX3BM3TE58IRYS59VD6DXA','1970-01-01 00:00:10','2007-07-07 12:08:38',482251790,'',9,'73YY','0TBI00VAM46V13LVQJX8208Q3A6W0WVW542S1AK1HY6IG6VOY21U425CJ90QW4Z4R78',5134,-21256,'FC993N6EN1E309ACM2JK51JPC2O3M13H0S42Q6NR40I808BFXWRZ3D48254KSN4YE53QQQ',9),(148229419,'B','6FF71SGHL83PP','1970-01-01 00:22:53','2008-03-10 08:20:24',566004787,'WX3308ZOBMSM080571A51744HXI5MJ1KUXT81SFR6J7516A34',-1372,'NYRN773U6IUQ97','26JS8H41S5FG3KC6X4E555K96A570KHD846',3123,-993,'0XGS8WMAIQ98890Z010SY5OJ5A39AF3O49K303P81VB11R462WPBK6868D9280O',-1372),(148229420,'AQ46J3437143EZ6J6HVCHRGY4','S2RM0CN0D9Z84638RJ58MC0365VYVQT02700IL8X6MPOXV70M9BXQ95RY8LOZ615S3LJ8TN4M9XEC','1972-12-01 18:05:28','2006-05-04 06:41:59',1689423979,'Q2512F3',6830,'R','VYOEHLV6H843ECK153X31O0P4044Z2QE30H148HXCARY9',4203,-5517,'',-1766614354),(148229421,'EW1W956779776S3BG94D40QM731COCQ5Y2XZNT70221ZJ1S22QU3077CQC4O2X965I1E9L219','5F5OV','1970-01-01 00:00:08','2014-11-05 20:08:27',1941652996,'X801644WA0730E39Q970C92X62MDQ865FW87XU7999WKAW9DUZHTOEP42VF3462PEU84JUR6O291ZJNTO7SX55F7AZ9824EI',15872,'DI','X15DLCIM65BC',-14844,-278,'E1FC4SSB4XB35L4X1FB75O75S12J56F13YA94S97X1NA91BY25M63XH',-219955712),(148229422,'M','3K713L15Z5MJ1R08LK059152Z121F1KW4L798W173DJ6ZXRCQ9W','2008-07-30 18:29:16','2006-02-01 17:15:52',1954545282,NULL,8494,'L6','46982WGZWIA2462FD99I23HL10XV7H70CKQUJ',32386,10886,'1167429',8494),(148229423,'KR9G3Z1YOV3K21','B87Y8Q7TE74W8','1988-12-28 10:53:42','1991-07-08 23:12:30',4553,NULL,-53,'8','LCYC95Q',-4553,-28567,'37DV2EWYP063W32X3R2DZDY5AXGRHG9PYRG',-53),(577726146,'2UP48LXLLE0FGU1I180H2991LW58H47T83TX708003WB20TNMN37CL0180OSM03C5','M2786QEC5B34O','1998-03-09 22:20:51','1970-01-01 00:01:01',60,NULL,-25372,'1V24ZX','',-6,11947,'',-1249239836),(577726147,'074D9Q1ZXJW2IH29V2K','1J02YHTK8MJZ0J98Z7454P9T8K04','2004-09-09 17:03:17','1991-03-02 08:19:37',1079706560,'QVEBV356A660EOWKB2X331446G83GU2CWI5X92Q251XCN4C',10576,'','49191V398B0F9620R4X1KE29VQ4O25KK7Q6LL89F3GDECZ5569VR663PI5QI2RPDO4105MQ66O4D7TZ13GQH67TG71',-31808,27813,'5S5K0V4W4S2O78CJ607RV6SV55HP3868LV4AGYBF73Y18812RP2V9986XSY07B',-383801008),(577726148,'TL9WNA3782J9Q1N1YS8TVY3JW89','','1993-08-19 06:50:22',NULL,1552881528,'3R7LFM5J297SDQ479UU3',-13819,'H3Z','4JIB10L57502C07VE0ID4J56J54SQ491PG75PZKH54P6T2JI2J',-26760,32043,'5FP',-2137110011),(577726149,'B20Q3469I6815HYV','HJQBOZH82XH0UA1','1976-11-28 04:56:08','2008-03-10 19:36:14',383,'LP77SU9NVK0ST39GFSM33L36XR9F8130Q8CD',13676,'E6','GIDX6E9G0E12PI8UFTI23M88WCP9LJCN550CD8EFZC0RVZN96WTMY3NH5781L06176VM2AVS6D10I5737FB4V1WYM12T',-38,234,'4740CO2Z80T',-1965116052),(577726150,'Q8JE10ADN754NYZ1G97OK3P8XZ4M8O1','1PHQ29NUT83Z5B0F9D3F7Z4O3BODPF927NQYBZ8SX1427616338','1970-01-01 00:48:07','1993-07-05 09:55:41',618123506,NULL,-288,'404','V8581RM0',20722,-7369,'7I8H',-288),(577726151,'P5928A2263D6Q5QJ094L12L2528Y','9L4Y4329H7VP3F40OQRF7C72F26I24S8C9X70761','2002-10-29 07:53:59','2005-09-05 13:31:28',245058990,'UXE2082K2KV8P13GU3Z2CQL0173D2IXL22KV58Q3CK0',-32185,'T','2ZY3Z9Z6',-12882,305,'WSG42R607AEU0C9Z129',-1486159289),(577726152,'93G','J9655E2W7N6Q7AX7CGB6554','1970-01-01 02:26:15','2013-04-10 18:54:57',373064516,NULL,16109,'','450VP4U',836,-16345,'',-619987219),(577726153,'O7N721P7EYG8VI67','LDO9SVM','1973-02-13 08:10:04','1970-01-01 01:54:12',1366675102,'GR3N8MO88ZRB23SQ097G',1524,'9','CTY461U5178XSE251Y0UXC15MUOS3M',20126,20493,'4CQ1B4H951049H57165T47I839Z33FW2RA143O6G2KFN8W6EIS3QYO7F2554LNUVCA8S2W0227GE48GG3YY4YY575VS4U29',-976189964),(1174544371,'C3515ZXIW2AB1Y960VNL95IQUMI','7U5127','1970-01-01 00:09:01','1984-06-28 09:11:51',1057129506,'2M2C703535',-5,'8W1','DH66D2',1058,31017,'90WO21FF1VX7RDHS4363O28WTUQ926J342N1EN9V8XW9RECM4ET612QZB142J7I11V5B',-5),(1174544372,'','',NULL,NULL,993640008,'A3K045D48368SR2R8Q476LKV3Y6C1G4G0A1204FIK157Q841J8R67HCXDIO0A',3958,'8','FUFDLBD8WHFC8UY0400BMRA973T00EGM3R87B',15944,7928,'',-1914007690),(1174544373,'27828R356H74','9U3Q8O2EATU849YIR62DYA9J16C1071M8QS52T30GHFX6F','2019-02-10 05:25:14','2013-03-15 14:36:07',994386820,'8C5FOS10WQI2IFV4H49X8G44GG',-29488,'QDT9','4Z7CRT04SQIRN6IETJIK982D68Q',-23676,-90,'EOY',-1223750448),(1604041102,'J9C1WS56','78B1DBC04N915G0AH34ZN','2010-06-24 08:02:51','1970-01-01 00:00:08',33400897,'CO27307J30M36IE',19800,'Z','G8V6994ES564',10305,-29986,'36RO917IIU429F4',-1858417320),(1604041103,'S3FEDJL407L11S42124J33D0469V6JL5HPDVI6P687427398HH','321TVT3MJ','1988-03-04 12:47:32','1970-01-01 00:00:01',76,'03Z4B9RG9JG7J32W9LYLDNC8LAS7RLYYRWE6L4SG783BJ7O11U0B377PVF4CE',19143,'','A585743K945O',762,-27027,'40578RN14O',-102118713),(1844048188,'G6Z3Y24VH147AJ3H6ZFZ8X5','H','2012-10-12 17:04:24','1989-12-07 10:13:08',1847660075,NULL,-26879,'4','9Z0L8M09W3TZ19P273723749OZ6',-29141,-15194,'1K22AW1',-549316863),(1844048189,'7519H38FOBYJ3N643ZWRQPDHEC0OF8','80FE139W2DASY92UJ76MYK8RTF1HNS1','1970-01-01 00:00:02','1970-09-11 21:11:13',1890689152,'QMW3BEV42FR68',18,'I','NVC2N2482TS4Q7A8T4ZGMPSPJB1H0SE087L2AV6',8320,6534,'98182F9DSTR5AWNK4OLC',18),(1844048190,'HW8OZ81I89IWD','VG4N5O66','1994-01-09 04:21:15','1979-07-07 20:27:11',0,'',-16003,'X','S580Q1GEX51562V77F4QDQMR3H17WMSTXR848M7646UV1DHP7B',7,-1,'I2LK7GI7B56H51B1QU28635Z12D0ID5ZLW7VMQD4QO1',-1983889027),(1844048191,'1SOEMHYE9JEJ3508UQZ53N5892ES0349X2RY11AWIE4YY2S4I31R01SHL0NY0CZQAJHU1AGVJ6ZM','TH40N9942L0EUX2A8S50L2269264QKT5BDNHD1OPOIHNQUM2A2LFBD508ORW207PRDSBXAD6R363O357G6Y3','2003-07-03 14:05:36','1979-09-16 08:19:26',6851,'Q70B1WQ0Z8',-18846,'6W5V3','5K70F1Z08FTCGEV54WSBM1Z9DR86VNUHBQI8FZ4527C007',-6851,-910,'',-1585826206),(1844048192,'GD1560O0','V04B81UU0P353P6XN56O74932I5C572CAY3ZZRWW922E0','2014-03-04 21:00:03','2020-01-30 11:33:18',1025782523,'',27699,'S','3CB3222526U5H76I1XF50PVL7201Q997S5BT',-19717,-29399,'JCMMHOO05V7YG461Z2YMW1TM001AN754B9PZ75OOE94435N298R92I19Z9',-266867661),(2273544918,'KWZN7G','6D04O8SA006O8HAY7D771Q2I40981HRLL7L63S5H17VFF26X','1970-01-01 00:01:23','1970-01-01 00:13:59',838,NULL,8297,'7W','HX75NR384AD6XL29489I0I8LI693YVLVC63X5',-838,9825,'29R',8297),(2273544919,'9311S1M8K800T1D5YC58MK420I9G','S7JAF','1999-04-07 00:08:59','2019-12-11 01:33:16',1769942766,NULL,-22047,'6405','798R068293A246N624393490K57KED5G39Z7N09Q280924BS24O0533111U1GEK5FXP',-20754,3818,'',-376624671),(2273544920,'7129V9F346L','8ULIGSRK089OE1OB4U6833HBS4X986','2003-09-22 06:26:37','2010-05-19 23:22:14',1357803155,NULL,-2150,'0S9H2M5','03IQL33642P6692C7804NOUF0A09M3JO169GH6DTL9J5022QQT33L41APD1LDXK2QJ994K1D6E14G12I27WZ0TAD1X7WCL2MR7KG510RN43LX112002988UNWIRF3N81O73QTM21P9FZ4OY1DPJ962XSI',-4461,-2,'A5R73R9P8QT2R8P7',-790202470),(2273544921,'34S4C7U25SRA4N19812X76WR1PWWQ1FT40D3I46J4171I7556QVI32W361UY056391','18970ICR77B3S3OVL0A092EZYY6O2','2014-05-25 14:38:27','2003-12-31 16:01:08',1573029211,NULL,4804,'UP','17M08236Y8W5LCUIT477AQIQBP1U2RL8815Y4GD3Z',1371,15628,'X90S7Q77U8373P50802NN1G79U0ERU97O5MV5NFJA1A3G',-52456764),(2273544922,'5F1V','0R192S83JGM19AN3T0C76243G0C6B539J3S64QPP08K453','1970-01-01 00:01:25','1984-06-16 17:45:45',313910773,'H55YS0W1D94KWUL1FM0D7U246FELQ94A1C92I7V4XF6J5U',-24042,'8','9H',26101,2,'L0K5ZDHE3NI8AF78073136',-2051988970),(2777720859,'0B5VOV717E722W2C17GU7XSK5O81','8','1970-01-01 00:00:03','2002-08-16 14:46:27',497004339,'',20,'72T39','728L964OS73QS1PF34R921S',12083,615,'',20),(2777720860,'5G6SY7761','W5T1JJYU72GJE28EAU16QR61A','2011-06-22 20:33:13','1987-04-27 05:11:42',40,'NIG96114D96OWVBB9U17251224NKMDFA7SATK0H9CRKWYUTJICKK5VNB4GG',7387,'','1192P8FLIO10G8XZTB04QHE89FW0R7N9XLN11W4PYKPRDD0BD',406,31745,'2V',-561799973),(2777720861,'R0AKX9Y653HI7024CO','2GQ','2000-01-07 11:20:29','1992-08-05 03:45:13',7,'1CVA1220FH6U4I72GDXDEPE88X45T22WW65H641P3HZ6VC1P1PJ6OO085G031Y07U4I2HW',3148,'QL6','1990XSJFO21501QD9PA3M5374Q575Z2J373KP960PKSBB',75,-6681,'2U26F6W109DM7R5QMSD98A11730C5495J5QWIJH18JL30WM',-343372724),(2777720862,'6087HO5AO','JL3607G7C822SN55O2167N9D7XX3PE','2014-01-01 10:55:55','2002-09-07 22:17:02',268178402,'27',762,'00','84FU33714V7GNB17VR4V363XPYG9R865B8UMEMRNC3OOX2RJU2W5Y3M3STLJYFH1TC209586RH2L64HO060XFH4OY5LM1V82ILQ5DG',-27678,-8648,'',762),(2777720863,'4UEI5LBO3RWR81UH2','C820FHR6IAJ96MQ7257Q69FB941284T4Q','1994-10-06 16:32:29','1970-01-01 00:01:17',972467660,'EXJ20S8DLTQR1C27V2RQ17T07D1',-14126,'Y5F','T7PB04G1',11724,-1722,'96AXU',-1470019374),(3207217590,'20469TTHQ5680YK9ZO','YUI1J279BM2OALO15P9T58KVA5KVRCJ300ZXD492452N33JJZ1IG7XGIB82S1WNGQE8U01A9W3Y2U4XLM','1998-10-28 17:40:02','2005-03-07 20:44:54',1397302790,'7BPH28L1MQ9QX3HWK',17223,'194W4U','XPUMM7U56O5K876H18XBGD06I028Y16G116B42NEX6HPCD9Q5L0LG2UWEBB97SQ788S',-23034,23270,'QD5HLYW6K16A',-1810054329),(3207217591,'51JV22TYY1J9436I0QCR2GI369P7W31X7L6A630K3255541577','HR58P65011E5PLHZX9IKU6B37A992O42ACA66GIA310CZEK96E24L33VT2UD81U9VTR28VS8233','2018-01-28 07:20:12','1970-01-01 00:00:41',90578793,'LLAG',-15295,'I3K1Y','652V194S5K7Z',-24727,-9732,'22XV7',-122731455),(3207217592,'3T7D584OH33CR536684','','2014-05-16 13:18:11',NULL,1153008540,'5W644OK7MT3LRW6EA34F84TH2VTS2AQI',-28348,'U18BF','865V60Q33830UND99YP485V7LH1VD28AOQLL3KH1KK04OP70759',924,-46,'3',-1593962172),(3207217593,'I064QSL867CFRAC27Z5EF441UQ335QR0HQ1OJ2KQJP','T07FKQ0C0091K94IUU81V6HUX3LDK0NLC5H7318Z6LPOKHS60JEF8TN00YT','1989-12-15 21:57:29','1985-04-02 10:31:41',1815862823,'',-877,'49P7','V35',24103,1235,'120K9593A4DYA89YINM3442EMH18C0NW6',-877),(3207217594,'H6M3OZH9P8C2702','9B7B','2004-06-27 01:04:03','1970-01-01 00:00:06',1839517274,'EU1S98337K66Z80OP3L3KB29',8971,'M3','14CYQ1R8C4',20058,30274,'2A146DNO8450R17QQI3',-1354259701),(3532713368,'1ULNU33N','S32LDS','1970-01-01 01:08:55','1973-08-24 06:49:20',712813260,'',-413,'V','82NU1368BJIAYO01SR8',10956,-11080,'36E07EK6D1TO447T24JL44HJ0L54177DEP5I5S78U8TG5833B',-413),(3532713369,'W7SE57V9W07AELW66Y3H850H8M495P5LE2E4RT3RFMWD67B7KL5043WGS3L02YU73D70DOR33O5F6T9ZD8JWV760JCA61XX1CZ2K','QB60JPEC6SM31SRE','1982-11-06 11:22:01','1970-01-01 00:06:24',1963655682,'6K845N212WIWVJBF2FA6205053PMB213L',-22133,'M011','O8PYVJ84XM8CP6B50CTP3N370',-32254,4391,'Q3GSL413C',-1066980981),(3532713370,'R1H74323YW6B33NEM32E6PX2A504058HW3FVTLC7MN57G5X67D','','1980-10-26 16:16:26',NULL,1408908023,'PLHC7OE56713OXRWNF90J49PC85J627T7BNUQ6MODBAR1B9093Q7H9BC804FA6J6T4',10417,'FO1','003124C7S592PVUB7SVQHN8AM8NUE2E5Z5',-17673,-31988,'048H4SR61ZG03SB89674527Y7UT8GCNL91037T8JY1T1KNC7J6Q00824DW67OVIA0KX3E67T6XQ978Q6T072E',-197613391),(3532713371,'2FACSR1PD588G98RS8S2FO12978ZI0N7350609027U9626H9Q5G89VQPFHZ11TYCU4G592FQ27364LV2','GR2VTIC759JV9AC76','1983-03-29 03:10:06','1995-04-20 11:30:41',794404259,'2666H5ZS4U384TP3VEEP8654O429475BJ0UJ649O3B0988L77IJHD5Q87S43V5202VZ54JWY46322955J13J483F',-3505,'','R2VK7R9KW',9635,8229,'HVY35',-759270833),(3962210093,'44G88HSKG1Y5T7MM674F','1M344IO584OP','1997-05-31 13:38:30','2012-04-24 06:49:24',818579897,NULL,22612,'F','70J267',2489,16182,'E4',-373696428),(3962210094,'J1873C98H6L2214YS817W7C3296V5577XSN1774TH7J','POH32F9D','1984-10-11 15:16:27','1976-12-29 00:11:43',287606707,'R32X897BZJTB6GA6V82669EVK96RI20X6FG81',-1112,'5Q6FXE8DLM','743E669YD97D3Q943N',1971,-19506,'0W6Q',-1291748440),(3962210095,'4NBSQU15F32F49306D8124QW7','PVO31P8H2FZII8KE3EWRBUW7XBGX8','1999-10-07 16:59:49','2015-04-23 14:46:56',1098206021,'066Z',2408,'','3',-13499,30087,'T711A6B3R881U7O6R7Q7972',-783775384),(3962210096,'A7D07456W458JXZ9V1B71FEY844246KLDGK042CY3','45GIEW','1975-01-02 00:27:21','1976-12-14 01:01:07',5,'',-16234,'2','CJ1M3MZ6STF43Z6V43TKSRR404Y3OJ6',5,-8,'ZQ20LA7MNR6ARU4OZ59MS5N95YC394M95P071TEH8JO9UJYXOC44I1DL2U299C03VFN6C0K84933',-1461239658),(4294967295,'B9ZFDRG43CK','P0F4T1Y','1970-01-01 00:08:28','1970-01-01 00:00:04',3,'',-50,'QZM','15F2BX3OY8UPFJ',38,-749,'5HU1D1T7J5Q4UAH8Q1M7B8IP9412V4WOH05DV9T910094OS2FJGA5BJ4VJ686LD3E4TFULAQ1338417RK5',-50);
/*!40000 ALTER TABLE `jobs` ENABLE KEYS */;
UNLOCK TABLES;

--
-- Dumping data for table `jobsetjobs`
--

LOCK TABLES `jobsetjobs` WRITE;
/*!40000 ALTER TABLE `jobsetjobs` DISABLE KEYS */;
INSERT INTO `jobsetjobs` VALUES (3,47267327,929993152),(4,2341115259,1026252636),(5,476764062,898247296),(6,3932516531,1543930812),(429496734,1511385869,116439547),(429496735,47267331,6),(429496736,1911618532,360411436),(961664791,476764058,1412572417),(961664792,1511385870,1312769765),(961664793,3503019805,315),(961664794,2656354300,1334010025),(1391161522,47267330,1105871309),(1391161523,2341115260,1663520331),(1391161524,2341115262,1634816063),(1841892611,2656354297,153973723),(1841892612,3932516528,1316624419),(1841892613,1081889140,1197497116),(1841892614,47267332,8513),(1841892615,476764064,648),(1841892616,2656354299,1417700522),(2271389341,4294967295,742),(2271389342,3085851028,1093645685),(2271389343,1911618529,85),(2271389344,1511385871,1344712981),(2271389345,3932516530,1231422971),(2271389346,2341115263,954),(2271389347,47267334,116843123),(2951560848,2656354296,1258675924),(2951560849,476764059,719621085),(2951560850,1081889139,899),(2951560851,476764063,908883994),(2951560852,3503019804,1308558490),(2951560853,1911618531,1461152528),(2951560854,3085851030,64775168),(3381057578,2341115258,3),(3381057579,47267328,307706262),(3381057580,3503019803,553),(3381057581,3932516529,838122510),(3381057582,2341115261,1613899168),(3381057583,2656354298,218253003),(3381057584,3085851029,698297281),(3472065190,3085851027,859866438),(3472065191,47267329,112619433),(3472065192,476764061,60),(3472065193,47267333,5),(3901561916,1911618528,9539),(3901561917,476764060,279068993),(3901561918,1911618530,479),(3901561919,3085851031,0),(4294967295,3503019802,356224480);
/*!40000 ALTER TABLE `jobsetjobs` ENABLE KEYS */;
UNLOCK TABLES;

--
-- Dumping data for table `jobsets`
--

LOCK TABLES `jobsets` WRITE;
/*!40000 ALTER TABLE `jobsets` DISABLE KEYS */;
INSERT INTO `jobsets` VALUES (386561171,'VEQ052',1759184641,'1970-01-01 00:00:06',13934,'0593',-953960850),(386561172,'74NQI8Y14ZESUQ04OS724',1761696867,'2000-08-19 07:33:20',-10410,'PS',-384870570),(386561173,'32B7R660NP216YMXM40KJ8HE1YX54P63A20V',83,'2001-06-30 06:01:16',25661,'N3ORF469N',-1712397251),(386561174,'4X9JBZ9ZP4K',231346798,'1970-01-01 00:00:32',13,'84O36BW6TF3XBSCI9538IEK2CI2CE7608V50F7CMZ0Z3AGJ80D8LCE8Q9XFP',13),(386561175,'TG8E7U',1006899623,'1981-10-05 16:14:19',28049,'N86817776Z2AQGP96M922SI98TLG8PYC9H2L9I7A90ASJZ366XT9952GB297628627G9I',-1219039855),(386561176,'WEZ890575V3LVF34',955,'1986-05-07 10:45:16',23100,'IZ2W',-1675437508),(386561177,'S1',455661271,'1970-01-01 01:24:54',-16,'E3WBL76V710Q22522OPALYDN7XT0Q9YP6323',-16),(816057901,'81D812',1837187705,'1987-02-20 14:08:12',56,'J2YNFY4W9V6',56),(816057902,'HCSIMF5GQFQVSQ4X9U14B1E64V4VEO813Z008VU6KZ8U53Z6J2Y5486BYZO2EHC29S8FK7Q6TJU3ACFXOXN0U6N5T12H8Z062GKI66049D0MC2L295SKVU0W2GMJLW7E',438801847,'1985-12-26 10:26:24',6,'41GX9J2TO5U9Q99B8ODU402T456Q514MC71M983BLP50B3H23ST3D7W91',6),(816057903,'PPA8',670,'1980-07-19 03:34:44',-5970,'84F57BZ00U1T4GO59F89CPI17LA678DX8RR43NDT353H4QPS07',-448173906),(816057904,'H9083PC1FK9D79344R302596K1L27LEP6AC8872',142372639,'1970-01-01 00:01:02',0,'2PQC8TX38DUQ0W1KG2483XE7GX5',0),(816057905,'5AXE2PGQ1A5P27Z7T',81,'1979-08-23 15:28:05',12399,'LD2885FUEJ23SSGX698O5K1E135FAG6',-1978879889),(816057906,'C69N36R0IP1CG44UACI81JL14M688N3R39',87892847,'1970-01-01 00:00:06',-41,'3XZKP9LLYY3EZL97ILP3P6H9S9QNCU7LE',-41),(816057907,'L191YCW33DKF88S46859A934E9K',879277266,'1998-11-18 23:11:23',-5093,'9',-5093),(816057908,'0J5N7WX39K1Q36779S23GESW9L712TSX58Z06UG24',3823,'1999-12-26 12:29:20',4995,'ZQ3647O0NJFVAV16SPI11BF0FP4Y1150G72EOMKV48R83E7FKK1J62Q6H61WYY0G80G',4995),(1055416063,'B87G1CMOPRMO25I4D5ZQTF2YU36TX1J4T3SFRIWL2361PBCWE9W234136RI6Q73CTLN',1878891775,'1992-08-08 12:24:49',-13143,'Y',-983479127),(1055416064,'A2BC',1857781059,'1993-03-20 16:47:27',-22309,'09E52P619KR68GN22D',-1876940581),(1055416065,'74',270786035,'1970-01-01 00:06:51',-877,'',-2021294957),(1484912793,'',8711,NULL,11491,'0D1GCZC8HC',-1113150237),(1484912794,'8N1K2B74W994C9YU31113NAIK9OQOPQ2ZA496145ACL6646B9TC09O843I4H7O8G4OM06V16',1049103498,'2001-04-18 12:47:08',-40,'AYCEC47TH74HT6R8WMX3R0S8V44N5LPOC',-40),(1484912795,'59XC',3591,'1994-01-02 06:34:54',5,'99K093455C9CA1R9YRN',5),(2053637713,'EMGN5L0S32QDOWP8B',1165,'1970-01-01 00:00:44',18300,'IFEL0MM0F01NT72',-451360900),(2053637714,'U',122,'2006-07-21 14:15:08',-15089,'B8IDT',-1503247089),(2053637715,'1NJQCH6AZ482JLZN781OX94N3',560,'1986-09-28 12:18:22',-17302,'78TW400J0CGP',-723370902),(2053637716,'7AEU192JVNROL1SOR3BHRCT00Z61W9HNO',962044387,'1970-01-01 00:00:50',-267,'6',-267),(2483134443,'3496N523ESX080X73133A98',63,'1970-01-01 00:00:07',4334,'',4334),(2483134444,'8V0K34R53I842564Y',1958665824,'2012-04-26 18:05:25',19396,'PD',-939668540),(2483134445,'77F19D3HG607GLZTA44OKMO69743S',346925332,'2019-02-25 13:40:33',-28974,'JRS8Q56Y29P3KNO3FWY9V3FG391G6236P223KEZPGV1J4H',-444461358),(2483134446,'3Z3Y8JWUP55IAOS0959WEX78PX6',330671529,'1998-05-18 01:36:12',-32,'3T',-32),(2928461370,'AF92844A',2108474371,'1970-01-01 00:06:42',451,'2322T11566FD0YRXJ83ZZ1M',451),(2928461371,'7EZ6745GN96235',817750637,'1988-06-19 07:54:27',-9442,'39WJ51N82523U00',-1820763362),(2928461372,'ELP01EVDMUJ6WARE73R5CN6HK7C7OJX1NZWSI4A00E',831803916,'1970-01-01 00:00:58',22463,'026691100PA',-395126849),(2928461373,'G78BM268UV2Z0A8W4ND1LGFRQ65B9',77,'2010-10-21 18:50:33',-73,'7U42NODE9Z2OFX7HQJ275',-318210121),(3357958100,'AX24B87B3KX0LS3KU9W',319953810,'2014-09-27 22:22:47',-8499,'96',-3186995),(3357958101,'L2ZC3S0F20PJY7T4BN88XO6',53,'2007-02-17 23:27:16',-22182,'8660',-1670633126),(3357958102,'NS0',423130862,'1977-03-08 15:13:48',576,'',576),(3357958103,'201S6HC5FXL1T9VVZU2102EC2S1KOO44182O37RFK69S47VC6U0O7375HH25LT9IYCXC34N58ZY5S2V51K',2114953238,'1970-01-01 00:44:36',14948,'A7Q6HF67J2NP1Z89Y4C5638655478Z4QG5W4F137F15NK1QA5G505RPKPV932ATH4706M4322YWY1W9P',-1103250844),(3862671876,'R',25245217,'2002-09-29 17:20:17',26443,'915',-316938421),(3862671877,'XCY3W22A9B42NQLUSD',1782349157,'1970-01-01 00:00:46',6121,'708M8NV323W673ZX756X115M4X84U9JIE00027L2763O2H25O23J15D60UMJOD8MW87I3F89M6NF5DK49H8SK775T3V15Y',6121),(3862671878,'5256I5R754RJ26X5WMR4137ENM5082959BPB0C032HD08565Y36L78IGYC7C29974UO3FY8SOMB1D4KA5LWJ3948ZEQPBF23FUY38J5H3XQRQJ8K9T848',701361476,'1970-01-01 00:00:02',10311,'C5JX32',-463624121),(3862671879,'DB2718NPEHPBA8158L0991UL3KOBR9ANP7P0I891N796SZT5ZA0V1LJMJ8827E0NDDG030K22S02C5U5XLKQK53Z6PE0UZ2XXK371ASYK3D0Z0WUZIM535QBSU75H3I8',1374930815,'2008-10-24 05:01:38',-9,'',-9),(3862671880,'555VJRX2K1D3H0IKF77WV9V',2021639707,'1970-01-01 00:02:47',99,'59EJ77Y5YJ65KJ0H8FFBA17LC63O8A94G9U9',99),(3862671881,'C',1404375251,'1990-10-01 09:39:41',-4436,'4HM80AUX849457LCL7M3',-649236820),(4292168602,'',0,NULL,19715,'82BS',-1762734845),(4292168603,'8L95X02',1646766528,'1976-09-28 05:06:28',30648,'YKEVH7PQLTADAU35GA7E0IO66994OVL8PZABPBQ1GS71EZ9',-1506150472),(4292168604,'58600',1549999181,'1970-01-01 00:05:26',17117,'9KOHM5WJ420U81OU4E5S8LAD28O2L54U1',-759840035),(4292168605,'79A7C8S2VOV1DI610X4E32A92WYF2C1T9WA78H24AHZB0A7NRMPQ7654JO',578126376,'1970-01-01 00:15:23',28322,'9A91LK4',-1259671902),(4292168606,'01CWVE',1586465766,'1970-01-01 00:00:10',-1116,'S18MKG2519',-238847068),(4292168607,'Y3Z645VOF3WI6XK84IN9ANM16MZ2K45MZ093K58992P5213GOV21NOHX5EGK2205',471044758,'2020-02-11 14:07:14',-17564,'A15Z1807',-2147468444),(4294967295,'CK5IG725PCS57599',448228485,'1986-05-17 18:27:35',31275,'HH0TTZ',-687736277);
/*!40000 ALTER TABLE `jobsets` ENABLE KEYS */;
UNLOCK TABLES;

--
-- Dumping data for table `jobslog`
--

LOCK TABLES `jobslog` WRITE;
/*!40000 ALTER TABLE `jobslog` DISABLE KEYS */;
INSERT INTO `jobslog` VALUES (74,677994256,'OE80073S5623','1970-12-31 23:00:05',4),(75,368,'G133Y1DH5A663NK9S4X4QOSF545TK0','1970-12-31 23:00:10',97),(76,626072518,'G158104KW8SWL50SN801B1XTAVPS5K5J897C502I','1985-08-03 17:08:54',-414184832),(429496805,631935333,'4SVAF513965646812I11QFE5I786J6FO9567999U9637D5Q091DMO0I9GZO03','1971-01-01 01:16:40',-819),(429496806,597545953,'6UIB1H2EU4','1971-01-01 00:22:31',-495),(429496807,2104845840,'','2011-10-07 08:55:39',-1250620848),(1133961839,341124971,'QJMW7D8W2C98','1984-05-01 05:47:54',-1344754739),(1133961840,259131572,'7L0F975X057E87IN3JLYMV','1997-12-22 06:02:52',-1642767415),(1133961841,1061690311,'KOI5459M5ZK860G9K2I8G46H0TK2985D0NSTW5M93TXDIRXG8J96E94216C7WV3KX1Q74LADL068XZ0','1993-08-31 10:42:10',-1228391514),(1133961842,581060444,'9950EE5F8OLGO8033J3L118QP726A56GK2HG7850KDU07LO8S5982P2HCB452N2630MLN7M49QY6NRDX','1970-12-31 23:00:35',3497),(1133961843,1264401968,'EIN9O2X6090319L60434','1970-12-31 23:27:17',-163),(1563458569,1338404157,'2CGN8O','2007-12-03 22:35:10',-887363881),(1563458570,1013667659,'77O8F3CBU5TYUB3OJ28448231JASP9','2001-02-20 01:08:43',-893508449),(1563458571,1924808038,'ELWR4JE03LOU0T5X9YZUJ32UZG7850P4KL0YTK2MJ17N39ABZ596YU70EN793','1971-01-01 00:27:48',-5267),(1563458572,6,'649R29IFRBF190Y','1971-01-01 01:31:28',-9087),(1563458573,31,'75O7MHYBTSV5768B7Q99B9LRM7157NC1GA8Y11U8C4W','1970-12-31 23:52:35',-3154),(2069899032,45129309,'','2002-08-30 10:58:54',-371146043),(2069899033,2591,'120','1976-01-27 07:48:20',-1062739658),(2069899034,9301,'2L4331S2CU5Z8KD05444AS7TR3P9','2002-10-22 09:43:18',-384914285),(2069899035,280324126,'GX4345E','2016-12-20 14:27:13',-152562303),(2069899036,4,'ES66M07','1980-12-12 05:10:20',-1831477528),(2069899037,518,'YW1U5D4O9OML5ZB54P10X813B6FO1AJFEF44X4','1979-06-01 13:15:54',-2049499281),(2069899038,9,'R9T4K1F','2007-05-31 18:08:29',-414143950),(2069899039,612204906,'8V6TZ7M52E49ZV02JE12LU','1975-04-06 00:53:18',-1384687796),(2499395762,863680055,'S3','1970-12-31 23:00:38',375),(2499395763,1335857304,'6WOE30898U','1970-12-31 23:10:08',-6),(2499395764,1,'VMVR9BWXE4520J7NY8','2011-09-11 05:47:45',-564354881),(2499395765,620885131,'Z8TH','1993-01-23 06:37:15',-880361001),(2499395766,2037370890,'586A7Z2K7O9050V91Y1792LO0L6','1988-06-12 12:44:34',-76785498),(2499395767,856744735,'','1971-01-01 00:55:40',-693),(2499395768,393199352,'AOKMRI','1971-04-03 03:56:38',-1571529141),(2499395769,495396066,'WNBF96QBC1RZ4JGIVJO0W633A5KRS066','2016-07-27 23:12:07',-796089582),(2750855307,1755784732,'BO0AEN5CS9BC3HS43UP60I7I09OK93','2003-08-20 00:25:42',-985954161),(2750855308,2147348764,'Z73FF91M07','1974-10-20 12:14:59',-1632081371),(2750855309,1720662650,'14PJYP6H85CT7I00176F05Z6N05JPOOO693EW8Y5MYXF243Q5RV6886V882J75P273N608E0VK370WRA7VJV52PRQ','1980-12-18 13:42:21',-1214405988),(2750855310,1669212302,'T9O86W727','1970-12-31 23:00:03',2),(2750855311,907,'22HHSF7PO5Z4276087BLLA','2018-07-04 16:47:02',-939312966),(3180352038,8,'WIZT2P9CK61PZF4A8T44R28IXIR7KO4','1970-12-31 23:16:05',-9),(3180352039,511666986,'64W9NR2KYR97ZCR1CE473QBRR792TM84E5VJ4M53R9P2DXM0D','1970-12-31 23:00:04',3),(3180352040,909754019,'20W9V6I','1970-12-31 23:00:02',17),(3180352041,12,'X85RAXB48','1970-12-31 23:00:42',4122),(3835127488,1795524493,'B','1970-12-31 23:01:15',7450),(3835127489,825323150,'34WD64WLW8UNU55D44A19KNBZTXVKJ5138X94X0T0POP23','1984-03-08 16:22:45',-1585559793),(3835127490,481807181,'PGSIHCRG4X7R6J1R69W4D6M4V1CB19VA1UTA6H4X8HXRP669467R5239AC8990L279778U7AF79V03F8MT7QGWDB377L7CUW311EIIK06DQ2599E8L3O5P33Q01P398MS27QA324326HA6N5EO','1996-03-29 01:41:35',-1156145762),(3835127491,6360491,'2DW5N','1986-02-22 17:28:27',-1760198042),(4264624214,57498570,'F8X47ZGVR5168P1B9UL7XM7QYWQN9K95FZ8XUVTMTJBD750L43Z','1972-08-23 03:10:37',-164898620),(4264624215,1954841817,'4ISK3SC82QK21O983969XD47243748AT16BCB4777Z1K6O5W80MIEV1748AXR91PJ9HL3JD8C8440BPV4E74IA89C00O7R3Q4H66T3HH6195X9Y0X78LAD2V0N3A443VN9W0W5NS4QVV0Q9CPE4RZBCDZ7V5E709','1983-11-04 11:50:00',-1978575691),(4264624216,87384942,'04A7071CAZ97360LW732TG2KPI4RQPN8YWD3P38PBA150791QB447I0H94686','1970-12-31 23:13:54',-8),(4264624217,936588503,'XRRFCADMA96DU8EH58XQR6Y01U9851','1982-09-19 09:25:21',-70512234),(4294967295,417808798,'5Y2','1970-12-31 23:06:54',-41);
/*!40000 ALTER TABLE `jobslog` ENABLE KEYS */;
UNLOCK TABLES;

--
-- Dumping data for table `legacyattributekeys`
--

LOCK TABLES `legacyattributekeys` WRITE;
/*!40000 ALTER TABLE `legacyattributekeys` DISABLE KEYS */;
INSERT INTO `legacyattributekeys` VALUES (281567497),(281567498),(281567499),(281567500),(711064227),(711064228),(711064229),(711064230),(1034030078),(1034030079),(1034030080),(1034030081),(1034030082),(1463526809),(1463526810),(1463526811),(1463526812),(2082561140),(2082561141),(2082561142),(2082561143),(2082561144),(2512057870),(2512057871),(2512057872),(2512057873),(2512057874),(2831420100),(2831420101),(2831420102),(2831420103),(2831420104),(2831420105),(3260916830),(3260916831),(3260916832),(3260916833),(3260916834),(3260916835),(3260916836),(3740375547),(3740375548),(3740375549),(3740375550),(3740375551),(4169872273),(4169872274),(4169872275),(4169872276),(4294967295);
/*!40000 ALTER TABLE `legacyattributekeys` ENABLE KEYS */;
UNLOCK TABLES;

--
-- Dumping data for table `logincontrolipranges`
--

LOCK TABLES `logincontrolipranges` WRITE;
/*!40000 ALTER TABLE `logincontrolipranges` DISABLE KEYS */;
INSERT INTO `logincontrolipranges` VALUES (375801969,'2MQ','2R3L204Y451055YS',19974,'2014-06-02 01:15:03'),(375801970,'2','3P06J',51627,'1973-03-09 14:27:18'),(375801971,'960U8BC059UN3X3S6263E','N',8,'2007-03-26 17:26:58'),(375801972,'HR3709QD756BV1G65E785V','35',7102,'1970-01-01 00:12:44'),(805298700,'4GH','N24I',17381,'1984-04-15 22:43:36'),(805298701,'','AY0UM',161,NULL),(805298702,'RNBYQ6Q','T',8992,'1970-01-01 00:00:15'),(989233956,'1J','U',3519,'1970-01-01 00:58:40'),(989233957,'D8W60','46',8,'1970-01-01 00:00:09'),(989233958,'','VDZ20ER',53149,NULL),(989233959,'K','1W5J4VN54',53311,'1970-01-01 00:02:42'),(989233960,'3XR32F','S7VRYP1',56936,'1983-03-18 21:52:46'),(1418730686,'45QP','BQ3513',6484,'1987-10-20 08:36:34'),(1418730687,'5','PP5A0',67,'1970-01-01 00:01:08'),(1418730688,'M29B64885GD1A453W5T0','60E0GTPAV25',33417,'1990-11-30 18:23:36'),(1418730689,'WEVO1F4T1PBAKB','6ZY',3200,'1986-08-13 15:06:06'),(1418730690,'0','',31256,'2011-05-04 03:27:58'),(1979188917,'TERI','9WXY35SUH0',50359,'1975-05-07 13:07:46'),(1979188918,'','HQO58P506J',3106,NULL),(1979188919,'V2','B',11368,'2010-08-29 08:02:42'),(1979188920,'7QJ','',44845,'1978-09-09 14:22:52'),(1979188921,'4HX','',763,'1994-03-28 13:33:12'),(2408685648,'39','H87N83',46133,'1984-08-26 12:14:09'),(2408685649,'7I00','8D24',25502,'1970-01-01 00:51:47'),(2408685650,'IOP2CZ9R2V0808B3O93YF8GNG','1YW7',40419,'1970-01-01 00:00:08'),(2408685651,'3','122',9531,'1970-01-01 01:46:37'),(2964484420,'R7','367',35303,'1984-12-24 21:49:57'),(2964484421,'W1EVI34','26F1IPAM',51142,'1990-07-13 16:21:00'),(2964484422,'4','71DJ1P0W3K',47624,'1997-02-26 09:53:12'),(2964484423,'71IWN','R4AW',6330,'1974-01-24 02:41:33'),(2964484424,'09FB65J','8PL69F',4,'1981-12-09 08:57:51'),(2964484425,'','N2YYA2',40610,NULL),(2964484426,'3AFJI6GA','N10',41288,'1977-12-16 15:06:07'),(3393981150,'2','3MK4E2KR17ATM58',3,'1970-01-01 00:00:04'),(3393981151,'EC871S9PK90JQ2M0N','S',26309,'2018-04-26 05:50:56'),(3393981152,'588','3X55E3L5',8,'1994-09-21 06:40:03'),(3393981153,'Y91VC','3',63851,'1985-08-31 15:12:44'),(3393981154,'876W9A0','WJP9971Q6841HPW237BQ828J',12164,'1978-11-10 08:10:56'),(3393981155,'8YEHFT3571XD55Q254T91','VH721PMD92563',5442,'1981-11-28 18:34:52'),(3393981156,'','ZTQ7Q039L4V4Y9239',14,NULL),(3393981157,'22AWL','7QC4O9C',2581,'1970-01-01 00:00:05'),(3473327036,'84N0F9H691XI9','N',17,'1970-01-01 00:00:09'),(3473327037,'','J',9,NULL),(3473327038,'21B6472','FL',58753,'1991-04-20 20:27:29'),(3473327039,'3','UU0225L7R',12672,'2015-01-21 03:14:00'),(3902823762,'B','AK241VS9Q33LD7',6396,'2016-08-24 01:23:21'),(3902823763,'K13B02A3QWSP','6U9W',47819,'1970-01-01 00:00:10'),(3902823764,'29','EN4PS9',195,'1991-08-16 09:29:02'),(3902823765,'4U','488FX',28274,'1983-05-16 06:20:01'),(4294967295,'Z','0I6',7,'1970-01-01 00:00:18');
/*!40000 ALTER TABLE `logincontrolipranges` ENABLE KEYS */;
UNLOCK TABLES;

--
-- Dumping data for table `logs`
--

LOCK TABLES `logs` WRITE;
/*!40000 ALTER TABLE `logs` DISABLE KEYS */;
INSERT INTO `logs` VALUES (285599033,NULL,1629070217,'CKSDB5N',1792980868,-576546643),(285599034,'2',59197835,'EK81P21YOZM1MFM0',1053233757,-166318708),(285599035,'16WJZ0R7J269FJ63O57501A9N5V63U',36655089,'58OT',1913317065,-1247809476),(285599036,'443R7QC97N2NK7727HW1Y7453KLU8V3',48403220,'',90036535,-522364682),(285599037,'OV1XM9U9IG06L1A7VEKI7652MX1Z',1,'IXZD63LECR',69139489,-1497521866),(285599038,'58P50T705FEZLL97SR5DI6RLBS7',549548929,'LWP',317242362,-1474245387),(285599039,'YB8FN09W4Q7EF190XPDNM52XKI19219LIU60F16414OLANX570RZ0OIHYRD5WQUZV0RU759985O8T154078X33EW',225335315,'RG2',1427564787,-915159827),(285599040,NULL,39,'TH8Z53RY7M10E6X',355873691,-7522),(715095763,'JJ',200864767,'WK0',1170423010,-768693477),(715095764,NULL,3,'1YJE8U',NULL,2),(715095765,'4PS7V9',4,'07D7Z4R7KIFP29J4G9Q7D53E7NGP6MVW30B4Y64Q1TM97MI05F0AWBGO38KY184V83H4',199968016,-180858939),(715095766,'3Q0',3,'',458056329,-961623132),(715095767,'0QPYLVS4RJ949UYPIM106E5ZSN86NC1H975ZX08075F739EQ0XBD936C608634',318829896,'L7JV300S',187993480,7821),(715095768,'5PU8JPJQW0VYA0NY1759',86728515,'C8029ZU1NLFP',1905553460,-6),(715095769,'31A31Z',2130349745,'F5RMQCUPYSHW2WHEFDB700L7B4N349PN163ZI837YB2GXP31A698964FRDUU3LFG90W4E1A6M4B2GG75QWNC5',1098895553,-780347342),(715095770,'106KII53PJT4329779H1EW022IIH2DA6C2YB4546J0032RKBQQG6L2I8MEK0Z0LK35F1G19TIVAY7IMM0AE8O3J50RF5MST3GR4NS12J46A8A29KITQ99',1638947580,'2XX1ARYZA32T93RRF1A15099RK73145',543165349,-64010213),(962760830,'',804799015,'MLR1XRO',17,-576425983),(962760831,'72YR9ROX495',130427244,'BGKM85XSON0',9,-682589619),(962760832,NULL,7,'3JCZOD302D62F3NSU4F34PWQ1UE5Q9R2B2Z4J81Q5J5V844WZ5O53QNSVX3K0A7JC45500987Q6RRC83K2RP027M7KR6',1362388111,-8074),(1392257561,'E638U',85146722,'',5614,-352353491),(1392257562,'149P8CJ3W',719,'821Z174IU53T2KVD51RCF719P6BH68765Z8J8T5HR396',2034213507,-2022650708),(1392257563,'',7,'S2046T2I6OO12KV',248127063,-1130829171),(2121208102,'97C3L5D60XU6264O0L1S11O4BHHW477325L159XZ3046V6',517968244,NULL,189531435,-701379583),(2121208103,'37G36V5KLS2GAQRZ21153FAJ5VDU4E2LQ4Q2N',969,'F3L47O18279560IT32248X8826YCQSX65LQ5D7HF9C99W0R9RIQ9NLA6E5040XX3AW',70,-1),(2121208104,'',1564825786,NULL,NULL,-1775882287),(2121208105,'4NU1LLJEYX4YGN9EO40VJ60ZX0K156HE20LH7F50809Y34G26R09',2,'',338795248,-652139329),(2550704833,'89',36125722,'',3,-694494031),(2550704834,'75AVPH47',1696085555,'B5CCM2G',8,8),(2550704835,'',156266025,'FW4KQECBGUG3J8XYPZANP4',774098458,0),(2550704836,NULL,16579,'O8O3O067BPHYZ6UKZ1',8919,-1168781401),(2807094757,'23119Y177K221',80304486,NULL,1089756228,-783250157),(2807094758,'RJEKP985RUCKV42AYX850855C3EIO182',40356167,'VIT115Q7',373071904,2),(2807094759,'O3523QCH0N93D934F12S2',428535286,'7Z3232Z9XZ4ZCMAAFD3ZU6H5290I3E9417GS84VG8YB2ZI74GC65MPBBH5683H95OM6G2N3W8630HY1PAD',1557763080,-1091221340),(2807094760,'L8D4N2T3F7T5',1346029765,'7KHUUH8',962,-794060255),(2807094761,'E0OZV80T615DNEP',76,'LGUX36H6V',578964036,799),(3236591488,'',1519678463,'046B5OL5C8XG992NY2EK57P8756P12466H7M5852N',36,-1457333910),(3236591489,'Y440XJ7K18K1REL1',185462794,'7N4LRMRS8R752O54C5D2322TDX9AKL',1744807149,-1181495172),(3236591490,'17',1312039027,NULL,556,48),(3236591491,'',8504,'6KW9LWE86Z778DT6YSH',NULL,-253668523),(3833011090,NULL,1036578305,NULL,882185961,-269),(3833011091,'4XHY5FH860P83W1P3WD74QF801',1695895542,'Z2G04HKY4764101L3MJF5CX3',1,2),(3833011092,'0UI9LX3B535D01BY',557,'06K',2021607281,-1632363662),(3833011093,'0GGP70R25K419CW',7,'6J25',0,-747514794),(3833011094,'',7421,'A5IGQKG537',1309636017,-499638504),(4262507816,NULL,2135735516,NULL,407,-41),(4262507817,'6Z06BY7X63C2G1X5240Z211ECGI3N20I6JQ4410L0G182U5SH02WE2O90WYPC',1488166410,'SUS294CUC233S6W59ER',6,-265445785),(4262507818,NULL,2006814645,'7UAPZ3Y212SJ',1468386955,-53236561),(4262507819,NULL,6,'7416Z',NULL,301),(4262507820,'EI4',1123363073,'KRQ13799B0O63',316,-1627565802),(4294967295,'JW',210731730,'9MAN',1017,-1465839775);
/*!40000 ALTER TABLE `logs` ENABLE KEYS */;
UNLOCK TABLES;

--
-- Dumping data for table `mailimporters`
--

LOCK TABLES `mailimporters` WRITE;
/*!40000 ALTER TABLE `mailimporters` DISABLE KEYS */;
INSERT INTO `mailimporters` VALUES (365042817,'VLS0O2490QK2',NULL,'R1TF1VRTAG76P0V92J7C37MS9HKQV5RNVC',NULL,'62J10VRA89',0,'FVCEEEXCD74',973352130,1539013973,'90L'),(365042818,'YC5J83YV8EJO3AJLDG8630P17PFKJSWPMQ53J6YEAM0DIDS0Q','','5284R14Z554N6E6D213XF3JO84BB02','0KH03O8W1342CA1W236F22MPER6PN15O1L557G19','',0,'D8B59H43OHY10LMVHPC089U28C0BEL3A6WES64EU846O22DLJUL43T5JQ5OUT810',5,1751618546,NULL),(365042819,'03OA',NULL,'X14488017D1XCEV7JWA99QPHX5QID8GXEXZO1455N','',NULL,0,'1R6R',140211390,490500614,'9'),(365042820,'5DMVLYK88Y2CYQ233L0184MHUF3U4RMXD1W51J60TPP7TK7T0J241125UN2N27Z3',NULL,'SZ4GCZ8ZB4645WED9DCB88J9W8GJ34O808BW6N1KB02Y17KRI6394S','3AYT3Q6NM37L4M2PI6IQWO9V89FJ28DGMVU13IMX760K5JG3X7P68ONDO4C81U9CB6614R1C3FAD8',NULL,1,'Q4DLZ8L',1224402129,587352008,''),(365042821,'9R6SIX2D0F57S',NULL,'','','3',1,'',796905577,1982499090,'49G40O63'),(365042822,'5W13OVN3M3TS68063FUL1SKG71S50CAP73PZU4425','3','','FJLPA359QFTWGV74853','8S1',1,'OY5D0O2H5931K50U3D2580S4J6488',91,300721595,''),(794539548,'43','','Q52M','J4Z4O4B72H','8467367H2Z2FMF6L0P',0,'XW',258739951,3,''),(794539549,'67J2J10580O108364','','','L3M12N5ZM40',NULL,0,'YTV9822ZQ59J8B781OCKLOV2B20Q8S22EK80JT9V743T',1681475406,1506406714,'0'),(794539550,'G8S93ST21T214XM1VY','XRT7Y03F0P5','X302989T92WS5LV3G33IF8KU5',NULL,'',1,NULL,75,743,''),(794539551,'SZT','9ZZLYLS','6L3MHIR','','AR7LD6',0,NULL,663,1715588636,'27'),(794539552,'7B8U9I76O88CT2U252MG4O7NAKSH3S1JLJ9N0W2YS19635QX7L9E8341MXV1NL6U',NULL,'','F20V7A4LAA59O76C46G7SS665DG2',NULL,1,NULL,980026937,1286832580,'5L'),(794539553,'3NRH41UE0OF5B','332YMELBFGW8E6568D9U0O0O','','F112','5S86',0,NULL,626023638,47,NULL),(923051409,'RP16D75AYSPISD31I7QZ35','',NULL,'2A','Y',0,NULL,797825948,NULL,'YF6H2'),(923051410,'Y','9',NULL,'83MRU2PL0KA0','9790LQ02N1',0,'',815973253,NULL,'T'),(923051411,'1',NULL,NULL,'DP4E1T2458WD58261AN787Q8QGJD8CMAEUOWB6829I12O97MGDE089UU1037','',1,'1DK6ZV1',1606240072,881,'2G'),(1352548139,'LBFI4809CC15O2J8MANQ3L','B3G8026Z5','508AA7972TL3G718U62BROG073K5U67W','8','',0,'SP0322M',992722685,84,'8'),(1352548140,'8','','S9B1GJP64','T049KORCRPQR1NNXC0CC8','',0,'YILA4XRW0YJ9NOI',58248399,1993301705,'F1'),(1352548141,'C6Q1718N219DW60D5FD9QSB0227N2T6451LWII0L77A8Y9A8A566DLKK57UP4LA3',NULL,'346383JC6','IZBHZ40V5C3N8B','NZB786G',0,NULL,745,752336565,'K'),(1352548142,'5IM9Z9G383TGZ','W23B07T300KQ2ZK6','A083SKP7HE20','G36Q41A24N041A3HB0PLZXX90906ZP0G78055Z093I5TG63X2V1GUCUR525M8Y01P811IM2III50TQ8872A9R0YS5OI','',0,'',1878416691,77,NULL),(1904740122,'W','90S1YBFZK3E37OV5','9499Z4A37FMP6P21H40BDQX6RBMO21HD','9R9FFOT','GN03M8',0,'8X3N92A5195YGG080',1794360728,8847,'47'),(1904740123,'62012CY35304','VTWOKLBX9469SS21FMHHTAJ13F836306',NULL,'6529HF9K7S961J8DO412397N9300TI51L5PGS2DZ7N4T885','PJ6W',0,'80992YOCH0Z9',737027006,355010929,''),(1904740124,'R2TA','85V0610B8',NULL,'09DL234M8U80R6GH05B9RB7S14QGQL','RQ9CA99',1,'',654305320,NULL,'917'),(1904740125,'1OC0Y51AAR17TE81O7','',NULL,'VM0DJBVD978',NULL,0,NULL,1805927630,483,'L'),(1904740126,'I0SV9614SW1DU7M734OM9T1T5V3E0K4W5R65IVM4X5W54H81491M6U4SH2DFI5WD','A3G11J2YM236',NULL,'R9B1Q2A3OP37J2EI419022300A0EBB7D5D38X','WTBS',0,'',1743499137,689870957,'4'),(1904740127,'U204FB8R9L',NULL,'A0D535KK8H7T8JZEUMXVE8YI581UUNF9A63G66NAXG629C30ZRRMHWKS32RKI8R5TG2I9C52WLV46Z7I1F','3YQ1BZ21OVSP69MPBTEHSB48M32UOT80743K832MU32C44GH183GNKO8C570ZE2522KHUAG5FID8H92GA2T5ERK9SGYT7RN733JE0691F29P9N74B443RK95XM4F7OGVDA53P4XMZ1',NULL,0,'',873313453,1369008234,NULL),(2334236852,'BA9NU8Y83DWEJ29EK621T1',NULL,'5W4GG3E6923DF4G0U3YDQ6E','4F442VM0','C57',1,'3F5W4NHR69YW2V2EX',61,1931614092,'79AS'),(2334236853,'JP8HP46AWN2JX4017','47GKP60373','J97782',NULL,'9X7M',1,'TBZ707FC21NSO6RA4ZX2667F864',308549137,9,'F'),(2334236854,'3QF0LJV1YS49PI6KMY53M4T15A',NULL,'',NULL,'0',1,'COW3LJG1I49X',1972056648,447,NULL),(2334236855,'687A3A0Q','8I1137PK2EIMK7163DNT945QUP935425KK6ADA0O90DYII52EM','',NULL,'',1,NULL,19,29972905,'2R'),(2334236856,'252E74GIIB2YG5B','8','3F','','YKK2MF7SPC99YG33',0,'',3759,1027827643,'9'),(2334236857,'8F3Y',NULL,'CC2K8D8WR2914ZYX004','803QM8PZ68U83BDM757DH6C3ZA5J',NULL,1,NULL,1363020308,1205252586,''),(3000507019,'B2FGAXU4S7','','W6V9B976X050D6CI73BV360MZR','','9A',0,'8XZ813FODJH11Y1LQO8L0KIY1HCH4LLYI32R44LO46Y5354889U7X',8,1412240627,'OR'),(3000507020,'NIB','875U028902R4B430I284GG8','66F17WHH53EQMRP89G00W70269754YFX0G9G8EIT7LBLFM09W464WX6F','JZZX5V715P6J72V8WHI4D87Q','2V',0,'97RQ11N550GAMTJF',384,1010807271,'6'),(3000507021,'KO8DUU35QLOMJ6F9F6472','61','B0SN516WK67ED26RHW3',NULL,NULL,0,'795Q90RSF270JVZ696534I4992GD6K4L5LA0515V',1441760620,6627,'3'),(3000507022,'W33ZXPE9T0','HFYM7973WF1GE3WE','73YOF1F2EALL70MLRG2WN2T6754MA1887F3L1KJ','5MSUZE55W8Q53H3','6GKZ4',0,'',18917500,2069511401,'L4'),(3430003749,'5B4PP4ABR85YXXXJJXK215TLZKFUF2XMS758D631EJ81GWYI9','','XANB','PWQ00K08LL2C9W',NULL,0,NULL,814027298,474566805,'7O65'),(3430003750,'2H0AY95N9M8604244KK7W01K8W4Y7KS','4UKEEOLC28CXI85A4110L65DY3957015AC6','36L95QDD9Y97J0X8K2','I81FT43','GR5BZA767L5',1,'0A843N3WS1URL09VC58SR88X28M17YFWOCKBJ5VAZDURP0',436670089,650282583,'9A'),(3430003751,'0UJ7A3J39XGJ','','','3BAOB9NUDAF3052T','CKS3R57',1,'87ALGQAGA41876HLDW388XZUE29Z5862UAW7OM93OY5R00OFA',743990110,289975172,NULL),(3430003752,'UDQ234192A88M4045D6R9YOG17IRYN189001T92Q57W','720W42UV4B9516BL6S3WQDX28MNSJKCXQ39N552565KB47128Q722U3WX90GK2034ILE634A1890ED19W50845JDK6GJ8Q32721U6OH298RE765PXFJ93W57PN5T57X11E7ZAK81FNX','A733',NULL,'5TH87',1,'57OA7R6I',217422384,1669061379,'N'),(3513511721,'662Z2H',NULL,'29ME79OO37P7T7WV1','O554Y594180Y0F06VD848Q',NULL,1,'',824855803,1961759003,'3'),(3513511722,'NF9MT56450M',NULL,'4X8NU75034APM00LL3B64UNIQTBB8L8742R19H31M8E6862L1G27J8US421CYQ3988W','KVRCA16XY4',NULL,1,'4529L87N6PV505P60959PI7E0B4S0P95FPE3Q0X2DY94GYC8N1VQXB88',320031326,658632148,'5'),(3513511723,'5OX9',NULL,NULL,'7RLD32N7D9780L41IV1XIMASFYLC43S6G2R8BB350T05775V4B3GJY32OSE6NL',NULL,0,NULL,1,202,'30O'),(3513511724,'11TARPX1TD9G7Y905A4E0K6936S7S332XCXQ1O124M14B0EUT4W03ZO4W285Q55U','61C101I7VOF0DD158LK0O14WYKEE4SZ7WADYH','88VK213AQ3PP5S0A2P76KYUR7','SEAJ4528O3',NULL,0,NULL,1791783708,428756056,'27X3'),(3513511725,'4AM',NULL,'1XGRRT0HRSRZ3ZWNU9BPB1599MJ21DOOP90','','',0,'',9,357,'N'),(3943008446,'B15140GL2P5HQ',NULL,'90QNOHJP9RUX6QV2C59MXZ6YGGCG21Z1J','','J5',0,NULL,1968924940,189201967,NULL),(3943008447,'C0L9SJ','ZF99259IZVD2O79YK047CAET53DW46D9','387A8F8WNWH2613DA73Q3152H144L03EQSXT09K',NULL,'75ZIGOU5881J5',0,'8SZ16ADH99G9C04',77,2087143293,'GO08W74G'),(3943008448,'W67V649','0I9W3518T',NULL,'P8386O1NN','',1,'66XV3362A1Q1AG0RB7TGDIHZW83B16C4PW41B',71059351,1703671824,NULL),(3943008449,'84CKV0134KGT483C9F','',NULL,'5','X3Y5G36C1O',0,'396147A',312749303,135793230,'U'),(3943008450,'ATHL0MVK5CYG54OH0S98ML00','','7A45','T6000O62FP204ASE2R2M2K','7NURGX9',1,NULL,1180309427,712652357,NULL),(4294967295,'BA0Y70RENH',NULL,'08BX0X8S76QPB8ZT298U3AZ5VGO44','8JEXM39OXKU66T','',1,'',160890406,1861603065,'J6');
/*!40000 ALTER TABLE `mailimporters` ENABLE KEYS */;
UNLOCK TABLES;

--
-- Dumping data for table `mailvalidationhashes`
--

LOCK TABLES `mailvalidationhashes` WRITE;
/*!40000 ALTER TABLE `mailvalidationhashes` DISABLE KEYS */;
INSERT INTO `mailvalidationhashes` VALUES (264080734,899872301,'G37JUL72E','3924K8QGD2S26',1630492053,0,'73E4K612501S301M0'),(264080735,236374068,'O2MHYI183EKBO6G73N8Q7RNC08','625I3O66CF904N',1147185810,196,'T86116J1L1WP4G1057O'),(264080736,775962856,'7142P415A83F2GCZ283','432QGJ8NLIJBJM3WD6A592OUSQMVMEGDN92SI8UE0MMMT38ORW8U491R0A0GW6FQ6941',1350393731,575343483,''),(264080737,1961435735,'ELO35J2F0KIG2BT6DD6EIL84HZENOF14Q8K9D007U79KNA517C46DG120WT635R0X6FSZ0PH5X12','529360TFK',183285888,1570212457,'45'),(264080738,907084403,'2','3678Y79B9112R4GCDL3KY378Q4YFJRFB351Z0QH097CNT897WO6AQ40G9IL93Y4YX7017V3X81U22F7320A5WF8NY9Q0F4D153RZ296N2G92C227E7T14NQTF8104UA',543643686,1884147160,NULL),(693577465,165181548,'9IRT347S4G3VDD0790SW2VA9441F2G81H4DMD668299AA25OES48W321G471','0',602681760,1114799255,NULL),(693577466,5166,'860W8T9Q165VM797OAR8WER4E534745YBF3RY9E','M4K9JF454I116J6E4TN302Y219CL',733423580,492,'VZ8VS91W627L0941Q2TO5A49C4A32UFE45N4585VQ42Z3M8FU32970QM2L40734F7U4K6982SIOLIA4PU3534M'),(693577467,61405166,'9SO0T872HEDR08PZK3GW','V0SE5KHOGZYKU50B6G308VAF657PI0D0E6VZ63TAOGAU0VS1X45413K967D47X2214J0QQM7Q',15,73,'67X7JCJ2G7I0WE436UW3376A'),(693577468,25,'FG320375R04X7EA41QD0891S1V1ZZDFN6U1K299MI82HQB7SE7PQC0113XNCP5SL86','1U84I07N006PGOWD750IQWX994BSC699D3SM1R80W3C89DJ56S15KHCNVM7ULYKOOJNV05IEZ7HM7B44083XYT256N5G692BA3AIZY2RDGN39349V82FB09CX3W5090D',778893518,71,NULL),(1259892907,1974028269,'Z99V795Q2AM0GKAMARE1960YQ2584A87HFB27Z7M34G2D2I77I517GSJWM2XJN648SX3IBSTVLY2Y7TF527CU7961G257T3O51C050DN0M28ID572HIE','DV3Z0MMK4E6TLSI23R8QQ17G7S0JM6GP7VT5FR85B02HYUB1Q9VPC96SV936XVV',1045892448,983803712,'RR4GBH7S'),(1259892908,889574351,'662DI5XWOWHE04CO6O7M4AN5','5EK',1974785999,427677286,'1TW3TX06392VP03J97TP6485768ROVEWT37X76N77RD'),(1259892909,1761401690,'5MJOU93C7ZMD','1YC41P',1419961240,485,'2H6'),(1259892910,1671136289,'','5MVT75CK04E12UJF9L40VVE',665840807,369791001,'KZ7'),(1259892911,1500788372,'F7','5908613273O0P61GJTKSWV4NZT01I6S1JX44PE1JP2WE9AEZ2NK3HJ67ZHK5S07SP0UCUKPU36SGQO5ILO5C11453R716H85',1461875019,1754365732,'N9IC1KNM499C4MD5S5'),(1689389637,1944061241,'M1I70KUT2L3G47F95Q560XZLK1YIP90A1AH994C6K5','E4508M03Y9144C59B47769J6S1RS8Z9R4ZECMJZ81DP47',1473149098,20692618,'42I30M9W6416B972'),(1689389638,673916858,'746664ZW6JJ77C186WG8O1IWE','105Q7229Q4E80AMULA50',43,1730733615,NULL),(1689389639,714971318,'40A5TG83T','YU5372C13IE4MX',1821858282,335814578,''),(1689389640,1954044766,'W3NV86T337J0BQ5NG99IR95GIRMWC8J9WN3K6Z6A7R3080Z1Q9FCWX207Y0O4OL4','UB22UNL1XN9MSF2ACHZM62872TNXE41LS77N8P6758J289797P8I2OZM3FUO009C207T79841L70',40,914,NULL),(1689389641,2018581597,'ECB3JN91LQ5XHC2N481417083T0D80TH270GMFHI3A3LFZJ01MX9207F610A2T24O84DRU24659UM8U90P1X4SZ2M2R1993YLJ4809H1L0967113','1F380186GP96OJ4',19,1940633698,''),(1689389642,71,'965756494V34895Q6YG1OPA5RE9R52K3G1U0RFX875NKAZ29N5834HB12A3N16396NL9K7777LI62NS65V41R8MW9KM9E8L2R798H66WTR2G','PNV64FCE015O',62,58,'DZRJH7N6767I1WJPCQ4DKS0XHPD4IVYH33Q5C7K7JEW5S'),(1972310957,81,'H38631914H52KLGL43O75JAZL9Q8TYA7GA4V2ZN38','I5',64,1140806899,NULL),(1972310958,457209075,'7W211AM0F87T9IJ74KY7M95TFWH','9RCK1NN81DEF2A270',1922549889,55,'KF316J76NKG'),(1972310959,2,'1W','4ZRE',1089940647,1767973061,'WE418W1VWUWL3976Q02QQDF121EL849914BU7N3'),(1972310960,70,'W886XV07MBN2I8D347K9X833JYOFIB91971O705TJ','9SU6R4FV186ESHX416F',467380573,2087752636,'YYL6INIK5M8OZD8FDT30KXBOL'),(1972310961,847102385,'P30AGOVXVVX','WYP9ZL172751FRHL2Z8W',675712270,30407465,''),(2401807687,832274802,'E3N5','Y95YQE9C3A009',834108701,1340501985,'1AJE8B722DXQ'),(2401807688,1613695773,'28B1KYL1RZ309E2F4W5','JCHII7KG6JAAXGU8Z222GY83N5G770066205',1626041934,257150555,'820TMQWSVD85R1IA61'),(2401807689,859,'1W9371QQ2C98NZUM504KVF122LL0242RD6W10UZ','9NTMJ917CBM6ZEE86BC2K5PT628B1AJI755R9OYWY1P8KYWH790GCBT0F37Y237UHIO164JCP52MT58881I3B83XOV7BRJ',647071186,381102238,NULL),(2401807690,577,'755L4C43DQZX8F8','440',5486,627843726,'QPHU7O7H750EX7O17B25D03UDX12KF0C4UBVL987Z'),(2401807691,789,'PL4DWDYS6M15L7AD0N','79',1328237415,920692963,NULL),(2879140461,62918690,'9I26TS99632123UG9AC6J5RHH971IALZSU2C419PUQ','DJLB5ZPL318KM1XJ34WZ86B0R6O3QR0B6JBHFS9N51NBQ',121051902,1406417915,'9GKFTKG2ICCCJ16YV893841790D00KS'),(2879140462,1818144923,'9','HD533O',1916317311,6,'4'),(2879140463,1714367467,'94LP4M6854BA9DEJ2QWVREX773Z62SDF2O826O3OSH1SI9472603KZ','R9AK',1768705305,18,'27991HZ64V16M9423A52C9ER5XCG3996E1W3S2OE4JESZ5B6SK784U2TB8B36M0NRGXY209JXEX6ERXZ5B319JOEM'),(2879140464,5,'0K51X','86VQI719MR64MA2BUZLUNX090231A981W6M440A4M459CCT',5470,350742706,''),(2879140465,7462,'1ATSIV','U6Z6I70VV5872JJDN913QZUUPH20XN',20983840,510,'YT5MBDY2RM585L45074CA6Q45A6146UD328KP1'),(2879140466,4,'HNT9DVS','004DX8L9K30L08BL19N8J6P7A9V6AR4',565,847049591,'1155IDIHR5M26P65T0702T17GDGNC8397DIX0V571C7695I3D2P0LGH70943D1Y55'),(3308637192,125916318,'EZX7G9S7J3KV3905DFQ4YZ0OT60YQ5KT74B1ZN493VQSBM571EO05G','5B77127OC',989470960,1769341423,'21IJ4J6BBDH'),(3308637193,1857410153,'U8HTZO9I','4RVN5MX3DF10IS81952OP0QFW41ON0W081E27V0SEDU2',96888938,7629,'8AANP5O37957XZ177MKSW3'),(3308637194,1757760945,'NM93N8DD8','0UU856J4XJY',206080694,858202181,'VU1C8LEMA'),(3308637195,8891,'WT8FCH5Z05TKO5A88MXJ1083C24','OV889IV0CJV62T2',6,1055786024,'1S'),(3308637196,986,'KT0L60G31','YR4N10IV0PC5VM6QWMM08',1856147914,1195472602,'YU0V4UPXBVIXXSZS2XFN581OA9'),(3483818155,1306512609,'2Z','DAK2TEI789K7PKF63VGC98973C837WAJLJK20U63F719H482BJ82X2VH823QK07Z6D3SGSCC7E',128587205,475,'YYWG0OKUEJVU4A1C18I4PN'),(3483818156,254,'CQNY64EYGGA86M474AH7695989VL24UWSSY2N10MXDH5UD0MO214HIPK8F240L7Q64RW0KWN71','IBRFK5E5OYMXX04NZ8YGNZ35KQX229O50032HJ7BEXTV68755M08849M4L7CXKR47',1499268443,181139837,''),(3483818157,5705,'93R1OH86H7J9F0610UB0DAEM093P843DGG90476LCTAIE076CC4A00N24O4Y3IB2GOA95VR88DS3RR2FF07PK7KH5GTU460','72TW9H5W60OGDP2034RGQTQZ1H',1676019096,834,'KOZ6C8CK1A1TV86WC32'),(3483818158,1925561189,'0X373ZGPEB84YGQ6Q1M5Q','8HTV14Q925459211Q4904VT71O2X10M1DII2X8UX8Q4KK24S30CA0AI4A',653856223,763608785,'9M8JL56'),(3913314881,1732147103,'2733AN0EBX4729E','H5LFJ849WO11RUW51N2N6K58H9J8CJ9DKC3E942CYX03F58JWW515MVU7H97099BVS931ZV1OE1DWI3DV',965888453,1541068084,'Y'),(3913314882,941295827,'R9N4F7DF','PO3CA94BA3303BKCDXO5KQ541I1JCU',8566,878801002,'KPA6VHY18B6JMF97D6'),(3913314883,762358106,'','MS2O2ZE02F2425D1R3100S',291880513,1337790494,'YSPZR29RDUU409LP1P9T35UZ92818Y43IN3R8ONDYE'),(3913314884,364881556,'','TQC970L7U0G2DU0LSA71D74C',238940313,1715619830,'BQUU17'),(4294967295,454,'C7EG','O26BH72P153N7Y468O0WN',1313079335,1767,'V84SG78856KLP7MV');
/*!40000 ALTER TABLE `mailvalidationhashes` ENABLE KEYS */;
UNLOCK TABLES;

--
-- Dumping data for table `multilingualpagerelations`
--

LOCK TABLES `multilingualpagerelations` WRITE;
/*!40000 ALTER TABLE `multilingualpagerelations` DISABLE KEYS */;
INSERT INTO `multilingualpagerelations` VALUES ('6',NULL,83674856,1193710805),('72D','A',83674857,3523970061),('R','2Q2RQ110QN5UN0',83674858,682818264),('O0L0K26M','G8U',83674859,1897862164),('0T7A','',83674860,3523970062),('J31K','A03LZ0723NV',83674861,2915163069),('1LT5A',NULL,83674862,3344659801),('386ZQPY6T5','5',513171586,3523970060),('2FT60Q',NULL,513171587,682818263),('U73','',513171588,3344659797),('34J','EX8F82M9G9V5',513171589,2327358894),('9','9',513171590,253321535),('ZP62RX8','',513171591,1897862165),('9293K06917','929',513171592,1897862166),('N71YQK73C5','Y2QKXRJZ8552Y2',1206947145,3953466786),('M','6I4',1206947146,253321533),('68F1ZV9VLSP3',NULL,1206947147,3953466788),('5B509TLR7HBF6UNNEVF85K8C847WP','5M',1206947148,3344659800),('X9YT2E1C','6',1206947149,3953466789),('5LK','',1636443876,3344659796),('UO04KX','H4TIY1WKF',1636443877,3344659798),('HU4',NULL,1636443878,682818266),('G08B','H8T5UJ7',1636443879,1193710808),('8AJ41','MA5L0KH8JLK5',1636443880,1623207540),('32',NULL,1826852547,3953466787),('HQ178Z53CX9YE9','2O1Q1B',1826852548,1193710807),('W5Y0215RL','AD277TNS',1826852549,1623207539),('86CF','',2256349277,2327358892),('','33',2256349278,682818265),('2E591L28H01CSJO550W0M5K6',NULL,2256349279,3523970063),('O','D',2256349280,2915163071),('','6BO',2993857867,1193710806),('I','4',2993857868,2915163068),('OB','',2993857869,2327358895),('62J556GG9Z','31M8K776P',2993857870,2915163070),('W142UF04JJ1','G2F759OS6D53BG',2993857871,2327358897),('2B6','',3423354597,2915163067),('2','PG9J7YV7K9OS9',3423354598,253321534),('E9RA748DUTUU3G9','YLC5A',3423354599,1623207537),('','9Z7WY3',3423354600,1623207538),('CF8','3BL11379',3423354601,1193710809),('8S','AS',3773657538,4294967295),('MT55I','266XKBXK5YHL8344',3773657539,2915163066),('5I6M6ZHXL','34V9',3773657540,2327358893),('225898',NULL,3773657541,3344659799),('V661K','VF0',4203154264,1897862161),('R7','8',4203154265,1623207536),('6U74D3YYF',NULL,4203154266,1897862163),('7XG3','B5L7DS',4203154267,2327358896),('685DI','8',4294967295,1897862162);
/*!40000 ALTER TABLE `multilingualpagerelations` ENABLE KEYS */;
UNLOCK TABLES;

--
-- Dumping data for table `multilingualtranslations`
--

LOCK TABLES `multilingualtranslations` WRITE;
/*!40000 ALTER TABLE `multilingualtranslations` DISABLE KEYS */;
INSERT INTO `multilingualtranslations` VALUES (422968650,96901791,'P0H9TSI72ED5A1823QM65K451JU8TIGPPOJGE22SC427XC1Y','',NULL,'5042V4AQ97VO32OS8F07FKZN62ZY11P0LS99KVFSTV0T54S1211K6CN1XEZY83F0SY68G009N83AWQWHW3Z13PB16773U6XXT4424381VE9C439G7WG4XDNPU4','WSZPDV8MIV2FZG187GZ30Y0PKLNJEX67R2OPWYW07V01C56H52L2SG3C6Y','LE52372RX4U544P38X43C','1RRRJ6MUH83VYAGTOL52AO7LVKFW','RA82G7TH251RRN54V52944Q60G45XNLTJN7YMK22QA49P91I81QWG0642','1984-05-27 10:10:04'),(422968651,184,'M4WB2K954NH92EY549CJE61WP3C59','60SAHI0DAK9115YTDLI5BJ9P7EX7K1H219B4PE5B5178K3OW4T7B71G3689','RS4Q151286H4TJNK6N45HM6U14','94','VVG159UNB556HP','H5O5RP',NULL,'V3DNDH6V2ZY93MUI8APY358X69NQJ03AQ853INT6F','2002-01-24 19:55:56'),(422968652,7,'2P769','3695L78SY633JG2','9172A5F375C5HLRSY1P7X2BACOQ152J09VF4UY0JZ8DFJVCZ29UG8V271U3PO058TD43H7V53TZ43KKF9AW923PX641J3A7J580A94K814ANXZK36','OP5K1WL4074709U3X7KU6NI57Q97AX6865PVX2PNS0AW344159G71K2KI5H967X','II2169VGLRE51X95ZN62400IENB0TZ64D8IX7N06B3TZ53DM2R4N0098HR57EI43MHZHR5',NULL,'J','1XG','1984-09-22 10:13:06'),(422968653,1690789027,'67BV9I49281G0X417U92X6P54FTZ44LC910S7U93A857WHZ1F','U694G10OC598PZQ40K438DI2VDUFROJ78F4WNS','','3S3ZN',NULL,'NT6L9BI29511RL15F0UX57G','0999811FH99NS5786O00BHDQ975D047DGQ','','2012-11-12 15:05:14'),(852465380,127580119,'V3091JNE8A0839GIMN93T8U737AY4AA7IN53S5LP0JC74985Y68J7PHH10F50CC1R7BG94E','9','TI1ZAB376L9T744JN9J37C0','3D8H1OOX2O1D3WIMD820','Y','SE0854FM9AG74TD67L424I31U6','4R24J4J943N7KGQ2','RBBM1VE4YD0E9WZ55231516QI1733','1979-04-03 00:57:13'),(852465381,170674496,'9M6D43D5UA9','5C887','80NR7ZV5I7MW',NULL,'FSKMOM','7725','S','55KJV1187994ONJ30YK35QZOW01MEOTL777WS7972K81V0UI3XXSA54X68FZN9R0388MP8Y3B4ISSBGCA6G91M86L75EJR79L59KE67O41UW','1994-09-04 00:14:27'),(852465382,2045297454,'J3MNC3TFN3N1X2X8NMKOZ3J5GXEOISDP4SRTBWIN2010E88R36W2AOFOG',NULL,'477Q','F9U6R1E1085A8940R33828J6802','I38FT','5DIU11R3KTXBD6PQQ1C3Y2X',NULL,'00','1976-07-08 02:06:14'),(852465383,1036665468,'A76B8VX35XTGIOQ0560GUYY69','GD47MLZ6IQHKQEK9B5','KHK0P8W2757A66L9V5N632CE9Y14',NULL,NULL,'56YQQJ38U6VU193W9OGEC0RJT5SWRYKHO83D13JY1N749880FH1375KX1T41PW','362JZYNBA4TKLR7M58KX3KYYCZL01QFAU4D4D64LF2Y7920XG9WA27',NULL,'2006-04-18 17:54:54'),(852465384,312203022,'E775PHB8Q9W5AGLQ1J','CRLWEG39051G','','96A2A495VQ7KXA','',NULL,'6H','9B0A3U6X99FGX5','1982-05-10 07:44:23'),(1180474069,1053469485,'Y','3XE1801T339X58MEKIV1X0R9JVES121898GP24ZQJM',NULL,'Q8Q3OW8JM3I1192S916C1NH','6AV8BH7TLZ1KCY',NULL,'D015INXL407OMMW51EUB3I3','N0','1970-01-01 01:12:48'),(1180474070,92,'E7H8A','V8U4DH9OD86I4PE4VT8Q','G','','M949UC2PDUOL18GB04ARK8Z32419KW45KNI192N4M3B85IQ14X3KP5NA79DZEUH05ZRVM9ZN4001NOYA44SX13DJ','W1D1KHP6HYZNLCJ47880V62F0Q6B2Y6US161XE0N114BGE0L9452A178R','ZVZW57E6P0792',NULL,'2013-07-07 14:51:27'),(1180474071,1122403747,'10W624513W5',NULL,NULL,'0BHWZWZFKB8IR266S1Y82357U066T7EZ44W87YES8QIBPH123Y15S985DA9H0903SV4PU475','N9HE650R1M4QT22UQ86R55AY4GP600P2TXL564E22E484A353Z8R7JU6OI1L16L4CT3K7B377YCSY1VH1S832RNNMOSF22SK582','GIO1G3R891ES51V57586G56A7952P235V0Y3C5V82194Y5T57','I63U6684A319MQS6TTO3WR2241TGQFN',NULL,'2002-02-02 08:22:54'),(1609970800,1120398111,'AOA6551L77SF6N4BN9ET4XL2V',NULL,'SG3Y4OP9G4G8C80J6LD08MR3R705APP601Z7DBI2YK30I4WQXHJ0Q','8BK1I4C9DKX2LVVB44MX0U2H4JD4F0856154CGC2L2O','Y','','2TC3I1K8TOEO5TEG5X04N85MI5Z3PCYI6J065H40',NULL,'2017-09-26 14:06:22'),(1609970801,571,'','','J0Y44X177Q83WLLQFJ8',NULL,'WJE3V','361X13TI39A44P6DAJ9948HT6IZ8OC2GWJ2Y3B9J5R6D39QH7X99EV2TIV29PQLYMNN341G860JUOX289O3OY1W23LP7844O','GDB02R6SXMH8ADG7FSNSM5R90N82SAB5S5K024',NULL,NULL),(1609970802,1375803654,'2GP1','11041YEQT65A97RFTDS8CLH8YMM','O109J97BQ7G136X5C9S1KOAKW',NULL,'2P2NRI23E640D860LK7UHPFY65L35O0RS619U652',NULL,'','','2002-03-31 20:31:36'),(1968871732,911353323,'7R9S3QHR62HD0CY05RM67T3C5EJZ46ZIKW83466O1UN54O56B37512KI53FC9JC4IMOW08I2Q0V0YWDVW4Q41FL8217Y30314981','E5X0558E3P5HCW3U','03VM752703297M59P6R8V130CVQ95K06DB69ZV42N2I',NULL,'56GFR0K9Q1V3Z58J4783','23002B976E19J094S1LU0F2U4X3533D69Z2I49LXIBEM9I46DE918WL5F0V51O82IH','G2L4R0J','','1989-10-14 14:04:40'),(1968871733,1244799094,'QO9',NULL,'85AHP8','GZERP603O94EY8CEQ7U7','DKA6LHEZ01J9K7TO3QL',NULL,NULL,'9A5Y5X','2015-02-05 11:13:00'),(1968871734,1726226420,'1719M501U8JM9CM6TD1LV10JDI3KPJINZ3736LFIX6I47','','A80ML4F68JW072','5791J313B','N2071802A3H70F1ZN202142YW13L7G836ACR5X6C88JJ503K9O31DBC236GFTK31LK07IQW5CV5J0B6RNR8JFYU244W7V','','','75H','2015-06-23 04:57:30'),(1968871735,1293388395,'55RO304K6','24Y3RY92L24EW10',NULL,'QY0L9H606Q',NULL,'455MR3X9S2FRI63H89LEI9LK7B2CC1616QPII9',NULL,'H414Z74','2012-05-16 10:24:09'),(2398368462,1034299595,'QH0PD8341ZO16CE7Q75689B896A2E','H49254F605P2UVYRLJAEA1WZC0549E3G6Y5EZK083V7913M00S90GV02YX6O974908Z1T0E29259',NULL,'URONWH8824PQ1Q9CL98XEG08UI790YSB3','QG58P1YJ4RA254YMSBQK76LO8RU0463602RDID9S1IYY5M8T42B2ZU8932','5V2264HJ63ZM7FGEOEU87P5',NULL,'3','1970-01-01 00:00:04'),(2398368463,544680496,'ANT9I8F2F8TKL90HL3B75W168K4ZQRI12IUJJ74261SW6975532J53Y707PD036I99SHFL2C4A218OS767V804492BDT3W0390257J493BC5S7UXS3RT2O17KV4B6',NULL,'',NULL,'RE2914Y74Q9KR0KTZZVONHZL61Z2G65KZ3H','NC383','PV191YMXL23T125HT83X76HLYR543R55JC4JMY','TPQP1AXC0','2001-09-10 14:36:42'),(2398368464,5164,'W193QO2E42KHI2RRVPX7TD2W3EGTS9PK48DKY8763L5ZC1M4CL72H22444O4Y66482817EO7JR5AVQ',NULL,'EWKXKT36T1263O23','','3HWJE7','S20A3K7XV6U7D5GP5Q00Q0R4V5',NULL,'','1970-01-01 00:06:55'),(2398368465,1050347337,'','1IQ81MRS3B6NTRP32O4K7FE70YF502X08L8E3ZZ8K86DA68F67K3Q989O9V1Z9TXR96JM00USD25692RS4ZIG1PT30','A83FR0','98B3GCGBSD09C93J48N',NULL,'','PYJXWB62P26I63U07SZUW9LM29057RI3596CLC','10RSD3AN66',NULL),(2398368466,1205609874,'C541P48SN','J','JJY414L4XAFN00ZEM5B34L2KPE572EH3EZTP3M625645I','R','','RX1I3EY172XTC9V9260O52RA9X2T39547N45','','2179L8Z3Q331C6E2IK0D452V09EMTG','2004-05-13 11:00:26'),(2836468705,413,'','','Z2Y0OUSMCF6494I20WU3Z7E509SQ41AA0U73030WWEQNJ4TL8X7V4U48M1IIQ4I09W4N19B2G336G43GTETSH',NULL,NULL,'7','','0Y90463EHKHJA02Y1PXN9R1NLUG218QD578',NULL),(2836468706,689400372,'26A1TD884K13Q717W2BVHG4K180A','XDM7WOM78LVTPU04LKK066','','5TYFD95SFI2Q36','W9','','11GNIR6XNU98TD1TA06Y181XQK0648093RE907W66S761QOG7Z4','623A97FTM5X','1970-01-01 00:00:01'),(2836468707,131615042,'1SRI861A40ITYA','7U0F8080MERN096Y287Z84WYMXJAU7VIU0','5BG47R6T3N3O70LGMXEM54KI9V479','0O','83J853Q134216','','X6PH85837614YH4P59SIABX445682NP8088450V569981J9JH160',NULL,'2019-10-05 20:00:15'),(2836468708,12,'2D2Q414IBRHBS5X19U7I64E6K40JCT169YGDE2XH78C08RLMCGU3Z545G9710UO335O5KTHMF8','3NFOC28B','W7W3603IS112NI67B356','H27360ZRG6EF0NLAGK54SY','52U',NULL,'','TXDQM4P331F8CH305BH0D100QCN5W3AN026UP','2016-01-30 22:24:48'),(2836468709,140499662,'5PR4514BV28NK','E',NULL,'2HC3FB064NIBMHQ3JFZ4X13VLS26TM7849V31B33WYTE5355O02PUJ386R105JAQO6J97050MGBR7','','73JR04B1R118AKFO7O2M854CT3V66096ZGVBZY6Y7064LVSJ9638B7ZGT2POK6944A0C43CZKI8G59V7148400W9R0M561Z01DUN427ZE7827N7LZSJC2FJP443N2FZ5V567T58VAJR732FRWK4CB8Q734GEG',NULL,'G3J5017L524OXJ06','1970-05-22 15:48:08'),(2836468710,237510484,'17X6JU9L6TY745DG39BIGSLM57R1PHCV','53649S9LD9GWZGXKX7649H15GO0YSH0C118',NULL,'IR9VU11FGA7',NULL,'','WGO1T7HR4E4F5A9Z8NWT1MTNP68VP2CG67CK97','06F32PTU4J2MD3N28M02KRJHP11Y42Y8W38U7PF6KU5WO','1970-01-01 00:16:07'),(2836468711,8009,'2L2B2Q30Q3V435EXZS8JMGSX3A4RZ4EHWW0NO4MEE0S737O2M27E36H9T0KMNO34L1IB25C0FV03305NO4W7MW8TGGKEC5C067YL82X','','',NULL,'JD717S7189HU5795GO01H10R12Y2VQ1T5C717L00Z44CZ7M0UY75CM85MCVS5200J8W8TBL6TWQAD5V','1CNV2K11','HSY6808OD67H','A790LKB80FE1IP134X9N11LWGG9EPAWR54DS4IY12KB','1998-01-06 09:44:13'),(3265965435,681411126,'74237I2SW6Y',NULL,'O9E79930W04HBFBR71424512V6I45P59Y','Q57LO9P6HJ8TAJ1858PD5D7U31N3H416Z7Q381X3SM81120F3G','26LT03L83XOQ1082SECM2L3OM791Q6QQ0','5AZ29161I0E9FEGC',NULL,'255','1975-03-25 20:36:55'),(3265965436,321,'0','7U7042KI201TT4U1410106','','D',NULL,NULL,'L4H7GT697ORG88VAMD56WU619D1YXW7Q3X10688YIRX3061M82Q384RA1HQGULOD3LB1C936H0263062X5W30ZP7','6TXV87510OXG27C1933FU4TRTQ3OL651053X6AH3B7IIC617GFO2980R4J5POS','2012-05-31 14:20:28'),(3265965437,8105,'','6E8RF785R9KKDAF5N0TWYG6UVM482','','867','',NULL,'446OF96Y8WOX7E8PSWNFRV3W03I','J435M',NULL),(3265965438,1314058796,'V009Z554VGS5762T46895S9B04O','','2C3XJWYR72MOW7OL','09U2VL2133X378OLE2RQA67KF4QTU6F8BR','N95D6I618I19E95Z91J46Q01LXG1N','R266W5WL454E1VBRN2','',NULL,'2002-08-01 17:13:40'),(3265965439,1755424868,'3U888ZV1WHGB9J498','121TI7887JDDO234AX8S3TMA2KJQ9VIUS650ER17FY6M82J2X60KP8IHD51I0Y337C90K4Z8DDHGGL3F20G9780FQH9NZV7D33H65V1A7KQ8SR2215594H2I5JO65OJ26K3W7M32KDRWG34NZ73J2C','UHGC72U34H5QQ714M6K027QWAV09G','','M90ZZ0WO67P3G',NULL,'Q8JRSFUK3IKP2N490R8NMQ6LOC9S1090LU88XDMC5QL555MQX41BQEJ140B93K1641SXS8T4S5510B72TDI33N466BLAL74','','1983-05-06 20:41:09'),(3265965440,1449041300,'39579FH08L836S863H8WOBV7WKZ210Q5E6RQ7FESLFID0C0X7YNT54P9PQU4C58GG','6JJLCEDMA056QF2791PR9LCX9GW16AD78N59G71TP9211','4S0455O562M9007UP299QI718672WJPMX70AMP4VI70Z428C6Q27','RP7VV55Q959D38LAA236D6PKYVIDA92F45572QO9WZ2T5MFV46WEMDS67F','7W52Q788LU1M8Z26NU315L0FLJ','9QV1Q0T4ZD087CU8G0M3CU21L8MG63A69C4F09W3JU6Y73OG1OG55XF2X1I78F35EK4YPFN77U494DL4798C526Z4AI37Y1532QE4A88',NULL,'P07B3ZK75VEZECB5PBF7G4I7J083','2002-04-26 20:35:25'),(3265965441,91,'Z2610QS24J600PV05F','4','','1J5LN71N',NULL,'84O',NULL,'C8','1974-03-22 08:24:30'),(3703812087,1,'PL3B64F4I75JRVY645558VZ8',NULL,'8','','','9DKM7008D6O2OPJ82','VI','N7L2A154E70LKML544XQ2','2005-01-18 02:06:18'),(3703812088,1843918348,'7J69D43145B6RSOB2M7Y4A0607MW7694XJ1T69W2VBX76FZUO6P7437F49J71GYB9BA5M8Q1951C8HRGI1JZMR','VNN2BD9GZWM13TO','8UUP2B4WT9','2AI4','RMXHN2UZE16NX95I','EKD81','Y1Y167QZL0OGPPWI14T','','1988-11-03 14:37:01'),(3703812089,2089447672,'','','G9P','9VLLU6HBHU950DMZ44A8128G','IABL',NULL,'S6LBMBU','R3H6Q7A30CE88A6A9S14',NULL),(3703812090,1646442199,'7BA71X7ASXC58M4202XTU56YZ771DP','6YCG583E4H4217V8','1T6M1I3Y23A772P7O4N113E2632GG','','C242601','61HXG2QRNCD73TPN3CI4CU61UM1ZN032A40','C5133IEW4G8M6WH9L4ZCRHN56D2','2A2QBX4E90A2IWTA88N','2012-10-11 10:13:40'),(3703812091,4120,'3312ON3M1C5X5UI27PM93M703Q9M0','','CZQ4SJANSIJYG6I533S3','T2S055U1Q3655D484179190U602VOU05F5BM985ADWLVTVD477178CV7L5A1KW3H9Q83PA31W9LW25VY9','96WL97UHEA0Y7K2O6GK176244U517N','','','TY6H81UBWP6N245495F380RFLH3M0495TI1215YDP4YFLD6107','2005-08-19 12:49:22'),(3703812092,284014496,'491QQBI08A96CA5L3728589066U6I7',NULL,NULL,'','','6','NNFDWH4L5ET963PIYY4J789R1G868NFW55UZKBI4OFD0G71',NULL,'2011-02-08 06:08:31'),(4133308813,607788024,'JQ5YFD1Q44301DV150GQI51OPFA989WQ59T9524','000F2SGRKQYSMV29J84TWJ9Z42LOABURTTDS2DM7Y52','417P39J0B','0KJ5E068Q5PHTHA2K','E4IXCLHI6AT7IL','6LL7658Q04Y57R4134','NA1T89T96E','','1970-01-01 00:12:20'),(4133308814,1149413507,'7LXAMUXW69I6Y16TX5K544247HSB1ZK5T63G6183S1E198M6Y0QRK3','9Y34D24XJ45YB2K4386296','5BTX1L431H80GF9W54QC2','J66WZ4P','9L7N','RE778Q6OI2','YG9AH5','G104JKT59815IKGR3W4WTBF61UO87U44','2011-03-06 02:07:04'),(4133308815,926939689,'W4DR1038','SKC0628X8D7BF69CQLMXKT5E41GJX9QJ93I87L896U604U4SA6BL8V73HZ3D8HBN','Y714W2U1NP539G14J4N4L77Z1L999FD0O5TO5P5886560W2MRKF355MQ7','6J8LU37461APZ81EQYM95FF6PNXK7P0147Y599JVL4M7ODA75PE6NJ6S7B',NULL,'','802','0R7W1425N7EWD1COEJTB4SHLX2NYLN038990YHD0B823Y46O9896','1970-06-17 22:55:54'),(4133308816,61,'','I2',NULL,'61B4QI','','9Z3V9','','0W3X1KN24IJEN684L973',NULL),(4133308817,7,'XCG29639396G683OI','8Y2E5492AQ56C91MKOFD386873AP','NW6J5M0',NULL,'G033E6R09T8O2VVWK7CD2WY194KKL6EI15',NULL,NULL,'1B197','2003-11-29 06:36:14'),(4294967295,14,'999LW610JR113A37ZR785E9N2UBG6J7KO6BL0MLBT19T3UAG70W09V01Y9885SQX340NZ7UNGG2','X2D3TXIZLF6GJ2C2O5R4L7R30ZC98NB215KRQL28AC9X9659C1NKA2SSY8440V7KX05V',NULL,'8Z75454CE6V816RA','VC261501BX7Q','32RG1OE0D8WO','1G3UE72HA3G4694N2841QG8QVQTU97LE8BMM6NXOE6H89LP0S7AMH3KY8WO4B','3C5WO0RDAU9243BYPMC823KG6','2003-12-26 04:37:44');
/*!40000 ALTER TABLE `multilingualtranslations` ENABLE KEYS */;
UNLOCK TABLES;

--
-- Dumping data for table `notificationalerts`
--

LOCK TABLES `notificationalerts` WRITE;
/*!40000 ALTER TABLE `notificationalerts` DISABLE KEYS */;
INSERT INTO `notificationalerts` VALUES (62156508,0,1631800756,3644458535),(62156509,1,2892524629,3644458538),(62156510,1,1814459832,995163660),(491653238,1,3513329086,2104012464),(491653239,0,1631800756,NULL),(491653240,1,3942825813,2533509195),(491653241,1,NULL,NULL),(1074582497,0,NULL,995163656),(1074582498,1,NULL,650541210),(1074582499,0,2243956565,2104012462),(1074582500,0,1814459834,3023231818),(1074582501,0,429496805,221044479),(1074582502,0,3942825809,2533509192),(1504079227,0,1202304026,1424660390),(1504079228,1,3513329087,4073955264),(1504079229,1,3322021361,995163658),(1504079230,1,3322021363,4073955264),(1504079231,0,3322021358,1424660391),(1504079232,0,4294967295,2533509193),(1504079233,0,1814459835,2533509193),(2107451686,0,NULL,2533509192),(2107451687,1,2892524627,995163655),(2107451688,1,429496805,2104012462),(2107451689,1,1814459832,1424660389),(2536948417,0,3322021363,NULL),(2536948418,0,3942825812,221044479),(2536948419,1,3322021358,221044479),(2536948420,1,3322021359,4294967295),(2636406840,0,3513329082,221044480),(2636406841,0,1202304027,995163656),(2636406842,0,3322021359,3023231817),(2636406843,1,2892524630,1424660385),(2636406844,1,429496805,995163657),(3065903571,1,2892524629,650541211),(3065903572,0,3513329084,1424660391),(3065903573,1,1814459835,3644458538),(3065903574,1,76,4073955262),(3065903575,0,2892524631,NULL),(3853961329,1,76,650541210),(3853961330,1,2892524633,2533509192),(3853961331,0,2892524632,1424660389),(3853961332,1,77,4294967295),(3853961333,0,1202304027,995163654),(4283458054,1,2243956565,650541210),(4283458055,1,1814459834,2593735087),(4283458056,0,1202304026,1424660385),(4283458057,1,74,2104012463),(4283458058,0,2243956564,221044480),(4283458059,0,NULL,NULL),(4294967295,1,2892524627,2104012464);
/*!40000 ALTER TABLE `notificationalerts` ENABLE KEYS */;
UNLOCK TABLES;

--
-- Dumping data for table `notificationpermissionsubscriptionlist`
--

LOCK TABLES `notificationpermissionsubscriptionlist` WRITE;
/*!40000 ALTER TABLE `notificationpermissionsubscriptionlist` DISABLE KEYS */;
INSERT INTO `notificationpermissionsubscriptionlist` VALUES (401450351,7097,'1'),(401450352,7098,'6'),(401450353,1635367012,'M'),(401450354,3667635104,'9'),(830947082,4294967295,'Z'),(830947083,429503829,'Z'),(830947084,2926627925,'D'),(1048109415,3667635099,'9'),(1048109416,1982952198,'8'),(1048109417,1205870283,'X'),(1048109418,2412448930,'Z'),(1477606146,429503828,'K'),(1477606147,3356124657,'N'),(1477606148,1982952199,'L'),(1477606149,2926627927,'2'),(1819974141,1635367011,''),(1819974142,3356124654,'8'),(1819974143,1205870282,'N'),(1819974144,4097131827,'2'),(1819974145,1635367014,'N'),(1819974146,1982952200,'M'),(1819974147,3356124658,'G'),(2249470871,3667635100,'M'),(2249470872,7099,'9'),(2249470873,1205870281,'D'),(2249470874,3356124656,'7'),(2249470875,2926627926,'7'),(2249470876,3667635102,'J'),(2249470877,4097131831,'J'),(2908513908,4097131824,'T'),(2908513909,4097131829,'3'),(2908513910,429503831,'0'),(3338010639,1635367013,''),(3338010640,7100,'F'),(3338010641,3667635105,'L'),(3784115878,2926627923,'3'),(3784115879,1205870280,'J'),(3784115880,3356124655,'Y'),(3784115881,3667635101,'C'),(3784115882,4097131828,'1'),(3784115883,429503830,'7'),(3784115884,3667635106,'F'),(4213612603,3667635098,'9'),(4213612604,4097131825,'7'),(4213612605,2926627924,'1'),(4213612606,4097131826,'J'),(4213612607,2412448929,'V'),(4213612608,3667635103,'4'),(4213612609,4097131830,'N'),(4294967295,2412448928,'I');
/*!40000 ALTER TABLE `notificationpermissionsubscriptionlist` ENABLE KEYS */;
UNLOCK TABLES;

--
-- Dumping data for table `notificationpermissionsubscriptionlistcustom`
--

LOCK TABLES `notificationpermissionsubscriptionlistcustom` WRITE;
/*!40000 ALTER TABLE `notificationpermissionsubscriptionlistcustom` DISABLE KEYS */;
INSERT INTO `notificationpermissionsubscriptionlistcustom` VALUES (1451133020,51397801,'74U9L8AQS7PJA6S02LU3M6RX9TO2J0UCB1GCS7LEOR'),(311247416,51397802,'202N6CL3CJ57O9E193IUC80XPD3Y30B36P69E41M9086FTUGD62IF23Z0MB1N14D96X6D1F'),(2751124751,51397803,'YAYOKZNY8G1B'),(1961993330,51397804,'0293'),(3180621477,480894532,'2KN997797DU7W4ZBJ1XJ58PE1766J89PGX8N'),(3180621481,480894533,'R78VS'),(1451133024,480894534,'UXH8A'),(4143767134,1008399994,'LBB8J50'),(2751124748,1008399995,'5DD82285952C1'),(3180621480,1008399996,'31Q'),(2751124750,1008399997,'FBM9B9HQQW3Q28L3TQEX71980C52NW617'),(4143767135,1008399998,'B91VYBT0A7SH5S17Z9JZLQPNCQL53'),(1961993329,1008399999,'649L31NV8426PI'),(1021636290,1437896724,'ZASY7G1F2L04MDH'),(740744146,1437896725,'D4S662BZCH9SNP2351U09'),(3180621479,1437896726,'8LYI545'),(740744147,1437896727,'H5NXC1691EU61O6YQJ67S331NSJD09Z67SAI316XPH393YNZG6HUD14DZO0JGY1'),(1961993328,1437896728,'T6326651'),(2391490059,1437896729,'73QSLGQ2565I4QPDK99X0X'),(3714270408,2033002891,'Y52U742ITWX94W5VOV0U0IV'),(311247415,2033002892,'12169FC'),(3180621478,2033002893,'6T22BWC59BW3A13F7Q7LXT16KM69K500U9G3B9T25XEO3GGBWB80TMGYX536U142561PZ911T52J9IFTJUU93I2KE3S5QJ2E96M8B'),(2391490058,2033002894,'29'),(1451133025,2033002895,'33J5KNQD00V43988KMPP849594TFIC6593QC9727R7D206G6Y9'),(2751124746,2462499621,'39U30MMB01521S6RXV0'),(1451133021,2462499622,'81CMSRYH64AZ75MXKXFV'),(3714270409,2462499623,'2A07H357JE9C89917F14P8T1184H68XV4UWA7O0882CUMG4F4LD068R4567O'),(1021636292,2462499624,'2G'),(1021636294,2462499625,'CD91AX8CY82NIK357UM7X'),(1021636295,2462499626,'0ANKDSN7EB66IZ3BPB3DMAJE73FH52JM6BH62X96'),(4294967295,2672429890,'36088QLQ'),(4143767133,2672429891,'72I6RUMYP8I3UK2Z69A75GZJL14H'),(1961993326,2672429892,'84B'),(1021636291,2672429893,'0Q0O6TW2211Y03182TJI7PVMF153XO0971TPH3N1XPQ8W6WU2W20'),(2751124749,2672429894,'16GC230'),(2751124752,2672429895,'0F5J88J8C7H2F90KAFX79QKDUD4L624T36WA7699H5NB913037XY6LP5TTO3B4HJ67833DE6DO0X89249LK808Z9B4A2TK6AE8KNZ'),(740744148,2672429896,'0H38TKO6EO42VKAV58D02Q002J99W3Y62289PQ0514AMH1YWXWGVZ01A8U83144T128H2PO889U'),(3714270407,3101926621,'03CX8WDY5NZ4SH9SSJZ0R8513L7N23Y3997KUL065SP09C8978TSJ29'),(2391490056,3101926622,'4A09P430T4NVKXVR9JD3SFI629LUI1FSEVIK48N'),(2751124747,3101926623,'ZEPVAH2N2VFO70838Z04VR24787847233XE10J14O3Y2OV0GTNRE82CPMDR6OK7MI6L1'),(2391490057,3101926624,'2VD'),(1451133022,3101926625,'Y6377E8O0NKQ269Z'),(1021636293,3101926626,'3FIA8B153FF97UHF47'),(311247417,3464616508,'QF25W7B'),(1961993327,3464616509,'XZ2I'),(2391490060,3464616510,'RK142Z8X24HY5'),(3180621482,3894113234,'99U0F'),(1451133023,3894113235,'R8WX'),(3714270410,3894113236,'12M6IZ0KS9IL456OP3YSBXDBS9DKN6HG2616P8B2ADSJ5A5NHNU95L6Y98P53269RQ972CP87AR487'),(740744145,4294967295,'3S8KXLA6P50M4VNCKA863W5JI7Y2');
/*!40000 ALTER TABLE `notificationpermissionsubscriptionlistcustom` ENABLE KEYS */;
UNLOCK TABLES;

--
-- Dumping data for table `notifications`
--

LOCK TABLES `notifications` WRITE;
/*!40000 ALTER TABLE `notifications` DISABLE KEYS */;
INSERT INTO `notifications` VALUES (221044478,'1971-02-03 15:35:39',''),(221044479,'1970-01-01 00:02:14','A70HRF'),(221044480,'1999-01-17 05:52:54','SX3WICD59LNJ3'),(221044481,'2019-12-15 13:34:05','T87N313BGEA0097E2K36VPH8MT556AY4GK2MUT15V85UZ2L01H247U82FPJQ5183VUJ590D28K64J37C171171N'),(650541209,'1999-05-31 03:32:11','I9RJ8CF1ZBUYZ351SM7FDBX8PZBKU1J5T5CV511L1U8CZBPEVJL4K64H4UD963'),(650541210,'1971-10-16 13:32:02','VY'),(650541211,'1976-04-02 01:39:43','97BBFP0453N1WI38'),(995163654,'1974-07-11 12:34:29','3333J6ADV5RBG3X812U9K32MBRJ38SGZ95A49R66AI3U174R773B'),(995163655,'2003-03-23 21:52:04','HV'),(995163656,'1970-01-01 00:00:01','160CZ997C7976COS0U4V59M6715424FXOH012FJD66P88R66QR669Y9EB398AU82K3W7S22KU224B97YAIY9M670WJ0TP7YDAX46MN'),(995163657,'1989-05-17 21:18:52','07QUBJ8G5TB0A96'),(995163658,'1972-12-16 16:37:15','017WFXTNX'),(995163659,'2001-11-27 11:27:28','6W7H7CB117344'),(995163660,'2015-06-21 17:42:07','F37687H42G5GNH5M520U18Y83Y4F'),(1424660384,'1972-02-24 17:01:29','6X1Y056DB4H740Q4I2'),(1424660385,'2012-11-22 22:02:20',''),(1424660386,'1984-09-13 13:13:15','S36X4'),(1424660387,'1975-06-22 14:53:14','A17N93372K24WO061U1IW8X2JEJZ0YX2G65OER337DQDLM1V6011UGLDQ2818C1DJ68879F99CEO33T6956W919YJ344642A28F87PX05M5'),(1424660388,'2003-05-02 19:17:11','B7PA21D7L62EDJ0LT2V69A5B941'),(1424660389,'1998-08-20 17:20:45','R5433LECDYJ'),(1424660390,'1976-12-13 07:00:42',''),(1424660391,'1988-05-03 20:18:58',''),(2104012461,'1978-09-05 23:55:26','6U2NAQ5IO'),(2104012462,'2003-10-30 03:34:34','I'),(2104012463,'1970-01-01 00:01:22','IW0D7O7ZCXJ8S15620FX0BKX970C5144036846'),(2104012464,'1970-01-01 00:00:43','R82WT5GMHRE0Z3C77TEKQMPEGVW57DYW1056Q2L1Y20E82JC49S6339JUV10BUQ2FR2H5LPQ53BZ719I6B17MOTDM5428682E6H57N6W0SU177034T6QVC2Q7M'),(2533509192,'1970-01-01 00:14:49','PEHO5F4JCDRW3P13X'),(2533509193,'1970-01-01 01:30:54','NF465JTRC141BF7R6RCN'),(2533509194,'1970-01-01 00:25:11','202JPCB215KCI885228H9BY9ZM1U732798E02DTQ1M8X10AZS5D9B4A551M07Z9VA304AZJ2'),(2533509195,'2011-12-20 01:59:26','C4WN5KR018177'),(2593735084,'1990-01-17 18:41:34',''),(2593735085,'2012-09-11 00:04:19','H0DWW3I4QXK258'),(2593735086,'2007-10-16 20:20:25','6DEM815JFZFS2VRD'),(2593735087,'1976-06-10 02:15:11','8DDZA0'),(3023231814,'1997-02-07 03:38:29','KHXVCV0LX3Q9IM'),(3023231815,'1970-01-01 00:07:12','10QW2515D8Q54723S7G7B06E61W72I90N238T5OM2V6Q'),(3023231816,'2003-02-09 17:08:03','9P823KWA92C7QIP76SN0L89NB7Z392BD60G5PTZ1HJ12069L2VUQKW1Z11M62IP8PEO8BHXD0'),(3023231817,'1970-01-01 00:14:18','4Z'),(3023231818,'1997-06-24 17:11:40','PKK7436S006J19N309ZWU3H18M00Y2Z1R9F0'),(3644458535,'2005-10-16 17:08:25','PI806LJZ37YUI5R3Q0650Y9B213FH6LD584IB2848MPFL5'),(3644458536,'2016-10-26 06:06:09','S'),(3644458537,'2001-06-09 15:28:18','64Q330CV9'),(3644458538,'1991-03-16 00:37:41','0'),(3644458539,'1970-01-01 00:00:09',''),(4073955261,'1995-02-12 18:55:49','13J5V5E17TV6YL'),(4073955262,'1993-11-07 04:46:43','Z82X66SNXWZ9'),(4073955263,'2005-12-10 00:40:43','3M1HTIYRX'),(4073955264,'2005-08-31 23:34:59',''),(4073955265,'1970-01-01 02:17:20','3T6'),(4294967295,'1977-03-05 03:54:07','');
/*!40000 ALTER TABLE `notifications` ENABLE KEYS */;
UNLOCK TABLES;

--
-- Dumping data for table `oauth2accesstoken`
--

LOCK TABLES `oauth2accesstoken` WRITE;
/*!40000 ALTER TABLE `oauth2accesstoken` DISABLE KEYS */;
INSERT INTO `oauth2accesstoken` VALUES ('0','Q1','2011-03-09 13:23:11',880638251,'095T09R5TW9M4KL03QC4T8LY9CTJD4043'),('0NLSTR5W9B96GRR','QX99A1B33UR','1970-01-01 02:21:56',1005683980,'KSH8S1C79OC68N1W6Q2TZY1H29R741IK09F2LU5FW0P008NN46U22896GA7G5FF2C8IW3N95X'),('11G5F74','7OU7S172C4Y0J8Y6T0NR8TW28Y','2007-09-04 10:54:02',928197747,'483JY62USI9R31ZHA4VQV2V56S7311RIUZ'),('1B','3Z9C','2005-03-20 09:42:12',178,'GY2MHRK'),('1ZSS695857','WH','1978-10-02 06:19:45',1761256673,'X533EM640P5204UZON213BSB86CU638GAK74SVYYRF'),('23I34','3698','1986-09-25 05:12:22',225283767,'9H4UI58WGKI4NA252K9WR1VT471XU17EX1SB98'),('284556349X','7OU7S172C4Y0J8Y6T0NR8TW28Y','2006-11-04 13:55:06',1727797060,'PCH50HD2ZHFC86Y18KV44WN73N23Z94A50K65L9X7H327'),('2YJZ','15','1973-10-21 12:53:55',1356623469,'J5G'),('3V','V','1970-01-01 00:13:49',1527509210,'39'),('417HM0','R6I7TS8','1972-05-09 01:05:57',1947723762,'HY8HMZ31G0HBWUUQ6'),('5','H25060GT4','1976-07-05 18:13:18',1370324646,'7RQ7I76YA98D8J65Z6IR20'),('6','7OU7S172C4Y0J8Y6T0NR8TW28Y','2019-04-04 05:17:37',605164079,'IL4WBO8R72PT74JP1MA'),('64O564M','17DML','1970-01-01 00:06:39',319,'Z9YUTT'),('6HGO77T02358','730J','2015-02-17 18:51:15',1863999368,'1O62B09R36B3'),('6WG2',NULL,'1970-01-01 00:00:01',NULL,'19ADN468TS34ABE944JD35204T47HP76MW524O86O0ND502GM8B8128MLS2'),('76LFD2Q4U39Y0','4FKXU05NRA795B','1999-05-26 06:58:52',702913980,'5YV926U5EW'),('8','ZZ6','1972-02-10 12:29:07',828,'2RXUI68S789LBY'),('81V4CQ69NL44878F4IB48H4',NULL,'1992-12-16 06:22:19',NULL,'CF7MFVJL316R47VSM0NDVMG2BGR2HB43CRWTA'),('834I86C','ZSAX28','1981-12-14 13:16:26',1820632772,'I9QAR6L4WKSWZ5Y84J57O3683PXG4MZ026IX9'),('8D426VJE',NULL,'2008-07-22 01:07:54',NULL,'420MOZ8YW47T46SOK4622K2365R0V0M7MJ596I53V5D'),('91M0YW3F92T3GJA','0MGRA0','1970-01-01 00:00:10',359,'H4QI65795S'),('BOR650ZSA4N8','ZSAX28','1970-01-01 00:09:33',1160011162,'PN8XDNMF1G24DQ8JG575'),('BTU8M8F8','ZSAX28','1970-01-01 00:06:00',239067643,'FAJ66AND1XT284EGOP2SJ5827C8Y0G5284HZ66FSKKS1T4H9UUX'),('C5ZGN7HT051J0S',NULL,'1973-04-17 06:55:00',NULL,'GI38B604PJ02E5AY5Z35W6F451LG3S26KCNJ662AE2780O0YD5T4EA8V5UQJ4M292CY5VF7'),('D6VYMRGE4TE7','4J7B6HZVS9X9SN','1978-08-21 01:44:00',1611170008,'6Y4EE'),('DSY','V','1981-01-11 22:05:01',90,'XY14TUQHI39COI3MG942306783J3DP9M0JE6788'),('DX5G','N79I4XGGWWSR6VNLSY9Z9AW393ACEPSS','1970-01-01 00:04:18',257,'B680MBHZE3H818FYQ6RUSH7MN7U06E61'),('EA37MC4C','730J','1970-01-01 00:00:10',9,'H50M887B46175FVU8D3M45X34P1XN62OP6'),('F652K9456T72M020468','4FKXU05NRA795B','2018-11-09 06:42:29',2013143285,'81NZD2O2'),('FDYCMW','0MGRA0','1984-07-09 18:27:42',572,'I0C9KOC6QX6'),('G449R2OXBL4YY89','ZG0FBR','1986-02-10 06:52:57',80451193,'2F3SGXJ0L09S259WP10U3GB3S3WQ7DRZCQR3D9NRFT'),('G6RD56P19H','V','1970-01-01 01:36:40',804,'WTSP983192S990XGC109146Y7089962GJNUCEMW8D3GBO'),('J0','4BA','1971-01-13 17:05:15',458727838,'INNVUS2ZX829GYYRC'),('J4LL2152','4BA','1970-01-01 00:05:20',124360495,'WFRBM520K96YX3J9TQM03C8WWA7962DW01Q4142C3H30Q'),('K9XJHJL652','5','1991-03-12 05:38:28',1115752969,'3QDFM58GQ87'),('KHF125FX857O5T','N79I4XGGWWSR6VNLSY9Z9AW393ACEPSS','2011-01-02 02:31:07',900033736,'NA9J8YU'),('KM23301','Y2U6','1992-06-24 19:21:03',9,'9DWR6B40U0N8S1652R2R5W80622OIBCP6N2LY8'),('LB2Z71MD','17DML','2008-03-26 10:25:27',1829061585,'1M2I2UJG48F919GAM7CF75H'),('OCATSS61XZZW597C0T4','Y2U6','1977-05-27 06:29:21',368344763,'730AJ92V0'),('P16L6L58','N79I4XGGWWSR6VNLSY9Z9AW393ACEPSS','1970-01-01 00:01:08',67,'4F5AJ4GVTAB3U0ZZR9N3S31072'),('R655A65137','Q1','1993-12-21 17:07:12',70,'QQOYU146665KS5BY51F'),('RH42VF8',NULL,'1983-04-25 03:29:01',NULL,'A2ORT2WUFP080'),('T44S21XEK3CYKJGJO38QF2263ECR30254GTL','QX99A1B33UR','1970-01-01 00:01:11',1249588016,'7G51E1E8G6FA43E8MIKYQ0'),('V3VY','3698','2002-04-10 05:19:51',398,'19X760FY979QV7B197QWISWK6C288O9953N9ZU4'),('W6E','15','1970-01-01 00:13:25',8515,'I4OB8DA3O12U8TV78Z2HU'),('WAQPJ','K0C14','2017-10-11 18:04:11',678336921,'D49547VLDZV3D478WU61HE8FNE6U5X8UMZM11O83KO3O6B230'),('XS','QLF2YWB1E275MJA','1970-01-01 00:02:59',930847215,'AV6U775D62G0'),('Y8','R6I7TS8','1970-01-01 00:01:31',1226884611,'8N8476X2N2W1M24VJ8687I2WXYSV10178Y4KL136341AN424L16Z7YXJK2R97XEBV97D21DB5P8P0XE84NV942Z'),('YDK6743TE','QX99A1B33UR','2010-02-03 02:23:58',785383668,'G50OF'),('ZQ0SPX661NPM9499TN8','15','1974-12-14 09:02:57',469370341,'3GZ405628261Y');
/*!40000 ALTER TABLE `oauth2accesstoken` ENABLE KEYS */;
UNLOCK TABLES;

--
-- Dumping data for table `oauth2authcode`
--

LOCK TABLES `oauth2authcode` WRITE;
/*!40000 ALTER TABLE `oauth2authcode` DISABLE KEYS */;
INSERT INTO `oauth2authcode` VALUES ('0133IM0D7','K0C14','A','1974-03-01 03:28:12',1038643133),('0349PF3XA','O68A49238N','4GVF0YHO5IJJ4PB68PX5TZAMSO30CF3A94','1970-01-01 00:06:59',418),('08U','D','5A8L2EJ1I47003I3V8OFD5AAJD945U57OQIZ2S5T','1970-01-01 00:08:44',523),('11P1H6','0MGRA0','M6W3HRV9GTU3XD35898','1975-08-12 12:53:02',1726015520),('2','Y2U6','QIRV7D15KHEC9292YHV7R38469JCR90063EB1K3T35TF837F','2006-08-03 07:48:00',1395290630),('3','7OU7S172C4Y0J8Y6T0NR8TW28Y','9UY305E5LFXZ18CWQ8702T2PETTH1F9X51PD7Z40GA5K23761073','2014-05-08 14:10:01',1426251938),('36LX1G',NULL,'U','2007-11-16 17:29:18',1144883532),('3BCSI','CP75AA6F90PN','','1991-03-24 18:54:24',243625788),('3HA2DA3','H25060GT4','BFBUTCU182QV79K6KXQ0GU41G5660O4H591095V9PVY8TMFZ3HX','1974-11-12 22:19:43',1591371438),('42191BYCNI83W','5ZXX07','W0G3683HOB4YC9EILAPYVS3U9B10IAWHL0W20107778','1977-08-18 10:14:05',423059967),('4769T6YA','F71QP500','B65XM21GN9AYE09M0MC42CM7E','2011-11-07 18:15:26',1455414130),('4F8','3698','5NQJ5GC89R0A3SI0OKO5YQXATJQ00EO17JH7H67H0','1987-10-13 00:37:33',816780372),('4H','17DML','D68CX678OVBQCE88GT6204UC01U791JLDM0GD697X3GD7B9PZTVT3KY08MB02NM7EV18S5W8PJ5TWO043','2011-06-04 11:32:28',2033003020),('64','3Z9C','67R9ONV4PQD77Z70GNS9V465HRZL5Y7QJ85U3V3B569TOK7P68GU4','1972-10-26 03:40:00',1058356531),('7','43T93X2Y37P','FI20OO8I3N97C9Z4NVNUX2','1970-01-01 00:00:02',1),('71','4J7B6HZVS9X9SN','48P','2007-02-25 09:59:27',844163263),('73719H575JAER2T','Y2U6','4KCR45A5KI53S464U8NN','1993-11-28 15:12:36',1482532643),('73E0OAZ','R6I7TS8','OMLQ5YQ5964UB56S492APT7UV306C56QC423XBH7B','2008-07-22 12:12:51',2121436401),('791Y0',NULL,'77M49YO073M28VE759R9D922X12','1970-01-01 00:00:05',4),('8013','F71QP500','15BS163T587VD421E6GC72N3676RYW574C9EG3','1994-11-26 22:12:11',18894660),('8EJ288514J1LBFC453P4PGF8','86QA6','5S9P12R9Y1NR477HJ2580W8YUX3ZX44T9EPQF85BWIH','2015-01-17 23:38:47',396047162),('8M6','94L1X','XVRN0B17KLLAXOZH2ZO1D7243','2016-08-18 08:10:52',394857502),('91T59X','QA0P1','LGV23VCKCS28483E19PQYTCK2138V40A1H1Z49X8YJA3YK7Q635EO1BS4487Y7F39VB25O2HT6QK41','1993-05-05 17:41:39',541809661),('9390YOF69703Q951ZZ556','QX99A1B33UR','C1GK27U','1974-06-20 15:37:48',793878142),('94','Y2U6','574I8Z1O6C44402','1975-04-25 20:10:41',523064782),('9Q9N78','H25060GT4','','1970-01-01 00:00:18',17),('A257S','NV550V3Z1I','WID9M1T4','1973-07-20 12:37:38',728318893),('A9T24OM',NULL,'0M60V4GQG3K4X0Y92','1970-01-01 00:00:10',9),('AG','IA77S','K6F3836EXS36E8V9MSZQ56','1970-01-01 00:00:06',5),('AQ','31','M8H','1993-02-26 06:03:01',549460844),('C5','N79I4XGGWWSR6VNLSY9Z9AW393ACEPSS','NO23','1994-02-16 14:18:14',164070814),('DD23H8AI4OXH83','6','4LM430Z777AQMPS3IU7SJ2XMFG3FEAKZ3H','1989-01-05 15:54:57',461109425),('E','QX99A1B33UR','36HE895AVAUT3B11V2LS3B0O11ZE4MP5Z49V91QT0N6F2A4WFK','1995-06-01 03:35:33',117898824),('IT7','ZG0FBR','','1974-12-03 01:02:32',1041562607),('K0B38U96',NULL,'39AIII3LE13228826SD05N92O542O0TK1BH3FRBFGQ','2009-03-03 22:32:04',1225364279),('O2','X206V0Q','RW','1971-03-19 22:16:18',936885850),('OA08V2V7M','5ZXX07','5SU6L4J4K9945UXT5J6P7V9Y3','1970-01-01 00:02:56',175),('P','H99N6','','2019-03-04 19:01:42',1161957485),('PZ9G63JFY','86QA6','L5K','1982-05-06 06:16:54',817281063),('Q70S','ZZ6','K','1993-10-09 04:20:52',1318166530),('QXWLIL0P6FS1AJ6E','3Z9C','28HX2TP86','1989-05-29 10:55:20',997615884),('R','X2HTLR0','','2019-09-11 22:07:18',67293100),('SGOTQ','17DML','YI0A9D76NP2IFQF2XZFN26S222T59KXO8O3C2G8','1970-01-01 00:00:58',57),('TL','W4FGM','I','1970-01-01 00:03:17',196),('U1','W','','2003-11-13 04:28:44',425485668),('UAV8819D013Q7UJ2J','W','333T0OJBEL59SO98YVCLQ4I93C86Z6FT93I','2005-01-27 06:54:54',772815036),('V','R31G34MQ2O9PJN0B','DQNJ6RXM73K2141FRZ','1970-01-01 02:14:01',8040),('VB5380IK98CMPA',NULL,'Z','1970-01-01 00:01:09',68),('W2PB1IC','F71QP500','17CF58E724OMNCO9050704U95T43Y18K428649XV1MM74','1984-09-14 02:38:57',1321367408),('Z','0MGRA0','','1986-02-15 00:54:09',131998457);
/*!40000 ALTER TABLE `oauth2authcode` ENABLE KEYS */;
UNLOCK TABLES;

--
-- Dumping data for table `oauth2client`
--

LOCK TABLES `oauth2client` WRITE;
/*!40000 ALTER TABLE `oauth2client` DISABLE KEYS */;
INSERT INTO `oauth2client` VALUES ('0MGRA0','6QVJQJZY30J9T38W57UOQX72A226B307XRGCQ5Q84HP7HDJ6117WAU5OBI6JHR89C538MV1H6N073S2775J0NRJ41M3SXA3','7F1','R4366786J77XS7L2G1DJH64V00','VO',2),('15','3C68BH8NI55M26J6G1','8E12K47M5DP2Z9','S2Z8949J60','YZUGQ3BL6B1CXG0MYESA5907OLXP9YP8',271922463),('17DML','RXF0WL716P652','G3YK8T','WSO676GGSD0F9T0B521106H156','6V8IIO7A67738HHO3FP2V19M5YA36',590637973),('24','3LKAF73SW1RAW9EVX34KR4C','DN19V290QXT09ODAH0Y6V11303ZEES83U6M3CI9FB','Q4K125E5146','HWO',431781645),('2X','ZI3HK2NK633748W1AI66CLN','70','1M7HLUZY8K0AP55U506N64O','7872E76VG5UO50Y6373J4B0E70QSK18ZI5EJINJ0',953590324),('3','','D39VTQ3CR65468HRB198CC','241J2V6J4897565R','PW4G8SQCKGAH551G5P03D1PQ',6),('31','94','','LHW14J42XK71X9RK8F6WAF2012E08D2M8910HO553MPG6IQN4OJC44UATLH4F756','WR4DFV8OE8ZJHZZ35POX363',845726048),('3698','ZUL9BJD6CH3H0LQ202046P16IU50EV6NPW1Q40S9A','TZK460R96ZQU60U285RVJ6MJ70Y5M4A28A0MN03C33G8I499GEE1ZAA9B8DOA07428HLL88X1U0PKJO9OU46G5I637F57','C6H','U933P3Y42924PWUYN0666XT30SDFZ64QO',8187),('3Z9C','2D7NH4507WXU7DQ','9G7E982C31SPHHC26BGVIGMI3OF8406TSLZL68RCU48ZU4132C1B91QPP1FU6Z3A21OS94MXMR94K3OSY1X4OU9S403942HIO47CC84SFB','V9H89Y058K4J2H771ZTOJ5','72LTUH3OFP0XOIT4822L3N19O6VY71998YP93YNF64P4096TJZR',1458115778),('43T93X2Y37P','8GH505Q7L06Z29J7847P9X2P6J0WS9ZQN52HKCC3DNZC0FZX5I05448T30JV37479PPY47X899XFB4F657FZ8L5AH47','IJ480465ET9BIQBZOPJ6NL393KF57CX09D85IA31B12YLZ10NNIB0U98W297F5J2NQW055L9MZ6W846PILX22WJ2SS0Y81YW9YC46W2','5375F69','4B85U1W6VC0SCHV4J7S89C528JD3CP52873RFZ0',1146155333),('4BA','0I0Z9J72F535243Y138JS2KPZ6RX0EI7KK20B18AGU2YJP2VV8P94','08OODL64A61ICR1H96QPF3','W50TM89GGL0P811','Y67L2WK0ZZ3489EG62892370F5N7N7062V2L1917PVXF0I586292R22M6HP0WS',4875),('4FKXU05NRA795B','1367UO1A7IGI27OPE9329O87TGZE5T8I2M0WMM174R2UGS9PKA9GNID41BA82R2B','A','OBKGE1H0Y8907S0I6AI12PH','QH7Y90FO4APHET7CQH4LS8',1221130678),('4J7B6HZVS9X9SN','4JZERW435Z1OB1H','MMI4L70','8E9','WT57S76VXU9N3VU5K',1117648511),('5','LKQRPZ7KNZV47OIEV55T1N2VYS08WS15H6RJ02VBW4M4724207DPU20RMQ8DJY9B493NLH4889S565S17331E0B187G85D30669','','24X82CCC3OLB8JI5F11Y38BJ2','7264AIZXS4I8199G625CVY37B93N59I7LMYU332N3LMY83KF74',89918813),('5R4V4FD','347O8KLFC02XJ74OD612GGSB80Q0UZ4','8067WNEZ2BYTNC2XH6WBX872C6A63S','XNB','12OG57S6Q',1804094376),('5ZXX07','CWK9QV8AL8QTKKECZB0NF7UAS9','HN818QFPML3JD1TDEUT93W6XQX72277O6ZL','MC6MD97TQRT3IE17PW3IONQ9GVQNW18','Z5EWS7BPZXV1QVH051R5912681OIP3880JY6G7',312),('6','G853C719GPFU71Z89J50739020UR3246EYX6','Z','J74BWA4HN768ZOQHSXQXNW49U94V1J57FH931V3TN2E6J6ND7G7HCSA5QJB00OB3X2WBTWL635427PG108M6BM8','2JE4QCN',779686584),('730J','','G5KA9VU08366H7GNBHH2','64','667Y36R7Q42I36770AZ588WN5O',1329000087),('7OU7S172C4Y0J8Y6T0NR8TW28Y','8WPAI7ZR1CK3577PF2BID5YDJ7VY6K35N8YKU2U4PL3S8K','','1YY38DLED5IH4VADL2VE669Y33Z9N1','8V4T4IC1WYYGG89UE61DBY170VESF3',1961912717),('86QA6','36NVS90V','DB0','5551','R9P682A1KE101L9C6268KT2F5A681Q912A59IIK9R1F929E9H5406HMY4GRB',15),('9','','79LC4CZ6KMBSBLHIG04TY7HQ7RP62RN4E3U853NT163224M1K','46668I','Q2O32LQH',284510743),('94L1X','FI06M7E4R499IO8JQ00V3N9Y6X184B30M3Q33S','Q1FMY3OZQBL2SEG','36X71N17XL2H23011LHOW637146X1B1HYF15TZ','VA845I78XT9G1R4YWDNXUJ',1816596677),('A21P07R79A37D49A2G5WESK15F3','G95A6ZQF46Z57WH7N5E6ZQ','7LMB71ZK738Z6824R7L5CRP19','L572','7QVJ323YYM22462I103BZD8PE0X5',1005196438),('CP75AA6F90PN','077CDN96','H6051I3F08','0RIZJKUNE5Q28B2BD','HOM5W',4),('D','07J1BBYHRGR00866D31O1NDJ75WR23M5BW3W20MT0D52876J6U','7790X424I63T30W5N5T2W866J1','12JQ9RTR88013535W7W93M2W071E6C34I2YH46Z9IM','4MN9JAVK3I5M8J2SEJQ0',29),('F71QP500','Q4','9996I6U02','UKW5T','E00Z7',902637204),('H25060GT4','QXX0LZ599IOF7981BYO5DXQ9','953C6MVII4UST0O2','3HTT75W61286TH47FOC2','96576JV',222452961),('H99N6','','4XFLCG3AV7KG04J5A745','3U9Z','AJ3B210V3ADY1DC8XQLH485K4UOZ',475348952),('IA77S','V294EWE5VVJJF327I7LM2UZ3FLO3T95G2VCQW9W6PY1DJS4G19LL1G8P6C1CC8D8C494270U8P4','P7KO5DA39','2CFDW4P5UWE074A08OI577743T9K5W18EBPNSD82Q6I','04V11J3N',134),('K0C14','M6C0Y3','5B7G4JW8D5G98KGJML5496568LASAI96X7UO544R0JI17LHR3ZZ72P78YKGU03JXG9BI7B72BIK78A3OU0BCGCKXP6RY955X9PGS2HD5626AW3197U996N8177UC9DWE42G3779V8Y6QU6W2A0P45','7T29857D1QQXY8KA5KI8L','G265LQ56TST3IK621S72OO2WRM5JCAWT24JK035P5S59XJFY8OIXU9P3T1423U0RVW6I',5201),('N79I4XGGWWSR6VNLSY9Z9AW393ACEPSS','IB1NTTB80LU','166Y','4Z0H9VT2L129ZP4X4BPX0N17MZ22U952R8X26USQM31EK54KQ6O2DT7N559100IQBV5H17K2A4PQQHNZH16AB1QT7517NKFDSY','CL1IZ6H39',682166873),('NV550V3Z1I','XZ305X159945L03','E72P','093KJQB4W6T137XE','XO893WO3B73ZHH5N02731',17),('O68A49238N','UMWEJQ27YH356M5659949720W2Z6FIM40VT0FSHA1NNAXD5G7ZP2A29V28G0TSW049K5V069J08G55DE95613NZGQ9ZDUO','58PSK9UFF97J1S61SKB00ISCQRQY','H338SKP9EK6CXW29','KMS68Y6R8Q27D2Y5NJ2GD88V6M99ON0',2003196788),('OCN8JMC8Q8QGGXO9','1DRS4FE95N92A4F6LCZX69SJ0GPW20V2LC5M86833W57N28X28P6Z4C1THVD857','3745NUA','6PB2B0NBJOO','9Q7VBBI179UU77169HIO1M',547),('Q1','97WLEX7GSWO778EHUP2','89OA7ADEWH37871C170N9QJ7UAJKMVZ6WBGIOS06XPK2UFL3712TI2B85WN3211640I426O44R1OZDCTCN03','02M9HMU5H66B97VQR2W91ME4KE99G42VZ9M4SNJHOQ7S2N2K9T9129A5Q8D8O62L7K263','3V373018W500O6TVNUS',50),('QA0P1','54MKWCA5Z7RX1VE56074BVP9G30TP5N47AL6SJ783205E45N10O5473W68V69Q09473G2M4MJS95XUWWC0TXW915O270S36V2DO6KQ901V7U6','','7U3137WHE0EJKH83GGGM96UF6S9W3F08S467637U6G5S63CZ6F42L9BEH1T7OQJQQ4S97O1YX345026RRP69O3T94BE','HU5S14BY106454Z4NRD',1894419252),('QLF2YWB1E275MJA','379BZ79OQB2V593NK81OF04VC59RE3UHXEC712I6W9U6D027K7UQM42M5U353E601214896FT9H11UDTMB37464TO0GD33P8D339OTUT0KD4VB5BNOGM2U230Z5E3S019U18X17YQ75P51W6W91F155FO','BO2B3MOVK0FP','RX0JV77GS07X','J87G1R83858F8265472OQJ7O98U6506RB6Z5C064',723385405),('QX99A1B33UR','1ET8VX9R76X794ISB3LSZL1N40UYT6Q82Y01VQLF5MACF','R7241WFKZ44T05A3Y4RK90B482YED64YDN384I6X7D0222Z35783','6W4QS5VPC','HCE21Y',1379588044),('R31G34MQ2O9PJN0B','O81DMV67Z79PAG6I423NN4','','EA4','37A91C94R3WTR0T8G6C7HEJ',1443583639),('R6I7TS8','VZ7049JNJ05EUMKUW5U4856X6QW03','B9YZR96E8S2','3O32S0853B1CZ324','V26K7X88ST7P83',1511185333),('V','Y16RM037CF','4E81Q930NK14','229V38998','6BDKX7S4DOA09',1414415153),('W','S687348U7TGURGT8IE5W8EAGFT994CF29Z9RIIC52E5944G1','UM2I0MMBR5PZQND32OL3N7FQ3X3ZZ3YZ3K','XZMC8J5X5NUIE38XWR2E32P4Y2Y22JPR0','895',304974297),('W4FGM','NCJ2PUT21ZO9I7X991OJK296887BOTE1OXQKF171D3M9AW4XV0AJ4H51Z21NP2GPO8EMPJ8E2W849B232','76G9N5OBJ0459V1845Y1VUO37UU05695U3','3HI35X0I949N9Z32L8C0B8C63B5N0S2498ZP7X28','833ZZAII7557XXXEZ852HO22C8U5W7S368H57G6D11PRD2CKI4951V8A43J4KL0JH3XD5B2BO2C6W4R',985971952),('WH','01OWI7','0M748N2R5I421AS4M5HM9M80U149O89O6H4FWD1S879LI0Y0HK4324ZN','0WU3','5KI2L0G5KAFE58KA611BG1S5J4K2JV358Y62MG18N14396MW6N826B15570L022ML3Z09F112QXK38565H2OA5',6),('X206V0Q','5DTJIA5DKS7M1158EAA4I891JR6J','QEBG73J6T5VO11E54W8WH365FUJ5GOGOO36AD94PXBC3DD3TA717Z0NB2C5H5PO7P761AE8Q4KW7CZFEA6HN55YREP678AWR7GQ9ZKD6V9ZDVPHU42374U2V1550FMOTNJ5','34H51WU2E2Z24K3OE0020C3NMY8C1571AJU416U','446',484603952),('X2HTLR0','I8Z2T59976U6L','46P8O85Q88CQU2X2ZVQDK763528E','5IZ3189TLWFZQC7KVE0WMA0Y9O77VLT4PQR1KJ9XU5G0H00D9LNZ84AWN590XY27CY95S37EERXFJM25HH3A89O5RFR2H4T863JSV4X8L8168606912G0V034Z10XYO0LPY17','6DU1248F58I99N53TH0O6D7666T6FZ6V',765928088),('Y2U6','43M63J3258Z','','147WO94ZH65CE054I54DHWFISCE9QIQL4992G0658','2M8864OT1JQ05771ZJ6H547M2Z6525CNJZ25XFJ65779V505Y0S7HWVK95CKE24R7L787W5L1U49X815M9UIUL1887811XRYOR96Y8K2YIY2BBUX8889NBSCQ33K30JEJ40775Q3R2B2J5',725),('ZG0FBR','8D367','R03QF00P684B6E3W93ZGO6NMHJOG7Z23LO7715RWKB9QQ0MVI5X6C89GCG8MF99B57L3RW4T9YX5VN6M84J','8H917N8T0MP4654E3174V617SFN04QT','6VLNXE619R3JM3X6130378O4UF09ZT8KT8149L3Q4NRHMWVM',2137096817),('ZSAX28','3D0A2KE8XI7','579N79A9JNT053','3250CIF1037S419G5P58C6669PCX7A0F1076SPC4719L8','9FT2008O64WH378D1PN6487PLK5GN40G7Z889BVOU000Z258N05Z1464T',5),('ZZ6','HKJRK43JX3BF2M99893RQTQY1R28M34WWTNLKZ15U90S27OVPKQG056H8U7A','920X3XW54CJH0H61','688LLG9EYK39EON66F0BHFSR3IYN','VBQ42JCUD4B4',6);
/*!40000 ALTER TABLE `oauth2client` ENABLE KEYS */;
UNLOCK TABLES;

--
-- Dumping data for table `oauth2refreshtoken`
--

LOCK TABLES `oauth2refreshtoken` WRITE;
/*!40000 ALTER TABLE `oauth2refreshtoken` DISABLE KEYS */;
INSERT INTO `oauth2refreshtoken` VALUES ('','1970-01-01 02:28:40','YDK6743TE'),('0S4S34G1','2017-01-10 15:21:48','G449R2OXBL4YY89'),('1649V','1988-11-05 04:04:12',NULL),('19LW28RGZZOC7','2012-03-03 17:34:17','OCATSS61XZZW597C0T4'),('1GQ67168THX','1970-01-01 00:00:04','KHF125FX857O5T'),('248U9K9O9PX4449A','1991-08-20 18:05:45','K9XJHJL652'),('2I2V9','1984-04-25 12:46:05','EA37MC4C'),('2IW5N','1994-07-26 15:08:07','P16L6L58'),('2U015WQ','1970-01-01 00:00:04','FDYCMW'),('3396','2008-03-07 00:16:47','1ZSS695857'),('39T','1970-01-01 00:53:05','DSY'),('44RT','2008-12-30 17:22:51','76LFD2Q4U39Y0'),('4BSUDHN3LK31CFY66','1971-06-29 04:31:00','LB2Z71MD'),('581','1970-03-30 17:07:24','284556349X'),('6','1988-12-01 14:55:15','6WG2'),('6557NY6','2004-03-30 13:20:27','5'),('6B','1973-03-25 05:50:15','RH42VF8'),('6F2ZX','1990-12-08 06:30:01','R655A65137'),('75','1970-01-01 00:00:10','1B'),('8UR3FQ5O92O','1989-03-06 07:55:13','DX5G'),('B','1987-10-07 00:22:47','0'),('C9IX2ZFOJ2','1982-03-21 23:48:34','XS'),('D683','1974-01-17 10:44:32','C5ZGN7HT051J0S'),('DL','1970-05-16 21:21:21','J4LL2152'),('E191D40614929I3','1970-01-01 01:36:10','8D426VJE'),('G','1995-02-05 20:23:45','D6VYMRGE4TE7'),('H','1995-12-17 16:17:41','91M0YW3F92T3GJA'),('I4Z0','1997-10-03 00:05:30','ZQ0SPX661NPM9499TN8'),('JD4B86','1985-02-02 04:36:37','81V4CQ69NL44878F4IB48H4'),('K5I247KD67','1995-04-21 12:13:28','F652K9456T72M020468'),('L36TQ62M4M2T88964','2007-04-27 18:16:43','11G5F74'),('MJ6','2010-05-06 06:26:52','G6RD56P19H'),('PUTZ','2016-05-17 06:32:12','23I34'),('Q','1983-01-29 04:18:20','J0'),('QUO','1970-01-01 00:14:42','2YJZ'),('R6O769C6','1970-01-01 00:03:45','KM23301'),('RSI','2018-10-29 01:10:09','WAQPJ'),('S69UE163R8620K','1970-01-01 00:00:12','6HGO77T02358'),('SO','2000-08-01 21:37:46','T44S21XEK3CYKJGJO38QF2263ECR30254GTL'),('SV7IDGWF8Q1','1970-01-01 00:00:03','0NLSTR5W9B96GRR'),('T51R','1970-01-01 02:14:43','6'),('T5A','1996-05-22 04:04:07','417HM0'),('UA0','1970-01-01 00:01:02','BOR650ZSA4N8'),('URL2','1991-11-23 16:49:31','8'),('V','1970-01-01 00:11:31','BTU8M8F8'),('W865MZV','2011-06-09 12:24:36','Y8'),('X2XB','1970-01-01 00:00:27','V3VY'),('Z','1990-06-09 07:51:22','W6E'),('ZNS3','2013-01-03 11:54:30','64O564M'),('ZQQ5','1970-01-01 02:30:15','834I86C');
/*!40000 ALTER TABLE `oauth2refreshtoken` ENABLE KEYS */;
UNLOCK TABLES;

--
-- Dumping data for table `oauth2scope`
--

LOCK TABLES `oauth2scope` WRITE;
/*!40000 ALTER TABLE `oauth2scope` DISABLE KEYS */;
INSERT INTO `oauth2scope` VALUES ('029K302N94Z6F484T6GAB6IV','K3'),('05EI301QVABD35JUAI09KRXQQ84522XE6S87V8N164REAZ1I86KLL1KUJ273Y5FS12333YH6116','5A5V49GNH3314XW3K2'),('0IL72BSYQ6D2V1PT3BM2','HJJ45B3MI1EIL3LJXU856UI60'),('0U75MF4967CUM5QTYPI8','R2FDMEM39EQYCS05WL5IZQE6A61PASTLRYVA02U4H0JSOY4B6049IDOC84LF1CF4F02K6JS0OSLOM4V90DS1JUVU3WHP0K9IDDRV9'),('0W48ID1E122432548J8Y0C26HT94K7SJ670842N75NCL465642B423D6U382B','E93'),('15KIS5Z9B0A827M58XQ6E54Y53QW7GLI7JLB300N89U','PTIX11O3XJJ'),('1S2UC6','NGL6RN31NW1L08E'),('1Y0S31VQ','RCFZWJT8T547X29E2DQ6LRN28GT5F6TPD2'),('2185Y690','K117LH2EC81'),('28K22675VF0LM1E4Y2Z4GEQ6MDQ483U7D966OO4D0','01FDKVU2SNJUKQH291GTA1S222371Z9YA70O89E65V793U6OE596'),('2HMFM63ZG621TAY4','AN28FU8M47P4WE71SL1H9771U9D367O6'),('2V9','9Q0PYK640X73G873VG'),('33',''),('3N02X8BG88H96OE',''),('4806J1433DB7013T5D2T29OQEF0F716NM75633D0Z8J5T9125H41S7RB1FQHBTK5DDCG902',''),('4K898DTKEW63SLCX1XRD37EDSKW4Z2147','1A7203'),('5OG94','0ZO8W'),('5Z6YQGN4W3B919LN8P54U8WV4WH97JAS2WNFOWN24921M8VD2TN590','7XY2HB5EJ0Z2D7K'),('5Z9A669S0M7117L52I4513MW3F0P1C7H','7P9277TG92NR55T6EA9295ZD8898C8674ML59'),('673882X721589CK2F1918DQ8HZJ3','D33ZB3EV510I8804QD81NTMH'),('704R0836G5086HA5D7Z0524929','488'),('70CK9KG33V62UD','0'),('70I27','6I953688G2CW'),('7N3R1I5047KD6HKZZVH1SX30802741Z6BD6129T4F326IWI41AW3W6K3SD4WX54H1L','43W5TSPD9'),('8R48S96','IN468R7865W8OAK500W6W3219FE9B68AGGUKW9EZ64XPE08XCP1YI75LQJ3457D2NYWIO3936YFV189J51LSB8WPKC87J06'),('9D6W2L1','H3HC0'),('A161QU05G9KAN9430P4R9HU58YL6D','YZLVWYHD1'),('BAQ45Z0H6VPE03AEY11V1M17050QCMX25CYQ40606C1','GLEJ8362SDCM0H9E77G2'),('C','B5V3'),('C31B47I','479NM68T35ODJK929O39PA7T7F6FA61P06ZN5'),('E34C831F','27'),('E93T39M','265P13X88X743VP82F5T2D57T'),('ETK5BWLVKPCVGGK5BP22JKWS55Z','M47JWY032WB63VQ1930KDUZ264CJ0U24XB97A16W32IW1K96'),('F9OT70JWPS9L8I678HK25I69L','4H8N'),('J9A68','S66L1'),('K33T1N4N271GK4G1','81X021MQJQGCOJ5X1K3B81K1UXQX607Q0GXPO4DJ2UZ4S7O6549SQUU8'),('M9J913F7U53C45JZ6Z09CTC47','U7AR'),('N4725V2F11F21348868EY1S924T50DWQ','0PR897TIZ8FN4G1IKA763W5B03DV912PWVGLO3DXKP9360LJ4993BGLWTJK508G3K5H5Z0H19N8749N2NL83HT635GDV935Z0714SP6284LRG3Y69E4DVY997Q0TGS5I7L251C8144'),('PJO2WM80O8','IL8VO0'),('PLG06UK13QTKDK9E3L7IVRM87YYYDE969RF4RY20SLXUN635839UXWT9','96YE2JL'),('Q3K81C2590MYO29','8UR7O7TFZ3TMUZM18M4C682L273P59A'),('QQ00CQ2S7OV1BT57X486O859N78I39942788L6L84X802BD1974Z3C04Z0Y0052ASFHK94DBL','F5H62DL3Q5912I13AT9Y67Y2XLX94UN183W3ZY9'),('SN1748687RIOUN231Z9KXRTY','SIOJI9J69T4X8R6R043ML59545E0YE55Y0P05C32288ZJPL'),('T1WQ2VF03YR8WGBEZ2W917M7R2','G9Q04'),('T813AOBHR79','891JCZQ5PO3X8W2XYSRVHCVKEPLD0I1WQM6LVZ815ES991LAF275TZH551M6E1J8R80'),('T8FE5P604N20SO7L7O2DTO10XN12187W9ZGD','1KWV538G7WWNM95E6LOAA1A181F1PWS1OT307BIA4A9C8G92LN341OB550G7CBUV7DL758W76LBE3A8Z60715S2WN9H7D49DC26M238F2FR827QB7IBN463OGP3HI3JSY9923D2LOG5O8YF2OL856EY2430P97ID9WMMH'),('V057256L6WHY491TQ46BVBRX8C61250P394CBYZ079LU52','647MGQYV1139J9G0CX6O'),('X15M6OG32D8HM71FJXD','016JM378C58C60KXVS469PD2K8GJV4XB8E'),('XS2W0SN785C9O85R41FIY','4O944XF8QXY2YL35150'),('XU170ZU5VN6F32Z2A5V90Z04','SVG22TAR7J206YVU96');
/*!40000 ALTER TABLE `oauth2scope` ENABLE KEYS */;
UNLOCK TABLES;

--
-- Dumping data for table `oauthusermap`
--

LOCK TABLES `oauthusermap` WRITE;
/*!40000 ALTER TABLE `oauthusermap` DISABLE KEYS */;
INSERT INTO `oauthusermap` VALUES (4264255611,'SPX9ZYW14A206S1VDH','0DL9837Q9252SNOU63N5HNR'),(1738646892,'Y1WZ4SZB6YEE8W713BX97U01','0FC09JG1R1SRC2PP769GE7XN6Q432IL949VW01O31H6TPUW7'),(1682083047,'Z73271GS58200','12X3R8M894HG27L88A03QU6D7GE7J9MBBL548U7WSAVZ6KKM8L2N5C196A36A81Q9X7KSE0M68NKJN'),(1682083045,'R','1358FDP6GI3H4NOOIP94W8D60VGOPEP4CG7V13T656PCK2060X820V57J9OMLV642TWHZPU6PD6675'),(1682083046,'H2O848ZKN5VMI3686O000H01','1ZK5W1AGP39MNKV20NG76'),(708467092,'U1U3J4ESMNZM1U990U5F8F0O5P8STM2S4K6V0H8J69N697QIBIS','2'),(2859193002,'7I46EVZ8UI4X25V','27XFOP5W1137684E843TBMTS0523E6N849WS0G20'),(708467094,'PVU030N7VL2FDN6','2932K76BCTV85C'),(4264255608,'73LBDEPJ17L49','339F4MP'),(2168143623,'0WD5B2IY','444J7U985423XT1VN2UUS848MK7D'),(708467091,'YXG091DV67H4A38M896O771W67CK1D0GP0JHF003T632D40272IJV777U4W1','50IW7937727QH9M8HH'),(1252586316,'K6F97BDZP493G39W7455GWEPQXN4VNWW2','58WM8CD1EMK885U4TCHN2I94G8L3Q91TZKK3953H56764LE80ZV808B859A63X3V'),(2859193001,'88A50O6B9C06T9JFVY49HJ7Y8XQD3JGET1XA7CSI8','5D2L83W697'),(278970366,'5710F5C6HG0QSCI430505L8H0K655IHH883O6','5GM61RCC36V1O52HT88T4'),(708467096,'QJE680','616U15K782MGTT'),(278970364,'1JF29F4Z12D1DR2NN9644L5002743Q9I9OFURK9F03Q','68G24L1N8VSC4WADZ4QNM7W350M05I6FW88101C2VY08QTMG2SG40U8L9SD495E9RS30NC357R'),(1738646890,'2ZZCX','73IK2G51QM60ESRUI8EE0CA75NT59SU5U59OL'),(1738646891,'D0C3ZJ869P1X9225G6BL9VJA','914871C9TEH0Z7M5ILR13YUD5FF3J1VH62C90'),(3288689735,'3G1I654CV0R5DT4W96M','BYE6'),(4264255609,'4OA5136U58H68BB0467','C9'),(708467093,'39GB827BO72','D86S2SHD8S3E'),(708467095,'AW752NTSRN29Y11W7VQ2','DM387T'),(4264255610,'QBT5','E07M3EJU407E8P51312'),(2168143621,'10Y79Z3638L0T3Q88ZT4495BS6M8JHB9LWS19YGYV52NU6AVG3R771Y900IPHK4','E6PEBZBWQWL7'),(3288689731,'NGOW506Z1OM7O4U4R8Q1H2U840R4D3S59HDHC95503Z049Y6G6ML3Z13','F5248K8T4220LLDK812P778'),(278970365,'8MBV03UPWAGC3216I21VW448321I37X142T2W44389K71951XF8S8H5LMC07N73CQEN6Y5N9M43M6S29D32V3TKYT34XDEIBABT0W1UPWCF2RF6O3YHG82CYTF','FD03BU'),(3288689734,'7DRO16636PIU24H67GY15SHN7X7Z0','H4M170R6U65TWQ2L03ENQ9Z0CO55R6C0V273791RJW0L4JB8VQ0G725601Y3170B2SM97L5W99F6049EQ3C5'),(278970360,'JP','H82JSD4'),(1252586315,'KU2U5UTV0BSNM31JFAW','HDQ64254A092X0V'),(3288689733,'6O42JK9J','HRQNP4LS8631IK6A09U315E7QCD44'),(2168143622,'5EX1SS597WH35VB352002ZCMV5427FR29Y85HH815VXRLZUA5','ID8666'),(1252586314,'E3M0W03FONV0O85FR9HQ5','IG98TC81T96U41083A9O34ZCKU225T1OG9046S8LFZS41B2B868010WKES6F84Q7CEJ31WT4HRF901M4HV03ARO44JBF7G64ZOMVKJ999VC8TIT5O1K9OHGMIKKV1T006HC8VB6E0WUIF5NA135AP'),(3288689732,'F1N2891FWSQB92A6W801P58J98RX0C','K0T6QF3VX65EVH9ID72318015'),(4294967295,'22Y4TB5IUR70IN5N05UKLD4A84TF3Z','K15S83CV29SCE99L'),(3834758884,'7U3W818QU69UNA','K85ZSO7D4URLT893819L'),(3288689730,'140447TMQO9CM6G7GXFH6AZ8P1IX7YB5CDM0','KH80Z894558M9WXRE21HNZ48590JCDH2NIDE8LI'),(1252586317,'N60','KJ9S5XBI1XZI9480W0E'),(3834758882,'5PZWW18','LN9M3G21G25C5F2OS5210'),(2859193003,'00XVNRKQ5DJIX1W7K06JA0T996K','N5TIE7895KOALKD94U9K0AUF5R0ZC1CIAG7J5BS'),(3834758885,'SXO9345P9K86NMECK6W34JAJRA','NK2CN9DWKSV0I85LJZ48230M1DD750H0JZ'),(3834758883,'IIIGZW7KKP','NQ37KDQFP3I53N187G1H7L1T0O8435GUOE2'),(708467097,'KZS8E5Y7SA3Q0SA2S59','NREJ9K55R0LP0Y7GDBCKIG21SO5PW0W14IR2EU13W955BFE9Z42IF4418KU311R'),(1738646893,'L35594PNP4NYY170','P4A14HUK63XCA9Q8D5D7U02P60W772FN66RQQ9LM477R5AZZOYMK04Y'),(2168143620,'8H33IBH0623X4D744AN4KO422110SE87F7TCTQ','P6T6540JQ7VFS7VG99915N34F17E762L1RWV5YGEMBDT0S931S3X4V08E9'),(2859193004,'X4D29Q47WQQQR293U4ZLQ','S9T03VO3O20AN9ARU5H270KH2AWAB10173VSV2294QPQJ5BT2400462C9VF4E5OUM5IVA'),(2859193000,'AJ2ALUDLG','U61P7WNK7SC0ZX6877ZLLZTE29OQJ226P0B325L2GD17PS14TMUP3ZLFPB5R68V7XN8D9111L3SO7B'),(278970361,'4KW70W356Q16ZNH8Q815O3Z24WJT7675CMT7U108JB8KZIA2I5QQROK30CHC94I2MS81DT4KU9K8YRUW46330L68TC0','VFZ3ZXL782REXB5W01E363L8OT'),(278970362,'2728TNL05UNHUUMU11819R5D3F3','Y91379SU'),(278970367,'Y7S9I7LZKO0123MQZ307T5BI8B1K2CUAVAI460M59F3269Z9ZKL115YOC89579A86EA0R9EVWT0H3A4O3M4S6882DD1TOK323UVOM76R2G8IUE34L19NUL207X5E5GB13BUAVBZKZN20CZ3YR','YNZA635P9RG8'),(278970363,'15BLY103QH38U373A39RH4JUH1I','Z10H4B9BQ6A81UZ02O7K');
/*!40000 ALTER TABLE `oauthusermap` ENABLE KEYS */;
UNLOCK TABLES;

--
-- Dumping data for table `packages`
--

LOCK TABLES `packages` WRITE;
/*!40000 ALTER TABLE `packages` DISABLE KEYS */;
INSERT INTO `packages` VALUES (188767418,'831L5FH0O0KHHL8745M68X1D07F','ON537047YUOABLKWXO1IZQ9',1,'0A7QMMJ45D595489W72X7Y02D2C06S355LEHEV3CN99HW529OY8','70M72LL0F7OVMH0P2U53WW8MROU6UDFXT','2011-11-07 01:38:16','7KD8R7X0M0AEA8336CVBXS9CF60Q9CM38X7CTNP76WTXI1852H3BNU5B9SDH6HIN712'),(188767419,'J41D','AQ541Q5DPA78656BG37V9H0608246B30X6ZUDB4DI94DVSXKQ4QU82RWTG59EM07L3NBQV2OAS0C0RYCSG584V6JWNWWLP',1,'F4CF53DQ9MK763SXU8329DGBO435UFSA595RMX2A56EGQ','H2L5','1989-02-14 14:55:01','GN7'),(188767420,'186RQK58A26','JAJ0RT6',0,'CXN8RZC653Y55L62','5C60LM27F5ZQ9VNT26S42L85ZRT63TC8Q31T3F83S6CC9GZ74260D06TP6093ZKXXTXRJ4PTLHVN8V46UBLL','1994-09-25 20:30:48','7X'),(188767421,'5N5','04312MJF3',0,NULL,'Z61TKTU04O0A87O3','1975-12-18 06:41:25','24OQ37C6PH7B'),(188767422,'7050BTET77MWIC1X0Q358505NST1953061FMGI2067668ELM3S651744779K6T2G1U5TQX736TS66005TX5MF8M6587751USNIEOME56U88TP6AL454I900UQK4PMFJ0VB2NKR858W4W16WJU8102Y183JKS6B5BZ2','M70JS9FSAAM2B4JF7L5G8875IWJTU3984DG4ETO5Z96Z4NN3OG124X0UU24D2W1P2Q5LZGNP2FMCBABK5V6NYF750C321674MQA68W247',0,'UCF01F57GZO45R2W131881CTWIH08QODTIWJ6OHH7O40VTDBD14GSC83D14122007','1L3B8211U0LR1ZL5G3GLS9J8Y89207M7','1970-01-01 00:05:05','14H5BV'),(618264149,'324L81L1B060ON80XBUM4OA96CO4S6','0T8904M2HCAMPYU9R126NEITPZ4O6P7YD6JHJ5F84W',0,NULL,'MPM9','1993-04-08 05:12:18','74PORJ89VSMVXL2ST4DB25DSR3Q2YI9WPJ3BMXVBY9H85IACLC'),(618264150,'9MPA247S2','95R4A01FDR01O6P88554KL4PXO53VUR55795LK263BV2W0TOD16S00MJEG918EV',0,'1Q1XEDKWMQ55PQLZ70','JT2YP8C4P9HDESGV1','1998-03-21 22:51:09','4JY2RL9N8'),(618264151,'PKQ3V8VK','DW2C2YJ7U6W49OJGRF9R7U42U23G8963',0,'BLAOR5V','5O7742DCG609V36QFO96B65O3G45UM9J4C9OU65V332E5092SY18P76UPZ0PZC','2001-09-16 21:54:13',NULL),(618264152,'YVXR6DP9CZ8Z6L1DFSLDNUQ1TK5S','V76QPFBZ2BKH5G34',0,NULL,'T0PVN0K','1970-01-01 00:02:17',NULL),(1226113183,'PQC11W09LWTT0SRSJQ8HNR6','8UQXUR8732W34B5RZ3W2G7RVR4YMT1X3I1YOE3HTRIG4072QKF3F0C63EI335506',0,'07QL1KD58R6YJ1','197FDNF3N18FE0S311FTOHU7','1970-01-01 00:04:36','F8VC05ZSOPJ'),(1226113184,'K','2XI7Y976V9T8QSC48A',0,'6DX5K2B7KEM6M','CX0A4YIHA9EWD13575U3M5E96KORB55M5C28170O4DTAZ6P9BDD6L1UQ95','2009-10-22 09:15:16','I5R688756SKJJL160C707T6899I'),(1226113185,'931421OSV10K067S6F7','2ZC2L870',0,'3M5HV52B7I9J151B8F4HUSZPWX6179RNQ76QTVOC72991AVME','5O0542FW','1970-01-01 00:05:03',NULL),(1226113186,'8HY16P7XG83Z2G2U158N99','6WE2603F1',0,'IS2QWZH9M53P24S5045YR738504NE352JCO530NF0W10D5Z5DYV5UW5S9181QC43P','6I8B','1970-01-01 00:03:48','4ZR2Q5YX797FPWF0A87593'),(1226113187,'181BK88I2O4O38C','9X4RJ4C2GQ27C849UNI7UI1923V0831B213QLGA66B',1,'O50J662F2LW','KP6N221','1970-01-01 00:08:37','2Z236VF0YQ33I60L0'),(1226113188,'AIZG545ZO584BYSH4IMW3S8665H9Z0YZD087374Q09QMR9VOD1Q9O42I7QLYKHICM','WRCN53467020KS81TRSAV8FMWW1MRCICS9712818814W9TJUODKHMNXD2CF90F4',0,'','D6RNO335N4K02','1984-05-26 15:03:08',''),(1226113189,'OX023X655UB6VPB','347R00Z77Z629FL0B9A3PG73CTT9I73B8OGN6WD2',1,'DOR0Y2F625RIY7I86800PV3DR3H00ZFH7H9','644G63Q1D4395B','2019-03-27 18:44:12','8Z09BIHI7'),(1655609914,'NOV0O','8Q507RIFV51184JV16TBEEEQ2L',0,NULL,'M2','2006-07-04 22:32:51','D3XAL6J49TF4T66FHC855Z41O5YNBYH7HKMK7X019J1EA7M8307PC6OGPH67QT2DW'),(1655609915,'Y','80',0,'Y279140KBP4R3','Z','1985-08-30 14:11:49','9301C068V5L8XDY0W1WW6WUFC'),(1655609916,'1','NW90TT65L8X4ZWGD879Z2G15805WYM',1,'QVFTD1FDW407352U20320OVFJ8YJH332M1C0XI1HK43O3ZHN16TDCPA97Z444510','6BQQJTW5H','2007-06-07 19:02:00',NULL),(1655609917,'OI89Z8L4W3896G5YZZ5BX3U4N','',0,'J97UV874V94Z2UH43B20SR3I2DIE07715P69O1IAO03L68I3N392R8CP3OF1F2028A9347J0LHOEPZ33LTS695O4YSZG12UVYOU586L','2K1582S4X1OY','2014-05-09 13:20:33','W433AB8X66D3VE663D3Z92'),(1655609918,'6BA15W77B2UI','593KL122J7F7XN1O5654912P0OZKK002841446GEA62F1S26SB628Y143VSMS798L',1,'Q9X65JY01H7EBSH7T','137S4624X9','2001-10-21 08:08:02','25SU69E68J8O9VH84'),(1655609919,'F9WZ7S13','L4HTYY2CK6675J0S71IMF622OU2300FM6ZW8NQ1QB78',1,'F648KI86778V','WPULI2A3060H1VQ6KW3NTF1EUATQLCS0HA5P','1971-05-19 15:22:42','B31AE4Q0360DS42JFBQNM3G8YH0OP3693YR59O4ZF22B446OXSVZ87D7PBGIQ5Q8ZF5U7IR'),(1880666075,'1384J0R9AT45LL78626S26U0FB','2E6H25CNI7O64IRR1',1,'','63OGP358891ADV9INYYBS7053','1991-06-12 12:12:57','HXFC23SBOX7O046'),(1880666076,'B6','WW9B11I0',0,'','','1980-01-15 09:09:35','MQ2GM8BP3BZEF5FK99'),(1880666077,'WU6','6V8MU0V4G4RX9988E9ALM06IS2KXI47384764NKZ954BH6H1T794743',0,NULL,'','1976-08-08 13:58:02','OJ9452230H5'),(1880666078,'V87AGV7D6W85192FUIX5','Q43QML1XT81Z85295NGSY6F6WOLHV5MPSL15G8EH976',1,'','C17','1993-09-22 07:26:00',''),(1880666079,'2829SE0N777H46EP3LA2S696DQ3M63N8J6','1R9831695X524UB96U8UZV5Y1Q4G87LXR4M4S5F5C8P963U5EBJ16QZ823QP899DB57W79Y851O',1,'1994P5B9G0MB7XGHN39OURB5WE1U9BB','L3JN38N7P477S4O9P41LXKLIN76IL248JLE9G92AM945629FF6W','1970-01-01 00:00:49','OSDMZ20Y8I6FL7SA2D25D8L425T0CV0B670AB1G3YR79P76THX73F40L4B7OKM8365C8966JN6052364672P3F579W9WRQ654O9C6L23WRH0345ALE8223655O94079573UN08TWTY2EFG9X52E68W5KF8DXK8TL'),(1880666080,'MU5QQC520N','CI7659C8UR2AZAWC',1,NULL,'G0513H83Z1WL1251','1970-01-01 01:48:56',NULL),(2310162805,'1021Y9E46K2Z0RNXUS54XF8VHY0258','FAD1Z5RT874U19B118Z641L107Y6N9',0,'3HEMYP0L43TRFIFPST3915780G777OX6H0X831Q6071CJ2FFH6ELP0621AB4BA6R6MQP77OK9P62C5RUO7IM6H4DNBL85M47468606SMZ0W45B19OQ15KA7UC3I938926GF57VPC93Q196O60290AT53R39YJ540L73R9O7FJQ8LAWBV27B894SC0062JJD0X55V0T5DWLT8KF37512872FD80HGD00E','16XFA8','1985-03-20 23:25:06','W284LV4'),(2310162806,'W55','57674TMK8WC315AH4B',1,'548H13DC66N898OX6T49462Y6VMG99ZYA935246BA6FY15358325EE0OU81V7L532S0U38QO77F19VM6VEJR13NRJ17IEH6HUVFA4W2AOA8Q4804A335U0J8ORDK608N6M384LQ08529NFTT1DXVD9AX29758YQ4E5HW8HQ64302F972DSZ','546Y0417F8K9CU65J49Q89A2389302FEB5I79L970YI96M68A90GXQ21IWI3KO4R3E4Z2KZ8V1ET0BUO8L49TTF3','1970-01-01 00:30:12','WWNEED1UK985U5P6ZQZR02W0RL3TRAY53Z4027P657IDT8OG45R2MN31W'),(2310162807,'XQ105SW2Q','C3Q79Z1650E00R6893RR617119C51LJJ4FT7O624V9D6G970889B46172',1,'Z330BUR15DSC1N48L1DR2K2J26OVBM1KGJ15CTLER68','QJIQE55P3W05Y8GU292XGDNX69L1','1970-01-01 00:00:27',''),(2310162808,'F63N78FN4L8E91Y90I513G94V9SNSHG093R248FI7458234Z7HHC0F1VSEE60NJ952','A17H3FBC8QZ1BTP6OLCE606KHLZHU2WAZ6P0W4XJDPEB5UJ95',1,'','Z601SEV1P77N7FV965FTJU9683446BEMNXG6LE8BHI73Y9O54JF9O817V190SM7H2A20F2B411AQC324KWG3','1970-01-01 00:01:05','L2S960K4'),(2310162809,'9IXBBZYT9XWCK77R','9A3NK52IF',1,'0','JZ7D','2001-07-22 08:22:41','0F69'),(2310162810,'W78','5W90T7630JB51BW7AJIGO',1,'F947683J15','4CP0','1978-03-13 14:56:52','07HGW9CH4I6P09NIVJPO05W2STBH8G06UY636072Z68UG17'),(2701803392,'3M82L32','27POGTI043688L4F0D34S4S05I0217L8IA13DP00LE608ZKD66E11D8E6625K0M0HKL9ICOW6929SU498',1,'6','','1970-01-01 00:00:10','ZN'),(2701803393,'YT8V16NLJ1WEKA6D7OOGE9LGKTS1V99Z2VT58Z7J251P4ZQ64K4G3S82G4X33GF7TGQ7TZJM7','53UE73OR66W0WKPIM88182C7579D9X904M0940SH1I978561E75QOLVZ7U96M49759Z5B98EOXT78',1,'C612','2027AT7EV4T1G1W','2006-03-26 13:09:08',NULL),(2701803394,'NCQ3Q92823CMAR7W49O604732RHR5A39E5ZP39A71K8675MA1QIS6XO13S6S7O01TSWL546WL72V9Q4JE513NGK99GL75J3B','28UE2C2JUSYWJAL33E3O5HCO9AL8F7M8EH16G770WTL70L0QFMEA839GMY6XD5QD0RH7Z4ZX7U',0,NULL,'02M0H4V3O2','1970-01-01 00:07:01','H4'),(3131300123,'CMS9GW7ZY450F','Q2624C2A4CBVZ0JE8OX1F2DUF4V30RLUG8QPW7XTMUWS4R9LYIR',1,'A04NJ2PF88C7UQCD03132YJE940UY3L5Q97FH706V2YMMZ03X0156P014W1FKIUQ4CQDF7017','27EQB97R308V24LZ85542KCJ8S2D8UH57N7','1970-01-01 00:12:59','UR16M14C5QCV9J986SG8J65C290PXX5OW3538'),(3131300124,'8479RL098CT16P9U87U56G732QDKX4MPDQ472ZBF','UMWC48KLJWU096N1PYH6NET1T3I081Y88I70QC1D7R1D8763ORRAE7SM5',0,NULL,'XA0673S08','1987-01-25 02:02:23','TV3V4ZPQIWX38I058YOC95M'),(3764914231,'4KB19P251A7F733M30CT6BBMU7NO468DIN154Q212P2U75BI9U','6N045609',0,'CNI8AWV0U9QTIQQ17H9L9G98YZ3GSUSS7EI602N7DQZ134ZDN925SZ721AYX49C2O2I','D','1994-03-19 21:32:54','2U97'),(3764914232,'3203YG2LAM8C','R6AFL5BR',0,'','7XB0W7VO2KB33E19P93D12AUL6K518R29B0NGFNB03IB0890J56C5027V97YSSTYD7','2019-11-16 01:49:27',NULL),(3764914233,'5B','BXR769R4C6DMA1T3J22OBPO4JZXK526RGVL39',1,'M4Q048','60EF9','1994-08-04 18:34:54','9NH40M03D7ET5H326107X86IK38'),(3764914234,'L9G5L8Q80A0X75SAJQLU8ATX8B0EG1A5UOM6N06Q1TTR6F','WGKJ3RK1Y',0,NULL,'R6R1T4CJE46FG0UIPU8','2005-01-09 04:57:16',''),(3764914235,'10M87LV066','3H7C1413YI7035VF3IL158X05H2',1,NULL,'K52MCP90QJK0J3W8W3C2RK9773H5N21RJ53279R73ZKLRL0','1996-09-06 16:05:54','6WZ5QC4Q00X9Y53RY9854E4VV07RW28K7SX868019WZ007DEEY9Z8CH6O571RVF4G1N00ND7456KKI6S448GM3UGLJ13YPR0A76LH7M86QU0Y0HS1T11UWT8PC'),(4194410956,'2D5O63E21A55LUPOWV9IZ1N','NWMGD0M6203YQ5B1S3W',1,'M8B','G8M479F8M3A58H75J6QRH80DT55A2R2A6','2016-04-12 04:29:00','7'),(4194410957,'0G591WUM24J8R442AQ41D79','AGY8EE11524EY84X9XYUC21X98E2J0J7A8FJ704299189MU8ZICQ8',1,'2YV506Y83AA8BU5188BE1','F7UKF36','2017-03-04 08:35:49','ISHPDX55G19LIRB3011OV19SW56D73GP1UN7B8'),(4194410958,'6DB3N004S770','58686SD6604SJTCO9M',1,'E60KK8AGUW','0904643UO5G7MEEPJ5Z8XX25L4K53YYHB7N16LT6W9XQM1E893EFF1GQZ443G87C99','1970-01-01 00:07:44',''),(4194410959,'F3V6X8RDR2ZLQ03NX38LV','Y52H328K9PZUAFS8H8831FW7YD7HR875R555QFMI5801GLS50SLKJ2NPWEP8VL7083Y604CO49R028EVVH29MVBPTC708568CF0D8QK9QF88ZTOO3',0,NULL,'XBX580YH386U5OUR','1976-03-05 08:03:56','2LU1L88LVI9L5'),(4194410960,'C38MH57SM0T3E12VSEUH7RU5S8XB202YK17HQ5RDYO5E5IVJR2MUX2N379U9N1392O30JBVB4KNH5GKQ3D62WKG63WH12X97P0','W0RP',1,'','94E430SF3HI21Q5S2287DKH30M83841EHGPX677L1T6S15','2004-07-05 16:40:35',''),(4294967295,'BU02NG09C79MM','4XB10L8',0,NULL,'SA4NIGLSRX45702','1992-10-27 12:57:57','9B38PGZF55C08M33H0K14M9Y7RZM2P1BB14');
/*!40000 ALTER TABLE `packages` ENABLE KEYS */;
UNLOCK TABLES;

--
-- Dumping data for table `pagefeeds`
--

LOCK TABLES `pagefeeds` WRITE;
/*!40000 ALTER TABLE `pagefeeds` DISABLE KEYS */;
INSERT INTO `pagefeeds` VALUES ('40W2V9VOOJ3ZX51J31X4B21BQ816YJM9O',1709472840,1708556629,'X88LYWTU379V1','42Q89X3IYYR24CCBT818A8AJ36280G6JU615B379LL8W5I33WAH6B88OH3L95','W9Q827L533AO76',178008272,7,1401668680,1,1,'361','T',0),('4448PIDN66MIP433S0CCV9055',5946927,1209576391,'20N6V678CR','L','7E14PD4P6R8R1774015J04K6R74G8T3',178008273,78,7,1,0,'KQWQF2TBP5X0M03CN6ME5K8Y8YB737S1A6JC0',NULL,1),('',449,379319417,'J2BB90GIB6925S008991GF831N993430GB','','F1K806OFQJO8DQ50FST15VC',178008274,538186853,4124,1,0,'W','2',1),('7E6IR27HN870QXF56L4L9P',84,980093331,'3KCJ7H2554XL26UV','','O8VB7K4INSEM1VV9H121B2KI2IGVODDUZ79GM4231493346U',178008275,1375129452,742607544,1,1,'',NULL,1),('',1386707746,1383841329,'08E95N8U3G6UL77TIONU2563ZS181L9SHLPMX1MF1M28X22XAMS1K8KZD2C52HY980ESDGJWM65BS6G2665F8PIP1','6B623N8PZ4G0Y1B4591R','972613BCXKLYZ',607505002,951,7219,0,1,'U17FMKC9MK51P0497R12580LKEX',NULL,0),(NULL,9312,8044,'BUK24FLVE7RWFWC2I','CPYHGX4UZ66NG3Y718L9XA0D59K3G06SYEPF2D9ZNJKUHU2FSG90RU19D364Z085','984L0A6V35P3WE3529EHRY7J42',607505003,1842240891,1962158546,1,1,'U85ER30ZNL088Z3KVY746','Q9OGZ8Q5B6UCLA31D5C7PMS0W4FIBP4DD5QO1F',0),(NULL,295497826,690,'','LFDW','H',607505004,343,1203173837,0,0,'IXC6A8DE95','',1),('3V864025L8HNDI3T9V0545I3I5W1H9Z5DD21G88M3M7MT5G3V596BE1B6HJND2B',86,1546709733,'9HY888Z7OX97ZFAYX9V5','4T9Y56Y0L7703CM49GOM4IPD878C79FWPO5AOPX9P79KVU9086OBJT44','P61B8E4M2QEV43E7P1TX2E78DE17PX9Y270J691D7B4D1XLLK484Q8B31KFXZTYZT0BH443T7TI4N12BHL691CK9S745FETM703L5TSWP2EM69KOQBT3J',607505005,1724109391,986106335,1,0,'S','VL468E59FNC2X90K7690E5KBP3',1),('',367,214341806,'G26L40CX97YE2IPJ935919MK3L','SL55T6','2AM928VDWZH5853B7K363NN74WZ7CR1983W8CIJ7ORXI51625C2Z3GDTG52',607505006,1770688235,572,0,0,'3Y704M7QH9V93GB0','PTF',0),('',1928932013,112542773,'U85XC00V3X1','YJZC0KHNK71067ZDQX40Y4423L83688KY8WLZ8EOL55H1GQ3NY93T6','G9O11UCK9708A04',1159931082,1144947560,1528,1,1,'C0ORAY2TR1H001H68UF42SB84C096833BG8N3XS5YK8N3GJWKNLE6WCL1NH31GO0W7C440HX62OJ4Q3II7CGIMY0O987E949G23579E5379','UVO6RNIO643',1),('',527801044,90,'60763K9','','418QHGAAY39P3S',1159931083,696,2041957895,1,0,'NYCAV6EZ2JFD7MR4LCM68J1HJD6BXZ12738G0700403SFQP2AP74F0T5K4NAMR6340LD9G7M84ES3V2650404FQ9ZSS7M','N91B36O3Y9I',0),('QKF6U8',1268062036,917207834,'','GTC3M1I5F19ASNSD50520KB0T9MY662H616OLE51982V1P71OWD4CS27EG6T5KJ3PI61XWNK161A903981APX1','1OV903696Z7CSHCP8EAO2UYQ65A7LVJHQYI2T9AV3925T66Q4H5ZSM12YWOEBN3V82TRPM91583BT3OD8U513531O',1159931084,154605277,215499430,1,1,'M4JA7O8WQ8S6EP5P2R0V85X863D449T42JJT27E0WW103469','8OBJ5K7W313XB467K8VQ56310F4Y8SH46YFH49057074581XEOUA7Z7G88P2GNSTS010C9W2X2OV2EC2PI2G677G9MCR07T7X8K0F4F71KKM7QZ5P97474',1),('G3P6T5X4271WP8C7Z976L1353E8645T79T11I96U778XO47AD966922Z0T9MH26',2050414581,969159332,'0PW0T6N20E2HF9CTGVNVHWIO2C5J6O105J8R9P6W85CTOU485R90P080Z','','64MHANT357CA935A0UZK5350C89Y73B642',1589427812,1521130827,1152139207,0,1,'959SC4037947E5BL331E741F41BC6P4U874E5MTD987GD873','FEQ6XLRE23',1),('A0C3W6CQC2V224W772AZCKB345F09QQ884QWZ0OERDW08W',1290280925,65,'6292WKD3KGH40FONS84','2S35AJ566IX87Z90','SOU5FD',1589427813,1198041129,1881020532,1,1,'U0','1G7BHH15VO8U7U5C24FFIKH79H5067U8RM88UX2IXL309588A7PL7',0),(NULL,4077,2077522271,'523Z23EJ6','UFXU68PEHV37B754D35UJ0PN3XETL3Z73YQ541U84RS6X4K0V285Q9P2WC59B217P1','75W57VQG5G6SZOB83SYNI3WXX3N5060H900R45V7KG6709PR9M8N4UIW2XK73SY99Y8',1589427814,1576516785,954,1,0,'1H049T5B680Q','',0),(NULL,1034441867,1,'7939U3O6B011ZC99Y8Q6L51Z','','V7M2169',1806217725,1647029433,1129997274,0,0,'GYLMR04Q9D4ZYI6P74PM49NHSZOAA09F58Q89NRJ47JV16','312M321JRW96KG9O9K0T35P2G4MFN18Y915RRP',0),('7749KB06S4IVRO801M2DB39LQW8X2P1IG791G60EGU0RO56OUB2',1492205339,238564173,'9E80457LRX67537CS2F2SCL5','TY2H0LINK7CDNPUNN0E4F539WOU','CJUFE37B84T12CTUY46B0F96Y15',1806217726,2047015838,1250679264,0,1,'Y762YF','4CO10',0),('10VMX66UD770X9WN8Z5J02X1V8CC8',685729880,175,'T4A35G48PA357NWWO8S86','KALD4ROKM23G52L1T','3ED21J2F40T4FAXG50R836S7',1806217727,178351225,190,0,0,'OKKFX0TD608Z6VLEBRZ9WL4X770163VWX78M8P9SMHF4I','2Q22F56YX429Q16G8559',1),('6W4338HH195R74L41737CXAMN41F5D73BG7T0087BAL5D0Q8Q',1027996852,522432485,'66960955TN7A86EI3OD0TS86Y66Y04CMRW539QMN76E6193B0Z3619827V53M','C3YL0V3IAV1XU6JJ807A94FVQ904J','3QA5U9XK87572MN42H2MWIM',1806217728,810554212,9,0,0,'OE510AIHH9U5RNPLN6A2U0475WV1IW7A2I23E7B2PKK1XH1O013G58866180JAEMR6U7V85650H8866LS6MR8DN2JL8Y567716AM63X1PY','636R298584IK4R66U97O32YNQIJ2IF4JJ5X8SS763',1),('0DO42NP5556A4YDT614VAJ74G4EQF3D7D1UB5',683,256211279,'ZX9YE8QU2M9UY74OBGHCTVN8X3QLLM03PN015ETL0Y4PJ4XHVR7CO1L5160579HAS2EC1N76D5V335U0Q56A1GT02','GVHJDFJA5F934270T622ZN5E59958HSTNS9351867L3AM260J2HL5NX0U8WE4WV016LW8VS8139GX751D238D1Q60US67CT6OLZI4','28SQ48B5O24E194Y3159B0GXNUWWUM4X',2235714455,1225769522,47844118,0,1,'7M5WESTE3THW1R8245W804J7LM6WU6DQQU61BL','6Z0J736SDY8VUXMS31E05FXA9626GXP541D29R',1),('4550ZAFPIPBXBO5F3BV02KI2UL84D',1,773,'WG9C','2S65E','',2235714456,1208844356,1034735851,1,0,'109724HZD','03JJ6A0H89EE8U08508O65V34QILAD7',1),('477KOTFX2B9K575NI8136ZX7O237O9KV54527SX1M76BG4398JJI50816707QYJ8V05C938KFY91SY',16,681077083,'470L1V5K9S0A4S46YITX0XA39LD28FTDF0703U','RN26GD102GT5229566O51J','241',2235714457,280,2022420176,0,1,'1V3F599X3NQ9490Z19DN63R5MUX70I7',NULL,1),('G049M9',1514466811,1011271125,'LN43ZK8J92J','M365A521I4TTJ4771267CDOL2ZGX23','1861LUD23HQ3X5W5',2235714458,7,1145221965,1,1,'C8IK7F49J9FZ5J533HDITM46PJ9493V6DX71K0BU15H4V60UV5L7U3R00L4016Q1892ZLK',NULL,1),('38',1282405569,5,'PK3V6A0K1YH33PC1243GO4J38O0DS01386LR092L0YRJJBPXE95D8XTU1291Q1P0568W51EM','0YEGV87YQZR36MVG','9XE6SD22RL7UHCS18OQX7MTV27M99L3D6',2737826437,2035472930,349,1,0,'ZVXM4N5U88','3K888P76691D681Q5R',1),(NULL,114306228,307,'4','8606','965IO64QHKG5X',2737826438,1204324212,1749333204,0,0,'040D94','',1),('H7X5NQAH6CVEM8XC7XDXNRV23Z4',1728534208,247313989,'X9FLE013AZ9HU80W1MN4FPV2S0U01Q','D555K3S','HOJ3698815',2737826439,2023051272,22826157,0,1,'Y1JYRT21NZM66HC','PDP5PJU04WM3JO',0),('Z958C1F1',1631850502,948546072,'GOF','56T6141319421PNA3XB74JW0342IB1H25JK2R5','ZZO5877NFCJ7D5',2737826440,1506891474,938775347,1,0,'JG3V9X4206','435NEY6',1),('I620626PM99BM9GF3C8Q2WVGM0N965700Y84AIJ6R6XX01F24V8X80V070S3I7OO4W0F50387G768I9LJK6R5BLQ6PMS6H7J1998L5611I6M5DCCXS960UWUK2440360WRV59G0685S65Z8U6U18ML1B6MO3RR1Z3HJ58Y6W4J82ZD0NC92Q692KKSB57X15A51',1613,302005714,'76I26HP349J09WFPZJ3W622PWQ815UZE037IQ','ZXT591520NM0421ZE0UOC6YH54AV2096Z9W5S9','3Y4M8AL2',2737826441,959639366,1391793071,1,1,'LJZ656OOS','9GJU84RO60Z8X01X1G0XS3X991',0),('K3MUC01B63068C99KP586AL3YT0RY0RJN7KQO663BFJ2H014HL1D42I6D71P983J63GL5QKLP6P5IA57G5KZ742R88TX666Y9IL1M',2069548707,365472106,'','3JDH9B84PKR0T7F5KJJ747699B5P27C33S0ILAQDS00LQP4L99X3QG2','173506RI6W',2737826442,573509530,84944314,0,0,'E8I','CJ',1),('F649',457857060,1207621635,'BTIN0Z42K596K6KS12H52G81YS','7UK6B','5Z5643916U59G0WT68CSSQT528A86Q4097B5T8R9G7ZD74198',2737826443,504639246,1339788842,0,1,'5759CT3D97Z9468445R51G080J16ZX7YA','7F78QSJL7UB0954873YDM',1),('',461470195,1792908611,'KJ6G','1977RK1OFD8ST7139NC9N1S3R7','3PY9Y46IU8',3167323167,357029947,415163159,1,0,'2580','954CX53AJ7US6',1),('G6DFMU00RV0VM53EW256XW67S858636A6ALX28W4H1P9GIN0TVNQ63T8680P80RUHQ095X81072D3',13,410850765,'1','','641A19I0UA314HQIG50C247HPA4C295T9ZB5DW635905VAU7WOR8SU7XE95LHH',3167323168,2775,8172,1,1,'AQ6J354OMS6UC674G3V992D3ONJ0Q7C845874UOD8HTL45GNL64071NR7UDBDL19B','',1),('',76946192,730,'2QMIBYZ53C9964FQ4QDQU8H765AGJY846M7BOT0OKJQ9M3YTW7IM6P','17H483ZK9RQ056','7565C86X1O',3167323169,1520045672,94111765,0,1,'0LL0MD9WOL6J2TQ1H','WDS0UJU6L6D6W3U72Q4TLOUI49',0),('2H2LA3',47,1783235,'','63','IG59C2325GW66DR0656T2U6I',3167323170,837792180,4712,0,0,'N89P7W1HSKXQ33V73U69M5NH93OMSZA53WECK51C77W111F7','E5N01N59232FZB1RJ776Z84UX878OEO6RIKPIBG524Y77AE54I43J23WPD15G8',1),('60AQ36L6VU87X1I51',4223,1413,'JFZ1N8O92B69NP36Y6ZG52608K80ZAXW5AR395U1J33','47HH5N','WSJC567Z09I273X02K44FB8720U97N',3167323171,1936204134,1421343675,1,1,'RN1','8L28I0FCH5X5PI618XZ079O11FMO45E5H65548AYM535C3704C4DLCL4EOCPQL139HX',0),(NULL,711786372,998802653,'FI24O','G2816ODLQ9','S6N36C6H16JTJ',3167323172,441901037,653811341,0,1,'GW0LKYW','QGM855E54T7AL2KJPZ92JC4WRA0N313',1),('AP0807O0KVHCA926R0S8LZKZ70DT5ATRAJE11EX6DN69SG86CN6630S8BR4H',1383384801,96,'37W74SW834O','D6Y8PDG5988FTV0HT2D985810Y36HN915REB6768R4J37Y85K643N9','HST6P7H5CQ5ZWTMV0O8P',3167323173,1506468632,1320892442,1,1,'699AGIV530H1O',NULL,1),('L894D5CZS4T18A739PYK8KJ252L6BAA8028EL8X977Q63BN1Y2',53,1159294509,'C3WDT6T03103KGRICM7E3357Y6UAYOH304F66OJCFS0IW244V7','0R431BJWT3FFN51Q2S953NVCR2PT00','5WE6D',3805066116,1761538508,1,0,0,'','EDPM0FK13CLDI8WND7H4UR4H8RF68D705508SOWGDY8LC9R',1),('P22V906WOU',438253283,990504116,'ZY6','','DR5O2',3805066117,7,808434310,0,1,'1195Z50W0Q6L5283S8D71O0L68466750S74O95FNBZBS8H324LB6WO6P2D67YGOT71MI5R64T','1L2',1),('571W93QU1G00JD8',769584536,1770814325,'6J2DND1','83J1','',3805066118,60,825947000,0,1,'Z38Z61K8TYE','374T2T8882IP64H9W6MK5',1),('2N5PUI630FJA',1902675814,592072320,'27','G6M0O8L24FQI9768FP4','7NCG36GP4DN4J156',3805066119,586941762,62615780,0,0,'IY33L4059BOF360T2S64555CW3IAA0','64DUHO126',1),('GN1L438XDUG7UAS75H7',1203945335,1850711993,'MAD6','DKFQQ8IE9T9K5I09YW96935701WG2P437M60AY3MDNUNC819Z5G789E4X11Y80HUK512IT1974RG7VR490K7X72TLB8C1E90N86Y89479KINXA1593V147535UFH0151M9025O72WWUQNR1E7','93N3P8G7O6',3805066120,2629,5,1,1,'883NI1VIBY4Z1G23MO8043P46U2897UV','GN5010J59',1),('WQ',1009941126,1573093741,'4O5648TI3FRL3NG8VJZ86W6R61IBY93JFV817F6S342BWD8H96SFI38MT1X2P79J0O7O9H6G01XGLQ294S2C35C7B51K482Q6','4PC89YF4JA7','E0T42GE46M4YR5F3IO915LB1HH',3805066121,1221478901,568515468,0,0,'1AD8B','',1),('5F1',1385550843,69,'225982U49G58U05ICJM60QF62IP1108HF051U4VQGWZ30I5YUNG5N7RI0370','S48F7B4LU5T3EXCCVF23K1','7',4234562842,1,1248418881,1,1,'VIV4W476WII6S39NHQ3HR9I','C1BH85F77U0RI0EQ2M908BG35189H684E67D35R6AXIQ685C22CQ94554UERS0M74D8V257CV2I6S3YSG77QY37EK666X62BPNMW',0),('XKUU097WYP7899X9WG18K253P8N1X4IPSJ7GKPSMZ6C61Q2KK75R1E1B92PSGLCX97T0LW73O6Y4G0E9J1HX9D30S61AQ0729HGJ0DJ9M3',257149731,755,'ITD33ER5E9','LL0TN5SE1RI7PER57JH1894LY687RG8QB','03',4234562843,7434,553,1,1,'79WG7N4N94V3420',NULL,1),('0SV5PHH8Z7D6U',1235055608,668900681,'J5E6Z2C2H2TQF0F','4990Y8IXU99C461','V33490UH3ID37107O14PR571I488AH5IQ0CH060NWQF3K2O',4234562844,1652491830,45,0,0,'X05AY74J85052T4B4JPD27L06HIT354X743HR6PSC717P8QA3I685K1BHD649SI','F9Q57V',1),(NULL,94,1685462860,'U78P36193','0Y06738UJI','E2YOW8VGH1Q5Y11E0X6C613IH972HH3I1N077AT00YQAQY',4234562845,2113740129,246,0,1,'J6V724590','52OUDL403VBGG49XTDE67W6X0ZALNT352KU0LVL163706HTD9',0),('',3,1,'WTR00933XD5SSMPHXI72306O2327W28S80O7TJCXNPVWKA7L5YD08V1','L1ERGRLS63DP802C1E8X43S635S7MB686727X536K','WO08K8',4234562846,934067839,1604951970,0,1,'','1ZQ81CU8S13SWBX521',1),('31',370925888,617396987,'R1OF8Z263JR0AH5L6G68','5GM89OQ1OF6A2H87S086AA68UM2HR95Z4W5','',4234562847,2071298941,1520457649,1,0,'K1Y','ZZLT7I83HQ',1),(NULL,11587420,4742,'0','7HLM0WR5P80J85','01117YVT1W29',4294967295,1493104058,1022191915,1,0,'U029Q7939ZG5N48AM516716TXLNKN88G21F7YU97NU3YT19SQ6541ANZB2EXZ2ONL1515QQS7Q13W257T2A','8J13EGIUZQ02H26SGE0467GDJ4K32CZW111PP43JU8074871L2RQ5Q750GCU59CXF8IQKYDH12T41UO7K9R626GOA77JA2LP8838Z2',0);
/*!40000 ALTER TABLE `pagefeeds` ENABLE KEYS */;
UNLOCK TABLES;

--
-- Dumping data for table `pagepaths`
--

LOCK TABLES `pagepaths` WRITE;
/*!40000 ALTER TABLE `pagepaths` DISABLE KEYS */;
INSERT INTO `pagepaths` VALUES ('CA1',805903,1479720284,1,1),('F3',805904,913,1,0),('Q9988BC3',805905,1438831534,0,1),('V057V663ED99VW917O3C6B8D1S9PB985L',805906,1238059655,1,1),('SC9QEJ5QZXQ8R2OPT0AY1W342XZFNHWNCLS09VYS30Z9Q4RT1XU50349',805907,1476314005,0,1),('2D9K6',805908,56,1,1),('7H',805909,1835905374,0,1),('ROEEV72UP96L7V5EQSORF',1805904,2001157177,0,1),('',1805905,5,0,0),('525Z0XULNC94U24XFC57PX8179BJG08',1805906,2120745218,0,1),('T',1805907,980075796,0,1),('SPZ89K5V1',1805908,1605021107,1,1),('0',1805909,72,1,0),('N5',2937238,4703,1,0),('V2D5B6J2IDAS4X5X099S133',2937239,4293,1,0),('N4E5ZO91CBP0IM8LG747BKWX0N83V9AA841JBP28NDTG5N68ITN',2937240,5,0,1),('3KT81F3864IXZ7R5XNP11H28X165E939URSP7A1HL7LAGZ413HT2GS5C1S2E5AKUC1W7QJ3PKKCR',2937241,82,0,0),('56Z398L99XST22DDZC9C',2937242,47,0,1),('471CR59007B23CD70',2937243,864097419,0,1),('YY074064U1AL4E98G7U72BJ751F68HX33ZYP0',3937239,299418060,1,0),('A72Y2077H4A20KV188MJG3J8QG15P',3937240,96,1,1),('GLU',3937241,241747676,0,0),('',3937242,240402371,0,0),('2DOQC7S4K31449N66046QZ725OWQ0',3937243,9402,0,1),('2W7WT0FSG266R6T8GL8OR5S2VGIIDPF4527HCU09WX39K9J1R6HFL04752198D',4233466,676211334,1,0),('48TO8TR237LOK7ZE5T1VC89E7G',4233467,686518841,1,0),('D0P2E5JFO7OUYI278P02E6I6388O0J29PO',4233468,1062363235,1,1),('',4233469,35,0,1),('S0441LRLB4AGFCR5Z230M9HS6TB6QP3YLEP42M',4233470,205,1,0),('335PIQNHCMX93',4233471,513133376,1,0),('U4JE3541PWZ20I',4233472,521320250,0,1),('OBYF9U',5233467,1221375985,1,0),('E5C5QI4I8BE1G55803LW22',5233468,11,1,0),('420F6U3G7MP4J3V997B1AZM9U',5233469,182,0,1),('771GA434F7MQY800A3IAGKV3T28K466G77X0Z6Q82M76I85CD5R82E2X4XRECPX8',5233470,6662,1,0),('12P5KG3A6YCBNZU7547A96R8Z2L7Q0X1X0479JXHX12IYRTY',5233471,380285761,1,1),('VFS05ZB05RBG7043O',5233472,889263018,1,1),('XJ6MY',5233473,106620816,1,1),('0LPPHEZKSNSJC410703',6591623,527,1,0),('4DG40A',6591624,2092267751,1,0),('05K8031H5S69712S890CFSWYO9F0F0QS0',7591624,582322353,0,1),('XH898556P17EYUU80B9679U2IQ4T6UWB6AAF7X4GT37EOUJO2A5BZ5ZJCYAZ9028W6S',8147046,322996908,0,1),('2M835207',8147047,1154129248,1,0),('2IS58HO10XD',8147048,1185355798,1,1),('GZM1IAT60N',8147049,5349,1,0),('W53U4AOC',8147050,5019,1,1),('',9147044,8,0,1),('',9147045,14,1,0),('ODS7SK6OUC0IENNXE98425J62IZSG',9147046,1240412885,0,1),('9K',9147047,6,0,0);
/*!40000 ALTER TABLE `pagepaths` ENABLE KEYS */;
UNLOCK TABLES;

--
-- Dumping data for table `pagepermissionassignments`
--

LOCK TABLES `pagepermissionassignments` WRITE;
/*!40000 ALTER TABLE `pagepermissionassignments` DISABLE KEYS */;
INSERT INTO `pagepermissionassignments` VALUES (2374294415,416339977,2718662371),(3525717854,416339978,2027505794),(3525717855,416339979,3148159105),(1944797688,416339980,2457002526),(3955214582,416339981,1226338905),(2967261758,416339982,2718662376),(2967261756,845836708,429497280),(3396758487,845836709,2718662374),(2967261757,845836710,551),(246693302,845836711,429497282),(3525717857,845836712,2027505796),(3396758489,845836713,2718662377),(1483535844,1040802768,3830479739),(2374294416,1040802769,1226338902),(676190031,1040802770,2718662373),(1054039113,1470299498,4259976464),(1944797685,1470299499,3830479740),(3396758485,1470299500,4259976466),(3525717856,1470299501,429497281),(3396758484,2015807250,2457002523),(2374294417,2015807251,429497279),(1944797687,2015807252,549),(3525717853,2015807253,4259976467),(2374294419,2015807254,2718662375),(2374294420,2015807255,552),(4294967295,2445303980,1655835632),(1054039114,2445303981,4259976465),(3955214578,2445303982,4294967295),(1054039115,2445303983,3830479741),(676190032,2445303984,2027505795),(676190033,2445303985,3148159106),(246693300,2888566947,548),(2374294418,2888566948,3148159103),(246693301,2888566949,1655835634),(1483535846,2888566950,3830479742),(3955214583,2888566951,1655835636),(2967261755,3318063678,1655835633),(1483535845,3318063679,2457002524),(3955214579,3318063680,3148159104),(1483535847,3318063681,4259976468),(1944797689,3318063682,2457002527),(1944797686,3705560679,2027505793),(1054039116,3705560680,1226338904),(3955214581,3705560681,550),(1054039117,3705560682,3148159107),(3525717852,4135057404,3148159102),(2967261754,4135057405,2718662372),(3955214580,4135057406,2457002525),(3396758488,4135057407,1655835635),(3396758486,4294967295,1226338903);
/*!40000 ALTER TABLE `pagepermissionassignments` ENABLE KEYS */;
UNLOCK TABLES;

--
-- Dumping data for table `pagepermissionpagetypeaccesslist`
--

LOCK TABLES `pagepermissionpagetypeaccesslist` WRITE;
/*!40000 ALTER TABLE `pagepermissionpagetypeaccesslist` DISABLE KEYS */;
INSERT INTO `pagepermissionpagetypeaccesslist` VALUES (326137041,1799339272,'0',0),(326137042,3815557239,'3',1),(326137043,3081979211,'N',1),(326137044,1001093354,'0',1),(755633771,2652482479,'C',0),(755633772,2228836003,'2',1),(755633773,1799339273,'U',0),(755633774,2228836004,'C',1),(1014329692,1799339270,'',1),(1014329693,1001093353,'',1),(1014329694,4245053964,'M',0),(1014329695,3815557240,'T',1),(1014329696,1799339276,'K',1),(1443826422,3081979209,'J',1),(1443826423,495783712,'W',1),(1443826424,3815557238,'B',0),(1443826425,66286983,'1',1),(1443826426,66286984,'3',1),(1728329704,4245053961,'8',1),(1728329705,2228836000,'3',0),(1728329706,2652482480,'2',0),(1728329707,66286982,'9',0),(1728329708,2228836007,'9',1),(2157826435,1001093352,'2',1),(2157826436,2228836001,'S',0),(2157826437,4245053963,'0',1),(2157826438,4245053966,'',1),(2731177285,2652482478,'7',1),(2731177286,3815557236,'Q',1),(2731177287,495783714,'L',1),(3160674015,4294967295,'Y',0),(3160674016,3081979210,'1',0),(3160674017,1430590084,'G',1),(3160674018,495783715,'4',0),(3635715208,1430590082,'L',1),(3635715209,1799339271,'4',1),(3635715210,1430590083,'3',0),(3635715211,3815557237,'V',0),(3635715212,4245053965,'D',1),(3635715213,2228836005,'2',0),(3635715214,1799339275,'G',1),(3635715215,2228836006,'4',0),(4065211934,1799339269,'D',0),(4065211935,2228836002,'6',1),(4065211936,4245053962,'8',0),(4065211937,495783713,'3',0),(4065211938,1799339274,'E',1),(4065211939,3815557241,'1',0),(4065211940,4245053967,'2',0),(4294967295,3815557235,'H',0);
/*!40000 ALTER TABLE `pagepermissionpagetypeaccesslist` ENABLE KEYS */;
UNLOCK TABLES;

--
-- Dumping data for table `pagepermissionpagetypeaccesslistcustom`
--

LOCK TABLES `pagepermissionpagetypeaccesslistcustom` WRITE;
/*!40000 ALTER TABLE `pagepermissionpagetypeaccesslistcustom` DISABLE KEYS */;
INSERT INTO `pagepermissionpagetypeaccesslistcustom` VALUES (4294967295,405580776,1398635900),(987857007,405580777,1398635901),(1417353738,405580778,3764046114),(987857009,405580779,3376949843),(3432781092,405580780,2947453113),(987857011,405580781,429505911),(1417353742,405580782,1398635903),(1870348891,405580783,3376949845),(2299845623,405580784,3376949846),(1870348889,835077506,2947453110),(3995366483,835077507,3764046111),(3432781090,835077508,4193542839),(665430838,835077509,2255512172),(1417353740,835077510,1826015442),(1417353741,835077511,2947453114),(3565869761,835077512,4193542841),(665430839,835077513,3764046116),(2299845622,835077514,1826015443),(1417353737,974620221,969139170),(3432781089,974620222,9180),(2299845620,974620223,2947453111),(3003284360,974620224,1826015440),(235934104,1404116951,969139169),(235934106,1404116952,429505910),(665430837,1404116953,4193542837),(3565869759,1404116954,4193542838),(1870348892,1404116955,2947453115),(3565869760,1941358454,2255512171),(2299845621,1941358455,3764046115),(235934108,1941358456,3376949844),(987857008,2370855185,2947453112),(987857010,2370855186,2255512173),(3565869757,2924589552,4193542836),(3432781091,2924589553,1398635902),(987857006,3354086282,9178),(3995366486,3354086283,969139171),(3995366487,3354086284,969139173),(665430835,3745711765,3376949841),(3565869758,3745711766,9179),(1870348890,3745711767,3764046112),(3995366485,3745711768,3764046113),(1417353739,3745711769,1826015441),(3565869762,3745711770,2255512174),(3003284358,4175208490,4294967295),(665430836,4175208491,429505909),(3995366484,4175208492,2255512170),(3003284359,4175208493,3376949842),(235934107,4175208494,4193542840),(3003284361,4175208495,969139172),(235934105,4294967295,1826015439);
/*!40000 ALTER TABLE `pagepermissionpagetypeaccesslistcustom` ENABLE KEYS */;
UNLOCK TABLES;

--
-- Dumping data for table `pagepermissionpropertyaccesslist`
--

LOCK TABLES `pagepermissionpropertyaccesslist` WRITE;
/*!40000 ALTER TABLE `pagepermissionpropertyaccesslist` DISABLE KEYS */;
INSERT INTO `pagepermissionpropertyaccesslist` VALUES (315377889,2688505530,NULL,1,1,1,1,''),(315377890,3118002261,1,0,1,1,0,'P'),(315377891,1724890477,1,0,NULL,0,1,'S'),(315377892,3855709122,1,0,1,1,1,'4'),(315377893,55528279,0,1,0,NULL,0,'X'),(315377894,485025010,1,0,1,1,0,'1'),(744874619,2154387206,0,1,0,1,1,'X'),(744874620,4285205847,1,0,0,1,1,'4'),(744874621,55528278,0,1,1,0,NULL,'5'),(744874622,1364407531,1,1,0,0,1,'E'),(744874623,485025009,0,0,NULL,NULL,0,'R'),(744874624,3118002264,0,1,1,1,0,'K'),(744874625,2688505534,1,NULL,0,1,1,'T'),(948147590,2154387208,1,0,0,1,NULL,'7'),(948147591,3118002263,NULL,1,1,NULL,NULL,''),(948147592,4285205848,0,NULL,0,NULL,0,'X'),(1377644321,1364407530,0,0,1,0,1,'6'),(1377644322,1724890479,0,0,0,NULL,0,'2'),(2083377639,2154387204,0,1,1,1,0,'0'),(2083377640,2688505528,0,1,0,1,0,'2'),(2083377641,2688505529,0,0,0,0,0,'F'),(2083377642,3855709121,0,1,0,0,0,'8'),(2083377643,2154387207,0,0,0,1,0,'Z'),(2083377644,3855709123,NULL,0,1,1,NULL,''),(2512874370,4294967295,1,0,1,1,0,'K'),(2512874371,4285205846,1,NULL,1,NULL,1,'L'),(2512874372,3118002260,1,0,0,1,NULL,'9'),(2512874373,55528276,1,1,1,1,0,'5'),(2512874374,2154387211,1,1,0,0,0,'T'),(2767199889,1724890474,NULL,1,0,0,0,''),(2767199890,934910799,1,1,NULL,0,1,'H'),(2767199891,485025007,0,NULL,NULL,1,0,'0'),(2767199892,485025008,1,1,0,1,1,'0'),(2767199893,1724890478,1,0,0,1,0,'1'),(2767199894,2688505533,0,0,0,1,1,'Q'),(3196696620,55528275,0,1,1,1,0,'6'),(3196696621,3118002259,1,NULL,0,0,1,'U'),(3196696622,55528277,0,1,1,NULL,0,'B'),(3196696623,2688505531,1,0,NULL,1,1,'D'),(3196696624,2154387209,0,0,1,0,1,'5'),(3196696625,4285205849,1,0,1,0,1,'Q'),(3675867113,485025006,1,0,0,1,0,'K'),(3675867114,1724890476,0,0,0,0,NULL,'L'),(3675867115,2688505532,0,1,1,1,NULL,'U'),(3675867116,2154387210,1,1,1,0,0,'Y'),(4105363839,1724890475,0,1,1,0,1,'H'),(4105363840,3118002262,0,1,1,1,1,'Y'),(4105363841,934910800,0,1,1,0,0,'9'),(4105363842,1724890480,0,0,1,0,1,'2'),(4294967295,2154387205,0,1,0,0,0,'S');
/*!40000 ALTER TABLE `pagepermissionpropertyaccesslist` ENABLE KEYS */;
UNLOCK TABLES;

--
-- Dumping data for table `pagepermissionpropertyattributeaccesslistcustom`
--

LOCK TABLES `pagepermissionpropertyattributeaccesslistcustom` WRITE;
/*!40000 ALTER TABLE `pagepermissionpropertyattributeaccesslistcustom` DISABLE KEYS */;
INSERT INTO `pagepermissionpropertyattributeaccesslistcustom` VALUES (1311461768,44769079,3646206327),(2803222989,44769080,3075330057),(3232719721,44769081,3075330059),(304618690,44769082,3075330060),(2008928848,44769083,1721451302),(4145548506,44769084,1284988646),(304618687,474265810,1714485373),(4145548504,474265811,4075703053),(3232719722,474265812,2645833329),(2008928846,474265813,2150948031),(3716051780,474265814,2645833332),(881965039,868728698,2150948029),(3232719720,868728699,1721451299),(2008928845,868728700,1721451300),(734115421,868728701,1714485375),(1311461769,1298225428,214415801),(734115419,1298225429,643912532),(881965040,1298225430,2645833328),(1311461772,1298225431,214415804),(2803222990,2079938409,214415802),(1311461771,2079938410,3646206328),(2438425577,2079938411,2645833330),(2008928847,2079938412,214415805),(1311461773,2079938413,1284988645),(304618688,2509435139,1721451298),(1311461770,2509435140,3075330058),(2803222991,2509435141,1284988644),(304618691,2509435142,3075330061),(734115422,2509435143,3075330062),(4294967295,2724528133,214415800),(734115420,2724528134,643912533),(3232719723,2724528135,1721451301),(3232719724,2724528136,643912536),(3232719719,3154024863,4294967295),(2008928844,3154024864,2150948030),(2803222992,3154024865,643912534),(3716051779,3154024866,2645833331),(881965038,3466364300,643912531),(3716051778,3466364301,2645833327),(2438425575,3466364302,4075703054),(2438425576,3466364303,3646206329),(2438425578,3466364304,2150948032),(304618692,3466364305,2150948033),(2438425574,3895861026,1284988643),(304618689,3895861027,1714485374),(881965041,3895861028,214415803),(881965042,3895861029,643912535),(2803222993,3895861030,4075703055),(4145548505,3895861031,1714485376),(734115418,4294967295,2645833326);
/*!40000 ALTER TABLE `pagepermissionpropertyattributeaccesslistcustom` ENABLE KEYS */;
UNLOCK TABLES;

--
-- Dumping data for table `pagepermissionthemeaccesslist`
--

LOCK TABLES `pagepermissionthemeaccesslist` WRITE;
/*!40000 ALTER TABLE `pagepermissionthemeaccesslist` DISABLE KEYS */;
INSERT INTO `pagepermissionthemeaccesslist` VALUES (7,553709594,'4'),(8,2917940401,'S'),(9,2292967165,'J'),(10,1688012739,'G'),(11,4005858384,'S'),(429496738,1688012738,''),(429496739,1863470434,'0'),(429496740,3347437132,''),(429496741,553709597,'D'),(429496742,3347437135,'U'),(935676348,4294967295,''),(935676349,3576361656,'5'),(935676350,3347437133,'A'),(935676351,1863470435,'6'),(935676352,124212866,'U'),(935676353,124212867,'Z'),(1365173079,1688012737,'T'),(1365173080,2292967164,'0'),(1365173081,2917940403,'F'),(1365173082,1258516009,'0'),(1365173083,3576361659,''),(1721031215,4005858382,'1'),(1721031216,553709596,'9'),(1721031217,1863470436,'7'),(2150527946,2917940400,'7'),(2150527947,2917940404,'L'),(2150527948,1258516011,'G'),(2929780285,3347437130,'N'),(2929780286,3576361657,'8'),(2929780287,3576361658,'Y'),(2929780288,2292967166,'F'),(2929780289,3576361660,'7'),(3359277016,553709595,'G'),(3359277017,1258516008,'0'),(3359277018,4005858385,'R'),(3359277019,2917940405,'K'),(3359277020,4005858386,'0'),(3730337750,1258516007,'6'),(3730337751,3347437131,'6'),(3730337752,2917940402,'K'),(3730337753,1688012740,'G'),(3730337754,1258516010,'1'),(3730337755,1863470437,'2'),(4159834476,124212865,'4'),(4159834477,4005858383,'K'),(4159834478,3347437134,'7'),(4159834479,2292967167,''),(4159834480,1688012741,'6'),(4159834481,2292967168,'1'),(4294967295,124212864,'F');
/*!40000 ALTER TABLE `pagepermissionthemeaccesslist` ENABLE KEYS */;
UNLOCK TABLES;

--
-- Dumping data for table `pagepermissionthemeaccesslistcustom`
--

LOCK TABLES `pagepermissionthemeaccesslistcustom` WRITE;
/*!40000 ALTER TABLE `pagepermissionthemeaccesslistcustom` DISABLE KEYS */;
INSERT INTO `pagepermissionthemeaccesslistcustom` VALUES (4294967295,34009927,633153775),(3268742327,34009928,3686358216),(293859983,34009929,3111353110),(2363976783,34009930,3686358217),(1245279223,463506658,1648303267),(2363976782,463506659,633153778),(3756203684,463506660,1218806538),(2839245598,463506661,633153781),(1245279221,1232042881,1648303266),(2839245595,1232042882,3111353107),(3756203683,1232042883,4115854941),(1245279224,1232042884,2681856379),(3268742328,1232042885,2505995965),(723356713,1232042886,203657049),(1934480052,1232042887,633153780),(1934480054,1232042888,2681856381),(3268742325,1661539612,633153777),(723356712,1661539613,1218806536),(293859982,1661539614,2681856378),(1674775955,1661539615,203657048),(4185700409,1661539616,633153779),(723356714,1661539617,1218806537),(2363976784,1661539618,633153782),(2363976780,2005489619,4115854938),(1934480050,2005489620,203657047),(723356715,2005489621,2681856380),(1934480053,2005489622,203657051),(2839245593,2434986349,4294967295),(2839245594,2434986350,2505995964),(2363976781,2434986351,4115854940),(293859985,2434986352,203657050),(3268742329,2434986353,2076499235),(1674775952,2760550737,633153776),(2839245596,2760550738,3686358214),(3268742326,3190047468,2076499234),(293859984,3190047469,1648303268),(723356711,3506516205,203657044),(2363976779,3506516206,2076499233),(293859981,3506516207,203657046),(1674775953,3506516208,4115854939),(1674775954,3506516209,3111353108),(1245279225,3506516210,4115854942),(1674775956,3506516211,3111353111),(1934480048,3936012931,2681856376),(3268742324,3936012932,3686358213),(1245279222,3936012933,2681856377),(1934480051,3936012934,3686358215),(2839245597,3936012935,3111353109),(723356716,3936012936,1648303269),(1934480049,4294967295,203657045);
/*!40000 ALTER TABLE `pagepermissionthemeaccesslistcustom` ENABLE KEYS */;
UNLOCK TABLES;

--
-- Dumping data for table `pages`
--

LOCK TABLES `pages` WRITE;
/*!40000 ALTER TABLE `pages` DISABLE KEYS */;
INSERT INTO `pages` VALUES (15,216099957,113454109,0,464171987,1,1565993218,'1970-01-01 00:12:11','2017-04-25 19:47:34',0,1418212682,'C9','84V4',88,'0889K7Z8L06370QC',1,1,444895517,1883522051,7,157669536,645744834,0,21790,'F7Z',535607615,1),(16,29212151,1192333460,0,NULL,0,622527981,'2010-10-26 11:05:18','1981-04-15 08:56:47',0,240511904,'3O','9T5ZE2E9P24C9',2005979474,'E37W3W22',1,1,756,1624473867,170753462,2225,4,0,41,'',1341086874,0),(17,NULL,1621830192,0,1461535775,1,10,'1970-01-01 00:09:49','1970-01-01 02:29:45',1,4837,'87','2AU86F363VE5T4',1678321666,NULL,0,1,1804166194,340349234,1683267544,1583,1673740611,0,-58,'D2S7380OQX',287500826,0),(18,1431169052,3616513562,1,955410882,0,1783547214,'2008-06-27 12:53:10','2017-08-01 09:37:38',1,3,'6',NULL,948,'5CXA4MWRIC2Z614T9JD8PSP',0,1,1447570789,793817552,3,1950502162,724,1,-51,'41TFYZ518H',1,0),(19,1813004574,2953963447,0,1743539919,1,457170510,'2015-02-23 00:07:24','1996-09-17 09:45:05',0,1044206392,'67P','HW3PN7SMDI7B58GB29D7XZ0DE43E7R3SJ0AUNJHG1H5X115N8Q',673777531,'87M1R6M5W1L4A5',1,0,659196720,1441755712,1570859779,153855454,91,1,-31993,'32',1533974372,0),(20,NULL,542950843,0,NULL,0,122599000,NULL,'2018-04-05 10:11:36',0,723309885,'','JUM9VELZ75O93E4G52',1094392163,NULL,0,0,0,470976510,289298359,1975708791,928666090,1,3657,'',1281628482,1),(21,NULL,2218518374,1,1425671158,0,6,'1970-01-01 00:00:16','2003-11-24 14:58:03',1,521,'P8I','NR44722F84533G000H68H17A775VR2Z2R338LJJJP0ZUK9666DRCE45GP5WN0',39378593,NULL,0,1,1008936836,1978495079,1,1770127918,592202514,0,152,'1UFC',1561760757,1),(429496746,1598712772,1789021640,0,8780899,1,180271360,'2010-04-11 11:48:57','1970-01-01 00:00:56',0,766936242,'9D4050JP','',927523561,'5',0,1,53,1972634038,45,1463576438,313730644,0,18995,'Y',1411826521,0),(429496747,58,1192333461,0,57,1,764695873,'1970-01-01 00:11:26','2000-03-25 09:19:53',0,1181365518,'2','H31A368W11E405BIG5MDVAX039SYT9QO8MJRCUKCY1P0LO124B3CB6NO11JO293A9VW7S036MK0HJJ9',683573719,NULL,1,1,20234710,1,636,1098291337,1019778397,0,-31518,'D',9274,1),(429496748,NULL,113454111,0,421412693,0,744198580,NULL,'2010-07-15 06:45:26',1,28414976,'','3R979Q06ABN',259202815,NULL,0,0,2046443198,2064429696,1894579352,547,1456709308,1,-21118,'YZ08E51',66052578,1),(429496749,2057787107,542950842,0,NULL,1,346435934,'1971-09-11 14:10:37','1990-08-27 20:52:36',0,1614,'S17G','V00G',9352,'V3ROR0HXMN1ACS53UU5A7YMG6BVHT370',1,1,327517810,2017007633,902608376,584346135,8,0,-25734,'',9,1),(429496750,405013164,2953963449,0,894724779,0,61142725,'1977-06-09 09:04:10','1970-01-01 00:00:08',1,41300266,'F50CL','3CDAEM13D7W4G60SI7L1Y',418702971,'',1,0,272644421,884,921623564,2026415948,675549057,0,-2539,'EQ1',5304,1),(429496751,1579641101,3616513563,0,274,1,914,'1997-06-30 15:14:32','1981-05-09 15:56:03',1,759320055,'1I8','70U83R213',59,'S310',0,1,1666434319,884849179,462,9562,855,0,-10351,'5',1580890773,1),(429496752,NULL,113454113,1,1817243621,0,146352401,'1992-02-21 16:39:33','1970-01-01 00:02:15',1,1114224256,'F','1I08M03T461G4KT81WXCHT2V18ZN49',2082096111,NULL,0,1,1835206074,870,255385553,1584,127168114,0,26711,'8C2S',1314278038,1),(1107972901,NULL,2218518370,0,9,1,1247199891,'1970-01-01 00:16:34','1977-12-30 01:58:45',1,681833005,'8VQ9',NULL,1456301011,NULL,0,1,84,514476725,567849108,1720136086,597,1,-99,'5OB6OHX9Z1RN',778311800,0),(1107972902,4,113454110,1,NULL,1,1187,'1970-01-01 00:08:40','1978-07-04 06:08:30',0,1878976654,'4P6442X','',1773,'E42C225GCUM40EJ2L4SSMPF6CD4Q2AN65D',0,0,113908467,1679686341,1052633512,1484787217,663646246,1,5371,'',4481,1),(1107972903,637529255,2953963445,1,748,0,1963818574,'1972-09-07 16:32:36','1987-03-10 07:19:22',0,53437341,'08','K667YY4MGD31AT6VNTN3FZSGODT9WQE7TE0QC2Z1OL6UH24P7MXHV1CK25D1X49EIVGC8YJDQ6D3',8135,NULL,1,1,1418097540,1796137321,7735,1599068981,498168781,1,5946,'P6NT8YEG',1256425765,0),(1107972904,435075919,2218518372,1,9,1,213245517,'2004-08-23 04:59:16','2010-02-07 10:11:47',1,1718398500,'3','LOTR0RX0Z035A49D753V0RV2552A0IM0YZX58R8HBMTVN7VBE29ER01P574J91D5VE0TB4',382,'P44ER3X7024O6',1,0,1084267362,1257900843,1061857849,2057111991,2823,0,-7,'S',594,0),(1107972905,679889269,3383460179,0,1403574375,0,2079674880,NULL,NULL,0,1047256969,'',NULL,1186888544,NULL,0,0,113956446,514470822,799729217,340601029,2120355554,0,17021,'9X5',1941291377,0),(1107972906,1386560135,542950844,0,454665005,1,62,'1970-01-01 02:27:28','1970-01-01 01:15:32',1,718452156,'P','07ZPIULTH06C912H',15,'22CR7LA7R05V1ZS2O21Q6TMKJJ0QRW965',0,1,891,282933068,1004482808,1911399017,300098641,0,577,'D3G3U6',76,0),(1537469631,709207052,2218518369,0,718312546,0,971756,'1970-01-01 00:00:07','1971-01-11 05:37:10',0,600655831,'33B','7361LTHHMV7QXW312BLBEE229VPW0HXW1RCCP6ZJA380963NYF1DG6W07491CA3GR3U55L4NW1784LS6439YZF2Y7NR',1390965948,'I3RFO94MQQF2S',0,0,1188080848,680235175,1328473589,9788,759814519,1,-8946,'NX',716,1),(1537469632,81,542950840,0,1196,1,2960,'1970-01-01 00:00:09','1997-01-03 23:06:32',1,997,'1E2E','77ZSP672K8K869HKCYE082N835H64234I2Y1FG0D17DHA7TQ8W5A4SM18YB7G5Q9360FU0M16A6Z47GNPDK7H9ZKRXQ',1648702688,'6U8ARN5MU91235W5B9AH03T783MC2',0,1,525899735,2036333261,1955842704,1456362450,125182898,1,-18908,'U6K2R6ZHX15O50GZ20453',316900002,0),(1537469633,1741619879,1621830191,1,42,0,1090854311,'2011-11-08 02:02:27','2011-10-23 08:16:04',0,624041426,'H','D62Q4BHB1O1DZX01542',1322405755,'',1,1,2009751772,407277117,952286109,1300225664,8853,0,-8847,'EQ2NUY',416,1),(1537469634,806,542950841,1,1329286766,0,960900490,'2019-09-20 00:45:22','1986-12-04 13:11:40',0,1403001288,'UX4J26LQ','223K188CE4GJD2C6F2SY434046RKX9K6X77M9EF6',314045117,'353E64D3766L',1,0,1703107099,30,1695300683,56,381385395,0,26029,'S6CHXSCSJJ',1284857903,1),(1537469635,481,2953963448,0,1997517546,1,1874519767,'1991-09-16 03:12:41','2004-09-27 19:29:31',1,504,'FBKLH','MJK6S106348',1827,'VI0MSCI55LE',0,0,1804838091,662787796,202067288,1557905574,1531604205,1,8,'9RP',389553910,1),(1537469636,710685059,4046010288,1,160,0,735950620,'1970-01-01 00:00:05','1998-08-09 15:17:01',1,0,'56','M647V1WOV',385813236,'',1,0,989423342,1746456795,1608086000,1916,1891499284,1,22782,'O2',5039,1),(1949037636,868777101,542950838,0,1405385323,0,NULL,'2014-06-25 07:03:25','1970-01-01 01:34:36',1,1197341047,'30TZ','Z0QIG411FNSPQBIW17OLD1JXV2O2TQ7PY5D4P47',1801485515,'',1,1,32,960016806,1076476385,1337115430,1769630358,0,6,'ID',1610113561,0),(1949037637,1224428236,3383460175,0,1161348878,0,1583387553,'1970-01-01 00:11:50','1977-06-26 03:17:05',1,7712,'0','K5RRN2ZV132RTK2Y1RXCS323M04WPY',1278177193,'4B66L6Z11BTS2H67S',1,1,929424367,866985526,1925957893,5,679669003,0,-7,'S',34,0),(1949037638,1681986510,2218518371,1,1024885592,0,267805596,'1970-04-23 21:16:34','1994-10-21 06:22:59',1,197426856,'G10','94H3WUU5AUA098SFUAU3U564S9ZXYV1LPL5GNP419P4I7TYG78W02A50KKY94148F',551538011,'H21T8B4K8HX9C4Z8UA714D3P7V931UBIH93B9QW10S068RA212C4',0,1,1905714632,388,1557497622,644,2070554800,0,-21111,'2LW0QH2UF',751085335,1),(1949037639,43,1192333462,0,215967514,1,395562880,'2016-12-24 10:45:32','2001-05-16 21:05:01',1,5,'3VIFLL','FFKB517Z',1958039753,'',1,0,1716142101,686,235649811,32682120,748551493,0,5394,'9DTLM70I9U21V422XJ1UH3S74P7',393800021,0),(1949037640,2113336728,3383460178,0,4,1,1179351888,'1997-06-12 22:56:48','1980-09-20 10:18:16',0,68,'O','658KQ85BQ4V75C8XZ0Q3R8772AD6367NNQ4X98147POFA61VPBN107J2A21SS0F0S1V2Z41UJ5I724BXA6SAXJ5S88OQY5M1S0L1JM82A6QD6PS8MA8L6G827909E8',566,'97926J2XQM7C1T1891HA93XJOFO77Y9KMOHIYHB5NIYLQA13C5IWNIJKF8JF7V7W894G',1,0,1428883835,237930629,7,61,1788574643,1,217,'C5',1996023236,0),(2378534367,436617532,1789021639,1,NULL,0,195354976,'1970-01-01 02:29:07','1971-05-02 13:04:39',0,1943979366,'7ED','ZK9W69SDA3BXBJU3UVV41P1W12Z4VO8N4F25HUWAISUWID0EG60L19I3N676K8SR62J05J44WT27Z82Q139C5BSL099OZ8BA8P82M45308FUO72',691,'WA3ZAM55AJ7ELF6BS178983WUQ321YKF7KXOX93X2809SNK0U61IID7X3L91F58HX8999O1Z2545CGQ5Y10730665P851542J4',0,0,872,419108774,0,1,37856936,0,-3264,'',1,0),(2378534368,9297,3616513561,0,1681070299,1,620033203,NULL,'1980-11-13 06:20:14',1,59239865,'','ZB68N30TL13T86N4442E6V6KWMO1VX83YN4759R009OK3W91K3B2F015E9P62',1645930174,'R7XK1SL272R5Z37R0T14TU0BZT2R31W4',0,0,126339099,1836104569,1465209443,960668215,989447131,1,-27475,'9F29K12U',1828485416,1),(2378534369,456112915,1621830190,1,933871798,1,117826567,'1970-01-01 01:35:49','1983-06-25 02:04:19',0,5,'6',NULL,69809084,'',1,1,595,186075508,332567706,7,847960891,0,-5748,'3FS',418608356,0),(2378534370,NULL,2953963446,0,938760814,0,1328791967,'1979-10-22 05:37:48','1970-01-01 00:29:11',1,9878,'7','035WX95DEV7',4382,NULL,0,1,1240084491,13461780,2,1899954654,9870,1,-58,'63FW',421904656,0),(2378534371,5231,1621830193,0,499191955,1,389361743,'1970-01-01 00:09:48','2005-12-29 19:51:40',0,356375210,'0TM','WA50HC08J3R27TR9D70G51VR13ETK752156WAI',554769994,'K1Z135CR9JIUOH30H7B4N2FBE5A32HC0Z4BFJ706UN974AYBMVL28DT5SGSOCJ9PXE',1,1,1156721868,831179269,2024427662,1107,33924169,0,4594,'26RIKZ6X4I6TE9PO4I8L0H',32595583,1),(2729074739,471,4294967295,1,1068173773,1,1381144065,NULL,'1970-04-27 10:23:51',1,803677767,'','602FCB33CV0N761XAWPW8HD34IZH4VMA61918OR',1923693923,NULL,1,0,1596091535,1484,688341503,100,1033435424,0,8797,'9O48',6657,0),(2729074740,57,3383460176,1,0,0,657307596,'2014-12-16 05:52:53','1970-01-01 00:00:10',0,1219936119,'Y1','G9Q0W0AVPKOOC111HHLC',892,'',1,1,1887020830,708237212,330313003,1964552154,1653618388,0,14619,'46',741799885,1),(2729074741,1044744630,3383460177,1,375229784,0,1039348634,'1970-01-01 00:00:04','1970-01-01 00:00:08',0,82,'H16XJCAP','96D338964MV177C93G0WK2PG3IE1WD12H78H9KR604GW76R9522R',3,'',0,0,1208937465,485,1171068805,1213102468,1161294256,0,-614,'A27N',0,0),(2729074742,2131556828,2218518373,0,NULL,1,1779238735,'2016-01-08 21:01:17','1972-01-27 07:14:34',0,1118355949,'4','5I0B4G4XZVA7R6SI726SS6O844YX66YV324DRY0DQ',1292508430,'0Y9RD6ZK4M937',1,1,1872935531,76,9,7,424911204,0,-68,'',3,1),(2729074743,6,1789021643,0,278705441,0,354238181,'1970-01-01 00:00:04','1970-01-01 01:35:47',0,602137717,'W8','3237SU629NCR6IBU9J37YDE68JP256D21A0D',61,'',1,1,1944688099,64380639,7,275039846,1025890562,1,33,'023V8X7PGJJ1',1000763538,1),(3158571470,1086088004,4046010287,0,1977199451,1,277,'1970-01-01 00:00:58','1970-01-01 00:26:18',0,575241656,'Q','2A75M',1708108449,'3607489S01NAHLZS3ESJJ7UIN6E4HXO2C83009PTFHU19OYKVJ4233VV12X74W4P73G9DF0YZ267U5GKT6',1,0,1160731491,587390419,37,35,43,0,16134,'EDCO0SY1WUW',2062858266,1),(3158571471,6172,1789021641,1,89499858,0,563481140,'1970-01-01 00:00:09','2016-05-06 22:08:35',1,1675106184,'AI76V','',1694804826,NULL,0,1,1543132135,62,551351542,1809968551,8,0,810,'JC1E3QC3O2O4RYW661J1',490810974,1),(3158571472,1532896845,1789021642,0,1261539767,0,629,'1988-08-09 03:44:04','1970-01-01 00:00:21',1,2133607962,'50J','X1ENQ9TERN41Y6505I8K430Q4NNI612H31Q5RT61',193395940,NULL,0,0,2027694612,217454664,619,7953,1413466904,1,-31252,'H1I0U42S37G',148,0),(3158571473,1996941364,113454112,1,779173512,1,46,'2000-10-16 11:16:34',NULL,0,2493563,'S',NULL,551184413,'',0,0,2663,540467553,86,1382542269,355299130,0,-1,'08984A',488,1),(3158571474,820347911,1192333463,1,NULL,1,957247128,'1970-01-01 00:00:05','1970-01-01 00:00:06',0,2085551344,'79','0B0TA3R9Y2E21F5F',1692768476,'W2CR8R82O996CL1Y80O8BA1AJBQ8BW91',0,0,3,1,302,1016327525,129178511,0,48,'',1,1),(3663904122,1991548151,2953963444,0,NULL,1,NULL,'1970-01-01 00:00:22','1988-10-22 04:43:55',1,415753352,'9Z22C',NULL,76437403,'98B6WT15X8EP',1,1,149970487,447,356434536,995626364,1089761135,0,-14681,'',1,0),(3663904123,1784908655,1789021638,1,1800791144,1,1022043215,'1976-04-09 22:50:11','1996-04-11 23:38:07',0,201094126,'M','T0Q6AH5YA7G59M41SX',1335712981,'U51337R50US34V81Q43KK4B0EU',0,1,1080622047,940734916,69,734952240,112,0,34,'4264',1926922636,0),(4093400848,1192465936,542950839,0,47,1,1241279245,'1970-01-01 01:59:49','1981-06-13 06:34:28',1,999831959,'43RC5','',66,'',0,0,8,385,3,356589600,567055267,0,-718,'07M',560997219,1),(4294967295,1270633421,113454108,0,43,0,1289836921,'1970-06-19 15:49:40','1970-01-01 02:11:03',0,1032180764,'D','16S1C9',1622231495,NULL,0,0,331678910,478140316,1456774202,370,5148,0,-997,'Z66E',600393587,0);
/*!40000 ALTER TABLE `pages` ENABLE KEYS */;
UNLOCK TABLES;

--
-- Dumping data for table `pagesearchindex`
--

LOCK TABLES `pagesearchindex` WRITE;
/*!40000 ALTER TABLE `pagesearchindex` DISABLE KEYS */;
INSERT INTO `pagesearchindex` VALUES (1732873,NULL,NULL,'5Q0B73','UFS1F7EDDFV34047LF6HZ1ZPOK8BGS1LUM52OSQYZ9D6BEJWPGOLHPK27H24DM4495E0EA9TEV03ZJ59R37D8DT4RKE2N4M2Z94OMWT132','1990-11-21 21:44:12',NULL,'2008-08-08 17:38:31',0),(1732874,'Q530271DY00FJAJT49G07Z3BFS4ZDW6Y32','8PM89D4F45C073VX0OG2682V467OCD55F5B','DX94B86EGPZSMY9912W0371CX','1HTIC87G61SZ6FIH1K','1970-01-01 00:38:03','1994-04-11 08:30:32','2001-01-17 03:47:39',1),(1732875,NULL,NULL,'8M','','1989-04-06 04:26:49',NULL,'2009-09-02 18:46:17',0),(1732876,'','','46PQD75922','N2O2790JRTKM90WCZISNJYG87YY317V55HM','1995-05-20 07:19:37','1993-09-10 22:55:04','1998-01-16 22:28:01',0),(431229603,NULL,NULL,NULL,'V','1970-01-01 02:10:17','1970-01-01 00:00:01','2005-12-31 13:12:20',0),(431229604,'','W35B736SSL24I0K22W5C64B',NULL,'','1998-09-14 23:52:38','1970-01-01 00:00:10',NULL,1),(431229605,'05BR33T285S74R6C14221PE65040YI1EC9MF282M','',NULL,'BN2PC1','1970-01-01 00:01:26','1987-12-01 17:21:35','1987-05-09 01:09:36',0),(431229606,'','','8KI68VB','0109MU34B3DWY4KG','1970-01-01 00:29:53','1970-01-01 00:01:31','1970-01-01 00:00:48',0),(431229607,'F2178T17Y8HD712IRYT5BEG017499F6I6IN0X7OV912960N4VX0V85LPQ97LHS1H8M9N4X1SK1YT2VDI64P31RUV4',NULL,NULL,'838MJ8196M5CSQ14M','1981-10-05 22:55:00',NULL,'1970-01-01 00:00:05',0),(1033495680,'B892D73C49RCJ54Q1H2T3SH97X','AI4H8476C8J6PFR857J2X398MHJ2O','2B2P9AJ731ILCQEU61DGN7807H95ZJ0L','H485','1976-09-15 21:07:19','1970-01-01 00:06:27','1975-08-13 21:59:38',0),(1033495681,'19DFDWJUCUN9V6KAY',NULL,'','4D76HJP','1996-01-26 04:46:08','1994-03-11 10:00:02','1983-03-22 13:07:43',0),(1033495682,'L4E7L4P3US5P875KM2AOQTL3IJ','5IK2P55XNT0239Q505JK8I05NY7NNB12Z2747IQ0T7966PI8176I2Y17X5K02G3','6SR1I10365B9MH0W5299M23IEQEHIK1B7A0','4Q35E06','1971-05-25 11:23:52','2016-05-15 07:57:29','1977-04-18 02:34:10',1),(1033495683,'W4','30Y5C4F','3YI','0','2010-03-19 20:59:55','1970-01-01 00:00:10','1988-07-19 10:58:17',0),(1462992411,'','V1141','3GN4WDT1033X4','33AM43M54VFXB2036I4P03E94008LHJNSGGBVJYWD140K21S6TWT76U46O061045269C9T99149A19EF','1970-01-01 00:00:01','1970-01-01 00:00:07','1970-01-01 00:00:11',1),(1462992412,'2',NULL,NULL,'5AK6063KY4EYYBIR25DH39YN4R4JJ2OQ30755S7E318VS6Z34FX821HX43','1970-01-01 00:12:19','1999-08-20 11:58:14','2018-06-11 08:52:39',0),(1462992413,'P4TU1AD221DCCH341KXKL2Z3E29',NULL,'',NULL,'1970-03-02 10:23:14',NULL,'1978-02-24 06:44:47',0),(1782143678,'DGC3HUQJZ5P77M','DS7N7U1D674T9JUO9SJ15X',NULL,NULL,'1972-04-17 14:57:37','1997-10-16 06:32:54','1970-01-01 00:03:11',0),(1782143679,'',NULL,NULL,NULL,'1978-01-28 10:23:07',NULL,NULL,1),(1782143680,'LM127V4D5E8OJ57SL2','J92I8PE9Y','','ZPZ0WY37M5NU4082NR2TO31845B6PDGUSB2MHVN3184U7486N59D8NC11AKKDPF89G117W7U198VVW873C1UZT76KRS1VB9P51U52U90TOJ095WI834','1977-11-11 10:29:13','1970-01-01 00:00:16','2001-04-08 23:37:56',1),(1782143681,'MINAO6LA008WUI65K','EAM8XA5O1LHT6QBQ20I8KKP0G911TF52QHX7183F6H487OO1A58236E7JIIVP8V7MM77T6MZTEJ0349',NULL,'7Z873O1','1980-08-26 13:33:40','2012-04-25 04:11:04',NULL,1),(1782143682,NULL,NULL,'C8','C','2002-04-15 23:18:54','1980-02-15 00:25:45','1970-01-01 00:00:04',0),(1782143683,'H179','H','943VPCPN538UW834E6OQFHA3','JV55Y0AZGDNRN25Z05VMT3G0LUMCA3H51QSV2Y9CQ','2019-06-13 15:07:24','1993-11-01 18:05:19','2013-07-08 02:01:10',1),(1782143684,'6WN351GCZ6S5FR95W4','546H4YWM3G3ZWX3QJ16G5VHR42U','RILE89FW5','CC83FT77LQO559707M6QP6B2O309','1970-01-01 00:00:04','1996-05-06 02:39:57','1970-01-01 01:55:27',0),(2211640408,'C6537RT8D279CW83','97YT5X7L57047UXA6Q069DVK06L6M3VQ4Q947E','64L5PJO','CT2I6HH13','1973-10-04 14:32:08','1970-01-01 02:33:59','1987-06-02 17:57:05',0),(2211640409,NULL,NULL,'12','2',NULL,NULL,'1970-01-01 00:00:26',NULL),(2211640410,'HE08G8016Q8RB0L2R7T5MS36WWS2ZT1FR28H7','',NULL,'DP4Q60C0I7ZJ820RR417JB0685U0X9F4ZK619P3VRT9230A','1972-09-07 16:19:26','2019-11-20 02:53:53','1995-06-15 17:05:01',0),(2211640411,'TA1','5DCA387JL411N4FAUVC5I6NPRT53RG4DQRFPW4UHE41ITL7999KRQE52LJIL7136P','','5BJWPOH0VY36S11TSW4F7ENI727R0247','1992-02-22 13:46:58','1970-01-01 00:00:46','1996-03-21 16:22:05',0),(2211640412,'V53BBJ10W5Q462R01Z5K9916W8Y028B05W805750O1R23YPEV','OF1YW5MSEMR','B978L2NTS688377594RA43R836645771KC7T33OZWX1P093JU5LS35I3093224NRDO7G58X7SR0286JGMNI9','N5NDKJ6A3236Z','1970-01-01 02:12:05','1970-01-01 01:16:17','1976-11-15 16:44:04',1),(2211640413,NULL,'7E3G91A040CQ937D3G2C37212C7G575T2O56J6C19Z43187VL',NULL,'525H91N01K955J89MR',NULL,'1970-01-01 02:00:22',NULL,NULL),(2211640414,'QO40NR5755F8KPS7MG4Q238OUP158VR638MQ49Z65177093N','02U148S3HXX20W72417ZVVYTN73E89WI809A669VFE0409H5O',NULL,'','1970-01-01 00:00:03','1970-01-01 00:00:45','1978-06-20 10:08:58',1),(2868619491,'02YOL','',NULL,'6','1993-01-26 01:07:23','1970-01-01 00:00:08',NULL,0),(2868619492,'','','','CDUD4W0N871IXO81','1970-01-01 02:32:44','1991-05-26 04:14:05','2016-06-06 21:50:17',1),(2868619493,'KKFO0DZ24RD153Q819K28IS8L08R7D37NTW6A3K0BIW9RP0LQ4P0ISYAXE15636151F5F08SY7N39PN3V97HJR5D3F8B70V','QH119XF031MD079Z41VS81AF8A3F4W8LS0904','5K','T464S8883L','1991-01-01 10:48:04','1993-10-07 11:26:26','2018-02-05 22:56:13',0),(2868619494,'15I0',NULL,'V0NAD0X4R54YKZ0Y39JJLK7FEZD00W57U50GHE79103MF6SEG0L2QQKIL9922KW9LM3627O24FJUQDUA7WMF3E7LCD12EH92B7BK6','W0XF2PC9S4C903PY57C059L275X83MX1PA3Z3713B','1995-10-28 22:50:46','1970-01-01 00:00:06','1970-01-01 00:00:01',0),(3298116222,NULL,'BLPHO','957296330M46XUA64XL5D80Z128','970G092Q8',NULL,'1970-01-01 00:08:36','1981-08-30 05:16:27',NULL),(3298116223,'','2R7D471L623845988170322K1VDVXZ2',NULL,'FF3IFC39DN59L8G09L','2009-04-17 04:07:05','1970-01-01 00:00:30',NULL,1),(3298116224,'Q4OR04M7838Y00',NULL,'Q0J3H2ONAT786TDH37GC58FS26A0XT3BM15YO2HC830J0N03I6ODK1L78ZFTCZR744F4',NULL,'2015-04-21 12:06:34','1992-06-23 05:17:15','1982-01-17 03:55:26',1),(3627004680,NULL,'G26DCS9','','',NULL,'2016-06-02 16:19:27','2016-06-23 11:42:35',NULL),(3627004681,NULL,'','','V5PW67566GX59B1U0RP6M592Y2773CBB62H925TW61','2012-02-19 00:11:53','1970-01-01 01:07:58','2014-05-17 20:46:30',1),(3627004682,'2YUG46R77LS2EPY87BRZPV7887JFKY58ED3U4VCZ9DRQ8QK4J26CABP8837W5RQ66T676S5X','','',NULL,'1970-01-01 00:00:05','1996-06-27 12:13:11','1999-09-18 05:30:59',0),(3627004683,'HE09125P754GW48M5EBR1D8DG','492OS077RHUEB8W','','NU1X8VL331X','1980-10-01 05:04:23','2016-10-04 19:53:34','1970-09-20 03:02:43',0),(3627004684,'','','','I','1970-01-01 00:00:24','1996-03-29 14:00:25','1980-02-16 01:10:03',1),(3627004685,NULL,'V9R','V69I653WLBIF','YPN0GEMDU8A37073O8Q1G8Q97LKL7I5WSA93',NULL,'1987-03-13 03:46:15','1970-03-25 14:35:49',NULL),(4056501406,'','93W5KKAE','M57OL206Q76H3AJEO76L','8WURZ4J02GX3H847282069XDZTP7','1978-08-06 18:58:55','1970-01-01 00:00:02','1970-01-01 00:54:56',1),(4056501407,'4I536OU3M4','FYUI0HELUSGXTM143W34VTGW1ZON07KLZB2II0V5Q0LA3XG','L8697719E7E7M49ORS31T2X020O4OW5TUGLGSCQ3M3DW0L7Q7X677ADS84WE635O8ZU557BWLR94','YH601ZDD20Q22WN0XMIG8H5UMNGKGS0G2BZ9K','1973-07-14 10:24:49','2007-09-19 04:10:36','2013-08-18 03:48:55',1),(4056501408,'V3R038L0G4S5899865TP7ZK27ZK4T4JB473650VC37391WI5V9L9L97125Y8TK0H','62IA0555436U','2ZM','RNTPTX9P6J36V0QXNRFU9QWX3KD44X99RFI129X9QYG8CX09O8TC1C5Z1WIJ7TISV157E8H5I5IRE65','2015-03-17 22:58:27','1970-04-10 18:13:42','1970-01-01 00:00:09',0),(4056501409,'XQQ33I6QGS','WXSFX52I1AT45','B8','','1970-01-01 00:16:14','1984-03-08 11:39:28','1970-01-01 02:01:25',0),(4056501410,'SNK4QB12M72654H7L','W0F8L3UD68T6DW','9PB0ON','76SUV11W6CF8F66','1987-09-18 05:49:02','1974-01-05 16:36:07','1970-01-01 00:00:19',1),(4056501411,'MAF5UKPU3EB2B72I275B72UPEA8W19TUF05L5R622W4110S4L4419PTT88V80P1G7117T1BMLNW94E559CY4OSP46KT689TQD238139X51O7OP6DYF8','18E8T8TBEVI79WG0','',NULL,'1970-01-01 01:10:01','1970-01-01 00:00:06','1993-03-06 04:31:32',1),(4294967295,'3SP18734352','3','9BZ8A14MA83LL6HWZH7459XLQMMY5K410VB314HX255637D79KR77KJ26878023CI9HS','3QTX56C6105UP59L706068Y6','2015-06-27 14:36:28','2009-01-25 01:13:55','1970-01-01 00:01:06',1);
/*!40000 ALTER TABLE `pagesearchindex` ENABLE KEYS */;
UNLOCK TABLES;

--
-- Dumping data for table `pagetemplates`
--

LOCK TABLES `pagetemplates` WRITE;
/*!40000 ALTER TABLE `pagetemplates` DISABLE KEYS */;
INSERT INTO `pagetemplates` VALUES (976562,'','LI57A','YG1QJ49D162KF3960KWBT32J9G7',0,1667327134),(976563,'108KK309876','02RAFA0ZCG45C20O2DR79','',1,767),(976564,'FT3','C595S6XJ56H8OAAR7G54J2Z11792E932382EDP9RI15J96T0I5PSR9VT0ENO7301P105H2W7Z2E18B55','',1,846752006),(976565,'','37W2K0B4Y9G3P6891NV4H6397X5SIBB17338Q51M1Z9KQ256O5MLH02UV3PQ8YK39MNV1NF1N7Y5YU9OF0NT9NO3JH278B31542D4J4N8C16Y52T665AL52E450T542NE023PRJDNC9T01VNF9UCQRDYXKSE42BAS04A1J9I372I7B','T6H28S71L6T4UX7PWLEWJA5CSXA7YAW3X906B',1,460360227),(976566,'871U47OR7803RA22488','QJT4P6970786W88','3GX44626LDU823O1IVKZ57L32',1,4768),(1976562,'247J2ADNT82D5562F39P23343A','9WC23D0X63L76U03LY04WD9SEZ411Y90LDL','OZBU8294UVK0WU1XG580523DZBD3TWY9EJM727Z78TF7L877F6WUN7E935699Z0OWIW9210DU7EM8U66KKQBJ3HDED4OM55VH',0,2040296001),(1976563,'47F0OM3N6475D8J23T92M1XG61AT7196PVOVQE9W3C62X298Q2R8S1GS9V2FG9J3785HRYW478YS831YUX6R6WD8OA1N192A3MQ1D6W7ZGI694NM3J2H2V64NH60890ZQ','4','TMC9A22MB75V9K4S2HNEV2TF',0,1514103876),(1976564,'EJ2A988814Z993P6H55O4WI370ST','0VJ86JYQ5','',1,1280780561),(1976565,'W0FBSC54E0XWHF8XRU','ZPPPN7TKS8L34PYB1HDXH5L47A7J2596FEP7DBDB7707AZ8F9ZV2Y0K68OI71729W30TIUI387E0O101X','Y04SC5XM277Z377W8JQMP17GI6F',0,1659399965),(1976566,'ZGKGNQLENK8G36WWWO758978XLKMHIC8N43AV','072HV26H17L7CM790817E4L0C4A5','3Q73O4M0Q5901F5MNB3M6092APT2E',1,1202751576),(1976567,'489035Z2M0N5WO4HKQ021F2MA572R7O2E25JJOZRYL6B2TO3RBRL','2077Z59T35SPRESE6ZYS','06',1,892787971),(2448876,'48CE9A','VICHD79WH','11QPY460R269879ZDT8CEI6W',0,1986878280),(2448877,'Y588','R9N9C4M0AG1FOVMBI6R5ED430WC65EV81A4R31K94158L9WW3U9UEVPBMEV9GP0613U2','HHYY',0,242597116),(2448878,'P338TVK51P7H26543ZSN','96165','2AU22KH18VW87101F93W59',1,131926938),(2448879,'8VVISH24V6494','O32HF0','',1,1209),(2448880,'','Y8QUDJ29AP1BQ50IGLWHDK37A3ZP521VBOMFW','6M',1,442367606),(3448876,'1UN595S4VE2H','35QC10Q61WI2KM16340734ZL8J61E153BS8LU51AGE90','',0,97),(3448877,'P6D65R37593V3311A7638YX5SU23P3','R65294F1158H41TJD3VCW8VU6BD7D732JL1L2214XVMT1Z9K18','V11A96126YMFEHOP5FBG054T36O23N95W3TA',1,1241579906),(3448878,'ZG7I5TO','R38X10B4STLZT','S8HR3I58I0I9T0N5G0WDW8N',1,56),(3448879,'4','','FP',0,89526691),(3448880,'BQV371558870KVVZ982ERMS8CLETMKQ231KDVW293IX','9W28','0R5IE3OT6R4JRP1818A',0,51),(3448881,'8OD99R7HC06ZE045BPIHQJ2ZMX7QV5T6F9JB538691R603073RM88','','J65UQJT887V5241578041IJ8V781LTC6',1,1087337937),(4529802,'9UQI8G52OG2KU','6F644S1E3BY0N092QCQYT0ZZU6C32V0490S6S797W07F0Z4A5Y63F29SDK72OGT1640Y0T23ZLLBR691VKSWMW2B3E1NI3236','58OI5K0V3S',1,1578095215),(4529803,'5H11OL281J77CY6T8Q562IL187N4C6D1G6RL2745TP56E9245A1YJX7Q0QG42CDH3OC18V2J2R0WAGTSV9EH8T18GQ7H564791GU8FLUWL','DF630ZZ395D2MSA861M2H2973F149EK6QMBV6S','',1,891),(4529804,'309H3500GB1Q08EMN4','9H0SY3U85U4XA6OUK386IL3M','9FZY3TA02LV30M6E4SP0H5TZE8484',1,4),(4529805,'GY9G41H1387OK88QIF685J96W0Z8','7EV823E3Y6P6HW8KLB20QNC78XX3LS9S','NQ6Z9HM1014UU3NXE1A111U669WJF6F44WATI4J1XK2J7U5V8B00RJ6FN7IXNE80MO412F66V7JX6KWG5SG02863F37KP04K7MP',0,446858431),(4529806,'Y45','ZZT','B45PD0BY43KQ8RB78VWPE9',1,243),(4529807,'2LFJW1V6TJ','61PDW1447UGAPK14QA67E1X2D170XW39606','',1,246130700),(5529803,'2L16IP252E0W7NEP1391G46W252611XY7783764L11Q4NQGI','B342EPV60489V2771W2N53M201163TOLG94G1JB43HLO5M761WB7K52R1','87AF26WWLFWO8Q9621M09042SOZ53SQ9R05MX9FQ9669K8K3869L0OB7M3QB24164TVK5D2383P0',1,445932846),(5529804,'V','HX7430Y5WI01UM6NX20Y17LQ50Y4P174L2CU57Z59XVB','4Q424ODT9ZHHO7',1,676166770),(5529805,'9','T7F2DPKG333LZPGHH723Q','ZCC942X9QRN2A45L',1,393832428),(5529806,'3PHQ','9I1UH7M6Q31','8146276A01PTA0B1ARW',1,1497867973),(5529807,'BNE9','','9P719',1,1142778790),(5529808,'','VO3I6264BQ99','R',0,191202854),(6101259,'2516E36Q1R3GRK53K2V9K8BO','IHE2C8L78XP37V690499L','CK5N87U84K948',1,88),(6101260,'NIPTS9','03AMQ826J25YC','R9C',1,1648965014),(6101261,'H7572MHMAYHK3C35UQZR1G1305V7791CVZL9821UH865IX9UYWJH8','19AM995N008U22TQNO804P3K6I70B03RVFZ98R9JHB8QVL9R2Y67QP7YK5TA3','32B845LHM6ZW3092NA68G88J11VOC4S652133',0,2127186728),(6101262,'519YBB','U5NXX2X63RKDM4W09YX5SCP3MK08TTNHZ3RFR8122R3P4AFDP227RL31ON4NFQB3686DI6982L6Y371OK0R205JE4H6AU','',0,35),(6101263,'3X16PLJB1I70F40TATD843','H4X464AWMJ5JS9B43RLD42L8','3L29EX54LC67R1F83A5C680',1,972),(7101260,'1O4QEA3DI4Z4','GBHDOS7','RX011CS54I448903402MI74O9',1,7502),(7101261,'R1294ZIJ3UHW6G7N0C3IWP94J','699G9191KLXBFZ7MU0ONJ2Q2349ELR87RWAQQ3OXAIW65HA2VEQ2','Y0',1,54),(7101262,'588R5SP5C2L2WFL9W727HM847M1IJ68UBID41BL2D78Z','K4','1MMV9A0162X314970T4UGF28A8A64O0',0,2108282992),(7101263,'285MG7LQXXVCA59DIAH2SNMD00I8Y3G1C93W2TRV68JP53','0UWJ6U1U8H6TK1DIT82EUBSQ079PCV9XN8','',1,1995825924),(7101264,'9KM3W111LQPGT4646B762L47B76D58T','O1VAB1P2AU39M9581T9760761L1J5','RZR59ZCX21CI50720E57Y0Z35JH5C3F81CWIY6I554',0,2962),(8012493,'Q125912J61T1','8UO','BX6YD6459UTBWF52DA9I0T9LZ2O2E3DR93K2P',0,2040314936),(8012494,'20B47336BA6I234KX38N32SLWVCOHV0WAO8AT1B06362E0715ERMIR85Z646ZDO2R6W141E160454G','62N7LSQR8FKCV79945TMTB0YKM','2A4F',0,882678475),(8012495,'SRGO66J5VWD','73LG47ZCGWF6EWU158454A569F','VHZ9DW46XG588475ZV5TR325485XMY37TDUH8A131YTM5K6804L7827A0IHC9SP1CC18LB0W05K7QAXL0UR0861G4OK1458O309908A04844WV236Z7314KVTJ3QG59DN9O8PAPU11',1,161154273),(9012490,'0R94YK242','W','',0,1921998075),(9012491,'952H5VFWIHTM1R6OJP2912Z','82Z2N5','U6S72IIH9',1,89),(9012492,'MBMN','1654G1N5B82672','6G9039KQ8L1Y3VQWJ938LVJKJ31',1,625253470);
/*!40000 ALTER TABLE `pagetemplates` ENABLE KEYS */;
UNLOCK TABLES;

--
-- Dumping data for table `pagethemecustomstyles`
--

LOCK TABLES `pagethemecustomstyles` WRITE;
/*!40000 ALTER TABLE `pagethemecustomstyles` DISABLE KEYS */;
INSERT INTO `pagethemecustomstyles` VALUES (330267515,7,'X9XB48NZ8QZ0OKD696I50UZ3PF7ZSP209SEBBGRPV367QP49X211G3Q038T7L3836GM16C',1165136570),(330267516,2071007860,'',679884374),(330267517,473,'0E6M9GG26L79RI33237UT276AYHE0FU778K67L5PU2E',1802023749),(330267518,1378428778,NULL,1284159446),(759764245,6619,'',1134488319),(759764246,1049943072,'',8),(759764247,98221186,NULL,381),(759764248,27,'7D278K9',341),(940840497,638081577,'TYMQRPYQFFH3KV',1179063292),(940840498,NULL,NULL,99),(940840499,265408816,'24ZA7665JC66O09YW7DNV1G940L11PWDZU6A41YPEJ',NULL),(940840500,570927424,'OXO4C02SY82IVK7I6OYNX27905Q8IZE5A5O5136WT5I4XI7153F',183620015),(940840501,675,NULL,NULL),(940840502,3,NULL,NULL),(1370337228,1738470141,'R9E413XAOA583K9668995MOCJC02',506624314),(1370337229,1697850564,'7C0HP7',2140325399),(1370337230,2001212015,NULL,661209544),(1370337231,1843662605,'JCGYJ7103UOZTVHM85',97424642),(1370337232,39045664,'XV6FH224E5N7X2WU6OYX103',244888140),(1849714067,835069807,'UH',461397938),(1849714068,2900,NULL,7976079),(1849714069,1659146365,NULL,1474393266),(1849714070,882869787,'3KH7H7B73911252N244YB9U76021J7J6A20V4T874G98527T0ZUZ8ND0W3344765N779A6',1707566155),(1849714071,1711044604,'B33',235160968),(1849714072,8,'85Q89X4D47F960JV94T914690F7H5A8J46N8VV16526JJE87XK1IVW02BS94X0M751',686587258),(1849714073,7,'Q',1259391831),(2279210798,107120310,'344ROA19M721O8W3810E9V24KUA7V79G32VT85072W08924FS0Q0S3Y9NKJ9K',NULL),(2279210799,1035919735,'9UJ021ZI6MYWHA65A51RRE2WI2354BVHGC2P',NULL),(2279210800,7477,'21IK3WE547AD',NULL),(2279210801,1,'',1096743854),(2279210802,1307813321,'',52),(2279210803,647439644,'',5),(2747252928,941807264,'QX8L536E8HLHQVF9HPF007MZ8Q67C9MCQG3Z3R92J2X496903796N401MXDV85U96R818Y14',734693957),(2747252929,440735562,NULL,8442),(2747252930,2136935999,'R5',1027333660),(2747252931,NULL,'5U918WI4LJD',1072184772),(3176749659,1390187423,NULL,1888891589),(3176749660,NULL,'',1717041034),(3176749661,1436399029,NULL,1931464479),(3176749662,35,NULL,839),(3597311115,1697850356,'',1),(3597311116,26075857,'',43),(3597311117,1261411521,'F5EE393ZM8CYQ6092B408',NULL),(3597311118,6346,'',238),(4026807840,NULL,NULL,519924952),(4026807841,37,NULL,673913684),(4026807842,2099433201,'89GB9XXCH5BUJK2ENDFS473E96LW99JH3V5T0FGH5JG0P6362CNSLQ76537N159679S5QBHB44359Q7YGF23FX0M94',70),(4026807843,9359,'33S313R71700X27A0N573NPJWCQ',NULL),(4026807844,2088394463,'UHXB2M5A8EZL8Y',458216124),(4294967295,45,'E73IAF1Y06IJSZ8UW5S7SIRR15813D',NULL);
/*!40000 ALTER TABLE `pagethemecustomstyles` ENABLE KEYS */;
UNLOCK TABLES;

--
-- Dumping data for table `pagethemes`
--

LOCK TABLES `pagethemes` WRITE;
/*!40000 ALTER TABLE `pagethemes` DISABLE KEYS */;
INSERT INTO `pagethemes` VALUES (252,'T8J9984N7D5W40B60','','2778X0AC81E1QYPSV2N',2,1),(253,'9EZE6ELCFM49CC4RNF28808Q','','Z71RGD',168,1),(254,'70S49IM11G858XW7N7E403','Z474Q33GJ','IRORTCK897WUA84G3O1ESG336B943G86LO99S1IUKXJ2S610RT713J63869NW7C4297D08K5886Q7801OA8X28T11J217996TIW5544480BD3',197,0),(255,'6RT3MV3554X90XFN56471YKAY560MBPM125048H59G4YOB96I4P3CXXN5M4NL5BR','4N589V73S8Q19B3',NULL,5099,1),(256,'Z1E9XLQ4X9','51048R05SAV0MJLSB2NJ6IW','',197,0),(429496983,'S','42D32575AIJOIJUKHZEKUTJ82734579V9H423G106837A8Y66Q625603F0R4223G01I6X1CEE4AP5E8C2S94U2HRS799164YPY5H1K46XW',NULL,355729784,0),(429496984,'WE66GP339N5JFVKA1UT13P2HF7W','UZHX343T3902LPMP8HK3S8958Z810887','C77HNOOVLZ483LF05L1PH207504640MWFD2',2,0),(429496985,'0X03IKFYBK59083B56OE709KI8BHZ','LNPDX87NYUBG1I99','C8M7E1BQ0Y4RT90JWW0J',313255925,0),(429496986,'CBSW','',NULL,579615864,1),(429496987,'YSCU0B7WG1EVMI1B6UUQ','4410CDMTY51NIC8Z6M67M3KRR528N2J720C1D50Y2P846E8MC0Y3DD153CFP7D14S2301850VH6E4C2','11G46J1P9S27D4',218581306,0),(1213344213,'G3VJ4XYJHNB7F5Z0YO3',NULL,'TOEUR21',1081512559,1),(1213344214,'O0G2658','2M02D61T76P0AAXEDP1011G0L4D1AHV5GXLA3BO53Y','Q8313N',869563552,0),(1642840943,'14','9JYFC1','',402375620,1),(1642840944,'9ZNGZ2ZS2ZE3A0195DKPY12J7429680606A','QKZ780081117HU6ZFA60266K1PNSA3K25PX28LOE87HUS','',957,1),(1967075076,'CE9ME2WZW90S0AH6XK1V5263530IFTW1WJ67',NULL,'',2103311654,0),(1967075077,'EH898B2V3LEH2RN25644TIGQQL','0EU',NULL,1254265103,0),(1967075078,'WXEQ810R8JL2J21A5HLF422ZG5N85C00D1107R4TAB8291Z7G85343','',NULL,459888852,1),(1967075079,'159J','59217SJ4256L266Q67','YA6IG4RVPNDV41A68G13B7N',656161222,1),(1967075080,'62C99GBB0WY3KEFAQZS9RKV5Y4VY03MF4RWJ96B3FPPV6B76P8169','',NULL,175213933,1),(2396571806,'57582BROD','V5',NULL,311557791,1),(2396571807,'2O82HWE1QXA4GQ3V7JC3NHFAFINXJ4176R2J260NX9V3A5V1I8',NULL,'2UO185',652489000,0),(2396571808,'07B7XKW01JH5204N7425WN7N',NULL,'XLEB49L9E92Q3Q58250465BU9UG78X82MRRNQIG8L2AW20M7W0K275',132285794,0),(2396571809,'G9R61','6UGA38NCT6C0E5D0P0OV5Q22P6FC1I5J2L7360BM060RP1Y9LBJGJF2A2J9938J1YE3G0N8063742E9D2A2B','TCW9Q20DK9J9JEXF4BVA1022B49CHM1KOFR70372A0AB0P6PPE1J1AZRJIQ9UVRIZ7',88,1),(2396571810,'G9T9038JV38NDHF28JU7U5EN9I17I84892SHT',NULL,'JXGM38XW4A',4,1),(2396571811,'849GN28020M6RMP','','7179UO6Z22E4Q',0,0),(2922520230,'83N4L86VX3SSD1J1E678BSQ7W0AFWSMC596307459J5R2RB7M220679PHKFXXR9G',NULL,NULL,963821120,1),(2922520231,'4BN5G3D64L12CA197A4E55MY0RK21327JWV5E2T1GJ0TF',NULL,'KTRFP4DMD',1,1),(2922520232,'0MUB4PW3RFV','','7PAHN',646,1),(2922520233,'9','E6O8BI12Q6F938IH5RL84L0NFAHL','',1092488146,1),(3352016960,'108WC0DSCZW','PWM','',715324111,0),(3352016961,'U4FOL59524',NULL,'52ZG4AZR8OV',217621615,0),(3352016962,'RW95E9G2ZKO157JSBPMZ35J8O79147D8LYYE','H1MDBSE441U8M4Z1G','',67,0),(3352016963,'O','2D3115X86I','O16X39J0',70,1),(3530120093,'8V6J3A7N7DFT0F2GPP49TPU85W60VPX7I2W70791QL5TP','','',1116206900,1),(3530120094,'3IZ','819MYHUT58EGO8A1HCBEBIO33R041802F3DI00T258V2I41CVYN086HKU81Z9YR4ZB7L0A5ZNGT3HQ4WX3976U6J2P93U715','875Y4HO5F858',1331422226,1),(3530120095,'FO2MNP2X5BU5GYFESU16','8K752DU8YYNO4A9I45W5SIBB6T99558V','KDQUJ7CV43W5EG2GL04V',99,0),(3530120096,'52E0RAQEX255TL90059LXZAZYESKX275KM17O85KP',NULL,'257IS52N83D2PR3EAJ1T06RGTQKC5OCH63196E13O8W6105A5HW177XLIO5S4N02X6M7638C53C6G864PMK6',1220349990,0),(3530120097,'N2920ED','C','EPGR89MO453X18GXU24SZ2FKG',7411,0),(3530120098,'0E6LY65466O3R9UQ5G2VSB083BMUK45E1057T55229056PA5JGZRG4W0XRJ19L6Z','H12O642V234HS5656N12QO0',NULL,616960292,0),(3530120099,'S5NMU9X9VD03Y0LIFB2H25E9W17K4T',NULL,'H8B3519J27H106QA15F6Y4O72G2KK8WTQIAUFB18H',0,1),(3530120100,'CC2IWDVZ5DKHL992N240138Z1XZ7','94I','6V7SK18NHB8WL8911V1SH65QBSR3HV3R',984558395,1),(3959616818,'16',NULL,NULL,1569817025,0),(3959616819,'3D8B0OT582LRT98ARF64Z0EAXR','3OGKR9Q5HL3Z8DS47M8D','',624874253,0),(3959616820,'L0','','',7,1),(3959616821,'M','','4E0',1835376026,1),(3959616822,'AS02KR',NULL,NULL,202636656,1),(3959616823,'CLOSYH92163TR1JN1R','VHZ0YD','QMF0HGS1058V30455M6T0UM2O',1617607813,0),(3959616824,'4TRA5J1E2C2O5K0OIUDYX8LKM045793O5LF092N9543','','6546Y2SH2F32SATNTQ8E9J98Y',63,1),(3959616825,'KHZ4','C9','8ARXK3G685586PZ78LBO4MAIP3X9PHG4507A4F732UXZH08MS32G6G3419B557',1,0),(4294967295,'H277RRI50I7L19KIA11K159','90NA',NULL,116048443,0);
/*!40000 ALTER TABLE `pagethemes` ENABLE KEYS */;
UNLOCK TABLES;

--
-- Dumping data for table `pagetypecomposercontroltypes`
--

LOCK TABLES `pagetypecomposercontroltypes` WRITE;
/*!40000 ALTER TABLE `pagetypecomposercontroltypes` DISABLE KEYS */;
INSERT INTO `pagetypecomposercontroltypes` VALUES (59658755,'YJA99Y1532602Q06',NULL,1755425665),(59658756,'3CKVDM8649GM8E9','P64E85U442I10B86TPLVD7P688W96072437N797418ZL',337022044),(59658757,'PZQ7JW3BMOR500HCZQCKD9BD7B8SROI9I43I168B662NJFL4UP14GR1IW',NULL,1307505595),(59658758,'5NSGMMD58',NULL,890),(489155485,'JR470Q3145C46U05MYD446MV23L4751J07VW7178RN4','4S2XRL7S86032FOR',26),(489155486,'U8736G8RM1VSLN','',1338939592),(489155487,'ILA1U5V4N2K6R0984OUVY44K6T5A7LDQZ5JKS14W83TGE85349K3DEK47MU33658C9U8FVY943DEY3NY1D00S3R5E0JUZZ8B96ZSS4QLBZ','1F6178B6E01XE4BQ456N',59024162),(489155488,'7YSB75946SXB08QI8P9Z0T659TBJ8CVU48D84CL3PQMQ0XY7F9Q','W00GUX8J66FM0324034JMB0KL1BDAL4C8GY636GRSE360Q806I4I0OOA8C5IUS36',1702283009),(861421605,'E86BW5AA1NBR18TD2P2FDO2J','6WAWFCN8PLU51L670JVN677B505',7210),(861421606,'N1T3K4E1O55WRBAL30935L0W9O25BJ02BSS819YHX','7S7T7OT7AVR14J08UBA5W',1364888796),(861421607,'8L6815D1101JAO','',1222565300),(861421608,'9135393CZ','H86A2NM4544106X1',1600043762),(861421609,'PN068KUKINH5DH2QL91S5V401G4V31R75883236G762I6563P1R0BH010147DOLF5K7M31TFGQOZX8E0499EP9D988XD441SN26HAMT1IKT1X0FVF5T836JAA3487UOKCEH40L','04F2C3S7J6V7HW8DT2T7F98HY6V3624BCQ3F679461AL2KDVP69YYUD5QWY4SKRF9N783ERH7K7G2EOR4OTB45L92HV598RH345A8LKG2',656918809),(861421610,'7M15292JWHG936VS','BIH6377YLC26RQ34A2',1386821792),(1290918335,'9D0L1E6','D628CDLOAT2UGV20T7C15NZ087121V8S048P8265G768DR57X',157080596),(1290918336,'9473ABM96BV6','9551597CJ83A51',1659081235),(1290918337,'HABQR0G78ID9KP9',NULL,2069584084),(1290918338,'80HZ36M4PYTML','0ACRLQC42DM81RCU',693958263),(1290918339,'W42XV43N7DQ520D8','37V1263WN',241465614),(1290918340,'D9984E9FI845606',NULL,953519435),(1846274837,'E53749H0TB4811W',NULL,2046074018),(1846274838,'0MR0QEGG7GWVU310G311D178676K','R85M4T2YEO3TOK2JD04',1664122811),(1846274839,'CKKLF469L48U8EVY3C53XXH69VG4984701I3CT677V0','1F8L5Q17QC30Q80B3530LQSK3SY0F7DLOIQ1373BM163',1927674739),(2275771567,'07NGG6W537H9N543Y8OH5H9IFI1','M8E38H8CAVQBW40W7HAW78RT7XR4798254KO5KQWYT2679U5U1SQHUHF328D3X11D4UR7DHO1H730G3',1072748873),(2275771568,'0G','5378KRX4GJ6NA964OUA7NKT7X',1695623276),(2275771569,'8MIUM023JC22HK5GAH20A3563I0WWLF263L948JV','1U6OC0B5G6W7IS90N7391885S',308237239),(2275771570,'80519L10EUT6FVI1393X19UIY57988015F7',NULL,976),(2704580726,'55QWFLIPMJQJ23ROO45RE458GD002Q5F8B24B36','4D4J484M207',1290606536),(2704580727,'8E5B6J8GC62261X9163ZX1','',51),(2704580728,'NQ67B97S76L0',NULL,1875990985),(2704580729,'3','18Q7QH9J7OVLK2LI656Q68HLBDYS18IVH308EI1T380L32PE028K7G345TW5RKKW986RM',701805444),(2704580730,'X48','',1325056006),(2704580731,'574QX6V2L2CDI1','NI48A5Z32FFM64CIB7YC6DT',64689225),(3134077457,'8HSH32DE9LWTY1M3QK','XKVS3SK',2070463113),(3134077458,'S2KK82OH4DS01713V989G7098YV7US890W3J2E600K5W5PIG0Y7W','000X88ETNICYA08',1949231343),(3134077459,'938K12607KM4D2YM8T7KW2H6524R98214ERW8S20O325YK','0NM677UJ17618UFZIBQU0N8H829P0O04',654743237),(3134077460,'82JM8SDAW2','Y1Q4604YJ8EM7NBL5QC917HH91CG3W',974155304),(3134077461,'5I7WIS867LFQB5V9P87X6C7L4Z9432589IQ6PK5Z7X04QIZMLTB','A66AY359917F3Y801FTKBL5Q',1),(3817305027,'95AR539TOXF580SES940C','L2O6O6E6KU517G0W70CCQOV7M',93),(3817305028,'5GCZ36ZDZA2NDIP15805FUL4C9L5','',967364175),(3817305029,'5SU1638FTJ3W4Z93G02WJC1J9AK71D013S','HL2718C200H4J97',35),(3817305030,'FDC','N7P34D35',1166405997),(3817305031,'4IDOHH729RE','B5A207JIKAL59WDU93GI3OUJX4OQ9E093R96A4W0Z9SGD',806132424),(3817305032,'AQ69T9U34EN9HPB7P79OL1','0',9),(4246801753,'V72OA4FRHZ2GD5H3935O9AFVO9530JB86MJ29Z0Y99FJ64HCW81IQ72U8','D1AB307',297185413),(4246801754,'R2OJHM8RR08','XS8T72M751N0V3EH806',3),(4246801755,'74SN17YZL0F1560CLXAG852R84IJ3T9N5U5A144O9535L9PSR448Y4467H98H2939KSP2HQ94L1VRA464F8QN4U140','',1178016491),(4246801756,'0JTO6CJ6Y75G21Y4MSA1QFEAFN411ZCU50E4Y7',NULL,2131188430),(4246801757,'C5C1Z269P41K6C8E1Z2OE0PT5Z90U5675S2HZ8CTY798UNPJ96SZ6QLM4E252X622FO1NDS892F336PD8O51SU92S08L5WO01O8030KD50CP74W','67D53UZ962RRRKQ954I837T3K82AG5KTDTL67W',686666252),(4294967295,'JK2178809920NGHC49U','A5',154600136);
/*!40000 ALTER TABLE `pagetypecomposercontroltypes` ENABLE KEYS */;
UNLOCK TABLES;

--
-- Dumping data for table `pagetypecomposerformlayoutsetcontrols`
--

LOCK TABLES `pagetypecomposerformlayoutsetcontrols` WRITE;
/*!40000 ALTER TABLE `pagetypecomposerformlayoutsetcontrols` DISABLE KEYS */;
INSERT INTO `pagetypecomposerformlayoutsetcontrols` VALUES (6215,760,1071791944,'',NULL,'E22UTN9X99W7110A7H20PR155X473441ASX2236961','16091',NULL,3),(6216,980764362,1660056706,'SNN',1623178808,'NG0JTU6Z95K',NULL,'R27033K1',-1279145275),(6217,1053243222,801086759,'',269082360,'2Y94K0R7331B0WD694HBERJ256STO0Y50NOCGKKV','3Q3E0V',NULL,-437),(6218,1399395626,661552256,'5RKOX77',1862530202,'','9O677UHMHN0IDD','',-1492894734),(6219,2123729707,1836198013,'',1089889100,NULL,'77XP287DRV2752ZTFXQQ53ZXYP93T1G2OH088Z0QC2DD25B9T849J9PC6B50AXXD28K9AVQEBDNPUHR78OGEK56F8845Y1P95K088SRQF15WL794399996N5RZDN09RIOTMX22Q','',-402552068),(429502946,1166756331,538,'K86L32',702435675,'408YLVH3','K44','0I5ANRH2BW0CSL6CV76XGSP81GJL0KR7V269X8LOABM7NR05PG6F',-20),(429502947,8228,906132481,NULL,144,'MM8CSFR8FUVS6OB92O49380ARKJ270XVVXC5A2LJDDI854','4','8G2OUIW',-703381635),(429502948,NULL,1162748652,'87A3715L6521TA9YQO20DSUY95LGN09H8R32105U2C206935UD',168863365,NULL,'4HJ384PY59OOYSNKS6VIS4UZ','C3288K9ID5IUE54X33UE3RP',-3297),(429502949,988623724,891027076,'43D8U7482Z',91,'83T4909FYY0MH','U4S1472CFOM1C0K5GR78C58QG2','',-1826291777),(956144480,1191532262,375487031,'96850KQ1C54Y7XVAZU8DNVBS74A',846,'WJJW6W10V2O23069Y0603G0Z',NULL,'',-139906155),(956144481,1380113272,357175176,'LYM60642F5B6113399POKUI7T8666GB35CM846UPU5F7A59W7IV6I5X22QNGB9BP7I1A4T28XAZ7K62P1Z00SHYD4LD4ND27XAWA0HLXCF277T0MZ556G5U613C3I0A9044A14N',902805232,'3D6Y5SLL38C2','567KK0430TWT3X','1HSMAW87R7H17Y7RA8I3M',-138623897),(956144482,8262,923795771,NULL,527820938,'J590QK7SLTIBD07J2386X4DN333KZJ8K1R57DD17RR195OZC614202M0798YL40VO0772BF0FF0QJB7732AHER','P7TL667','',NULL),(956144483,847952861,516591835,'',1099014013,'','W0RME5O6X77K2J621O0','UWAWCRJ344V1F5Y9Q0IKL7OVV1D4J',-9),(956144484,1267254061,9275,'MHAKV5Z2137',NULL,'PUKPXE6','F2',NULL,-336),(956144485,1805,272911517,'4L',1649991419,'0ECOL',NULL,'',-1985539436),(956144486,1815712085,1996357176,NULL,9137,'8Y1P5','','9J6D5GOT131X15IS630Q47N5K7BQE363769G14Q1O1B788ASGN',NULL),(1385641211,3,42,NULL,1005706152,'','489NB62JK53F255ZPF91','',NULL),(1385641212,18,767,'84DFEUV',2048643787,'8077Y','7WB98KK5V88SK','72S',-24149960),(1385641213,2050025267,964055234,'KWBMG2JMK73830FT7TV2FM04N9FOKB6P5B4TUXW6K9OHK',NULL,'2MTL37BH9KC34O50C7HA0SJC34S3V351P9I','DN16MGLMIVW9',NULL,-897353981),(1385641214,661943659,582,'YO855NBIR433SIH98725H3Q5H8E3KT2W4N462Q9N4O6F567K2X7ZC810V295ME2902D69T7H75R8F1A3O0W57',443,'S9YYN0X2G2155NA2J039O9L37CXIRA04M','5MDY7Z2G09FZEM21H15DMHX42EKV11A9Z3F328AVV7','',-1711880479),(1385641215,7176,429643969,NULL,367638516,'S213904K8810MHO70PJ92Q0A9H2DVRKM613R14B','0F8N3ERT317VYS5BWV7E907G16TT282BZT9VZSUS1NYJI53N43JMWF442QVVFQCL9491X81891JP15OC1BS5VJF93561F132LMT7922MHMIIAX24XXP63X278LBK0548B6W9C360Y',NULL,4),(1385641216,2011742065,NULL,NULL,1400941670,'4Y7VV6K8669',NULL,'5G485',NULL),(1385641217,25,NULL,NULL,2132737805,'50WUL3MIYUT43NN20GU',NULL,'R317R2NM53XO5A3G78T2419K3E',-1674357267),(1765584766,1,NULL,'19MO86366U3O1Y5V22OIH7303R0W914YSGN2RQ',481401313,'N1R6NS89U41975VTF2',NULL,'',-149995689),(1765584767,702510953,238303529,'B5M8BAF581D1ZL1W0K',803965372,'70Q0UI02I3CA385D16H593GTC11NEGX3SU2IJP5W2FQWJJT18UC4S001W406Y96B06KPGMJ','','NOI78368M6BRK0P8W7A11F3QG6W57591V833684EHF9L60730A3N4CP5F1IH5N56I6Z9RZ4J1O04W5NZIY9BT12Y7GSMONU3BLKR8T',-953914932),(1765584768,1282284650,1808278812,'BW1JF86W2',1349968943,'653I6TBF3EVQ1424H024A3017QGJ5Q464','BK779MYWL3TH971','65D7ESM780L8493AI5A61MFH8IXBY905274IR700VEM287K',-1981676802),(1765584769,1105773024,710,'VKWYT10',1775993769,'P00B29M0NV2UU724V45RVE5GSO7CV0S8YNN484',NULL,'OXCY65017IB39058F00B551A95SL8GLH0VH30Y0VB9W',-1415956167),(1765584770,0,1849212363,'TNN9JHVL497S2V7KT8BI5QPX5FQNFD96O440XUTTM2U81KZN70L199W16JUY6FD5S1ZCA66GT468V6UT8KW2ZVU855BQODT38I0T3VL7X9',518,'2UMS9KQ9389XO3GIU9455K2B54LCKM7D35396YY13PDSJ80K095U02','Q4','RJA6D4P696YLT1Y15RO01T80818WHY700',9407),(2195081497,1375029273,270935646,NULL,NULL,'E7','',NULL,-893020158),(2195081498,NULL,1262029937,'0FI90J7P3X3',149367091,NULL,'2HBS5A241','0SYOI32T4EWH24Y6',63),(2195081499,1825792818,374,NULL,195224798,'ZD40F0089TKE','EQ5305J40RO286QW5N96W14AN85IXBAJDHMZH6AO90A6I188X8QPT1D2','',NULL),(2195081500,1325473045,4,'',0,NULL,'IZ','',-748380092),(2195081501,68579626,462,'',74,'','','Z1X0I',-1473864329),(2721814684,1812447779,948,'Y3HR6ZJ7PM90952WKS32W0H6E95875F7D4KJ9G11PRW2JR',1769029800,'2DKG303ATV4N4X6E882S7WXN5CEG7HFYO42669H4835C4615A337GJ6AJ2R55VXYDQBZ68Z5FUXVP785ZU17','96F68VGELLH0CB1Q7K7U2CIL0RYL44H13586Z8727P550C120AWZA7043003C36','',-19),(2721814685,1359317294,1599859327,'191WOX463X2TBOE2J7B0H74LS3P7N',NULL,'94XA7','',NULL,-1669929042),(2721814686,1159424523,89,'ZKE86C2M4VN8C79WMC03H93',NULL,'HEZJ86T4W7JL0I9D5W70072EYU15T74Y68M1EQH651H935Y24OOLN6D89YOTSY6X43','OI',NULL,-1045681204),(2721814687,1454674338,NULL,'61L61933S1IP',2011692410,'W',NULL,'ACN99Q83RL95T05O',-1112052070),(3151311414,971,65,'',420915671,'TDP7314DZ5W95E0F0YOUPLH8','700BGPVG',NULL,-1584187139),(3151311415,286,2231,'H2195K6',246,'YA0879R77F6P69040605','GQZOL2YKAZQC63DN1116T3850VLB0RE0CPU7T939','37BR1M38RDP3B85NM53JGH535DN5E119642891MHCE63',-1104553338),(3151311416,1793604501,536951149,NULL,NULL,'5N241','D6MDZV8RV61QF8LAFBJ834I5D43Z4X5Y58H8M9FW6DI93TFAMC4JISLUDSYNI49727522A80T',NULL,NULL),(3151311417,157803895,1471530825,'P51ZMY8R0E',205565747,'4F7W2UX9MUW97F','V8MIMGS97H37FY082VO95I2HLEB84PL089W9A0Y9YG9L9ME3CTY0B87421F507IWU75T0UJ83WWQH8SE45U88','I969VW6P68FV5ALW325360F69959',-1956857503),(3151311418,312677692,4,'0BE3886GH2WJ55YKL7W4839ECB99ID78ZHQYJF55DTGBCU9Q471D254S5Q70U58',1750770038,'Z2Y27J80','6Y6ED2','Y11G87OW36X',-1164842604),(3463685665,7,1929090064,'',NULL,'6N0L76HE6','4Y9B1D6N6P994790Q9T33T',NULL,-372806141),(3463685666,668,952364139,'ULD106JF718J7',2,NULL,'5HT3D','73J4Z69291B3IW1Y758M8U9792',-56899036),(3463685667,879468836,1518972854,'OG14',124732738,'7U52GPBQ1Y36L255R','303G7U2F362','',9481),(3463685668,6,2001714571,NULL,1161845455,'9P6RL45CSB1Q1L1527S8Y3R','','257FZFGSK8SR',NULL),(3893182391,2076468730,48702664,'XD6IN0G8146L86JZKGD9Y7Z3369HVE11839VNNM2J',NULL,'25','FBVH3LC78DGV43WH037OA480J582B6N47CFTF90O6C9E4408HOJ5VDQI100WZN7H2U22',NULL,10),(3893182392,2037591197,1298345590,'',5232,'30IPGS3X4M','47OVS5','WISZ99C10S147VS0UL590B31KO206609Y0T4DW74J371F8D4BCJQP93QMB4YF9N4A92Z168CGF63SJCDV8B2AFYJ2LSZHN0G3BS7M2Y7T1R6BBJX11F9M33KK4GGOE',-799252291),(3893182393,5,62,'3F87N9606TDV1351R21F86AXN7T0FO4W6U351778518133',6,'K54','68688GFCM5IS15739C08LKMF','ZNVP3PLNT6UBI1PTQ85ME7U3587NP1764JNA229VXIO0P2Y725Z14DS1P040PZ3C8TZ106X1992L6S80I4GL',-194387958),(4294967295,864381712,1833939955,NULL,656014551,'5VQ81','A3DH77KEXHR8T4C4M7687U753274JPSDUGS04OB51K58Y7B9E73578I6YDRRO8EFT1',NULL,-6215);
/*!40000 ALTER TABLE `pagetypecomposerformlayoutsetcontrols` ENABLE KEYS */;
UNLOCK TABLES;

--
-- Dumping data for table `pagetypecomposerformlayoutsets`
--

LOCK TABLES `pagetypecomposerformlayoutsets` WRITE;
/*!40000 ALTER TABLE `pagetypecomposerformlayoutsets` DISABLE KEYS */;
INSERT INTO `pagetypecomposerformlayoutsets` VALUES (1171,251274631,'','V82HP6130',1697539020),(1172,1421744814,NULL,'SP3RLJK0669ND40E4810E6I043PIARH508',9608),(1173,54,'8AD47GV05WME45O4G59G8L9QXY485I7617VNQ3256U4591W1M5J6F431Q','78OL8VC1E16468BNM2M4UP308O41961A5C95BX5R673W3Q6M57D685JN2819H5L0UOJUZFK9LTB7FTDDVF55C3BBL44LPT72KR',991162988),(1174,1351342000,'L29OUWJ94S49P7GX3KUN3','',929060465),(429497902,NULL,'',NULL,1702479415),(429497903,268,'','38OCQT7LPLVYC7C46Y02B6Z7U49B0OG9LTB',1059066155),(429497904,686904197,'','G02',696855183),(429497905,1770165232,'RA5RX0A2H57KM982M4AE8J3KU831017KE9FF8ZY25562SM33SM495T35YJ','VAECE5Y',1011809741),(1179881342,297348785,'KL543MKS72KB556422VRU6VEAW5Y2PJ52N97SU6MF0CQ5ZO98276K4BH606QC9018RZ1PC17242I28B','C3E09RY411S9LL8M75JYNOAY8K415W05596UQ9453',1793454995),(1179881343,91832674,'5Q8P','',468613690),(1179881344,1147600035,NULL,'R8',706163592),(1179881345,NULL,'TJ',NULL,1582488360),(1179881346,12,'S5807742FZYM8294KF765ISC','54SJ3A26M92S98R37Z30JQ2R177KMES0',1487018987),(1609378073,622,'','27FCOY232W58T72X69EU08957N332N32HY85XN6XD2Y470',269656098),(1609378074,54,'19I659K2XYQB8P299QG151CFA5BU4G81C64P93F9DDZ28MPWVRI6','',1523798897),(1609378075,7,NULL,'ZI4RE910923T43105Y7K3465',1),(1609378076,1453498148,'','',1585818719),(1609378077,1403452846,NULL,'',7094),(1862090802,9,'X68ZXSFPZ2YS4L4JRU','N8C',NULL),(1862090803,531003253,NULL,'9Y630NIEY673UBEH2',NULL),(1862090804,327447948,'521187107EQXBPO7GLEX8ID6O6SGZ615H2PV84311','D6225336859PV1N924C7IH',622016735),(1862090805,NULL,NULL,NULL,1994650186),(1862090806,32393070,NULL,NULL,1262534216),(2291587533,7574,'SDR1N7X6FS5L77O6XM5J5CC392A71G67K3FVKE7981O49TZ3B','Z4K',1417205633),(2291587534,249523270,'8174BBLU0FY5K6O7748H','76NC890',161660275),(2291587535,2121370072,NULL,'UZACXE86K',43),(2291587536,418746108,'V9SA3O22014L','',1438140742),(2904847355,114090280,'TR8TGDG23S4UZZQ2P00I50CN2KI30MA3V39X17RQCJ8IDS89GM9','0D6',883176095),(2904847356,0,'TAT89R67N56D18BNCW9VZ5LT1DGY8M7JW','3G7RM1PXS441OM',1840530232),(2904847357,75,'84R7F1S8O93','L5S00',1),(2904847358,26569987,'',NULL,NULL),(2904847359,696,'5A97PO0131H5IW','PP3',1080601178),(2904847360,1861525922,'4V0W','9TG9S993XYRM1RW7E0DF56W9953BPTQ6JW0',NULL),(3334344086,1100873784,NULL,'',261159360),(3334344087,NULL,'2055T4T4U01YE84CP8C97V5V8M3UB4L84T69FKZM0H9CMCNWM4W68TO',NULL,4),(3334344088,2062175388,NULL,'180396NSR25095U9I4327766S8',1119637126),(3334344089,308,'CN457X229Y6U',NULL,1551328450),(3334344090,1568291455,'FL1S230XAPVLUHT74V54QIJ043545GVLABOFL4441SNT1ZXD7J6XTBI8000LSOC0RD0TIGD8LNPMTXYA84P6F55277T24J1XO0S3298GZAG34J4Q7HXSSNBR3','4GCTOWA2OXP0VH13KE8HY8JGT',126737947),(3334344091,553,'YVN','',1424590503),(3496444512,1141807392,'575GABX94G',NULL,1615897772),(3496444513,1303770574,'','84JH7K0Z8E655V584X6OGL9577JOX38641X4187XQ571143M2446V48',1903598371),(3496444514,1783302137,'','26QOYV4BDQO3FIBL0X7OI7T3K72636Z1RMIX51N0Q7641890EZ0FW5GD357IT08SFZU50',357),(3496444515,NULL,'N',NULL,244364772),(3496444516,6848,'','J0WOZ47Y6IEFBWLZ25O3C3ST5RUVVN20YGQMRMJ9R',188561447),(3925941237,NULL,NULL,NULL,NULL),(3925941238,681,'3WT6','',814744449),(3925941239,28817832,'STO4OIXWI89596O48E4XM','M3TJJQ5CQ06',4),(3925941240,1500851491,NULL,'6FJD',1130225145),(3925941241,1996141717,NULL,'C3163HQ8S10M8A0J1427A8596W6RA',367),(4294967295,1650985857,'45777BFXT540200S61ED80VX9L78Y6YU4CI62QDVDA8UOD843KZ12GKP8110JX92CE8IBR4ROI6M2ZI4N4GWT889EMWM5OITLXD6ZGFV34EFNC1499N3H8DS34N','0598ND46B30B606X7Y0GN2KVLBI0N19773FKFJ8I18H02N409Q5YH94N6GEJPT9CVQB9D81B43A682XK20TK7R37S05F84J2G',1155662889);
/*!40000 ALTER TABLE `pagetypecomposerformlayoutsets` ENABLE KEYS */;
UNLOCK TABLES;

--
-- Dumping data for table `pagetypecomposeroutputblocks`
--

LOCK TABLES `pagetypecomposeroutputblocks` WRITE;
/*!40000 ALTER TABLE `pagetypecomposeroutputblocks` DISABLE KEYS */;
INSERT INTO `pagetypecomposeroutputblocks` VALUES (297990460,1871570874,483478536,'23EWL8L991I31709HFO3SG55YB86413L6338',1732933468,1102599519,1732686809),(297990461,0,1167481971,'NO7CL4Y45183D0N9NQ37P28M3E98E67P',882058155,2011897388,1818244059),(297990462,333,3773,'8GJK',9,119,1597888759),(297990463,378067398,3,'S93U01S9',431623059,971,884960722),(297990464,243884703,346018764,NULL,NULL,1549664580,1659775839),(727487191,2001999210,417,NULL,692570626,319619196,1906309505),(727487192,2061329977,9979,'479Y0LRL69P2U05Z28Y',1505102985,724047241,NULL),(727487193,738,249350486,'CL4N880W758I26556CNTUN2I7573736X6WA0W5R5221E70O40UNF70AC6A4UH14BJL43XKO53CM60',1207517431,1371219182,55),(727487194,249656868,1766657512,'1JT',1133566739,1218669613,739011043),(727487195,9536,87,'AA59PG80X7A7TB0SF1G4PF1IL495912120C7W6L3MXK84LR8M0NMFAI6EUKDH4TS03Y75NE3J327',1573148265,343657443,1529081511),(1171790472,1208838472,4,'OJN',1000471311,1970029554,792104150),(1171790473,67533860,1490298363,NULL,9278,1132566917,529),(1171790474,897634241,1559203723,'',461,486153518,709734333),(1171790475,3,1375909964,'3JTS7J4',1370176694,135302913,2),(1171790476,1861243589,5,'S6Z0H9B2N062WC62W68XE690N0T6',1483233668,1297517964,NULL),(1171790477,765136975,1184869080,'3815A',1846361975,1157219380,240302088),(1171790478,689232076,470348217,NULL,NULL,1812760223,5307890),(1601287203,22,5986,'JCFTV',NULL,3558,73),(1601287204,8,31,'',9,1369112321,1028409482),(1601287205,19,0,NULL,1603983939,37,1786769850),(1601287206,2050501098,4847,'X4I',938553635,805330196,3),(1601287207,305681117,8445,'392U07W85V5B0UCAZ402N45T4XUU4DZ3FPX9R4I95W8866UG02809111ZI13FB10KHNC2T2C',832445067,784444374,1541122729),(1601287208,1422975719,2011913514,'VR',599608470,1267838838,9),(2055864362,1484790940,2050452783,'C5A0R059B5',6,1034292822,76),(2055864363,1743546097,5495,'H',374,848037287,571798658),(2055864364,1956202459,430877621,'JLFM0X4Z',1905,9293564,854423903),(2055864365,3,3,NULL,1089,9,818631969),(2485361092,213838603,1917445476,'P9W70MQ556ENA26NP0N0JL0FF089669273ZEDMDJILU109081791QFC462QN44B6XZ',1419497964,948585821,477673678),(2485361093,116370184,2021352558,'53306TWI58T86247P',3,8,630000829),(2485361094,6,368,'9Q8AZ62601V5214PHAG4084A7A23',457072134,2043188289,NULL),(2485361095,754,1458638733,'',1480757944,1577781274,241936359),(2485361096,905,1806187741,'',1151802996,694163846,724504218),(2855321231,0,1946754337,'O4',172005969,53,1368984771),(2855321232,333,1821761994,'',1182111996,853,NULL),(2855321233,1261897067,462926366,'Q67ZJ',1079220520,1622812509,973801361),(3284817962,3,583576177,'98X8ZGY975F85J13FB3208S4DZM4B78',1112308061,988314028,NULL),(3284817963,114605365,526579500,'388A721490521KMPJA1B9WYQ7RP7H2VW7269L32T938I82A1N3N73PXYPUA',2052274277,799169430,491289647),(3284817964,2081,980457095,'H4',1874243134,1957535933,73),(3717799570,1533729648,1744195315,'I0ZQ056L2R24K3XC3165V1MCH78LP9A5S8D88726970983CB79QXW41971696BU43E6CGRR53N053CGHL60OAVHCII88X1L09N055N7X1X26G4ODL1057J',1784,17643002,580591489),(3717799571,1538,2092471928,'JXUJE797SALO8W1244515FJ63A7JE3919',9180,440787353,688686889),(3717799572,1576203417,7994,'YB58249ZG',431,1050997341,78),(3717799573,6,906,NULL,1632,356256283,38),(3717799574,68,1710,NULL,17,7155,53736621),(3717799575,1825706211,926283407,'2T93KZR2S960JL480WI',1547045565,522,658),(4147296296,1988170461,5,'817PAXUBGU621411NK5APB9WSME8',26,943968836,241),(4147296297,1282915399,41,'',1556223287,136867168,1902334738),(4147296298,1334373887,1289495208,'42WA',86321635,1525743870,1004696149),(4147296299,1295294769,1164779589,'R7M1FX3OZ0UUW',1808477320,1149177091,NULL),(4147296300,2,9,NULL,1120507511,1611496281,1676083654),(4294967295,7822,1105621355,'Y2562HW635Y0',1930071868,9438,2046338292);
/*!40000 ALTER TABLE `pagetypecomposeroutputblocks` ENABLE KEYS */;
UNLOCK TABLES;

--
-- Dumping data for table `pagetypecomposeroutputcontrols`
--

LOCK TABLES `pagetypecomposeroutputcontrols` WRITE;
/*!40000 ALTER TABLE `pagetypecomposeroutputcontrols` DISABLE KEYS */;
INSERT INTO `pagetypecomposeroutputcontrols` VALUES (27381249,649040003,2030167194,1715118390),(27381250,1406706843,35012999,5),(27381251,1299213213,28892839,841),(27381252,430946946,1874813721,63),(456877980,583794704,NULL,635288559),(456877981,1726792158,1487360655,1906150888),(456877982,56,775,1),(456877983,NULL,799543061,2),(1092371580,1184485961,4764,1643505648),(1092371581,955154685,1458467816,1),(1092371582,1839658869,2165,1381259634),(1092371583,566699160,7447,236720129),(1521868310,NULL,429299186,NULL),(1521868311,66,NULL,1810619800),(1521868312,NULL,NULL,56),(1521868313,712412721,122721049,1674102326),(1521868314,386344248,5538,NULL),(2052425186,1238094693,73254281,8),(2052425187,526960141,8136266,81),(2052425188,1193304111,22382822,488919944),(2052425189,1022812168,1260364722,4),(2052425190,631431161,939,391345021),(2052425191,8,1275097229,659219768),(2052425192,6,710495155,5),(2481921917,2047250858,394286187,5238),(2481921918,55,922131924,700248006),(2481921919,647329907,850693726,1668284176),(2481921920,174493688,1999011679,14713690),(2481921921,929767781,815968219,1899229510),(2481921922,180354912,4,761),(2812649425,NULL,1553295232,375369828),(2812649426,1665456129,1539709557,NULL),(2812649427,216887319,824,2090251509),(2812649428,1915208396,88,4389),(3242146156,8,1483064846,8),(3242146157,848318480,1469737826,628065150),(3242146158,1605212192,1303243245,1107925729),(3508263997,1320362494,1491201112,1069971337),(3508263998,49,190570734,NULL),(3508263999,2032781158,2133237091,1066255218),(3508264000,1098756969,1,1270592914),(3508264001,NULL,452729700,255710356),(3508264002,1836677316,728219614,1743974235),(3937760723,418260892,542806539,34160426),(3937760724,521,500,1900483300),(3937760725,NULL,1608961504,89741712),(3937760726,2981553,393165516,324854892),(3937760727,94,713473953,1056404742),(3937760728,1445706905,NULL,1935507620),(4294967295,85,1212420896,741508753);
/*!40000 ALTER TABLE `pagetypecomposeroutputcontrols` ENABLE KEYS */;
UNLOCK TABLES;

--
-- Dumping data for table `pagetypepagetemplatedefaultpages`
--

LOCK TABLES `pagetypepagetemplatedefaultpages` WRITE;
/*!40000 ALTER TABLE `pagetypepagetemplatedefaultpages` DISABLE KEYS */;
INSERT INTO `pagetypepagetemplatedefaultpages` VALUES (1039425375,6,NULL),(3356863616,1318715519,NULL),(3798103383,2686468992,NULL),(3356863621,8,5),(1039425373,1985112956,18),(276472108,1318715523,37),(2336463951,4294967295,49),(1468922107,889218793,225),(1039425374,429496734,294),(2336463949,429496735,771),(276472107,3115965720,797),(2336463950,3115965721,852),(4227600108,4255295956,981),(1906967219,5,1582),(2927366887,429496736,69524426),(1906967217,2414609686,93911676),(3798103384,3825799233,104199996),(2927366886,2414609688,161064130),(4294967295,889218790,351353556),(2927366889,7,413266825),(2336463947,1318715520,438770577),(705968839,2686468993,501875452),(1468922104,3825799229,558743910),(1468922103,1985112955,589928952),(4227600109,3115965723,592658525),(3356863619,429496737,789454194),(3798103382,1985112958,802731080),(4227600106,4,825803585),(4227600107,1318715522,999343401),(2336463948,2414609687,1133024904),(1906967218,2686468990,1166119821),(1906967222,3115965724,1199492886),(2927366891,9,1264620272),(1468922106,3825799232,1273378145),(2927366888,3825799231,1467240841),(1906967221,3115965722,1483339347),(705968838,889218791,1495803147),(3798103381,4255295955,1535103633),(705968837,1318715521,1546350665),(1468922105,1985112957,1585413931),(1906967220,889218792,1624812677),(1906967216,889218789,1701368338),(2336463952,429496739,1738570581),(276472109,1318715524,1774243063),(3356863620,429496738,1849316141),(3356863618,2686468991,1874441743),(2927366890,4255295957,1922108189),(3798103380,3,1930912438),(1039425376,4255295958,1979401177),(3356863617,3825799230,2007130406);
/*!40000 ALTER TABLE `pagetypepagetemplatedefaultpages` ENABLE KEYS */;
UNLOCK TABLES;

--
-- Dumping data for table `pagetypepagetemplates`
--

LOCK TABLES `pagetypepagetemplates` WRITE;
/*!40000 ALTER TABLE `pagetypepagetemplates` DISABLE KEYS */;
INSERT INTO `pagetypepagetemplates` VALUES (2691282417,96066283),(999716397,96066284),(3478604012,96066285),(999716399,96066286),(785413021,96066287),(1429213127,525563014),(355916288,525563015),(999716398,525563016),(1429213130,525563017),(3478604013,525563018),(355916287,986479611),(355916289,986479612),(785413020,986479613),(2691282422,986479614),(2691282418,1415976342),(2691282420,1415976343),(1429213131,1415976344),(3478604011,1761508856),(3120779149,1761508857),(3908100738,1761508858),(3908100739,1761508859),(1429213132,1761508860),(3908100736,2191005586),(785413019,2191005587),(2691282419,2191005588),(3120779152,2191005589),(355916292,2191005590),(2549492702,2612587616),(2549492703,2612587617),(3908100737,2612587618),(2691282421,2612587619),(999716401,2612587620),(4294967295,3042084346),(785413018,3042084347),(1429213128,3042084348),(2549492704,3042084349),(999716400,3042084350),(3478604014,3042084351),(3120779148,3658413258),(2119995973,3658413259),(1429213129,3658413260),(355916290,3658413261),(355916291,3658413262),(3120779153,3658413263),(2119995972,4087909984),(3120779150,4087909985),(3120779151,4087909986),(2119995974,4087909987),(785413022,4087909988),(3120779147,4294967295);
/*!40000 ALTER TABLE `pagetypepagetemplates` ENABLE KEYS */;
UNLOCK TABLES;

--
-- Dumping data for table `pagetypepermissionassignments`
--

LOCK TABLES `pagetypepermissionassignments` WRITE;
/*!40000 ALTER TABLE `pagetypepermissionassignments` DISABLE KEYS */;
INSERT INTO `pagetypepermissionassignments` VALUES (4267751991,72,2344619761),(265712956,73,3390514973),(973243273,74,2344619763),(695209690,75,2344619765),(973243275,76,1915123035),(695209686,429496803,1915123032),(973243272,429496804,2961018243),(1832518421,429496805,1010075969),(2963389938,429496806,5954),(3392886670,429496807,2344619767),(695209687,1061515787,5952),(3392886667,1061515788,1915123033),(1402740005,1061515789,1439572702),(3838255268,1061515790,4089702633),(4294967295,1491012517,2961018242),(265712957,1491012518,429502683),(4267751993,1491012519,5953),(3392886669,1491012520,2344619766),(2262015153,1491012521,1915123036),(3392886666,1783622646,3660205906),(4267751992,1783622647,4089702632),(1402740003,1783622648,429502682),(2963389937,1783622649,1010075968),(1832518422,1783622650,1439572701),(3838255269,1783622651,5955),(973243271,2213119376,5951),(3838255266,2213119377,1915123031),(1402740002,2213119378,2344619762),(695209688,2213119379,3390514974),(695209691,2213119380,2961018245),(4267751994,2213119381,3660205908),(2963389936,2915260174,1439572697),(1402740004,2915260175,2961018244),(695209689,2915260176,1915123034),(2262015152,2915260177,1439572700),(973243276,2915260178,1010075972),(1832518423,2915260179,3390514976),(2262015151,3344756905,1010075967),(265712958,3344756906,3390514975),(265712960,3344756907,429502684),(973243274,3344756908,1010075970),(2963389939,3344756909,4089702634),(695209685,3759365601,3390514972),(3392886668,3759365602,2344619764),(265712961,3759365603,1010075971),(695209692,3759365604,429502685),(3838255267,4188862327,1439572698),(265712959,4188862328,1439572699),(1402740006,4188862329,3660205907),(265712955,4294967295,4294967295);
/*!40000 ALTER TABLE `pagetypepermissionassignments` ENABLE KEYS */;
UNLOCK TABLES;

--
-- Dumping data for table `pagetypepublishtargettypes`
--

LOCK TABLES `pagetypepublishtargettypes` WRITE;
/*!40000 ALTER TABLE `pagetypepublishtargettypes` DISABLE KEYS */;
INSERT INTO `pagetypepublishtargettypes` VALUES (345157141,NULL,'8H1VW74JYSQL4106SE6I8POFST34YZ22NHX40D2XX959D4BZG6',918665030),(345157142,'C11T180DKTC3R694G5FZG6L','1V41RXEF2CSWGE5055DE2FP8M971QLWT03Y1GL7',1486822462),(345157143,'7N53H80CD2L1EFW0W5NNWHV4RRLRP1I49N366L4F','F0Z1JTXOH42644U2782935EL9',6),(345157144,'','YB3WYPCCL',151018818),(345157145,'N947W4VU0V06TU6KUZUBC9235JMU24U89LXO5MJSP8','7BV5GV6',782281209),(345157146,'3K6MT87C9P705Y86G404OU5M721T4J7M4C9G','89M28D2EQ04US4195E5MA0E3FH59G013',488646381),(774653871,'M6P1XNGG','77746LJ82WRY19CF5F55N65954K107C9M10C30E472Y06E64DJ0CN037748K',1481017670),(774653872,'','Q3G71414D5LGGH335LUL984FW1',251139691),(774653873,'883K1M2IUBOALTQW610Y',NULL,41318951),(774653874,NULL,'',2116985262),(774653875,'G68IXHOG5N8H65','GUYH536V1T0WAHA5B0W0J19OV4L102UR9M826196K3G052SWF5KSL6051J851547UG438T362EZNH3GQTCM7',865572036),(774653876,'5DMDEW7U8S6343M3J8C','5',268779074),(933533850,'N965EW','',849076954),(933533851,'K7F8V67I15VCXTP37941UYWD50ASIT1KC','MO54979TSB',1061892930),(933533852,'','RN591N77MP7LMINQ0',1481212549),(933533853,'2RBKZ1LLQ3XM0VBJ','4',1750641790),(1363030580,'53WQSSK30KCA3LEE1RGA09B86O028D54H00','H',497653714),(1363030581,NULL,'915RZ7517EG6916IXKZPT6YE7WNDI0R5P93ERJA9Q6CM699QAJ28IS',6),(1363030582,'5PDNUQT',NULL,4528),(1363030583,NULL,'YJ0IDF7OQ6CF085E520YJGF700233LWFY3RRLOBUWHYXTUI0KE26IV',4),(1363030584,'58934QZD88J3203U8VLTJ09O6R0IGHVR1ZDM1B0L34B8V999H83','1Q513567TZ16FFX0H29H2EZV4S655Z98C8Z',1031627267),(2045547176,'5120Y6480','HZ9TAH8ZWRZARXU31MEQ321RSP4J7G1',410607751),(2045547177,'1584555T7SLS2QAXD6XDRE6','',291681117),(2045547178,'S7L6S917YGK056GD06A03D1698T6555065F81898AV8A8HM90Q9SM51OE0','N0MDF4A',572450608),(2045547179,NULL,'1E4EB5ROWNI2Y21HV5RPU4RU3L8S3Y80TXX3Q98DSF694J6L8',1277776866),(2045547180,'E0LBF6H','P8F',2107961732),(2475043907,'YL9',NULL,4102),(2475043908,'F7SM11J2DKQA0AE',NULL,346),(2475043909,'2953QE2LFK0728490','36HDDCPGHV4WQIQG632TPNENJW5W3RWM7LX193P8ACIW6Y5N72NPHU9IZKJOWAGX0Q4P254ZIOFS1E4JB8C79648BY764R475P95U1VGEBWJ8D1DVD7',926941061),(2475043910,'N','6OJD9N1L5K4DY3V9X48BT816361I4Q8900C68463',1070883084),(2475043911,'','XH248EW4LN39O',2572),(2727305467,'7S2633AWKMN3Y9HN62R6SUX97XIEP60882V1MC1VFC129','',1006326964),(2727305468,NULL,NULL,2042010808),(2727305469,'','',108202426),(2727305470,'1UJ','91F90YS36OVA8QX1KI8Q2758C412WG4365808GGC6R90JKU4203796O',6966),(3156802197,'1CKG80IPF12Q3238YCU1N4M1657Q3Q9YK7UMS1076708DCHJE123493GQ50','J',40),(3156802198,'EHD137L6650ZG74S','WBQW',1146),(3156802199,'2164VA501HRWWS019GOB3D69X1208O3NUGSKU1I488XEWWW7H6UGY3B2R14P6TB2071S7552GGV91GX88X65NRQIJARDDX','3K48DEDS8F8XM1',1776242441),(3156802200,'44Z67H9D6TK83427979TK365Q9YWO5OAA841OJ50W3IO00S','79Z345FW50BY',1545874440),(3156802201,'541UQDC461B0N8R569WR54WUN66NY20UZ50IF3JAJ558MVFM9Q3ZX24973L04JCN768P6W7X7','049992VIMPS7CU11UVD62F56XKB2S9A6K22D5QI9SP79U8GVJ0634R5Q0P3WM7B58024M19G1QNUF763QJQYX3QZ8W7Z0H5OZRQ',794111462),(3518755896,'65RD3Y0YIIWY0O0VB8C54842OJZR70341ZH74Q06Y9U74O1Z5XL892D70S1SOGUMX2146P2832O0FH87H9U8P4Q0YDQJ38KV3OD0912E61LS','2477B0QM44U8SZK28GYE9',327354617),(3518755897,'4GQ068SY74249HSJ56R13C61Q5W1606','H5K1',252883939),(3518755898,'8C131J0XWR3Q9DUBF67A9S9VK6SW90H206EWF6787P3AFY949302B5GS3GPVHL6G91290W8WT40D9DD2IPM2X059R3S03E7QPX7SZ','',777498809),(3518755899,'8P4BKS54DOSG3784TK090S3O1D1VW','JA54Y9W8MONGTW1I2N3W5',596),(3518755900,'YG82UNRZ5','484Y5797XPPP5RO748B689J913V8',6),(3948252622,'ONS5U758WC74563NZU0682U3J90JUK','7A802Y1F1',712719613),(3948252623,'',NULL,1767791282),(3948252624,'X7W44GM44WQQ4V56I27841789GXO17F39PU98IQKM','Y9',1035457014),(3948252625,'C7J7','EZ327V9VSW684D4019CYUS16MCL3003LXA',872548125),(4294967295,'ECW9P8','6Q6PD756',590388624);
/*!40000 ALTER TABLE `pagetypepublishtargettypes` ENABLE KEYS */;
UNLOCK TABLES;

--
-- Dumping data for table `pagetypes`
--

LOCK TABLES `pagetypes` WRITE;
/*!40000 ALTER TABLE `pagetypes` DISABLE KEYS */;
INSERT INTO `pagetypes` VALUES (254954204,'21C','KO8CJJ0C62RT13LZ372ELF0X8950T3PICQ2TVEK1Z47A83V50601S2G1S2M7Z5D78M55H917',616947929,NULL,NULL,0,1,92029808,0,1839696898,'WH33T169689C6B4495AX3A698RVA2TNZV',1065945977),(254954205,'F5G471SM6S73PTS4Q0Q675SM507D7B3CYFB','184192ONQA6N8106592',85044800,1205285146,NULL,0,0,NULL,1,1086480216,NULL,127687387),(254954206,'','VZOP490BOGL2GZ2DJ71K88N7CFMOGHOJ39DMO7346G710860T6YVJW884IBY8Q',8,NULL,NULL,0,1,97,1,911578352,'P',1131843802),(254954207,'H15JC9C29EPI','2CT2GD1GH38S5C68RGD6C25EI13TI',34,1673942550,'5',1,0,1661802760,0,179,'69A1TDX1H94R1D61406VUK3ECJ',NULL),(254954208,'','J21Y0I22KA1',0,885648390,'C',0,0,1856014979,1,1911725638,NULL,1418231449),(254954209,'673MB98GPUU2035015BE673QX7TQ7IT1892W4I41E1F','843VXY5G9IIGDULE079744B',1111746915,133884311,'0',1,0,1273166433,1,552951016,'81HNZQSF470ZOR14V2DJOLTH0M0J6M2JWC76JQEU22UF0Z81V63K3I22G1HRX7G4H',3719),(684450935,'R2PS0J79NCEP9IF1K3102JBQ26ZOJ36304A4PM37N07MC60E7L89V9330P72818P04HT7767XE60960XPD98','3W0JQZ384449KOU749V8E97HG882RR442VUWVW1CRI23712L',1632511116,3649,NULL,0,1,NULL,0,92,NULL,1),(684450936,'','26KFTA43BEQJ04437SV6R66A81C03W85M4DH7713214Q8DBFZ3IIXE597427VF5150F7TW94UL362NETTT951RFLX4X617D41Z2Q6Z28YX6K9Q1U1O3L5QR5715606P',3,4045,'',0,0,1807053626,1,9801,'RMH780XX509B66ZB6N156VZ9RD53WX3546M55961R9G272KP',376),(684450937,'C1479','2W2KRXI001',341330252,1252172586,'',1,1,900292358,0,6719,'T2QJ55Z',1224022928),(684450938,'83UM619THJB739267G0122ZY','2E84DX',819223101,2102449611,NULL,1,0,997604702,1,1779503437,'MA57',1134830787),(684450939,'I85TCSOR1VS0TB00D7095J92KEKMV140KEYQDNZ079','BCQ',1911637124,NULL,NULL,1,0,1601119930,0,1069118938,'ZU',285494655),(684450940,'','0G3Z7J7',999,2094516046,'',1,0,379579815,0,355300578,'I',1345956441),(907060774,'23BF2FK1RFH9273H8','Y04BQD',4,NULL,NULL,1,0,527414898,1,1770232499,'2KR3IG5C78XD7618',14767328),(907060775,'50L99N4RIWGDP593V0A0O990XY410RWB88L7OAVF04Q17529ZK3651IKNC5R','9493JE735B7LFMICFCFH626J1ZYCL22WY880Y',25,1057988021,'Q',1,0,1486129860,1,1524257128,'61Q',1220643290),(907060776,'TOZIH135PW6US4BZ','9WEYAR9',976668578,2389,'',0,0,0,0,1808246324,'GS443AVL4Z3N247T8S2Z6594O22DYF3EURAP67CF68N8UB5564',3228),(1336557504,'93CBVO','66LPOD499TEFC7D1Z5',2060609565,NULL,NULL,1,0,1044449604,1,128,'24W42H0SWHO2577ZF2KR9I4X8UX3RZCTQX9G',28289643),(1336557505,'QZ6LQTYQGY112HMS4N8A72MH1F6BV75M','D73',454434430,878533536,'',1,0,1391445677,0,1103810779,'B4CW4316669GDZ28C2568O9PZ936I93924554R267',568112169),(1336557506,'RU9477MU29IBA624NHA0ELJ340E33Q','IH6WH25O476JMC025Z882ZJ2ON483U5W3UIV5HMZJYAI7',2036504824,712205527,'2',1,0,1481699758,1,803928697,'GDJO07195R6Y467658POTTG9K49QCH28QB3RR3AMG14RT44GQ6C6580',1880830729),(1336557507,'5YF0B9950832KT9','32PN7M20QU715IIIB',9443,630,NULL,0,1,NULL,0,8136,NULL,1181844294),(1758069631,'74G60DF0F788SL555R0SVJB30K15V645CX80C6Q794L','1ZS5661DF0A15424BSHI8975TN4I8J8I3TN5C577TLQS18L18X0Q73I5D4H0RH11QTQY43377CG9IJ35Q2',32,3,'N',1,1,1488970701,0,1658065023,'48DR461WZROB81N2462S',77008402),(1758069632,'32T0Q6IT275LVVAF','F8M87651A29FT18620X14HZLG',559,1862750366,'',0,1,1341592130,0,2023192823,'',1769862275),(1758069633,'9NE7CO91N5519X24BLR394HFU43','3OHZB4FCTQ6710XB54E557014DV1STZ7211N3X43H9C511KFF01S9JM0H64S07WVS429219Q8N91W02A1181M',999167319,3,'N',0,0,1543968419,0,833952252,'F1D175H16V28O6T8ZMS56',1707624027),(2187566361,'1FLXAFU835','0M8GT38YUKE8EJ2',90,94725105,'N',0,1,1064283348,0,2033841591,'45SR88U172T80QE9W',855916187),(2187566362,'M570Q12TLN13','600ELUL',1523550685,866441219,'A',1,0,689,0,1988654318,'',1586925463),(2187566363,'','8XROBR9292V2FDMJSGC20G4NY5J0',1848872911,5469,'',0,0,588101747,1,924974360,'',1488996894),(2187566364,'77QO17P8IX04M20W1Z13J','N7780U78H9Q4F079RQ7BN348MKMT9575OI59YB3LL673551G79FFL91100FO1KUBT2DG2J3L02W5M813S2X84EG3883196W1Y1LY0STZ452C16C5WIB7PV63C60OT2VC',849705592,760631734,'J',0,1,21,0,10,'21EA30',1),(2999412590,'9R1I453OYXN2G3F13873I','816586I2ID250424GBT252JG8X6X67T25',379018894,1259,'Y',0,1,NULL,0,930400105,NULL,92),(2999412591,'E204EST5N00DAZ3U686777F29VBTM7UPDD22BM708339U86FGWUF9V7EY49DIR7','N942957983P7G8B7E1923E6A60K1XC19A6KX69MHSC0M77V8084MI82HF6E1V8G91Y5QYE1X7BK',6380,NULL,NULL,1,0,1063317796,0,400281220,'1T4F57',1210154966),(2999412592,'','6258R54',2010322511,309529730,'Z',0,0,507537381,0,724013033,'RWIH3X504F8138917TGVISL8D3GM4WUYB489E0AZ0214Y912R8L28M7V1',768),(2999412593,'N6M13L63A83ZF2MGET8C877Q5S41W30LHP46H64L1Z87QU7O87X6DMBKKYVQFH82F7M6GV94248UJHYT62GAVC1C416W43AUWKWM9JAO1ZRNWHBT7XIL88UA1688EK2X','38B',384205141,1492610331,'9',1,1,863435736,1,1320623704,'05AM91W8672479YG0A4U63WF0I6',910020966),(3428909320,'25','6CY5947FYPVZZ7P87254343NQKC0',633147495,91,NULL,0,1,945252461,1,1003385673,'KO207F4X211KX2ZR67BC2T',1663933865),(3428909321,'G94H3D8L60E9S26B','F0VL3431H59KNDF99Q3ZSF8F845WU7525NG61QUFPGV3CYC0ZG0F05I',1690256607,197,'',1,1,1212255064,1,667,'T53749BVL777',9676),(3428909322,'','C848YAPW34LV2UQL0LRU',67,88,'',0,1,37,0,1759031795,'4N5EFMB1XJJP33448GB9538F5U40V44E81K9B4U377284R5SW6R4',55),(3428909323,'5J210CU5D851TU3A26MF7XQ02B2W','XX8ZT29AD48MH61209CJ03VD7E018V8X92407H573B35YP476RGR0CPA9V80ZNL5QS43M',3165,1718415082,'',1,0,1861643560,0,423612301,'2UK5YT74R84N1L8F6BJJV8MS37QZFSO',1382186544),(3428909324,'M41Y8ZF36G1YS4QPI4D6CH6P7YY544E6','R78IT01F4N93JD0MCJKB7AN19HX8EIC4AJ14J4819W1TIR',5,4441,'1',1,1,825444277,1,1538453614,'RA1J75026O73RTPYQ9QGPN3V417S77CEW078NW3',1878470401),(3448910445,'Q41','INY1D1I476J9B0HAGPRYO0L',1448075694,1658541361,'',0,0,3737,1,23,'45275M60Y74',142454715),(3448910446,'1RZP76BZ88','IYC2H6A9A965S4JG3SY9YR44C6YW09U849T3QK9899O9ZOC',521804873,2026242443,'T',1,1,568203935,1,1977571929,'R12J',2),(3448910447,'ZANAIIKPEFD003AX0E264BK6147H14E89BJJ8P2SP61PAL01S24','RW82',1548173406,536898163,'4',0,0,7684,0,3301,'J43G837R440EB6X32G2284P61I9',1315222823),(3448910448,'D9196I62R0NOZBFGA5OI04KJHJ99CR4A1WYQV104IV3C4I9933C55GI89C944U820L9H0T233YHQS79QGBHH5N9TM','13XVIRYM00W68I87O2805C3VN8251CP645F7GR4QNWPG40',672794092,NULL,NULL,0,0,220068996,1,1884149363,'D8',419596856),(3448910449,'6YM3S811VX83','XVGTP3G26H6P1RL96P5VZE35W180R7B1DOPD66B9ES2DA35XWQQBYNJ46A4IBO9',1088660337,354563766,'I',1,0,93,1,1356879713,NULL,2090662294),(3448910450,'211Z8N91J4UFGSNXQ56K81O8A1L4LB0Q526M2413RHP2Q809D','TDA3626WT475W',111991759,136632604,'9',1,1,350,0,1173189575,'2WQ86E5GZI509QC',1397449714),(3448910451,'62A9','BKG4',1731788019,NULL,NULL,0,1,423151947,1,17,'O1734U',243),(3878407171,'9KW077B07CA96T1L1BVP21PM9','M',46,1579342381,NULL,1,1,56,0,1523273786,'',262228582),(3878407172,'1Q','R2K95DC093Q',1031127432,1176006824,'8',0,0,1056625093,1,908452991,'N9',2120548430),(3878407173,'7633','2195N240QDM',478,2079082912,'6',1,1,2069801505,0,1823751834,'CTBI0WR5474969MP9X5YLD6P3AV413Z',574925593),(3878407174,'GWWODX6Y44C5J07N2O1Y','L061S097W0F89D5J8YV1871G9JE91OFOLJG9TX41H8KXYQ2E9D54U2494O19JV0114F4Y48600S38A6XTG419D8E42469957RJ5CH1GZ8R',1000768092,1365930632,'',1,1,105526662,1,1051560499,'OM73V2YN38K8ZH8ZV834IPLBJ43480Y312YWU6FF2F5706C88RQ9486ZU577M0U7',1761871288),(3878407175,'C50I7HA0W5H6O','2NL0IS2329I0KER0C0KP10JLKOR5',NULL,1627121701,NULL,0,0,1635945983,0,1102667894,'9Q44740L9XT',NULL),(3878407176,'RKVO14VMIDQ9NY07X','L84468LL80U19R13S1492PI1JCNZXTG0P6WB796E2WL17N619UF66B8DA9I8P78I1Z61133YJNFMC68LM56I6N4577OM8IJ7GF89FX67U68',1365568570,418511523,'1',0,1,807886074,0,1192865752,'',1893697481),(3878407177,'F3T0F0JP586FM1N4M6J43BJS','1JBVGP846ISYB050UW2618E91HD48588T4QI7BFASGZ75RW1001PZ861H99WEW8A414H8P60U7U9RV5H0H7VP3Q2EN9NZ6S473',2017227812,1,'8',0,0,1843541065,0,2067816132,'MOUZE941GC94OJOY4H1PXN0DT1S09LP54FI1FQ8CU7ALW',4),(4294967295,'0445DMP','0WX748Y45DN86JN7O6T2LTR5T098X20168GVZV7589V8YHQ059LWF58X16Z5GU',1912892877,1062101835,'V',0,1,591189692,0,120277549,'323927YC1XH2F0IF4J9AV5419XD0SCYU146PJDCCJ7FNX59CL65A288GLH',2825);
/*!40000 ALTER TABLE `pagetypes` ENABLE KEYS */;
UNLOCK TABLES;

--
-- Dumping data for table `pageworkflowprogress`
--

LOCK TABLES `pageworkflowprogress` WRITE;
/*!40000 ALTER TABLE `pageworkflowprogress` DISABLE KEYS */;
INSERT INTO `pageworkflowprogress` VALUES (429501333,153992116),(1406109835,153992117),(3372842546,153992118),(976613105,153992119),(4055994271,583488846),(3372842544,583488847),(2943345814,583488848),(2239635491,583488849),(2239635488,1243902272),(3372842543,1243902273),(4055994275,1243902274),(4605,1243902275),(3626497546,1673399002),(1810138758,1673399003),(976613104,1673399004),(2943345815,1673399005),(1810138761,1673399006),(4055994272,1825639965),(4603,1825639966),(2239635490,1825639967),(3626497551,1825639968),(2239635489,2255136696),(3626497548,2255136697),(3626497550,2255136698),(1406109836,2255136699),(1810138757,2878045977),(429501332,2878045978),(1406109833,2878045979),(2943345813,2878045980),(4604,2878045981),(1810138760,2878045982),(2943345816,2878045983),(3626497547,3307542708),(4602,3307542709),(1810138759,3307542710),(4055994274,3307542711),(3372842545,3307542712),(429501335,3307542713),(1406109832,3848746385),(4055994273,3848746386),(429501334,3848746387),(3626497549,3848746388),(4055994277,3848746389),(4294967295,4278243110),(976613102,4278243111),(976613103,4278243112),(1406109834,4278243113),(4055994276,4278243114),(429501336,4278243115),(4601,4294967295);
/*!40000 ALTER TABLE `pageworkflowprogress` ENABLE KEYS */;
UNLOCK TABLES;

--
-- Dumping data for table `permissionaccess`
--

LOCK TABLES `permissionaccess` WRITE;
/*!40000 ALTER TABLE `permissionaccess` DISABLE KEYS */;
INSERT INTO `permissionaccess` VALUES (323638787,1),(323638788,0),(323638789,0),(323638790,1),(753135518,1),(753135519,1),(753135520,0),(753135521,0),(1230665932,1),(1230665933,0),(1230665934,1),(1230665935,1),(1230665936,1),(1230665937,0),(1230665938,0),(1660162662,1),(1660162663,1),(1660162664,1),(1660162665,1),(1660162666,1),(1660162667,0),(1660162668,1),(1896649585,0),(1896649586,0),(1896649587,0),(1896649588,1),(1896649589,0),(1896649590,0),(2326146316,0),(2326146317,1),(2326146318,1),(2326146319,1),(2326146320,0),(2326146321,0),(2799351171,1),(2799351172,0),(2799351173,0),(2799351174,1),(3228847901,1),(3228847902,1),(3228847903,1),(3228847904,1),(3599059706,0),(3599059707,1),(3599059708,0),(3599059709,0),(4028556432,1),(4028556433,1),(4028556434,1),(4294967295,1);
/*!40000 ALTER TABLE `permissionaccess` ENABLE KEYS */;
UNLOCK TABLES;

--
-- Dumping data for table `permissionaccessentities`
--

LOCK TABLES `permissionaccessentities` WRITE;
/*!40000 ALTER TABLE `permissionaccessentities` DISABLE KEYS */;
INSERT INTO `permissionaccessentities` VALUES (63789181,NULL),(4294967295,NULL),(2397155882,3),(63789185,8),(2720656315,14),(1967659153,18),(493285910,54),(2720656319,263),(1217429639,758),(1217429640,774),(63789179,955),(1646926366,4100),(2720656316,183577118),(3778901715,244534154),(4208398441,259792056),(1217429637,263770837),(3150153047,267574304),(493285914,300284251),(1646926369,340067553),(2397155885,372538906),(3150153049,376554430),(1217429636,391192155),(1967659152,397355930),(493285912,447347955),(4208398440,609078955),(63789180,714903892),(2397155884,749045558),(1967659151,769639933),(3778901714,771377937),(1646926367,907135124),(2720656317,947882615),(1646926370,1110080914),(3150153045,1119558197),(1967659154,1133554183),(1967659150,1194783050),(1967659155,1275869378),(1217429638,1324437045),(2397155883,1408018603),(63789184,1464445387),(2720656318,1493587424),(1646926368,1545096090),(493285911,1624265217),(3150153046,1789630244),(493285915,1824159246),(493285913,1833654977),(2397155881,1849175837),(4208398439,1878675004),(63789182,1921064588),(63789183,2114773700),(3150153048,2124443497);
/*!40000 ALTER TABLE `permissionaccessentities` ENABLE KEYS */;
UNLOCK TABLES;

--
-- Dumping data for table `permissionaccessentitygroups`
--

LOCK TABLES `permissionaccessentitygroups` WRITE;
/*!40000 ALTER TABLE `permissionaccessentitygroups` DISABLE KEYS */;
INSERT INTO `permissionaccessentitygroups` VALUES (8,587011799,268972567),(9,1929027764,9299),(10,40,1665923957),(11,1801602174,1794491283),(429496739,1603204103,1162260020),(429496740,863229959,72),(429496741,774745853,2021913165),(429496742,2066823777,9060),(1148910100,2053755296,334),(1148910101,98,757308288),(1148910102,108091004,1404548095),(1148910103,1495878133,1754440803),(1148910104,2,1992770858),(1148910105,277842811,1774159613),(1148910106,98,1608220627),(1578406830,246584542,1578022958),(1578406831,1247729904,1943302817),(1578406832,2093506118,1620387247),(1578406833,3,2),(1578406834,796,555),(1578406835,26,127795571),(1578406836,1583721962,218611245),(2038145184,503849473,14),(2038145185,1310151625,1897234866),(2038145186,800906327,205321439),(2038145187,502052515,648555167),(2467641914,1615714384,1826180051),(2467641915,1178391536,1720350359),(2467641916,682696230,1813542066),(2467641917,790,2033516782),(2742639871,1840438897,258617093),(2742639872,1253427098,1960609005),(2742639873,472,1254196194),(2742639874,454618257,475260789),(2742639875,4,348671814),(3172136601,1200372947,22447543),(3172136602,367984480,1222890024),(3172136603,1981412185,1187422956),(3172136604,9301,534),(3172136605,466158947,256649544),(3172136606,7,2059951464),(3560063918,1942273856,2058049578),(3560063919,54,2014595771),(3560063920,0,0),(3560063921,637289563,2),(3989560643,5,1236481570),(3989560644,666415727,83692800),(3989560645,556302468,25),(3989560646,0,1304822623),(4294967295,9,7);
/*!40000 ALTER TABLE `permissionaccessentitygroups` ENABLE KEYS */;
UNLOCK TABLES;

--
-- Dumping data for table `permissionaccessentitygroupsets`
--

LOCK TABLES `permissionaccessentitygroupsets` WRITE;
/*!40000 ALTER TABLE `permissionaccessentitygroupsets` DISABLE KEYS */;
INSERT INTO `permissionaccessentitygroupsets` VALUES (2756678969,3252),(4248550346,3253),(2322707086,3254),(482526762,3255),(3819053620,429499983),(2756678971,429499984),(3819053621,429499985),(4248550345,943150231),(1151247090,943150232),(1580743822,943150233),(482526763,943150234),(1151247094,943150235),(2322707085,1372646962),(3186175700,1372646963),(2322707087,1372646964),(1151247093,1372646965),(1580743825,1372646966),(53030027,2134650774),(1151247089,2134650775),(53030029,2134650776),(3186175701,2134650777),(2756678972,2134650778),(482526761,2134650779),(1151247092,2134650780),(1893210357,2134650781),(4248550344,2564147505),(482526759,2564147506),(53030030,2564147507),(3186175702,2564147508),(1893210356,2564147509),(53030032,2564147510),(1580743823,2564147511),(2322707088,2564147512),(4294967295,2925672988),(1580743821,2925672989),(4248550347,2925672990),(3819053622,2925672991),(3819053619,3355169718),(1580743820,3355169719),(1151247091,3355169720),(1580743824,3355169721),(482526758,3592822745),(1893210355,3592822746),(2756678970,3592822747),(53030031,3592822748),(1580743819,4022319470),(53030028,4022319471),(482526760,4022319472),(3186175703,4022319473),(3186175699,4294967295);
/*!40000 ALTER TABLE `permissionaccessentitygroupsets` ENABLE KEYS */;
UNLOCK TABLES;

--
-- Dumping data for table `permissionaccessentitytypecategories`
--

LOCK TABLES `permissionaccessentitytypecategories` WRITE;
/*!40000 ALTER TABLE `permissionaccessentitytypecategories` DISABLE KEYS */;
INSERT INTO `permissionaccessentitytypecategories` VALUES (3028786482,132473762),(2464726271,132473763),(2599289754,132473764),(4178704897,132473765),(3749208173,132473766),(4178704894,561970493),(1124773958,561970494),(2035229542,561970495),(1124773959,561970496),(2035229543,561970497),(2464726270,1111537618),(392323822,1111537619),(4178704896,1111537620),(1554270690,1111537621),(1554270691,1111537622),(392323821,1541034348),(2599289752,1541034349),(3028786484,1541034350),(3749208171,1541034351),(3028786485,1541034352),(4178704893,2106239110),(2035229540,2106239111),(3028786483,2106239112),(2464726272,2106239113),(1124773960,2106239114),(4178704899,2106239115),(3749208174,2106239116),(392323825,2106239117),(821820553,2535735841),(821820554,2535735842),(2599289753,2535735843),(4178704898,2535735844),(2464726273,2535735845),(821820555,2535735846),(4178704900,2535735847),(3749208175,2535735848),(3749208169,2950091676),(1554270689,2950091677),(1554270688,3379588406),(392323824,3379588407),(3749208168,3499553450),(2035229541,3499553451),(3749208170,3499553452),(2464726274,3499553453),(821820552,3929050175),(392323823,3929050176),(4178704895,3929050177),(3749208172,3929050178),(2035229544,3929050179),(4294967295,4294967295);
/*!40000 ALTER TABLE `permissionaccessentitytypecategories` ENABLE KEYS */;
UNLOCK TABLES;

--
-- Dumping data for table `permissionaccessentitytypes`
--

LOCK TABLES `permissionaccessentitytypes` WRITE;
/*!40000 ALTER TABLE `permissionaccessentitytypes` DISABLE KEYS */;
INSERT INTO `permissionaccessentitytypes` VALUES (302120934,'5O7H3A6Y16GS352R9K5SH3W2069Z47SP88QSQ9SW3G4M9RETR7931VF9U9K4U6I288PCF70SS72IJA8Q3L9A7DU1S','2X2VEIQ09W2YX9D50S7WAEWXA21L',1646529992),(302120935,'BA8GZ3U86QN6P94QS991343P84JBZ6J8I5D2NE','M9BY3',54),(302120936,'40L10G0T','441T37KZW66TO22SP19H6VSP7B8Q5WC',61),(302120937,'ZG0','32M4MP14049',971500675),(302120938,'B621036NUR6HUR329AB7JPL8T1465BAOKB5297R6528C086M3W16GQ9E0UFT','440EU8B4803942PMVV05Q',8),(302120939,'Q915MEWCW5QA','VH7E5',1755773253),(302120940,'NKLVQHTF','0X0554JW9U739O2080C4ANZ1G0N',1757202257),(302120941,'M130B31JES9DB36TH7F','BMMC51K2FWJ130897O71058',360872671),(731617665,'8G4M','A704W0E51R3FX782964BICKS91OX43K6KNYTUJOTT440700BE28O2',1875383853),(731617666,'31FDX7I89M6DUGU8A6S0Q0DN5U8KU1','IRIVG13Q3D5IF4Z10MZQ342LYH84T877R98BZ22PX04Q8GP5D7',335),(731617667,'73YIC844O6U09TL4Y13AGI3GBRGA8603JBUMMD3H6VL64EWXAPQ95H37WV9SL50C0464','PT7H1X85L27Q57GGG89E6793',5),(731617668,'E16XDY96546RA1H37H820L0R7','X71PK498D6PZQU17UUCO6914531ODM1BSA3SJ53I1EPEOY4FB751UEEVUER889P8YKDCIH5JD3S41',2073711455),(731617669,'U16KWV821P82W966482O49T84KJF6103KE0BW8N04K','',NULL),(731617670,'74LE6KDNG3I406459Q8AT7Z2','9YLW311Z9WS3R3AXA3J0WE9W8M2F5BYP92AVJHT6IV3E8HI7INY3MSTG0040QZT9Z9C9G665R6BPGJPD9M1IEO8UNGH3V3TSVK2Q0',1016434747),(731617671,'C9WFKT2462P7RFW07Q4C','8U0SBTEW',1916530473),(1098301327,'89OK','508X18G815482VXQMU',1383199362),(1098301328,'B81U6792WT0QD97TS0IS4M85','80',894997138),(1098301329,'U0','813037R37BI71OWXOCCDEM9YS9CM6K7E4790Z96BS49TPLUYJ5Z7BV26A0YXBC7UE4',4),(1527798058,'U3WRG4335UJ7N0GXX52X27T2DIZ3Y0VBY4Z3RL2SZ6L','T5R5J62',370805783),(1527798059,'D19EQ8U5115H7G9','679213JC3HD1BLCX4T36C0W5P6717A8O8MQQB0D5UUH59Q5AP411K5922O8J27N70P8OZF11H1B3M2U3FUF1B1J12Z9OT28H2',993403416),(1527798060,'5JAG','V7L9008H36NHQJ',1191031101),(1747751994,'1N896QOOPFNMN9YO','12GN0F73EW0XN0439BV8MI9Y65M2J1Q025H9T82613M70FR2',6),(1747751995,'N1YX8V571950I5X6S1B69029','4BABZ53X4L5B2536FYTR',836),(1747751996,'VUWOI7G5V6QFR820R1T438S1V9SC203MCO6NT00RWWY6V6A500BUI0J2745F7V937C6R4AOC3B18G665P1','8A678S854U20535377QY1T541EO058FR8060JP00TN66I37IFP8573V5A080',1008553603),(1747751997,'O69G4W8Z7TA9','I31N9A2Y0O2R6K3ZDHIWC9483PE33W6W9QR8915H37F0U2RL',5822),(1747751998,'T09','RFGTB0777LPO9U247XLIOYU2796Y4284N703LN2E96P5JS55629Z7',1049910125),(1747751999,'315G350520SQMZ2Y5X1W2G380TP5G9','C436YP3UGY0K4NNQA55M51PV1700D5',1225336926),(2177248725,'5Y9726V1AT5IYS77TI253EU1N59SDYK6QPQ817U7S3936JCL2K7H397IP4Q1C60JR2V','F69KT95VQ48KM395IFNH0',1674667834),(2177248726,'O73574N2FK2WQ','682ZX5WT7416B4Y184A03E',872696235),(2177248727,'05F91R','0B2P8DLMY73Z4X104IL',70689550),(2177248728,'FE','LAEPLGKF3BD3686305',1580978610),(2177248729,'1AT74QGGXJ9I','HF33820G75ET00P81H4OE9DTNS212N1L8T',978745842),(2177248730,'1K3LO5G8G74N0H','X4J2401SR91D09771G590Q4S2R3PIG17TX378GIA9U8SPNY8UV0X3F58K43KP7O9N2E8453J1TJ5646B7C58ZFCOZ28EP802VK359994RY',1626149519),(2871396825,'F8GHYFBM2DH4X74WO58DETE7UVQ4YZRPDE7L69I5N1D','99Q342T12661OQ5NJLV46M2ZVKHU09S1WF7IYVH7G9B4N363LK889206TNJ7141NKP4IT598486B75CGBB389J',297601153),(2871396826,'ZML1MMJ7T5F456EDWD3XJ07Y3RMV5GJ1OEJ258MZ3U408VY9456GR647FVT5','0DH49K0AL8S0N28N31N7WQFVPRX81',94),(2871396827,'4','5219RFH6GGII8OUAP068N35QL3400RCQRX2MYUUPW3749JB327FNAWU2343I25JKJML62LL20H0U0OMQ',1714927259),(2871396828,'8','L5K6',74),(3300893556,'2T','',NULL),(3300893557,'9F6GJ5253969291PRJ685X0649GAU39950U1D2T21R4WS0217812SZL6E14L3C744MF4J13P72L596K6J88M6A62F29I186Q5XQJPD9BH2X744ZKM6WM','2Y38L8XT8V086H08JKLIQ3Y4J',740768520),(3300893558,'21H6W','0D0F6W3IVEK0P78H853BB2SV7O46Y7Q',1738696495),(3300893559,'1LV88D9FF73289UH0GFB37X','JPW58F259SD4AQ0IL',922),(3679396276,'6Z43DTMO67NQ8L0R6PWLQG8VLYFF8D','B31TFJYR6V8W8A3A466WW1QAR4748EV60QW5E823N2V0H2X2R46IG71TNCJ87RTMU482689M',17),(3679396277,'42S8131','RE3UWC10J04ZI6KD3W00KYBLWTSQNXOS1EZH00CUH0P102057L85FD3A8Z0XB449N5R0YJWY5C9',1228107920),(3679396278,'1073R','6NF88L0',206747316),(3679396279,'3XFHF5WV4936O83ZBNSQ','I2W71D09WBJ5EE23K6066CM5',1450487882),(4108893002,'77V3P6','LF29CE3RT400M0GW2Z35O9',812),(4108893003,'144R98JVEA91D9VY52JE0IY1VK85LK65V0NQ','',NULL),(4108893004,'96VK39WZ9P8N3J4O499457M23P4WAK143RK37089T98I98','6D77FQ162NL2',8),(4108893005,'G8231194X72M57E21A9ST3T08PFC','1B4J1NP',753),(4294967295,'9KWZ54SU2809622K6O62QXUR9KW61S762542R3','YVIYTPA6E1U',1544829707);
/*!40000 ALTER TABLE `permissionaccessentitytypes` ENABLE KEYS */;
UNLOCK TABLES;

--
-- Dumping data for table `permissionaccessentityusers`
--

LOCK TABLES `permissionaccessentityusers` WRITE;
/*!40000 ALTER TABLE `permissionaccessentityusers` DISABLE KEYS */;
INSERT INTO `permissionaccessentityusers` VALUES (1115447279,381564669),(429496738,381564670),(1544944012,381564671),(1544944014,381564672),(1544944011,811061400),(8,811061401),(2724967005,811061402),(3154463732,1058591856),(1544944009,1058591857),(429496737,1058591858),(2724967004,1058591859),(1115447283,1058591860),(3955885043,1488088587),(1933160911,1488088588),(2362657642,1488088589),(9,1488088590),(3154463737,1488088591),(1933160910,1960780744),(1544944010,1960780745),(3154463733,1960780746),(429496739,1960780747),(1115447282,1960780748),(3526388319,1960780749),(3955885045,1960780750),(2362657644,1960780751),(3526388317,2390277475),(1115447280,2390277476),(3154463734,2390277477),(3154463735,2390277478),(2362657643,2390277479),(1933160913,2390277480),(3526388320,2390277481),(7,2635312356),(1115447281,2635312357),(3154463736,2635312358),(3955885046,2635312359),(2724967007,2635312360),(4294967295,3064809087),(3955885044,3064809088),(2724967006,3064809089),(10,3064809090),(1115447284,3064809091),(2724967002,3789392833),(2724967003,3789392834),(1544944013,3789392835),(2362657641,4218889558),(3526388318,4218889559),(1933160912,4218889560),(429496740,4218889561),(6,4294967295);
/*!40000 ALTER TABLE `permissionaccessentityusers` ENABLE KEYS */;
UNLOCK TABLES;

--
-- Dumping data for table `permissionaccesslist`
--

LOCK TABLES `permissionaccesslist` WRITE;
/*!40000 ALTER TABLE `permissionaccesslist` DISABLE KEYS */;
INSERT INTO `permissionaccesslist` VALUES (121715061,4294967295,681134799,7),(121715062,2102799929,423550924,-11433),(121715063,3719548182,1902931257,13403),(121715064,4149044908,8984,23772),(121715065,291361734,996514618,-9312),(121715066,3336916208,867,-4148),(121715067,3719548184,2084253680,-26748),(551211792,1032118781,58216125,-20),(551211793,2907419475,107320507,-21298),(551211794,1032118783,1123379312,-14913),(551211795,3719548183,0,-31694),(551211796,2907419477,518222052,-829),(551211797,2907419478,963579180,-7883),(1045355071,2907419476,1548692784,-3),(1045355072,720858465,1286222882,-2438),(1045355073,3336916209,1854020740,-2819),(1474851801,2907419474,728795109,-3975),(1474851802,2532296661,1636043777,-742),(1474851803,2532296662,362666741,-7185),(2031790315,2532296660,305327956,22961),(2031790316,291361735,373,-25724),(2031790317,4149044910,2120840727,-11389),(2461287045,291361733,822885060,36),(2461287046,1032118784,2,18689),(2461287047,4149044909,228,-3),(2986114280,1461615511,9066,2481),(2986114281,3719548181,578948567,-32767),(2986114282,1461615512,6702,-6117),(2986114283,3336916206,226167451,-18751),(2986114284,720858464,945528502,-4346),(2986114285,1461615515,205909340,8),(2986114286,720858466,1181595437,-2),(2986114287,291361736,1566247190,6110),(2986114288,3719548185,4020,30038),(3415611011,720858463,3,6032),(3415611012,3336916204,625800415,5471),(3415611013,3336916205,5279,25924),(3415611014,2102799931,1102854200,4),(3415611015,1461615514,700976112,-21410),(3415611016,2102799932,5,1125),(3415611017,1032118785,988001775,-6452),(3415611018,2532296663,1281372884,2),(3539705355,1032118782,1648889623,-25681),(3539705356,2102799930,248,17402),(3539705357,1461615516,1903,-27210),(3969202080,4149044907,1169751771,-834),(3969202081,1461615513,448209903,1980),(3969202082,3336916207,1180003777,-99),(3969202083,2102799933,796242140,-617),(4294967295,1032118780,1774444420,31337);
/*!40000 ALTER TABLE `permissionaccesslist` ENABLE KEYS */;
UNLOCK TABLES;

--
-- Dumping data for table `permissionaccessworkflows`
--

LOCK TABLES `permissionaccessworkflows` WRITE;
/*!40000 ALTER TABLE `permissionaccessworkflows` DISABLE KEYS */;
INSERT INTO `permissionaccessworkflows` VALUES (4294967295,370805517),(1287744277,370805518),(9,370805519),(3459954690,800302248),(2953758188,800302249),(2161167333,800302250),(2953758187,992409309),(2161167331,992409310),(3383254920,992409311),(429496739,992409312),(1731670604,992409313),(2953758191,992409314),(1717241012,992409315),(3889451416,1421906040),(1717241008,1421906041),(2161167332,1421906042),(1731670602,1421906043),(1287744281,1421906044),(3383254922,1421906045),(1717241007,1886332394),(2953758186,1886332395),(2953758189,1886332396),(1717241009,1886332397),(2953758190,1886332398),(3459954693,1886332399),(3889451415,2315829125),(429496737,2315829126),(8,2315829127),(1717241010,2315829128),(1717241011,2315829129),(3459954689,2671335406),(1731670601,2671335407),(3459954691,2671335408),(429496738,2671335409),(3889451417,2671335410),(3383254921,2671335411),(3383254919,3100832137),(6,3100832138),(7,3100832139),(1287744279,3100832140),(3459954692,3100832141),(3889451418,3100832142),(1287744278,3829544738),(1731670603,3829544739),(2161167334,3829544740),(3383254918,4259041463),(1287744280,4259041464),(429496740,4259041465),(10,4259041466),(3383254917,4294967295);
/*!40000 ALTER TABLE `permissionaccessworkflows` ENABLE KEYS */;
UNLOCK TABLES;

--
-- Dumping data for table `permissionassignments`
--

LOCK TABLES `permissionassignments` WRITE;
/*!40000 ALTER TABLE `permissionassignments` DISABLE KEYS */;
INSERT INTO `permissionassignments` VALUES (1957341965,280602581),(4294967295,280602582),(2592640600,280602583),(4009353968,280602584),(110955912,280602585),(4009353966,710099311),(3579857241,710099312),(979172969,710099313),(4009353967,710099314),(1957341968,710099315),(4009353970,710099316),(110955909,965936673),(1408669702,965936674),(1408669703,965936675),(3579857242,965936676),(1408669705,965936677),(110955913,965936678),(1408669701,1395433404),(2386838697,1395433405),(540452641,1395433406),(3579857243,1395433407),(3579857244,1395433408),(3022137333,1395433409),(1408669700,2028351530),(110955910,2028351531),(1957341967,2028351532),(979172974,2028351533),(4009353969,2028351534),(3022137330,2457848260),(979172970,2457848261),(3022137332,2457848262),(1408669704,2457848263),(2386838698,2457848264),(1957341969,2457848265),(979172971,2943442524),(979172973,2943442525),(2386838695,3372939254),(979172972,3372939255),(2386838699,3372939256),(540452640,3759700067),(1957341966,3759700068),(2592640602,3759700069),(540452642,3759700070),(540452644,3759700071),(2386838696,4189196792),(3022137331,4189196793),(2592640601,4189196794),(110955911,4189196795),(540452643,4189196796),(3579857240,4294967295);
/*!40000 ALTER TABLE `permissionassignments` ENABLE KEYS */;
UNLOCK TABLES;

--
-- Dumping data for table `permissiondurationobjects`
--

LOCK TABLES `permissiondurationobjects` WRITE;
/*!40000 ALTER TABLE `permissiondurationobjects` DISABLE KEYS */;
INSERT INTO `permissiondurationobjects` VALUES (5,'R6'),(6,''),(7,'4'),(8,'5NR81PRVP504DVPZ24PFP196MCLI67ZLPZ1411TG84EV4EPE4H5R0Q387AS6X0YUSDY8Q91A7FO89X0N4GC'),(9,'YFH29PK6QI0ENR1RS44NX5RP92WFD6J659QXBMM0TL6A'),(10,'WIM'),(429496736,'O52ZCZ14ZWM5JC6I072Y10OQ2TB3TVV1PCFLQ8VEC4W8EV4E2UE61CSMTZ1686U0J3T'),(429496737,''),(429496738,'KWNSKY9C'),(429496739,'R0331Y0T2K6V2OQE8SP'),(429496740,'P7G9YK8'),(429496741,''),(1081984408,'44P1R2K26A3OO35J33D03HW3X14M2F1LYLVP6'),(1081984409,'6H18Q7999K9KUIQV93PSMMI5L3X4A4802X5RU9QX768U8Q'),(1081984410,'595E2O1S87PN53W082930HKO'),(1081984411,'H24T1N63DE3562KT0WZ9F4RN7A'),(1081984412,'2L1RMRF1AVCCBBDN8800ZN7K8I106960WIM179AN39T772388AI7085112S678LJ8Q4BVXNIQ5H05O16XQ3412VD1'),(1081984413,'99S'),(1511481139,'3L4RCWQLR403EP480ET'),(1511481140,'WQC42472T5KKU7JPY'),(1511481141,'54QME4Z67Q05WF418T6'),(1511481142,'3Y'),(1511481143,'W5KPQEJ9EJRWJ6984M0L49L4VN2UXBF9XCKO'),(1828176197,'7Y8TMNCMZ0307WK3103ZA'),(1828176198,'MK39NXP36B47C54457Y7Q2341ZTW1B9UCF6038RG1'),(1828176199,'AU746QW4690545CFMLNN5GW4R5E79PSGT7TO49TUM40B711D3BR7V7'),(2257672927,'D6BZ414Q6D940Q7E36DB21E1ZJ26'),(2257672928,'584H7UL896FKM5103XULR5I1J61F9TNBX20TPRL1S5VI3BP4YMQ5C0UG76'),(2257672929,'09H26AHOW8BTP0ZQA8APKMDCKG00KYMH8A4GI2I5H4YENWN68GJXS7R9'),(2707294573,'UWCA90'),(2707294574,'86YAJBWOEU5HUKNR9I63B7F271783F153IW'),(2707294575,'84SJVM'),(3136791303,''),(3136791304,''),(3136791305,''),(3492713516,'0ZP75'),(3492713517,'K1E47048502ZL9585SR08J23916G4IZL5SKH7R18T02W27QP5L41U8O7D7F9QS75EHQ5R9446FX997QF49Z460BV6V26JSL0UCC92HDI16'),(3492713518,''),(3492713519,'UV97534CCLC9155H'),(3492713520,'WI6IZ16V3N2Z6W1UC3H'),(3492713521,'7DB44S1G92R3OCON1X27W9G81C0W17UQEQO7VGBJD41F0U45GUD3R045BIL11515G'),(3492713522,'O7758MD0L772I33T6KERH56T0'),(3922210242,'FH42USF54F560W98705RW3H4F6MU4101YFPJ26'),(3922210243,'ZXN6TX09JGDQOF02JQWP1K156Q1DE62M4YX4J8KT90HJ2'),(3922210244,'UWK62U1U2OA0GO69N5L9X4853'),(3922210245,''),(3922210246,'FZ2SSM7099L8H4XE0O630ZM2QEW64Z1'),(3922210247,'KUN6C939J3B2A4YH4X'),(3922210248,'5IJ8S'),(4294967295,'');
/*!40000 ALTER TABLE `permissiondurationobjects` ENABLE KEYS */;
UNLOCK TABLES;

--
-- Dumping data for table `permissionkeycategories`
--

LOCK TABLES `permissionkeycategories` WRITE;
/*!40000 ALTER TABLE `permissionkeycategories` DISABLE KEYS */;
INSERT INTO `permissionkeycategories` VALUES (190399644,'L29G25',856),(190399645,'144B48XOPZY0',2053825115),(190399646,'Q840M2VOL0DS21OP70IRUFT38D67',684180666),(190399647,'Y149YEP0J139ZGPD',NULL),(190399648,'87E7BK715E04Z5',954),(190399649,'042N98',36078007),(619896375,'9UI5A',2126743292),(619896376,'HP5J24O2Y5D',904149077),(619896377,'9O34KX831171I0JNP95SQ180F61AE2Y32OD',2009180214),(619896378,'74833BCWN7N2D46X074W52761799GY9PZS',55),(619896379,'301641OK9',NULL),(619896380,'V1846GO90NZ7AV1K5J1T',435461150),(939463548,'46F',128205074),(939463549,'4C220ZCYE3EX2HHRVI2P21TXDQIW7133G6G7',NULL),(939463550,'E281S9137C4X9GXB4K4DL6O6F6E',291723222),(939463551,'82J8F04PLJV4',291182921),(939463552,'13TB6D',1730308519),(1368960278,'12A88282JRWK5M46UF0EZ749L2LQC4U3C9B52J97DMC',1),(1368960279,'BT',7),(1368960280,'9651K7YM4Z1O1888X',729237966),(1368960281,'7B2Q6LEJ5X727E19GSO90UY7EZQDN5VTN82432I2TGR653GZH5MXJXFB8XSDGILY50A93855Q514FR7',1738547704),(1368960282,'1LJ1929L936WQ3HG7F77T70A4FA958XXZH5V468N2',844042633),(1368960283,'PL2C',1569830438),(1740873984,'M',NULL),(1740873985,'V',1336137680),(1740873986,'3BLQDZV',1996949490),(2170370715,'SY4K37A3W046EZR63COJEKL18R3K2N22599ORM68FBO2AT1K5HI623597ZTSH4016MMHI592Z',370580039),(2170370716,'RMIYRJ8L7TIV43THOFXM83AG4KR3PRUFV094K12037DJ44N6',3),(2170370717,'Z1P2DT0GBFNYCQ97V517ZI4XCIDJZ8S3NLU01378CP4548P9C003965',36),(2786052867,'DBOXT7OR10F86932MWQ3F8Q3887UHI8Y0TEJELL1QB',1804278216),(2786052868,'U5KEZCK1VLMD8TBO4T1F0CEW1P9',1727314969),(2786052869,'VFPI6I1M9K97879JHA7',74),(2786052870,'DNSH592T7C2I51AI',NULL),(3215549597,'M9403P2VW9F502XF41Q008A8Z1TOUO8',3),(3215549598,'N',671),(3215549599,'47HVQQ',NULL),(3215549600,'1I23NMF774U1VW6094UN3ZKWK6CVX56O7CTL1PO1DBBMC3640E0A12G92960XRPQ5EO2554075',1374611742),(3689854616,'M3078',1467652977),(3689854617,'3710JMHQCBJ4838Y287NXS51EL',1036044619),(3689854618,'KOU72ZUILT2PMI4FMU56O3RF9IX60J54COAH161W2M44QJKZ',1777177960),(3689854619,'0',288967512),(3689854620,'A24X613ZNI538I15QV1OQ7NOS8Z0XPLSK86G38VW0ZIFS64IGG68O3CF',NULL),(3689854621,'50Y7P5X24',1751151358),(4119351341,'RTVZ308C0Y4ITT',294626741),(4119351342,'44I6KH3X3Q0T2E14709YNUC648M9E0T4HMP0GT2WXFGVK5F0IGU0JRMY05BIUZ2PLZV5234ASI7KN65CT357BMDLG185RHWZ6K13FRF1KRU9I4KK78A2JDUM4P1IA5F0OX4H8464O7D20X7209B84ORJI0WN5J4K4ZRHK3VGUP21',630),(4119351343,'X37BJ8D02FOT9GD0U1548EVEI527KQ6CJ46E',2115789200),(4119351344,'341',2199),(4119351345,'04TGD2CHX4PV09VR1IC8Z3B82V5W483N77',NULL),(4119351346,'311C9A1IPU073H0W3FZ4WW68F66BJY3HB8J1TMPH6T869JZ624IF',682954613),(4294967295,'L2QKO3452XQ3CRRTQ8823XH7I93PR0Q9BZ9VETZV1T8C1704HK992R57O96FQ8G',1921594329);
/*!40000 ALTER TABLE `permissionkeycategories` ENABLE KEYS */;
UNLOCK TABLES;

--
-- Dumping data for table `permissionkeys`
--

LOCK TABLES `permissionkeys` WRITE;
/*!40000 ALTER TABLE `permissionkeys` DISABLE KEYS */;
INSERT INTO `permissionkeys` VALUES (100196708,'LMZUFU75H','M774XI4U78RHDKNRL',0,1,'N542S8BB4',8583,550),(100196709,'U2Z124E5C24LOLK','JX6SN32DUF8W04',1,0,'G55EGHUR9LIVG310GB1YJ94008DX16',1770882082,2),(100196710,'G3BKQI6V4293413','RX5H50LBR5FDIGP816W',0,1,'87180620D2Y2J2UIAG4J23281HQ0Y1Z9PZFOF6LT811W86GA22ZQ2NM72R84NE58H53818B6ZM2126618GMRHA8763',56,1987764472),(529693438,'4WHF2K29P98D475WTB65QEF0YQYX63632R7HDNS5BUB7LLW8Q3YU2I2','G61',0,1,'S2',834435718,6519),(529693439,'35','754G7S5GRW9R4T',0,0,'',9,16),(529693440,'GF8','',0,0,'5793600M86V19AJ93D',NULL,2091176935),(529693441,'V10757EW9778U3AQQNF8KEDE2Q815G71T4557586CH9G639D','6S921P7U06043X945504AX2359',0,1,'7UF0G62S935',5,803),(912990466,'00IS0U91A8GCGDVKGZ','',0,1,'TL7WJ71P6VXO1B8MNWLA1QI19635Y1HX3B4UNNA796X9FPQ7N6VBLM868SG6GGN1219V0S0710JS756763AH484743HCEJ8',NULL,740670584),(912990467,'NX0Y708X169W6KNC0716S2BKO','24WYG5V3F9P4KP9640IJQ36M1JDV0W344EJ40',1,1,'9TB5T17K862I',310,498510722),(912990468,'1I1','XB43V88014I3783K3YPS2JOB76XI2559S4YCV204X79U6PI2',1,0,NULL,2000361845,NULL),(912990469,'BIZ3MM4QKX7L1L0617Q341SF0E6V63D3NV077CF85H832994GG195J6960X32WS1H9D860ZD799WFWM9P14B79NT1I294K05XMK4L7JP3J402Q70C','',1,1,'753I99O4VE0RG8MKQ0384XJW6P5I5YASZL8I1TZA2B4P4503U95CEVU8D5EQ7EXX09Y49RI',NULL,6),(912990470,'R3J3NFTAN','J1PL4555',0,1,'KZ11K0',204130251,62535260),(1342487197,'R5OCD1PT1R6RJ0C2M424RI1K24D07G4FYR4QF','O056E53J88SMI70QWCWKOY34N4YHYKO7WN0G670',0,0,NULL,1850446382,NULL),(1342487198,'3T279ORL31V4023NHV601D6YMVQA5GG57QGC7B710QCJIF7FNP42VU99Q1S71WNQU107LR5Z45W42BH8BS0NY6DU62E25YT4J51ZPG8HZ770Q74BWCZW8B8UR','629127ZXLN44789HUYPJW2L06NL23',0,0,NULL,1746691158,NULL),(1342487199,'65S89475NA4H','9IPC3HNWP30Z8RYI31W989VE6U9V78VX7JEA45A',1,1,'0AW13VMN4HBJPYZ740C14MH29B0529',409554665,337522516),(1342487200,'2P99E3QJ4M30J0PC460IW09DS6HPBQOQ921071C5EY37CK3P1NCM1QM0JQ6XKBVY7177WAO142UD3Z686MG3OH3EKF9Z0D29T54F1JQ','P8YDBDT5399V8KS1D',1,1,'7LZ199758LNZ0547SRD927UI',152396907,383371256),(1342487201,'TBBZ2O0H4Z1M7EUDZZW7EYE34XX2HE33C','I4E6UEOOCG6T97Z2I2WUXINI48133M3C45BJ083J770S5',1,0,'QA0',1778942732,964),(1882893169,'9M6','9E67J0W85Q48W8531Y6665',0,1,'8IVTO2U527D24K4Q5LY3TVS34QAII1O89DQTMAZQ403RM9V6037C1',86259580,92),(1882893170,'91QUVO6UT840LP3R6J0TW279MK3J58TD4921KWR08XDEELPL8K8XJJXS479EJ3C2OK61T2Q1GTE31588SZ66Q46774349E5639EQ1R','',0,1,'NX1925H61D029FA853Y4P93U3J82L7976UD621GD191BO208BB1A35448G7I9CSX7V70F161A8115X3NDD89K33Q6I6SJ161171BC2U1D02Y0',NULL,1241941477),(1882893171,'Z96RSBZB','257YSP854B4456QKB5NQ10U4P93',1,1,'V3S7F8D611S2T2BKU9EQ6O1728RZSU',1458959576,4),(1882893172,'5EO10HH4FEPSE92054AY51NZ94WQZ3O04X669NW9','627P',1,1,'',7265,287173549),(1882893173,'4U6BC8P8ZKBSUF7RI8NJR0L7K','2M987P94C0LV196L2J21F8U0P07S3RO1GUVG301JI8PDAX2VO',0,1,'V4X24L',321,238794551),(1882893174,'L13OJ','8OUWVVP318H91B5CI016333DUDYP85AD',1,1,'B0307Y88793TIX3UTDQ6LP',343828750,943308566),(2312389900,'IMY544P412SX0EEQY0V','',1,1,'F2P37W7KXP46MLKNCZLW6SL8A62ASGSKF00L6',NULL,114118602),(2312389901,'S53QB0YI0184785A5109J63SDW7Y','IMVF7D71SRQ',1,0,'9I7XL44MSOFAZM2E08390BF12995QXK7K7JAU8M04IB0942HM3DXN7G2BOVK',1427635936,1610187941),(2312389902,'51288014O7775NAJ1D47A26WF5Q78LFUA1574Z389FA4A14YZID14R282AAGQWDB503Y87','',1,0,'',NULL,7817),(2312389903,'UXL78G8LNGKY919TYV158947T93X16Q5124OIS02H8D97RGOV12BH7','DD3P',0,0,'OKY1Q857JU10T79OG9NGC5CMFE0L35GE2X49O2G',2271,91026794),(2312389904,'8F58P12XCT2L58CKDHP6IL20KMGL8241AMZ8Y2Q70R7FUR4O6CE43DDC8HW92JLNW','Z6145EI125V2OQ',0,1,'405187EYG3Q6P',2043182031,1027772818),(2312389905,'J','FH523',0,1,'DF2N9YTA5TEO15G441PX4T6IM4409HGLXRU',795,5092),(2628663204,'IVOY8','ZL4N2S0EPPOOCR5O3',0,1,NULL,1543214919,NULL),(2628663205,'69W174387W4T1YE46C6H7H2220P','MWF8TYYX4F3NV6TPE60W2CWN2PLF75S0E495Q2CI8KWL43B56X8O5J7Q399N017T87833QR03P7XUL98DM9TLMCPZ',1,1,NULL,771,1974880988),(2628663206,'QJU5W68TIE43A73','MU3YA661FL',1,0,'905IQYIDA13DG52793D8U8K83676Z530MZ4KF483CGHT1U01N5ZV9MP',380406766,3805),(2628663207,'UX73Q5QI9X6','RY835PLG5F1JV7JW6NAP1HHW631I4P0J8JYKQ6S1IL7P293LS905T23RV017FK5ECG93578T4NZV6UZUJEJ0N7ZBM5D7SGKJDP1P',0,0,'',1379490672,8962),(2628663208,'8918','80MC48O3556F28D9FV27RM2E4V863WXOE0YQ86N75K372KJX5IGMFPRWCOL9664FLQ0DU63YD042',0,0,'2BH6DBW155MMA8M8P41Y580748560G3L3X35G0030',387460837,57),(2628663209,'8LA695C81KW2XXZK9Z770863LWG2RG6TUJ1M2I45P556068C9XY726511X22051KU31EW6T2N4ZQOW15BXNKBG6JPD8K1W5KTEGD08','64S91MTBM1HJY4FH',0,0,'603PRAKU8T26DI3WL21NU616PF31B56770U2TEKI1D14P399AMCGXXB4RPSAT',1172739456,1701734150),(3058159935,'V92Z826J9ZJ5ZV1N','MX7EINI5XOS26995E9X8',0,0,'',7,1179466062),(3058159936,'NM93P22I118AY0Z5N2HROV81J1753DX23628','49YK6V35FB603RELGEU6E9AFF024ZK750865RU3G0NF525L4I00F5308M8AJ89SNTBF8800MD',1,1,NULL,8,NULL),(3058159937,'BSWE1UUA2HU111D64PP7P4IP75RVBU6V9C3GY22','80I9KX279P1643151283GZ47US8K20Y7789Q',1,1,'',9552,5624),(3058159938,'6830EY6615XXIH79M1TX350ZRLZ7C0I03K2I7514O2Z528ZW9A1R2','U7W2A702',0,0,'6WM8OW587000V3N6E7AB1E6GSU58M41JN70XX7BG79185827LF3P3AC138V41Q5O3KZKCZ0V1Q5I1935FQW3P0UAQO48C2RDKZ',1739324436,899006462),(3058159939,'3630Z6UP0KFZ04','0VJIIQTVPYR716YW',0,0,'GJV6Q31E',698790865,4794),(3620009145,'CV3N61','3EU3BSSC1QQ2638249B5HF3PN',1,0,'J69',1496210931,435654815),(3620009146,'CI4119Q5OWP43MQQH64S7O55U0','9Q45D588Y4X3237RS32A8G2G387IY',0,1,'AZB0M924NVU930868Z762F9IK8BY7P7EY4MTQ0UAU64WA',1784372686,260291911),(3620009147,'0361KSDEPAS66UI92TZ5494450G2VCP1','54',1,0,'7987G0V8SMWOWVHO75K5I961',745432218,513719104),(3620009148,'FI7A98WCO','7Z',1,1,'9213D3R1O0E95MV28UL932AK19Y25URLAW140835G5Z924YN1938HOR17T',1400249223,129266433),(3620009149,'66U1Y0P524ZO55EJ9971S3KS6332GSJM404U547PO2G7KRRJ86','W8K34PDV6ZC7MB3C7T436N76HR3O573UCU85E9ZR010F8L93PQZT0TN934X1TWEHHO9Q33884',0,0,'8XUNXN3XDCRI60S323FU21A2U049HV8M1L6IP1YT2R0UT6Q2IPC84O35EE',250603428,104406699),(4049505871,'6C','68HCC82G91ZZ1M61Y33653ND9F4P6JPA',1,0,'50T99H0829',1,7863),(4049505872,'W9TK9Y7ANOO6799557387C182582NXTFA86T9JCVI4A21D58W0XDK413S2738L681IRT7ZM50Y893N15E1025QA51','PWAD981A4I242JZJWJ5UWS85HU417N',0,1,'D080981J1X4A5PC5DU45BJB5K',758033045,584788556),(4049505873,'OKC35D8O3NM89Y71AUM9CD633U2A1AU3O38MSS93QTHR1B7PFDQC97','U2A113HV6C211CPP18UDUR1N0D489XVZNMLK28DVB24A77W9TWG72X8GVUFMV718CB17Y06EET0H',1,0,'04B28Z3413J6I59LZ05Z3',54,1603332529),(4049505874,'5','79249A17I6E8T8GQWP6ID1MKDA00HNW58FDX88SR2R1L8K5A31F8',0,0,'T037GM676940YG5X',1554990326,289827275),(4294967295,'O7636CFJIN7QF2K618M429EII624PU','NY6V1CMNC0EG1A55HN545XH5WFF7R9U8R69XU9F68Z',1,0,'A9',541765174,1620942283);
/*!40000 ALTER TABLE `permissionkeys` ENABLE KEYS */;
UNLOCK TABLES;

--
-- Dumping data for table `pilecontents`
--

LOCK TABLES `pilecontents` WRITE;
/*!40000 ALTER TABLE `pilecontents` DISABLE KEYS */;
INSERT INTO `pilecontents` VALUES (179640492,286844084,212358502,'6F6YQWK57UHIXIUYD963H',1802886910,'1970-12-31 23:00:09',5113),(179640493,1272814320,534563902,'5IYTJJ2O83CAI',88325415,'1997-11-20 16:31:46',1975051994),(179640494,1298346320,435654311,'8J7028E232O187T',1064684991,'2019-05-27 06:14:45',386785078),(179640495,1229346766,901,'WQ2V',230199981,'1998-08-18 00:03:29',803771347),(179640496,1135669986,1,'75Y8WL34931MB',410316954,'1970-12-31 23:00:05',613),(609137223,756,32564322,'906678314Q3E7LN3FCW7DMPQS78DODNPT',502,'1984-02-15 02:47:40',600819403),(609137224,201223867,250991188,'S699561E411J84SH61M7',225276836,'1970-12-31 23:01:08',2074129311),(609137225,67,19,'8Y17FGN31010J',786954020,'1970-12-31 23:06:56',1726929027),(609137226,535824256,711187534,'7E28M',787499608,'1970-12-31 23:50:23',1405971984),(609137227,1880292010,147,'21O2',1770073266,'2006-10-27 12:04:55',318703522),(873280995,383937600,855705630,'76XEI3ZA4V3K7C2',70,'1982-06-03 07:11:38',2080923129),(873280996,48826384,82,'UXYX2438368J',1247025599,'1987-07-15 14:00:12',150862389),(873280997,1639534623,661996557,'G6384VWRI1',1998692867,'1997-01-26 05:30:43',468654824),(873280998,506011971,896931672,'11YG155R2F4HG872VO166WAG5NHSH9FTP8J68G6KO04S7ILS7U25WA047710',740216139,'1983-07-15 03:19:22',3),(873280999,1483032302,1414932756,'84I9SN16B6',2142,'2007-06-04 22:02:14',632131157),(873281000,55773695,1975586882,'7D428VQMF11S2LUHB5S',239309503,'2016-01-11 03:15:05',1279576281),(873281001,1732140570,525189794,'0D',1711266248,'1970-12-31 23:00:32',2018734178),(1302777726,328418356,1480863938,'',249159882,'2007-04-10 04:08:51',12153869),(1302777727,1916158807,1354854906,'F2R984AV5LIB3OJ4T4LGPT043UV0579V',691,'1976-06-25 07:45:49',694),(1302777728,1107411078,604058070,'DWWBU3IUQ49G',1112977340,'1978-03-30 06:58:03',1585541229),(1302777729,7850,1454439959,'66U5475',233674080,'2008-09-07 04:59:57',1533877680),(1302777730,753482401,505,'97',1272438283,'1994-06-11 22:31:59',966375164),(1302777731,8,1682479575,'4F7EKSR73QIWTJ',1327953976,'1987-10-19 22:12:35',597634938),(2095921919,847450662,1817008905,'',42,'1976-01-15 16:23:19',298),(2095921920,0,9,'KHV4',2002134982,'1998-11-16 13:37:01',441174314),(2095921921,7,593,'KYKPARIXOUQNB00XCE0WK7O5O63S1MZ',885,'2011-06-10 14:41:15',912359919),(2095921922,2938,1165460972,'1QLF8AB8M0',759227209,'1971-01-01 00:52:20',1109685079),(2095921923,1463966018,1316637854,'PPHNOR42',1097753995,'1984-03-15 03:57:14',1134),(2525418650,55519244,578,'9D1V24026N2Z3KMW7O323J009U2ICC6A0CNEO008004014T66Y1B6L79JZ48XEL3',474916728,'1970-12-31 23:00:09',442651674),(2525418651,59026558,3893,'N060943Q',1574164151,'1996-04-25 10:55:19',1610637814),(2525418652,0,1402329822,'9042V5XWMZ8K08SYFPZQ6J55E3W363414H8025CB315704NPG9OB2D055M92FD59',128616141,'1984-12-19 00:31:09',185773072),(2525418653,1574692579,1751565579,'9P4S6FS9414TK050I7A7YMX2G3M0',1976476196,'1973-04-10 17:20:19',672010669),(2822075917,91323514,21,'966MK5DWY9W3S4SQGQ10',7,'2011-10-12 22:59:15',5),(2822075918,9,625285573,'',7,'1974-05-17 01:59:41',1254692444),(2822075919,1843279526,46540193,'ODNN',1288705338,'1977-08-23 22:19:25',0),(3251572647,658664581,1834915683,'M61M4552QOJU5',7,'1983-12-20 23:38:05',2037176873),(3251572648,1017825073,1137757903,'WNJZIOV91JX0L9280HC473966H9R6JV3A9',984361199,'1988-12-16 09:44:48',796394384),(3251572649,254,982181382,'E39',1830876669,'1972-01-11 14:11:14',1603390275),(3730006501,83474502,1760046006,'2',321670918,'1970-12-31 23:01:31',1903787679),(3730006502,740171061,1648668552,'CQG068SLNZZ2N9CZ6D73',787134017,'1970-12-31 23:28:55',1843453083),(3730006503,567341067,541699612,'C2XK27542ZP8186T7EUXO9Y1G036H50CO8401DPRY9PT33M1919O2',1733576717,'1983-05-08 13:23:42',773251056),(3730006504,1384523394,6200,'H3A81WQ2',776,'1986-11-01 17:53:09',954),(3730006505,1816169197,127545320,'874',409543639,'1976-02-19 11:05:10',987),(3730006506,2046408857,75007895,'7LF389IG70V3QDW343Z6PS6',1188976588,'2003-08-17 06:29:54',6),(4159503227,7,774298022,'RZ429C43Q7I7316',3,'1970-12-31 23:00:31',1835683422),(4159503228,691344677,279677923,'24T9V69ERVL69KY5D473G21X',1299520064,'1991-12-21 03:29:13',1603828062),(4159503229,1857132249,1531588337,'2D24IB38F90',965492975,'1970-12-31 23:00:03',1537377922),(4159503230,2121808811,11,'217NJKMY46FM92Z8A4OA9Q6TIPO3SEY121HRVGG32P72193E0ISQN632L58OZNOD',0,'1989-07-12 17:46:59',434712866),(4159503231,1343496973,2141060708,'2VD1241KN8M3U3473XC5811749M7H2J8680U8F5R5J6MR00849742PLEE82XL109',368,'2009-09-13 04:43:35',592272781),(4294967295,224439451,1537330982,'EJD1655E6MYC7650MD71D7OJ2',446720446,'2011-09-19 07:53:26',855836452);
/*!40000 ALTER TABLE `pilecontents` ENABLE KEYS */;
UNLOCK TABLES;

--
-- Dumping data for table `piles`
--

LOCK TABLES `piles` WRITE;
/*!40000 ALTER TABLE `piles` DISABLE KEYS */;
INSERT INTO `piles` VALUES (168881742,0,0,'2015-06-14 09:09:36','U9C4EB5EZL1W8D199ZVFLH0F4N3GE1','0EK172M74DO75U6D080QDF'),(168881743,NULL,0,'1987-11-25 09:36:34','0O8RI554',''),(168881744,92605584,0,'2002-12-17 10:04:58','3557760JTJ','W7'),(168881745,818169715,1,'2003-08-26 15:30:56','GY61','UDT6SVVZ3O78QMB06T6WNV93'),(168881746,684032140,0,'1983-09-21 10:05:14','17DY67Y1PS45B4L','8W'),(168881747,727152364,0,'2006-03-09 21:25:17',NULL,'49A4T6B0M879L1LK0410RBEM75C43C8RZA5A'),(598378472,619780029,1,'1979-09-25 17:12:16','8D162I','7'),(598378473,1439809272,1,'1996-01-18 06:18:43','6AU5ISLKF06J6LAVV884I86K0WC0IE177H300L','62S54KN7W80940G2KP5385EF0S3M693443U0V71KX6KR9AU3I'),(598378474,586904763,1,'1970-12-31 23:00:46','R4300JE4OP78951NB3C095W5Y9A260D6VU1MYMV3I1GNW','FKM0YQL04QE0X1D5EP2S88299500'),(598378475,1697633637,0,'1994-07-12 04:07:50','9I9UMGF5MC4SJO84','UV88'),(598378476,439,1,'1994-10-22 07:51:58','7NC016AZ979SQ97376M8JVN9284N','XP2F'),(598378477,767,1,'1970-12-31 23:00:47','57SU21467EH7CW8G5PB01T47PDD393SCL8OM1PQD71X4197XYX2R0662P7F7O553N2KX9P16224EXQ1','0T916WF44U0F4D4S7445B16HGT6T0UF3J52HZP'),(1236595624,1400274583,0,'2014-12-02 19:23:57','9JU52VAQH10R48FTR5I14YD3WRW83Z7WN','HK9'),(1236595625,NULL,0,'1990-04-25 18:24:16','42M8K5FA6556O7LL722S',''),(1236595626,279,0,'2017-03-19 03:36:31','8BX','NV1EG1TP2V04T36ZT4F9'),(1236595627,60,0,'2002-12-11 08:32:25','Z3WU942821FKA600727G4AK65SMT5','IC36KV'),(1236595628,148409892,1,'1970-12-31 23:00:03',NULL,'4O03F7QK2LG'),(1666092355,2023881081,0,'1996-06-21 16:46:08','1YX181','29Z581T645Z22M1SY56O389H1'),(1666092356,1416567843,1,'1993-05-10 13:33:27','N18','XQSELDZ4B3E633Q01UZRRXY1W'),(1666092357,566536161,1,'1998-12-20 12:19:18','1GFL73F8S4','12M'),(1666092358,659122021,1,'1999-06-28 12:03:36','','A97OGOO97GH7MC6NVFOMD2X3H3'),(1666092359,326,1,'1995-07-27 07:42:37','6DRK7L60O807FN2I795D223C67ACL19I','JLM9NJN8P15FS1E7T9L80202TRAE93'),(2021473124,990241296,0,'1987-09-20 00:24:51','20','UJ72HZU4C572VDGW4VP6L9Q1VL4T2C77RT2LU856BGIK4I72PLS2ZVX635R524'),(2021473125,NULL,0,'1970-12-31 23:01:31','KP5483LM74959321G90L97232OZ825H8JT284F066R141990RUU80PG07U',''),(2021473126,116719506,1,'1970-12-31 23:00:46',NULL,'MH7GNR'),(2450969854,9354,0,'1983-11-23 17:05:25','5XG89T4MU6W6735','EG0EKKG848Z0JA0DLD4E1'),(2450969855,NULL,0,'1970-12-31 23:01:29','FVF6XR616D965O7S',''),(2450969856,844632336,1,'2001-12-08 13:15:19','X0V17AX72923','03XV1'),(2450969857,1102994325,0,'1992-11-02 19:46:32','','7X0YVS42J7H58Y2NT248132CRMV658J945H71LY858D77951W2961012X5989MA0'),(2858098565,1006830870,0,'2008-01-30 21:21:16','7D01504E55YLGID6MC3YTOL4050473V0XJ810NDWIH0TT3','6ZMAPT301BU74AQ660L'),(2858098566,0,1,'1970-12-31 23:08:46','I0N3D0MO820','V9DC8'),(2858098567,1440091306,1,'2007-11-01 13:58:30','9R6H','I43PI1X82339SN9ROANLWH'),(2858098568,922,0,'1976-07-12 03:02:20','Q8UFG41N35X1H13HYCBJI','28'),(2858098569,1842247854,0,'1978-03-12 04:24:28','84X874DUEE','85NTWE984907AAV481JG7N'),(2858098570,2014620930,1,'1970-12-31 23:17:05','YOFJ64639BX20IHPXC1F237','G72S0W99LP6D2Y0JJH4B05DR54'),(2858098571,NULL,0,'2018-10-19 08:39:43','8RX534Q57RO87WF2I8YE0XIRMY28MCFDPCD0CP863K48EM2D6L08314IO8WM5PBMT073110ZH635S85R94GJ35AIFCHP3KXOT3L162KDD4XC1UY08I8',''),(3287595296,14956904,1,'2020-01-27 09:50:40','ZI4J36837H1592GDRUD3','A8D66Q3CUSYVS2235BTLW379J7FI9Y'),(3287595297,1347203688,0,'1987-12-25 02:24:53','3MJQVF8','0'),(3287595298,NULL,0,'2008-10-15 13:29:35','K',''),(3287595299,509116294,1,'1987-12-23 23:34:50','FA7Y5O99Z','VG'),(3287595300,3928,1,'1995-03-20 15:56:09','','UY36WJW'),(3287595301,2971,0,'1985-12-30 01:54:56','V2MIRKAL0314KU7L1K83T56','MZ8KYBO332CZR7148CT5V2C'),(3770158406,89,1,'1995-04-09 13:22:43','034','DDW4T41422D8'),(3770158407,351282212,0,'1980-11-08 11:50:27','2JM7XGK152KM0Y3X1TB12P8PCGU331FF2GH8IGLG294J4Q97D5I6','UXC0ILQ76WV35OW66AU55M6E0DR1QW0ODMGV7R318W62KYT4X900286988R63V0B'),(3770158408,742811033,1,'1970-12-31 23:00:52',NULL,'4AE49QB603L943K6CB30YA66TZ9SWFL2WD3EL8TZLN7694PTA384A5GG982QI5OU'),(3770158409,403,1,'1984-04-21 02:30:55','C5ZSNYZ82TFV6DUDYTSZ8R1CD42H401XUSR5T1Y2P2O1DSB9TKI9KJXSE9HU64J4N304BIFKYPO894GB74FXR579BNKY777J','TYNL7X0P3LV8'),(4199655132,1405074478,1,'1970-12-31 23:01:03','6F2M12ZSC862C8Q46H8RS29E3ZYU4E069YL14','O54X38880'),(4199655133,1297341763,1,'1980-05-23 03:47:39','SUO','4PG22APTK70LIIE34LH748J290WJDBND039WN4155L996U57M558'),(4199655134,9484,1,'1996-06-21 04:08:55','8813VH6IQE5J0JF90V8YLSDLDN7L6','865'),(4294967295,83608915,1,'1991-01-15 11:37:48','VCMH1L9TJ51GS7','7A8');
/*!40000 ALTER TABLE `piles` ENABLE KEYS */;
UNLOCK TABLES;

--
-- Dumping data for table `privatemessagenotifications`
--

LOCK TABLES `privatemessagenotifications` WRITE;
/*!40000 ALTER TABLE `privatemessagenotifications` DISABLE KEYS */;
INSERT INTO `privatemessagenotifications` VALUES (2,221044478),(1436762393,221044479),(1860654387,221044480),(3,221044481),(4,650541209),(2,650541210),(652832330,650541211),(612,995163654),(222349179,995163655),(519355386,995163656),(525139809,995163657),(453555765,995163658),(1566958819,995163659),(1552968938,995163660),(31,1424660384),(2341,1424660385),(1559726927,1424660386),(40,1424660387),(467973248,1424660388),(890210506,1424660389),(1934058559,1424660390),(1528321964,1424660391),(1597615812,2104012461),(285606704,2104012462),(4,2104012463),(1124830346,2104012464),(984125093,2533509192),(1436777747,2533509193),(1960628732,2533509194),(969224297,2533509195),(1747394204,2593735084),(3,2593735085),(1487233453,2593735086),(1295583226,2593735087),(168,3023231814),(1389927478,3023231815),(1797722119,3023231816),(80,3023231817),(322760910,3023231818),(1412953196,3644458535),(76350518,3644458536),(521,3644458537),(1845323879,3644458538),(50,3644458539),(2111605389,4073955261),(26,4073955262),(1236013021,4073955263),(3,4073955264),(4090,4073955265),(8754,4294967295);
/*!40000 ALTER TABLE `privatemessagenotifications` ENABLE KEYS */;
UNLOCK TABLES;

--
-- Dumping data for table `queuemessages`
--

LOCK TABLES `queuemessages` WRITE;
/*!40000 ALTER TABLE `queuemessages` DISABLE KEYS */;
INSERT INTO `queuemessages` VALUES (794,1642,'741YZ978UBPX537372541X58M','PY7B567U036091F8O4MZ45U5E9','0',-503,611144652),(795,2717706951,'8WP','3Y375M2W4U1XP81ZR1Y16143TJ4701NZG75SI5T01F8GYQ01KUHFYD','TZ',-73669036422000,887),(796,1639,'Y82908136','TBMGH110KGB8YPBO8STX5N','DD',NULL,430444303),(429497525,3147203682,'FQ4P36K7','1FQ6E','',-8,1868040040),(429497526,1640,'1UKP36M','A848IR2KB6F5UJ6QV4772219CH','8',40123723561136,7344376),(1220818585,1640,'2Q6237E68','JV3I4A2','HJ',NULL,1908164787),(1220818586,3147203682,'4I1N','Q6MX2HH13253NOH296UL59Z353DR6M03K83B97CP4Z10QPM9G6Y0OE7NWZFE04X26918SQZT6X1WE','3I0K18W6J',-535090400683,1534772806),(1220818587,4185131352,'636XJ','','35QI92L86EU',-61913587683470,282373984),(1220818588,3755634628,'8UZB21368L4L3FD1','5BK273F0XT8L166YW2P08F96','L8B1',-78464874308348,503),(1220818589,4185131351,'B1165R4BY1','2PWO38WPED7J510H46FH4XP','3J32350115DU',-9761173342536,741334264),(1650315316,2179204775,'48X2Y4R969NC','8G7DW0X7432MH092B8XNBV7A5NU49W7B19PQ4676YE885D8H6472Q31BE2A954J0A32A1F663S332OTDX8U9S86IUR334QY40271LR25073TK13TVL3T2U36S3C9A2TW6C0N33C08339QD0PJ37434Z83S75356LG6JN','75',-78179408760729,614265050),(1650315317,429498371,'835DX3QKZ7RC1A','','9M51CT',-24537647407917,23),(1650315318,2717706951,'24','WS75201BZ39FRP61HB7MXT4R','GE',-88372629640951,53),(1650315319,1393115583,'N812892PP21381D','4OW07FN9GCBZ5AWT441654ZW','92C416Z',65038898483438,909667036),(1951198350,429498373,'2','8765CS81QJ6LF','67',9,7),(1951198351,2717706949,'0B52I5M4KV','M065205LH5','36JFC3D86TVUSR00GCF',55530444907369,1103014949),(1951198352,3755634625,'3E499J','13','S0',1615497287871,1498789736),(1951198353,4185131351,'JON2','X','B9M',8522283478554,2002493306),(1951198354,429498374,'6Q','92PH6S3812M66IP6937957DL5O5522C0USNU24MU','F042B86',627003116279,2040771802),(1951198355,2717706946,'3ZDA0','5N77442E8D77GRJ0TUI4GAV','X',-29367011840354,4),(1951198356,4185131355,'O','Y9GH6UX3L709A25IWXS09853FGN99B9086H580RC7I4AR52M57L','7CR9SU2',809,1780562309),(2380695080,3147203682,'W4ZX0KO4OV2E5V8C50','4W91I','X8L405',-7,13982018),(2380695081,2717706952,'633YCEA8','','5NXS4V',-81,1031757268),(2380695082,4185131352,'Z22F','DDCFQ84RWJ5D60351','X2K0G8',-65718045686994,464301305),(2380695083,963618853,'4POHO','981811M5DRXK5A69G6BO9F4','LIC',7,509),(2380695084,1640,'Z57UP','37Y7370I346RERQ6D89DGN881NFQ755H35ZYL5090PV558MT2','RKPG6',73173340836366,2046659417),(2380695085,4185131352,'Z86DS79L49EZ870A','UGKIB9LR','Y9GSNH4Q7414Z3U8KTH1TH',96900793710478,1620599644),(2380695086,4185131351,'6','8XGZ','9YNI',NULL,426059773),(2918412487,3755634627,'FS6','0A','97X57L',-8,920117701),(2918412488,2179204774,'P4U','46D0T772','',-56923881763421,1519449998),(2918412489,3147203683,'3U837','0298BYJ4A0XA20S47FA1WEXKR1ZTYSK54464PWQS810O6S','OKI',-31832791747858,769462514),(2918412490,1643,'AJE0M6','J5L9P7A6UX38IZ7U5','DP89',24832862267551,858039422),(2918412491,3147203679,'3EL','5Q9GJ76M16XI','8166E3969F',-24897101754025,158297016),(3347909217,963618854,'3V','29MGX48535Y9L53DT6V22HE6LZ691A1SP0OUM5N5U85RY80GVRVY9E7QX7F4OY13VYAS43WGD6T9L28H6D15UPOME0EO','0H7YN5454748QR364C8',-568,598),(3347909218,1393115583,'6O3','4MXY7K6D1UJWXI7831BLW151VX20O5HI2W8B5LWC9XY1D8E449ER58NMD6NEW4F','X9XP3267',-93925160860109,610971508),(3347909219,2179204771,'1O6STJ48C','367IDN4P5PY28L3CM9UMD7GGX6K3NF5687T0VIUT29TGES8S1QBT7VPBH656B53S','LD27AJ1',45841342865027,1539902864),(3347909220,2717706948,'TYT','0U2DQWJLXV8AR16M2948LEQ5SOW48USCC27HM5E97N01AJ','',10827148780832,936394587),(3347909221,4294967295,'6G811D2X5240K0P04HY4','Q52KXAJ9JHVKM57FH29B8RLSJO6EK0C6W2XC','CPN9',7,96820641),(3822068253,1749708040,'3130RIC3G','','',45109690187652,1899865452),(3822068254,1749708040,'ABOGUJ0UC','K95Z575T4DK01','5O765L932K',3231866758755,1559299889),(3822068255,3147203678,'4F','5','9LX4',644,824),(3822068256,3147203683,'A','Y957Q387H4861S19QE4793D2RPB','',88538771385307,423006790),(3822068257,2717706947,'RD3','4FL5VR71P9U102O902A988UZY1F9F','8D33B',91209740925590,1281555912),(3822068258,2179204774,'4','8V4U2X12T1','EX8362V3',-7,114056221),(4251564979,963618854,'915','37Z8Q5J2ERHO3T93LIML1VCK3M4','QVU4B4WV',32498396468076,1289191850),(4251564980,429498374,'9V0','SUH79PY39O00LLT11MATZ0F4Q5BSBD490XA2R4VB56I16HW6R8SF64TT','',60628391398991,3),(4251564981,2717706948,'7C','U875','7MGF64G06Y9T3FIA7M',78,2046830719),(4251564982,3755634630,'35R7BJX0H6P1','05AF','WC',362169817253,1180731682),(4251564983,3147203681,'3LO9O7BSE782S','RTYG53HPZ24COKFH','Q',21,1564446399),(4294967295,2717706948,'C1QI5A0','F','2672',-40471425313440,176);
/*!40000 ALTER TABLE `queuemessages` ENABLE KEYS */;
UNLOCK TABLES;

--
-- Dumping data for table `queuepageduplicationrelations`
--

LOCK TABLES `queuepageduplicationrelations` WRITE;
/*!40000 ALTER TABLE `queuepageduplicationrelations` DISABLE KEYS */;
INSERT INTO `queuepageduplicationrelations` VALUES ('06YG6478',2815426759,67919653),('8047E5X83ZCRFDFM1386ILB244R20V1O80',3244923491,67919654),('H2173801Z40',2018033901,67919655),('1J61G828B67U67V4D7S9THGP3R',1157176789,67919656),('A5S',327769264,67919657),('764R7SHZA56YGUM0SW3MW1K61P3CXZ1Z690TF8QV327FYW7PJFH3XD6',2447530629,497416384),('TM9OQ6WK14L3',2815426762,497416385),('3L6G2104Q673R',3244923493,497416386),('4V53BKA2B2M7A81Q32V9L7362KPCSR52EJ8160TH40762PXVPAO92HJ63Z59537DS46L88123ESQ',2815426763,497416387),('C532YD2MWV1',327769261,1143940441),('A1105XQYLWR8QD8037BDPB4',2447530630,1143940442),('1M04UJSXUZIO21ZLY77H4805IJ8FG14C',3244923490,1143940443),('WWG4VJ7Q37JRU6HPM121Z3B312P0',2018033900,1143940444),('4QK83C7T97U836MMNH2YLPD1E3V7MRXFC0262VB7Y2B8',3990152320,1143940445),('6885BL1DVOWQBM47UJHVR59028VLT70F7NP6J914314220087T8958',757265993,1143940446),('PEDPB4N572ZWD05FX10GSY5N1O1J66YQIQ13I76388',1157176791,1143940447),('KS93372SXX6SR97766781',2018033899,1573437172),('46B8HPIU0SYKT',1157176787,1573437173),('2QFZNHEX',3560655593,1573437174),('78V854X0K6882447T95843W5335L7CPP9',2815426761,1573437175),('3PUDM55',757265992,1573437176),('41QQ503',1586673521,1573437177),('',1586673517,2089043513),('451PM1WGRG02FJ873W78O506UT1D15317JE9QA2140RH',3244923492,2089043514),('YRZ3UF7R1K3R12BME1F3',327769262,2089043515),('R5OSSE',3990152321,2089043516),('70245E6TVH1WJ9651FK75QD4MF36B0032DW8X8EXEEDPU14S71X9V1850P5A',3560655596,2089043517),('X5S09RW6QG42RN18OM',2815426760,2518540244),('BG',2447530632,2518540245),('7VCX8AC170',3560655595,2518540246),('87V65L497K31AI4B686EL7DB09X3YB9793S048CGB6PS75TO0M7',327769265,2518540247),('',2447530634,2518540248),('DW1049C216E14C6',3990152319,2736731958),('K2UF11N2X419LIA3IQ23SKE1B7',3560655594,2736731959),('MBY780YVE9V0D5NNO5P7DAI4M',2018033902,2736731960),('D33RI2MSJ21',757265994,2736731961),('22G0VLA91560R1N51GT7XD52IN4TK58I',757265995,2736731962),('2G4Q38N8GCO',2447530631,3166228689),('VKB519S0LB24TN2UP497GC16KYX30888Y7QFU8T3MWI4BV3LTF4P2AKA16795A113',1157176788,3166228690),('',1586673519,3166228691),('J38UG',1157176790,3166228692),('19L62P53T6',1586673518,3740497620),('00N8EKH0037FT3W2S15URT274FZA6YX27913C53245GI6',1586673520,3740497621),('14FI0020X1Z1VO27YV80EB4SOVV3C72O6U40062704B2V3F033YK5909502F82RI7ZX5I9JIM8WTENX57VX2',2447530633,3740497622),('3K2B',757265996,3740497623),('88459S8D8T04I2V0QXG',327769263,4169994346),('',3244923494,4169994347),('W5OYJ81V5T75LF7E0XXTGW9V3KEZ29F3P3003HU1TXH4O258OK5BTA42791KD06AMCU1LQ3H65TL34A140TY5KQZY71',2018033903,4169994348),('08FG5UA0MP20S0J46IJ30AW84V76WPWVNIV4B165R76BS7WVAZ24U182889G9CJ78W76395RGCMP3788I9E65241UR3XTIR69QT5CJXHF3MUBKJ556927J3O20JTF7GN16D86VD8BMVQM5427XU8EDWAE8JWRE2B32Z8ODFO04U98JY77283Q635MUCW24OIVXY4T4J9N4F7TY103FALI8M8VJ6U75F3I79E6',3990152322,4169994349),('00P2T9K4S0JS0S2BQ8IN5N4I',4294967295,4294967295);
/*!40000 ALTER TABLE `queuepageduplicationrelations` ENABLE KEYS */;
UNLOCK TABLES;

--
-- Dumping data for table `queues`
--

LOCK TABLES `queues` WRITE;
/*!40000 ALTER TABLE `queues` DISABLE KEYS */;
INSERT INTO `queues` VALUES (1639,'V6974PG25EMOSX7C732C3J6HJKYOIN9TTXL1',1017265225),(1640,'9X79IXN2E5C',1),(1641,'IZF9Z9TO3E88U2T580S5122GIPUG4TA75YU3',232944618),(1642,'4U06080J1XV5L79PV',877),(1643,'8U88319487R4X',79223438),(429498370,'',1148),(429498371,'D8B0X159E7ZS5EE',84657541),(429498372,'',1226156216),(429498373,'8OEB187414I',4),(429498374,'9',836216379),(963618853,'2',964),(963618854,'1F9JDPOL675',389469),(1393115583,'7VJ4L257Y4304D1V02672K686Z87GRY1H7B098E4AI1708RMS7E4664I',566805939),(1393115584,'3G37A760LK',1039266874),(1749708040,'7BR13X51NR32YC8Z6MC6GVD07VXN999MX98916Y4WY09',1471896566),(1749708041,'7I97',58),(1749708042,'8WUR00HV',376919789),(1749708043,'11SQ1RHVYW9L145JUL854',1916768338),(1749708044,'V3FF4V8479E02846',1390490706),(2179204771,'DXR78687Y8RH8WHBY38483MJ7J5M832TAVF33WP955Z72RH8N56GZ1R04RW941364J9K3U6H',1075625927),(2179204772,'CS1CUS85TT2TKQM129S9GR3P97U92Y84',547625473),(2179204773,'8S2LMDTY2429DU2577GUI',1829880287),(2179204774,'051FSPS07',2115210787),(2179204775,'O8JQBC20502YL372F613H9Q0ZGH6I9803774SDB5MJ983',120367704),(2717706946,'R6KZT4EG7AHGSLGD2SFL1737V1R60Z70RPD12B85A9T923MCK1PW9ROYH84F137S',404067584),(2717706947,'U3C98T64G175HIL06AFE60K4QS8241Q63II3S24A7H4G6U054YSC6O944L2170KWYE50MGCEN4O5O07SBU59GF6HW7OFG6F6AZ9R',1479933389),(2717706948,'GTCIY5M1JN011TBQ585OHVGJ22S5MBAQ89T579V939TG',746845843),(2717706949,'3',58),(2717706950,'ZK8Z1',829135711),(2717706951,'Y7VLU669TUFI425EZAM64G236184X9LT7ZB72703V8CD2YX',3),(2717706952,'6',1893940881),(3147203677,'C19ZA',1935),(3147203678,'42MTB7S957YVPS8MU',549),(3147203679,'Z',1315307731),(3147203680,'4LGZB2OL6',1840307126),(3147203681,'S97X4TZFMKN6',1144040806),(3147203682,'J553F2S38DFIC6J80845QFKOB28II2RU6CY8434356V2TV067R2KVII1DS8A70S78O7G8JN20199S6VQ23ZE',595),(3147203683,'Z2M68',293245708),(3755634625,'T0I8G96I6W3AD9',932161770),(3755634626,'U815IEP8R6Q',375274225),(3755634627,'90',8),(3755634628,'E3W0L63H6XDY2C0X4XQT4PKD',1936984175),(3755634629,'6GV4AKU299A2K',788872323),(3755634630,'16657PJ7V63SL6226AI2C96J5MA8R5UF94447UV1BW8M977B2F442ZA0UO8DCPJ56060SW60LWTQ428BLFG82R4',22951904),(4185131351,'0F60478I23B35ZTME5318YP9M1295051E5I8O5K5909Y82Y6ZG5D6S500K6V13LH06AD7',480943099),(4185131352,'7401R0X1L3W9T291UABJ3TNVH86YLYO7WEHRSA545V',1151192457),(4185131353,'WN3',725),(4185131354,'',1159775397),(4185131355,'',2171),(4294967295,'N6T1H46791T6426NBC0DLG0N17',1248456935);
/*!40000 ALTER TABLE `queues` ENABLE KEYS */;
UNLOCK TABLES;

--
-- Dumping data for table `savedexpresssearchqueries`
--

LOCK TABLES `savedexpresssearchqueries` WRITE;
/*!40000 ALTER TABLE `savedexpresssearchqueries` DISABLE KEYS */;
INSERT INTO `savedexpresssearchqueries` VALUES (874537,'B16Z2NNO705THBN8GN72R602NZ1CHQJDV440QV6ZKX0N91OGUIL4L976Z5P2WSQ','O','5F254T9H',-2178),(874538,'','YE7DX15X5O4JOB8277RRS61N46AU211M','M110J7HH769C17C9Y2TS03EP',-15085),(874539,'25FXR4I06651K8QP','R','0MH331TFQHR16V098MH64JM',21807),(874540,'39KY29599RGUT2W8827WF4U94ED97MJ5RL4IU9345Y','PR5AA','Z4VN25F42RAKEBU0B53ZOYTX',-1464),(874541,'C3AYJS1VP65','I8ZA','ZU',250),(874542,'K0GY59XK66V1HV3Z7V0C9IGK2229X2L8D685O8','GE2B18H266IU3856A','YFSPQDUZ6EOVI37YMH5BIC882D49',1),(874543,'84RS247L99QCT2U9660M82388OPEUE64FW07NYO8VJ8','27H178H81A95H77JJQU4IPUX4IO11Z784D3D661Q7C75U9','FKY0T6OP3Q97ZAL70',-15990),(1874538,'3HV707Q3329B1','','2G2576L1MP5R83QNGLZ',32198),(1874539,'H','83YK4479YZ7','1D4QMEABAXLG1X8V83',-16534),(1874540,'ZK242S','','A5MMWYW021KQ6F2G4W1HF0V2QU50PI',-15590),(1874541,'OK3B1340','25','LK0X0G7823179',-7781),(1874542,'J601B6','S306T983U263439HF197964T5','QBC39DXYJR32Z6Q8KW8487L49QH',-5179),(1874543,'49GC','SE4BLN5SRILY7D0BK5P8252WDB57W','U9L6200PW4V7W0I295',-14411),(1874544,'6357TEEM1VSE9JY','60QQC88013321FP1U5ZD0FA06J57VX2298H3ALXX7J','3BF2JX06C7XHT078DC9C4SOF0EL5QY240Y65Z22L2U2OV916ZQ31KE216X',-22322),(2704105,'22433T6911X1LL2UFJ35S5Y43TFA3WBY247A5YRI00W2LIYV','4JFX343OWY767BFDS0A41144WV432DHA0JMN57L8R1BI73Y','GS8H2RZV7SU660I25IN38FZR899Z9PFH5DBP2RP66TQ79192H6NR62O285ZSLKHC0X9EW',16688),(2704106,'7123U5G2U2X09R2357RQ49I4A7XHT9FYUHFA5PCUSG9ZE5843','FLNN44ZLI9QG08W6CI266N4NBWUI5728860RV7VV2CSX9N11','NO0Q6R34226K8E69WURR6GD7Q9Z16YPUJ7T8230H0550L6H5FTN7675V1588YC2',17650),(2704107,'R82H2I','80UU9Q0V117UR53TR1J57PXCG9671LF6VLX46CMU86BBE60NXL2WQH68JP','S2C3R33700SQ7UZN6H23',-24576),(3704106,'','PE8A7O78H656','17AJK0IVHU3WQH3XYM6CRWUU00SERCORK6N8J38TJSMCH5RUUE7GVJ77240P4AJ9SWH356DEH95T1T3U',-8448),(3704107,'010T4','','3S97X',14740),(4596669,'1T3Y1DGD39G5NGJY2QO237ROW36C','673E','428F04I245QNNL01D53M3E0MDR7P92CG',-6),(4596670,'R1L6DYJW36S8D10','WH89A194L46H7IJK6AA5NJD460J98I2','FZ0VH15LKAY5X0850Q184750969YGNXPVQFEZ78HY',12485),(4596671,'231D','72DHWMY736YX70FFZ','VLZ3Q23116U3ANQC',24681),(4596672,'B81995QL3MPMBF18PCUC3BHX5','2E9L75A48M4012L37UT','D69P72ZRSN2AOJ692PML9AW1N633CA254WFU8KFFQV5275G7862880KED9Y1V18WT5UL3ZF0442K14Z8475LA0',-16598),(5596669,'17A9SKLQCI01E8J','L8Q28','PHDVK2O350HDIH34H27J3244X6149RMNN27G7438WFY0MSC',21205),(5596670,'6XD7','J80B7','OVN1QPI',-30509),(5596671,'H','H54SL12B1JLR7MV','6KEQ9',9),(5596672,'B708GCN95C14QV88Z5X00954P1G256C3Y03RAPUGVTMPW62S8KU44TA9F43AZ45MA16095L2MFJBISYU67M73C29JRJ8ZNWGAY8720P7TI','Z9FWOG57144D44D5KWZ3794O3XAH9I73H1Z','',-25741),(5596673,'V1P23V046KR6518S07N9YA59N2J6537','4T96O4512YBT0258772SX77VU89U36','UQV6A90WO54K00GM85F15S31',-4),(6004888,'6LC3I4MWN2Y60NIIV2SII2205XUA0Y0S44','YA85481J2L85SLQ39E1Q6B5882K096313474NK5E4','1H0S69T08WD53Y0RWDFS2W249GLEG1WYH74B1G2W5KJWTJ',-95),(6004889,'1BL1F87QW4','2QY52918R65D189XE013XES612N073C1','H1C2I6RHB7',8483),(6004890,'4Y2W92Q8Q9RS3UB9ZMLU51T817WKT82J2MSLJ4','','I',-43),(6004891,'2R9F3TB79','82','6I48WN',2933),(7004888,'5L5A26F489D0BR','UH5WLE2KNBIN5F2FF5RT','26X3KJ4173AZ1LV9I2900393QNEQN',3),(7004889,'SCR8VY4XSD888RZ3954IPCOZ75G04687273DIU','3194V0C5F6MO05G44WUI2923M454186LH09852T9G8GK1271795EG1657Z78063P3U9U59','NOF',-18815),(7004890,'WN46WW96CB6614F00X2V9','627QC1HB40O5N8J5KN5X23','3291HVCM68R',-50),(7004891,'OQ960UTW1YLRXB9GJC4554969N56U8X007P3C864KR6UO7B','B77978EK9C27611S2P5575O0CU6C79K546ED0S689AIPQ0A43A53N8B5RFE3I48Y51T2FJUZ7T9JB2ICZJUV','4270VQ939JMO23JTA689',22407),(7004892,'2K9H46809FXOB5Q','0A7TLGK90D324A00L80341JIN551E4JD05Y855LYI66N0XFH43KX7UP','A5T8OKAVMPWKKGQ455',-32529),(8274562,'09YSL69751PMO6N83AQIX9K6J75ZJD9T53617A77W5BDH8765P9WZ3KY9P5F','47Q4263Z76P10I8X50','727',-29034),(8274563,'X3R2025LTN2344799FBPIJFL','S0AU','TS1QNSAXI7ML7JHUT3D0Y1T92M1ZTP3CR',16773),(8274564,'XE2Z40TN63049D803190F2U039Y2Z171B9YJAZI9322Y82PHR','N288641BB4P7IS6M8EL','N5C14AO0GQNG18J4WR53KFG9IF987A23VB64SB',-12),(8274565,'0MEPFZBYLATMQ8PKE8587T9842416U6G','4BO15','U9IUK53MZH6T202M9I1RR2JB7993',9594),(8274566,'','3I068270J91','EM9H',5686),(8274567,'O805P24DMA71PQNFXSY3KW6LXMNG71UU00D7P9L49X555772J9C8DMY9504AGONDLP','23F','',-9590),(8274568,'4A1KLVOBE200Q','UHN3453578JU49R0F60HDM40JSNF6I2706T087TA','X70RH9PY32073P4G18P59',-29420),(9274560,'095AYG4EQ4ZFZQMFQWNBXW220D787G9UJP479S30','O49M7Y9196S','N09SMH',21581),(9274561,'','1PMM7T1Q4LK85IX44P6K3N15Q2B38551Q','632363W26IWHK2AQ719PEH5QSRDZ63RM7GM1',8270),(9274562,'7A1FK6A5U80XN73JG00CP872380','GH16J6X','VVKVY454A18NKX9NRD',-19466),(9274563,'04T0JYBZ0PW430SA28I48798WZ317S6F5P2BHMYO62E352NPGW81M83L5JPF612AFI2NJ4M9QV3A4L','YJHEX9D8S5IM50YW','1KQ4ZG4WL1C98G54G36Q9E4MJ9657VN4B14I246D3MKS6TB8QV1H9',104),(9274564,'HL02F06Q8','W62CS69E5','76Q0GQFZ',13550),(9274565,'','0YFK4Y9O8Q0','1EL8S38B81W8U3ZWI1L2IFQK36GI2A3K36',-207);
/*!40000 ALTER TABLE `savedexpresssearchqueries` ENABLE KEYS */;
UNLOCK TABLES;

--
-- Dumping data for table `savedfilesearchqueries`
--

LOCK TABLES `savedfilesearchqueries` WRITE;
/*!40000 ALTER TABLE `savedfilesearchqueries` DISABLE KEYS */;
INSERT INTO `savedfilesearchqueries` VALUES (858439,'025MDMFW1YV7Q3882OVD5VVH96K9643','J9OF1V7L28079G6WS0F1604UA0FAQWT5O3B9J30ZQ9M53K6O66QRO','DZ9998NAQU264AQ26631Q708MS',1610),(858440,'5I5AVVEI23UJN5','LQ8G882X2CQT4930G8XB1S4C89YSX1OS7358UY7','KJOGPD86G2OPA55UJ4CJ500P055B883W26XIX4K4HU14FAY6R',-31039),(858441,'G','7NMI610K73UWX1Q0UK7Q3O9S47XL0MV0A1WA4ED4K4I8ADWO','',25123),(858442,'95NKL8J1Q7PXBKUHN9','53I46R3NJRDN7W','12H',28585),(858443,'5EISU02PVKLAAD0R5941KNWQ593TMQ88O8T','PNTR946NUCP1','',-8),(858444,'OUOZW968I1KZ2FPZ8Z5P1LO5EJ23X6PG','V4FI8Q92D40Z9LC4PY1D9S761PDKWJ4306044S56','HL1GA9IP968X77ML2S1N7X4R80VEXK7J96F46J9Z25FU7WQT2BW1FF81V4M0WF33BRW5G7S28D21P87D',-9235),(858445,'8BS47O82G418A47SSP985EYNM7K','Y3Z830P1LAVOFN380CF1X15QC9QW8V0938UZI42U','Q53G9F6P3V150UJSZ0939AI017K205Z',272),(1858439,'2VOJP4450626RBDR3TN48PU9DK2BWPZD9QJ','7TC25GN39','8EL331X6J7XS40R66EDM2K4',-10161),(1858440,'932216PB77P4HTMFU87OR7C400NJ0KH8167824S2O','S3O1L','D3A',26046),(1858441,'5XS7T73','XB1112OFTY97T8Q2L80GG20Z8GYV2V4D019TS1Q1HWC','6JV45BJ30BU23B631Y6',13751),(1858442,'01OE7SD7T5EX61V04SD93','I9S6AIJ01O50NQ','6N88TCC056PI45BBPXCDTZ2MZ73769C3DAZF8GO',658),(1858443,'7A5K02BE7SOZV79G9ZNIO66171W1A5444LF','Z89CPH3SX2W3O9H9GP09O','Z6PV2CNK2S102L756ZTBZQ',20178),(1858444,'51CN9F1AKNZS6FGP7R5812D119R975QM73B','93E6263L0950NG9G8K6Z','I22378169K2H2U1',-38),(1858445,'D3G5VS342FPF3IXSA9SO5T400H2WH720U61477OPU7834S63Y5IL33MF3TI61P10T848383722UM9001','9','I5YEB4KAG6J057180IUPR8381M963Q2C739872X1G061758HW1A991',6480),(2959455,'LOM903S78S6OW967556MQW5IRZ96R05K487Z5U6S434QH946S1','9ZCN10E0','EH5C1ZSI077G509B5BWZS4',5),(2959456,'69N14MF9444DW4SW6CPGES961NQ32L7J6YAL74','G34JI5WGKHSX2LE88Z6NM387547C37MFJ01S5CC01QG','93',26176),(2959457,'I0M63L7DSJ5XT5U05','7NJ8RN66PE62XQ6','A5X8VY37Y040F5109Z3299NE',3161),(2959458,'74IGUM6MCE5GE1Z39702YYYUD4O639B359VP6','','H2PS1O0412UH40CM1OU48X745L39R911A42DY98706AW3OEU61S343K3KH67YNRRN6J8NR55ME6609EXG2GMFQQ0R8',-733),(2959459,'68DX4','DV7B4','37PXM2Y63UHC11D2713KM00313859',-20887),(2959460,'63Z7AE','I16O7BTWX03LA988D74CA31238BS8P2I792G38W2L41G6RU5GGQCC20OKJ2N77B51AI423I04','VTHWLU771H7G0API989N218',-886),(3959456,'0WJZ5EQ3C','23K','Q92152253975741O6S4I6ZWS6995NEW9EAC4U99FZ1Q6U30FHE8138MOV7Y97535O9A5924UYUIRI5DUD7T390QGZV1R323D6B2BSYS94EED76463J02TL4QP49PDNH472PB7CE1M036VJ1CD1YW7G06Z7F89FDXK59X7SHLZ524GR26V8B',-26360),(3959457,'1GJ88K02C9O24E4AH463367Q874NY35IHV459UYLWMBN','QW8LMYT237U286JF2X9681G8VVE7UUGD1ZS2W78U25J2T9XY3N2U7S1','K9JWJ63C4I5430R0ZH4L',789),(3959458,'Y3Q47X9W336345M2XV546027444E83SJNI9DX2BCQNX32DRV98G7M5QUI8O611DD48EJ27SF9I90WE00503BG1HU5C2GY56X6PQ8G1T3601V12UF7H3408K7MLOP24YI0QRY8I1X9B0','LU2S12','4124V6PQ38PGOO209LG575712GWL06CGL1JAL4T1BU74MZ9W546052LWSX2489P',-2580),(3959459,'I028LIHDVO7886586XJ6X703Y1NMB9D8BT6826806JVV7X87NKVBIHC4P1XGI61X42G00','I5LT81YBVEY2ICR829CVX572J2MKHBXPZ563YERYBU261334DB36FF2BUV5H63I76A1M7M8P8I','',31276),(3959460,'RV538FB0A64Q6X0O617TY5I5UA14488V21YWJ9892KY','15B06KX3456WEDK66N9W6T1KY0K53','JK4O95JZ266XT22ED543I74XN51R157Z',20049),(3959461,'S0Q5J0911Q7714P00ZZ8AG69297F8RZNXXNX63QVKK6','7O51EIA9YJK20U11L9D71PX49V0J7YZ6J4MMMZ0L5H026A9VBR3C9U1TG5','U1T4YL8TMD74K18880AL44ORHE7T74BO164JQ6OTKMF82XZ7V676NZPI5FQ14Y3CFE6Q6KPXO02YX6Z4FWC874NJP5',32280),(4363580,'V266607XIQ9DN3418U7773F22H0667005JLI8TVJYHP0I685QSQP495','V','T7JU88FA',25),(4363581,'O8AQ147K25I6015R8M7A82KRR904SCW61K471CT910114Z0KVDNYC63','G1','L776943T',618),(4363582,'UJ12UHB81BZATPGIZUQXP1730ZPY4R01N8H52669XP9HCV40E950S1DF4890KP9S7S01G24OCJ007NH671TV0MT92H66NR24E143FG045TCT98GBC1WYBA20YI','OV07XE9D8857ISCZ2S7V412P09Z838242E8H66V9K','G6C2356Z1L13Q19EU7J6TO3EER71S2WO7ZTJ665HRF11ULD28001I',27670),(5363581,'DQXLW20UGZS95G0P7C5K60S8','TNP31H88ROBD29','7WI9U7SYM2HI0NK6CI32B2J69SN4',18401),(5363582,'ZLMKF8B33B7S5R21XV6C95A48US0S4','85GW596BG459HX381013H52L3WJ5UNKG3Z552686H6O7P4','AS',-30225),(5363583,'4E8M3313O5K079QX70XJ23','BDS5KCY93GB39EQK7Q15E19Q109W53ZIU0NC3F441537B9YHE2BB448O8IO37P74Q3Q8085','B7AV',-296),(6638474,'16XYQI9VLV5KAN7OV0V58Z1KI74CJUG1MF21XK71PC7DX35P22NI95TV1063O4Z1996Z','92Z8K91L575FW77MR17KHVD851O02V21GH7SO0Y1Q9','640O15',-83),(6638475,'6S33X63GSL4V1CJ9CE','RE7DD3W17L0YKAFI337JV20II0V4O8459I1137','N',7),(6638476,'6S1E6B55X75','GGMXOAXFFB98I870L3QG9T5J520O898','28COTI0D840EPP9BP28',966),(7638475,'D','1C9NTI32OZDT88V023T29','702L0BF',-54),(7638476,'0M86QSTI3Y9X66FTA4GO09E16N47X','G4C4971ABSYV92R0JYA89N7YWD351KJ2SCM4Q4T5809M3864WI4FB69972FR5F72','',-903),(7638477,'1GJBP8S471E7599LK7V5U17999Q7UN432CBP1V7EOL57KT4PFZ2O2BXUE8Z7KQAY7301TQ970B','M6RY','5R7443UCG0674RFF1T4O276CAPX0A916F8C24FOC7',-59),(8174399,'7B58','','G7WQKSN21GT5LK960RLB',-17209),(8174400,'','E07T6G','3L931EY43ZZ1V',19585),(8174401,'E3G5S3NH77206E4N4','APBD9DXAZDY','I86552T6SBT7FW97Q7',28450),(8174402,'Y2Y65OM97B100IO274GG8M1ZM339I60MV8LAUKFJ98U3R3EZPW53P79LGX53907H8XEVPJSFB419M3OJE77HLH5N46Q9N7SIBXM','PC2RQQDHJK11BRZ0O8Y755QOU9P1X1709CWN0XLFH5G47VXSFMN61224OO40KPD300CT31M','APY77HU',9866),(8174403,'NDIO','ST7PB163X4U372C','JY64Y3310841775225U5T7H831PTYY',7),(8174404,'','','8ET3XR75',-5),(9174397,'66208469PI64EKOYNG4894TQ62','S2OT9J','R19540E6K4X55D62X0B05T0Y57KF4CY4',-27289),(9174398,'9449OHXIT220VG822Z7NSC5754OI18J93U83V94B2Q5G50V6Z029AMHQIP258BLNXE7GQ2MY1T274YRJ3P01X4XF71RP8A9Y99B','3LR98L1GDW3W62I3D2OHZSY0KKFO67','N226E0H7ZS',-14223),(9174399,'K9UE5N94F5R85','PZV','CNP0GXBJ4UAXT0709UIT1',-5060),(9174400,'6652G9FJ3','73LNWF5X4XI5800956JC8YFUHFE76Z','4NL4I869',-14496),(9174401,'L1751Y0XRL1V99O5P1AJ99FUAXN','2OJKW7GF6BRWVBV42E3QG33XH672J','X6YHJL04E',-24196),(9174402,'IFPMEGIC440LS74OH3391YDK449875BNBYDBFB30JUWMTV413I64857SZ056IXCC270UW08K2B07BNG','888644P004FNO','77YZ0F51DEPYUZ5326T9VF8IC0Y',2799);
/*!40000 ALTER TABLE `savedfilesearchqueries` ENABLE KEYS */;
UNLOCK TABLES;

--
-- Dumping data for table `savedpagesearchqueries`
--

LOCK TABLES `savedpagesearchqueries` WRITE;
/*!40000 ALTER TABLE `savedpagesearchqueries` DISABLE KEYS */;
INSERT INTO `savedpagesearchqueries` VALUES (457841,'4WYD0LEHKL9F1TK4WDX3CR','8W1PJNEONS7E6293899AJ2O9AXJWZEI8SEBI27M593QPJ58190SH6974SMB307TM8','',10105),(457842,'DYKC8O661O7TA102S','99482Q20705KH1T8L1P7V4828E51WF0M5VPF942V11C4DPZ2MFKHX70P4VP7QH17H8OX213E2094V3532L7Z','H',957),(457843,'15U83XWC128G8059H49J4','648R0F455CQ99R09U9FD644C9W8E1EIV8K','GFR7FFKTT62244LGT',-5279),(1457841,'NE02489B5','LCD78YV2584Y6667O5O','38E63957EL3X2WQHCNLG4N02KD1QN5AU7593D289FP04FM',17387),(1457842,'9KZ1IMEGQ8CJ83BI132N7X4ZEL1CBM0Q9142191N6E4IF7J7U6LH68UM3406J7S55E9A9BUY50XW98GWF','N14U410I0ZEVPX','03654Q8RYOG4H44I0LP31MK3104BR73ITVG06K7316',-10970),(1457843,'327YB1K94K','RBSX','4M0DW597576',10137),(1457844,'U82SZL47NBE8O7XN9D7DCWN20XL8RAA8266285HMHM24I379Y65VD8205TA86PB7JW1BE4603310M9Z1VI489XG40Q','33XAFOL32278851C3BR06O443N5JN8H9B827GB601B38A5T4J9T956514UU4K','Y4064PMKFZFT075',21700),(2288577,'D450TY16QFBALV6I5AO92Q543EVTCBW74','S72WHH3JS32G','04489ZC7ON',-10238),(2288578,'K7MQ487WI','J2','O172R7W3OJW',22698),(3288577,'118JVIHJKF3080WCAF22TH2J0015A5W6G6BS9SC','L742','7',-28171),(3288578,'W4M8DW8QHDHY','','C6A4204ACRCAR863ZJG7Q22LOQHI9UD1R5APXIW',13107),(4130492,'V','1QXZKZKFDP98','8UN62S4DA389',-9223),(4130493,'8W49R033717F0S90H991K2I8R45M9YMF3V4I279DA9P86M0XII1HV1GVE43028CJH3AC0M8M7YBI6N1535U6R5F6A9BC43T856Z','C7B2513V0QKO67821QH6Q1D1745','57TN84T6S',-12150),(4130494,'02RMOPZZP41O4BZ950WBEU','64VQE3NIOGQZPKY440F92S7H8813JY','XH3S916K12',4),(4130495,'H65J77776N3561C5QXH8TK39M088QW288X3V398GM67281OH4WR15PE3','','',26844),(4130496,'8','YB65J3K100722Y1L3N7M','KX25JKBII93A5X0A12J48FNA6YKHZ3855935A118QPSWNBEBLVFM588R32S',490),(4130497,'BB57Y1A9JR2F32PY8KJSO5H074','R2N35WXSPC473A4LUPRLSZ934O67TI8UV','0',-27219),(4130498,'G0U88Y96RX97GJ112VG9637U','1C1','JSM',3195),(4130499,'92','','0XU3462T7',5560),(4130500,'H7XF7XQ1NO','E54PBY9DW9E9EMO9U8','21UCI',30682),(5130492,'GB','V3Q2','0WAEZ8KF5YAL482POV3R4V0F049F6S61CL866F12CF7FCOTSZ32YK0WPX200DP911DOVPH1I25K4RAF9Y7G158X6102460GSZ229TB192L8PY3VJBN853LIM48O9X53XM0O70D12',30826),(5130493,'6X7R04S360490883O9L640BHDWFF977SITEI141HGI3S3','39N7QK97','0XY2D6818BE3R0E09CFQGFS7V18JWAC1H8EZO04VTYOOOC',16214),(5130494,'SYX43','W6C42VO3K5Z1KH4V9I6BW83003S21DA94XKI4I9LCL0972SI8M77M2A98422E5XKNJL5P5NS339UXH7M','K31DC51AB',12215),(5130495,'2CX','44303BK3R1C1X25666965OBR81N8U82W','58YHMS8C20F482623I9X8YH118V1DROST',8438),(5130496,'','','F45TG51JEW',-20),(5130497,'C3H0MI3','9P','6GR',-21912),(5130498,'218','0NT293JT07N0G13PF981DLL0YX3Q83575183M8RHXLZW0NIEC69Z3RB','K1OGWPR',-14),(5130499,'Z78O68MK57','Q','0YHSZMROHT883132986FY',0),(5130500,'2978J696FAWK65C9PND7','3YG5SEB8GGF2288','N1H60X6992SN18AF42R474586VX',-18472),(6370134,'BYX95KQO79WJ2F0','60BIA29WBJ5632T37HVV5W095HXC7SRCW39476717956ZJ83H0','948I079H2',-6159),(6370135,'','0E6B72K98NT2D3N5VA6C3N3N89WU1PTLHC72A4KEP8VR1D2F1ZFTR','6533QD2V69',0),(6370136,'4','K446Z2X5HAZ84CLAHN4K5LM036PD24P39C09C74S08OV3S5PU9C48T72XMZNMEK5Z947VT45TR1W','7TEFZTNP5B6Z4VSW36NTC3R5IX63J71VVE5NSRR9BUK1H25CO79G68SB33HEEZ',8233),(6370137,'315VAMB277R4R2JF449S913EGXTWUQA8','ZE1BSEIM19','VZ03P55NN3L94969Q286BSY8R81345J97311G9G2O83BWQ6YVR1PN024CIVE8379PS245L0VJUPO889X1',-37),(6370138,'TXV65NP5279M18RCO9VI0Z24TAOS3240VZV','','',15788),(6370139,'98NOMPH9N0J86GOVEO0BLR087JM','5O','9',-20295),(6370140,'NZ3X55B2G7PV094BN5G41OGL','O1JV22V949BM689FW88DVADL2O4I7597HESQRR7CPDV8F189P8770Y22WMY3I1A606G39G4XVGDX0JO73Q','P0MF3GA',31834),(7370135,'P4KLMC','RCPT20C1NYF3FTG10JSJ1','29ALY79CJ66',-19908),(7370136,'Z6NZA13CW5FO8SR392865B68K','7IBK176X1O9QG4LNFMN1BZ9UYDW','3I3Z5IITZ10O5V1DT3U5VKLR02QJCFOGK568J62V5O467Z1A7UW9TMYAZ6E',-6169),(7370137,'R8W8KA7M6578','IU51169L376S238FB18J28219SC82V56O','79E9206DL4',-26401),(7370138,'FC28I4LOWQ2Y2Q4H8X60LQ25E07U10M127TO17488D934HD74','8F89','1M0WDDOP',7899),(7370139,'AW3297P391J','GM76YWE6A0T02O','79N7WII678N3629754P6VTQY15E3P8C28337185968M7V6201I795J369CP3991DT9MZ5GU3C0193',25138),(7370140,'647P6B28G3O8ZHL17NVD1FM5MW2MYBS25YM699RLU7','','2R5581CQ9M9ELX87F24XJ98D8R32',6),(8167116,'W0FVGH07HQRA9SRW1317117D1A19SK9R4BPX50Z9Z5949U9RDD2S','86','8ND3H1VE0X30RU536WK06YB1899K8K3WBC8',15637),(8167117,'6747WPW96FA827','8NDAE7VZ044DN0ELMQ4ZYJ66JM37Z13A597P2J84281YDQ2T23DNF9G5S352H35IU','E25KIGMFO742151WC7194PRNPK7W447284I8Y7X804P692V8A95',7374),(8167118,'','1D92959VHG1S9MKT98A6FJN88Y18XY3UAT015YT59ON1413','G25I7PL5619XNF9MI76G76I55JQS43E5T8O6C5RR37J',25304),(8167119,'U09S196768KE0V','4V31QVR7','E70934337Q0P534DRX30T5AS77B32DKBY92',-75),(9167114,'','','64W4BK531U1U23F',10234),(9167115,'9O3SVA','L004','D942617',-7),(9167116,'19828B3IF5OJQPKDO4X3Y785','36OC85T','S65E8C4GH70346D2HDD6783BW42GJT80X1A0C7ZXO9453I9U369300U8BJ347A8DF0T28R2Y',-27126),(9167117,'EDW8L2S','U6EEUT9525W1OSI99PDZQN5917UQY','XK52X4754OD9R79T1Z7XHE32QBO83NTD614ZJOJ6N7GM8',22206);
/*!40000 ALTER TABLE `savedpagesearchqueries` ENABLE KEYS */;
UNLOCK TABLES;

--
-- Dumping data for table `savedusersearchqueries`
--

LOCK TABLES `savedusersearchqueries` WRITE;
/*!40000 ALTER TABLE `savedusersearchqueries` DISABLE KEYS */;
INSERT INTO `savedusersearchqueries` VALUES (32941,'I6Y3ZR84R3QQ','2RT9WTEV49EK2N882C8Q41750QY07O891R4W44L48S846707QGP5VK4TQE4J5DKZO1XKI268079PA435OTIEK0O0H46CCZNH869','XV5',29994),(32942,'W1','KCVAO','0G48E98BK',5549),(32943,'L991032HY179P6158A86YILB7B3UBO18SAC79212VY3F4F03F06HK6AC','IWSVWL1U6','J379XUXO1027K2D0CDBK89GQ03WZ2G97DNC447850V57K61',-846),(32944,'8KBU8ZI8OQV4C7R3Y79084AQX745OVZF53CO83C6589P3OL6JLUBDV4M1UZLYF5C38N4X4866PWI3U1SMN00Z919OCA80R633AMQ426JM12J4V1Q6B101AL11IR','82DYUM2WE64X6W4553153IFGU4241M8549QCEL7HGF00','',12114),(1032941,'F5QRQ1JP74O60219090IFO6KJ8R54OAI7O03ZEH7CO06ZT11B44GK1KD84UCE041PPSQ40AE558406Q3P6165JV2YG35ORI7XS67Y9WREAZOVG500I6R24CLV1GWOFW109GL87G213014205406021PZQ80D28V7S0OT1','W19JK98AH','',-26777),(1032942,'AU1MFB93OWQEAFA6F9F15859KG7Z025FYHMR48KF8LV8P5N5R4177YEP06UQ36K9DSY5QV5WWUL2198UI','OWLEE47R65M25L85660W3AX06XN1A5C04FNU973KR1C4N8150F8275O38M2XR6S8ZGB3VBD388TBIK39','IMZ3096XGO88G6R13U2YFO6QXZ379USI0BLSBW4K89Z12A1765GL6B6X5RGO9050UI',1923),(1032943,'JXF9128318QXFZ97O','0W892AF38Y7JAJ6M','9U5PTH69G',12326),(1032944,'88C5LLT4088154QMLB8E14OK3AFY38923JEA0Y5','9024I1T04T5JFMJGM5335549P65','J0DF6U4L086ZU81M7AY0YRD1G1OBL1F328T55887EG46D7P0XC3WYJEXN7N1993Z0XPDRHA2PJ7A2',-17599),(1032945,'YLA1DLH1M9VK7DDT33P7L4M13GB2O6O965U573O05QLTT33FXEGYN107MFWKG75T7BSQXIBT1DWC34K9C0B5J1J323T229E5S6ZKJDH6VH9I20LW5ZAUV0525A5A1NNY9H2275','32C24IHCI2W2TBE9KE5P73CS9K5DVW3LV83NS3WJ0OHH8L6U','03OQUCFFO4XE054F0Q27M',-8856),(2617699,'','64Z21KWJH33AWJWK9X85D795O','',-2561),(2617700,'B975M','Q7FDL','30LF5STP8EYNC',4958),(2617701,'5X351M7FITQXX49YUT9915804Y35VFR10KU0Z92D4','B4M1SJBK1GW77N1A3KIA7J5O052L0W83','34EBMFPU5A81BJYVH99DVCJ980ML772KFE24LU3C49CA02688H3377R831YJW7X44VAR848NGITO3L3748I4RI0B649GKF26932N6HN0K047XD891PH1ZQ6L927XJVMQR',73),(2617702,'OC1C58X98BT3MJ66C992S8IR3','4L2U20WT1R3VQ121TS6L27SE9KB8XMEL3L457SAFA26GPPO71F69RFDLUMK90F4Y4835L685R5E','9FHM2Z3H5O',17697),(2617703,'30YN3E9WG','7PB0V845F44CX8362HN58ISH','XD2RJ9E96822ZF198B58D0OX418IS05BF14T2QNZ1TK71970LU1V3H45',6528),(2617704,'VV3744','KSQ6I6','6F6713TM7I8EVUYM46432309LG0',4709),(3617699,'78588UJGNL26UB3MIPKYGHP8ZIZBAPO8DPL','7IXJMST15U','B0SGP6IN087525H2U0V3CP0Y1512JVCXGW6GKU7OR08KC1I',19035),(3617700,'H33585VMUJOUO4XP2720K9548Q734FB815','RZ7O7MPM34','9TY8XP453Q1UM9QRDUU92',14531),(3617701,'W62K2N','4N0F8','DGC61WZE250AL28Z23X01VIK878EL5',-25310),(3617702,'SEN34FF2WH4CR615JO9MJRK5O1RR','7TVU703TCBQ61G9C780BM4F275R1G0MO2B7QP85299EQ635QB3ID5429HRO','0SP89W91Y96',1877),(3617703,'5PKYYZIISAZY21','P49575189M883LE33NE1424M40703T6SE1J0835E4HAAWXT94YZ9327CT88E9TF3C5F00','UP6RYT4Z73X3O5',-14070),(3617704,'5','65YPCK38O26UHD23G0641163JW15F9IO9JP685RJ05CI2TFE7Q0QZAJ5LKTX7VRMA55T5179I2E45M9LQ5SO9VTM658YAHO5WW0L733B3KUYEKC4K1750D0O8F78JG4EF9TID5921U2VZ854J2QQSKFW3242T1IR3RLFIA','4787W6102H4X8S17C1OSJX9AUVZ0J6WL944KY84OXQL6VPJY2NO7752P082Z35O58V25R0OO3FD6F4GGL4125',29326),(4897404,'H2IT0531R439S050A0MHB11C7638S5ZS140VJBC76E9E26G7Q3WV6BF55OIRHF7547E42603JS1H2EVOZ53W9','6T7M68PRG138274FBAOEZ760CFAYMUR8W2','0R1XD785L',14921),(4897405,'3W9K87A2QE9ATLQ9V6QVMA6A','60TSDA3MJEWF6952J','N5UK38E6AK0M0C6',-32723),(4897406,'7WFXXC66M7O1FZ8QE85H1BTU19','PCSL373L1Y4S8I64E68TU38VEJ09I2W53KGJJ26A','8H9',-32506),(4897407,'3GM775A3GU64PT3','J7Z2NJNEE6910K0IB5H2IS779D65O920PFPW5JT4Z11RIW854G3E5J4DUJ8JR067J2RYW186303X9IHV40P4R','4ZEJJSEMT3SF1C5U8G9ZR',-3823),(5897404,'','9PXFB','A007T8W854LU268Q556R4U20V2LW4Z11XNW13',10081),(5897405,'','K18BJ832N5501694D0B47900V2JI96','L36I16LFDW1B',6738),(5897406,'I45S298I6QM23ZO0767740M8N7KTGVJU5MKLS556NDA25IJ4GKO10IP3UJAR4E77R7J896M0N9H049J30I2XPCA6','','D0M7AFT2425173K100Z7DA5K551',8303),(5897407,'0LKY6144S0YI683QR0S7E532U553Y48HHTD70S23023M33OYK557W9HG3N48VS5WG54L5139OY1IN5RGO217BL7HY','RFY','L1D82V4IF49',-80),(6486294,'ON04496J57MI42T171P5V','IZVGPK9NGCL0MQ1000414ML567FXHMC0NK8928650X1L','U3LP9B5FIP72Z',-20622),(6486295,'','','',39),(7486294,'8OJKYFIW34529','4B8P11U495','58H3C39ZX65Y4J8N5K1XJ',5939),(7486295,'A8VCK2ILBQPQ1STIZ55DSN1LM6FF0VV26NNH1GC781KXGBD8VIB7K4FNB','D9WPU7EUFV6L5X08DY8ZBG1P44','158H6XA',3101),(8695963,'2C9571Y7E7D61WA30014HC049P8','12BP7CB0T00YZ4AEAF845','1576X3GWPMZFUJVWMY64WT63Y411AL141YS10UY5QPNQUY9',18574),(8695964,'L2LVJ7D6C0A0YA6','','D5AM82I6WJ6932UI19FF9D3729Z5VT4KX20919NP38W377Q8L',98),(8695965,'RH79F3IE5','OK7YPA140AV9487DX2GF04V1RTB16Z3EC3FWF3HD8YZDH8ZI5O8V3FT9YZ41XI73F0LN7JO57BOYLN8X80EFDSSZDVX1I4','7Z9658',-1598),(8695966,'2UK20FPBU79XE9OWQ243KG9E8530DJ21K2QHK4VQCTFMJAJJ25SU7XI2O272OD1W8898N6Q66W5QYTV8HZ0Y5US1F25R9UB1F1SB3X045SRV0GLYKZHKR8730','','DI6W24MJE',28069),(8695967,'','A8V','C367766QY8034D5WYRNZ5Q4522W10V98NSYLNY',13980),(8695968,'4Y88SH31YW5323ZN59171OCG10ZZR102EBF8Y','5PP','S8',-23036),(8695969,'','TW427N1B4H687KI44MGSU','IB9Y3MW343',9231),(8695970,'53487','2D','588YKQ8U0TS4M08PRV31237L51',32002),(9695960,'','OFU047O48XU4GH5Q99JCZKQDPDS769P8M3HI3','',7829),(9695961,'','5563DZ6EXBH3T0098V45IJ043613ICOR45539F6B4LX0L6Q6MC71QT4YH79R','6YZ9OCN73A56094D8V84D9R3B6611G7HS5BK3K50TK3R92HB64',24162),(9695962,'5K24','456VU5MI65IBYC2D60020CS2RO62G84P04','656I3MZ877LUE6523F770Q2ADIC28E950W99FP1668R57N3176X3G4FP29X180SFD4DI2642D1UV73T',7501),(9695963,'073DRSMTL4N5A8W58548H4RBT9C6T2F1P8X012O8QY9SSYMP225TS03YG7S46E8GC','2S97VSFI2RZ0DBT642I9O3U2J186BU36MI7','LI',18032),(9695964,'P1WM','541','658W1FU4JJ5L528FLP5',8462),(9695965,'VKI96LW3Y56KD8E6F7O2','Q9H9','9T1JR413I8B8YQ3Z8BJ71HL0VG1DMPL61',6680),(9695966,'1YH5QS9Q497DMD3QKL3','54DV6W94T3MSM703376A7857P1EI8L5OK8917P6C8W573DZXBJ3RB658853W7AGV890401GWB6BJPW67601A71ET0A6X4I3P85XU1HR85QS4773XI447FCF525D35YI94D2575T','Z109PS98BE5Y426NM209S1TCL9',22503),(9695967,'C37Y','8600G24ML586I2A0X4K','',-22446),(9695968,'PXU0GH5437T3L185SQVEUDZ36A3230Z05Y8XUCT5DF33VQL4953P2MC6H5ELOMP604OZW3022X6QT1FO7S','R4NH74763NX34Q','MG',-22063);
/*!40000 ALTER TABLE `savedusersearchqueries` ENABLE KEYS */;
UNLOCK TABLES;

--
-- Dumping data for table `sessions`
--

LOCK TABLES `sessions` WRITE;
/*!40000 ALTER TABLE `sessions` DISABLE KEYS */;
INSERT INTO `sessions` VALUES ('088LY794N28LO67BH3G965O925F','',22,1738790519),('09394505KRH6OC3YF89A43A0','L96I74CV7NOV62E08EO9SPD',656683754,232972925),('1D7YEC330K9','',596798047,1716335814),('23AN1I4VV15968X7G00',NULL,9255,684),('29826IG92W54XRF2S6AV7HDO3N095BUZF79D8UNJ04414HMV7VN9MT211GJP2WMI8M','R2D2S3Q5UI1XV759L24133WO6220WA4LY8S848940ICZW',530259213,2105665596),('2ER6VVYDUN0PYX',NULL,4837,229513344),('2R7N6RR7I4','91380669YGTY4G4MXV14B3QN1601COD80LI39KJ5NL727O41CWK905EAK0BA5XR',856597449,1030230930),('2XZ2UTT2F7IC7489KQLE3',NULL,1116594314,883364831),('3AU45','95I4WKH998I616D2J51WE49099224XH',769647100,1286393107),('3W163FWMI0KPZHBLEICVFS96C','85FWW0LEAR5T61T3',404,839),('4299079LYS652430S379CJEB85BZ50S54V571HDO10KDNPI7832F8E2M279650BW7WVU477VYC9VZ492Z117','6S955542DP94X0X49M6F9215OH10JUU5IMF8Q1X8QZ21Y20JVQH3N950N8393H978753XJCG6EDS3E7K14K93',993315183,267372938),('58R10RRABZ11TL914348Y1JWTA6F146Z7HZ62CD3UHN3H86PM4J8O',NULL,1617890192,3247),('69C4FC974Z71Z2Z5J7XIWT0K8NPE9E65V0R73E1QB2KNKC4X9J7O35IDWRYOW','',1285799430,931745333),('6A2WBB79Q85H6RYS9MLIGS939645H865KPLV4MBQ0D223L1ZTC916LM','YJ23SE43RV6XS3J4A7L9OGW',289361541,381757159),('6K23K0Y9O4LR8H4648E4RW07LVP13XOX2BZ8R9OGF18371P362S4PQQP496X941',NULL,913,4),('71FL2JC','B3M3356HF1HOY2N4915UA03CY803O65A3Q3GP15JF',1963453063,724350416),('75Z98918T45BCO2A745KOPS7IIE20ZXX3NN3ON','',835023873,1861729540),('7X604S4KYP04TR2837C23Q94M71KL','7F2E61HK4N8989I',656131180,1338058333),('8SA2A','J7LXA07E5ZW6515UA21J0L5YVK0WLD',812880730,1851131415),('8T4ROWM1F','90',331629284,3249),('9644GU312P8569XN','D9454AIOV7',61,3),('9C7GHN6U2ZV0Q9S65W777B6G897CO5V0SAUGRELY3A6WZOU8FD2C3PDJ4W0RXR43I7','B0H50',734586074,864),('9G7OYI17PV9L54NM4RLD',NULL,37,1053146380),('B','BR9K5R4995W8W953',1325602495,773747992),('B6S0M6ZA95L4K3L7KRH88H4OVOOBG8OPC4X9X6FU15QJX8M58SMDXAD1G24','JD77R4C517GMZ',3,1255719459),('BS662H9K2E8M4Y48TV8CIT0M3K0Z1N34I8GK1YM744L20TG255V1FRS39DDLBO87T5K9FX0X2L081X2D2',NULL,1831993722,1087767681),('CN3PO9D3SBEL6FLF61Y7P6S','628QG6MI51016NA5',1719043284,336962561),('CW',NULL,1316733717,1531054828),('FG3P3F81','T16GUL131DBIBV486',1267102817,4386),('FRTFLKQT2T3E',NULL,1562162112,643870473),('G','',1117753868,2),('G2TMN5AB7O975O9I4J44','0AYUIV0PZ435C5J4AK19764MEKO5Q9RL02B',661708162,1067550429),('G88WY2','',1683698390,1930514035),('JS4LX0532741R42E725HT8A30CX40K5KK8491VY4D58HDPCQ5DZ6IW2901VYR0X30G5E4GO37712NIHA48A3X69WS1BA3Y3LXBA4','9ZV538IX1AE2S49HE4XS0JXWWP7JH13B6KN4P132I00629ZZEK948YYB88D2V',1768720274,451),('KD9Z32U9EGSG3173F01Q37J3P','WK9',2051755952,406382915),('KKS9861J3N6F7I98FR228850M2Q4GBI','',3,938475538),('L267LS5KT3RF4I16785V8822Y558P09WW6S260049','4HUB9',1831198776,228724121),('NTQ070P6614A93MUT5LZJE',NULL,3374,253748523),('P68S6SHI4J4F8X12C9NSSBQ5A1NB1SD0NS74','RRM1S6970XZYY8S9P47BM377Q00E7M7FZ2MYJRH2AICSSSF0',890024700,129877519),('Q16T3ZCLO8CG8','5Z4W56N2H0O86DJ51WF6BN1M7083HC5JEO3L3AT37J5T4K7O28G17D324B6I86DF3K8Y',351,1753443410),('QX086U6','Y9E4N5RJ4GSA1720WFWV0Z28F5ODE9O3QAB6YZY103BN61U119SV08K8V3S8XRHA2Y71I420FA580F76RV7711UZ77UAXLC',1772258193,24),('RK9SL44','8KQ97861039Y6EAVBYIMMP191SOC7YHQITB8M70K93028E7PI',2081131905,6),('S003S59C101270VVT4HHI4144',NULL,1226232312,894),('SZN392A2870R3MQ8',NULL,666,157),('U5','333697Z1996G',282355902,8387),('V4W64UK8S3J07PRVPQ4KB3KU67A3F84RGM','8O06Q7V8Q',493530010,5),('VI1G1DXWZG25639944XL','',1,5),('X7EQ42K87Y6T0M3','N09EF752',1622443436,196509529),('YK33O','7304VW0',987,1352281721),('Z68330TLZ523LVZ5WSPUGG0HGS0N5SGHM0J28T0R1O818L31639PNBX751K96412AGR4HI6OS7',NULL,1409584816,443287147);
/*!40000 ALTER TABLE `sessions` ENABLE KEYS */;
UNLOCK TABLES;

--
-- Dumping data for table `siblingpagerelations`
--

LOCK TABLES `siblingpagerelations` WRITE;
/*!40000 ALTER TABLE `siblingpagerelations` DISABLE KEYS */;
INSERT INTO `siblingpagerelations` VALUES (374935947,2508223059),(374935948,905683827),(374935949,3970950679),(804432678,2508223061),(804432679,1335180558),(918920164,2508223058),(918920165,905683825),(918920166,3038212529),(918920167,905683826),(918920168,3541453948),(918920169,3970950675),(918920170,3541453953),(1348416895,1335180555),(1348416896,2608715798),(1348416897,3541453947),(1348416898,3970950673),(1348416899,3970950674),(1348416900,2508223062),(2007716708,2078726328),(2007716709,1335180556),(2007716710,544583065),(2007716711,115086335),(2007716712,3541453952),(2437213438,3038212528),(2437213439,2078726329),(2437213440,2608715799),(2437213441,3541453950),(2437213442,3970950677),(2687410599,4294967295),(2687410600,2508223060),(2687410601,3541453949),(2687410602,3970950676),(2687410603,3970950678),(2687410604,2508223063),(3116907329,3541453946),(3116907330,544583064),(3116907331,2078726330),(3116907332,1335180557),(3116907333,544583066),(3116907334,2078726332),(3791141424,905683824),(3791141425,905683828),(3791141426,115086336),(3791141427,544583067),(3791141428,115086337),(4220638150,3970950672),(4220638151,3541453951),(4220638152,2078726331),(4220638153,1335180559),(4294967295,115086334);
/*!40000 ALTER TABLE `siblingpagerelations` ENABLE KEYS */;
UNLOCK TABLES;

--
-- Dumping data for table `siteattributekeys`
--

LOCK TABLES `siteattributekeys` WRITE;
/*!40000 ALTER TABLE `siteattributekeys` DISABLE KEYS */;
INSERT INTO `siteattributekeys` VALUES (281567497),(281567498),(281567499),(281567500),(711064227),(711064228),(711064229),(711064230),(1034030078),(1034030079),(1034030080),(1034030081),(1034030082),(1463526809),(1463526810),(1463526811),(1463526812),(2082561140),(2082561141),(2082561142),(2082561143),(2082561144),(2512057870),(2512057871),(2512057872),(2512057873),(2512057874),(2831420100),(2831420101),(2831420102),(2831420103),(2831420104),(2831420105),(3260916830),(3260916831),(3260916832),(3260916833),(3260916834),(3260916835),(3260916836),(3740375547),(3740375548),(3740375549),(3740375550),(3740375551),(4169872273),(4169872274),(4169872275),(4169872276),(4294967295);
/*!40000 ALTER TABLE `siteattributekeys` ENABLE KEYS */;
UNLOCK TABLES;

--
-- Dumping data for table `siteattributevalues`
--

LOCK TABLES `siteattributevalues` WRITE;
/*!40000 ALTER TABLE `siteattributevalues` DISABLE KEYS */;
INSERT INTO `siteattributevalues` VALUES (1645548973,2831420103,NULL),(1858819122,4169872273,NULL),(2288315854,2082561143,NULL),(3188953035,2512057872,NULL),(3441948490,3740375549,NULL),(2288315853,3260916831,199585),(2288315855,1463526812,199585),(1216052244,3260916835,199586),(3188953034,3740375548,199587),(1645548972,2831420100,429696317),(1858819123,2831420102,429696318),(2759456305,3260916834,429696318),(2759456306,281567498,429696318),(3188953037,711064229,888429084),(2759456308,2831420105,888429086),(353418092,3740375550,888429087),(782914822,711064228,888429087),(3441948492,281567500,888429087),(1216052245,711064230,888429088),(1645548975,281567499,888429088),(3188953036,1034030080,888429088),(353418093,3740375551,888429090),(3871445215,4169872274,888429090),(782914821,2512057871,1317925815),(1858819124,2512057874,1317925815),(1858819125,1034030082,1317925815),(353418089,2082561140,1317925817),(3188953038,2082561142,1317925819),(2759456307,4169872275,1317925822),(3871445217,1463526811,1317925822),(3188953033,711064227,2004673123),(4294967295,1034030078,2004673123),(1216052242,2082561141,2434169850),(1645548971,2512057870,2434169851),(782914820,2831420101,2434169852),(353418091,3260916833,2434169853),(353418090,3260916832,2824770948),(1216052243,1034030079,2824770949),(2759456304,281567497,2824770949),(1216052246,3260916836,3254267678),(1645548974,1463526810,3254267678),(3188953039,1034030081,3254267679),(3441948491,2512057873,3254267680),(3871445216,2831420104,3254267680),(1216052241,3260916830,3254267681),(782914819,4294967295,3254267682),(782914823,4169872276,3254267683),(3441948489,1463526809,3571024639),(1645548976,2082561144,3571024640),(2759456303,3740375547,3571024640);
/*!40000 ALTER TABLE `siteattributevalues` ENABLE KEYS */;
UNLOCK TABLES;

--
-- Dumping data for table `sitelocales`
--

LOCK TABLES `sitelocales` WRITE;
/*!40000 ALTER TABLE `sitelocales` DISABLE KEYS */;
INSERT INTO `sitelocales` VALUES (104327182,0,'89QA','',-504260750,'X7A1W85N2NM','51808EPKU8TGB3OO0S',2759456307,NULL),(104327183,0,'B9','IN7',-1739945768,'8M7L','DF',1216052244,NULL),(104327184,0,'DR','QF0RCOK',-3214,'9WERX','8D0',3441948491,NULL),(104327185,0,'OM6YOZ145','',-511137704,'R380QO718A03JP','G58',353418090,NULL),(533823912,0,'J1','LL2NEIMC',-811956554,'','W0S9J5I6D',1645548974,NULL),(533823913,0,'N1TM467E664D','4YL4X33SH1HM',-1062538679,'4G5','24',2759456307,NULL),(533823914,0,'8Q09','ZRI6BJ00XA',8669,'81533XYNJE275M1XUVJD2X8W6M5IDY3QX8N2HG53N7PU2BU5WTTV2432EACJE','957DW',2759456307,NULL),(533823915,1,'5C7831K1TPTO0RPE48M','JKKS76',-552971459,'5339MP2','D5H5',1858819124,NULL),(1268998002,0,'8369','GR',-1209662460,'G298IXJJ','EWBM8N',353418093,NULL),(1268998003,0,'MF9H','J00Y2',-831400247,'O1K54LD52ONNLP737S8D71GJWR4D66V','P58845YHZNV3220W8J',3441948491,NULL),(1268998004,0,'EFSZI3C5QIF2','WVS5EA',-355420477,'W7','',1216052246,NULL),(1268998005,1,'6E2U23','YK1HA77QA',-1001395494,'3LGL75C225AKJ1NDKYVVVLQN39OLL82P','YG87W14R76J28GM48D',2759456308,NULL),(1698494733,0,'VHTK02O','U075FZO81528L2',-1858396209,'P2CH370','53ZD2A04D77QHA617993652',3188953037,NULL),(1698494734,1,'BHT5MD3TQQDA0T8XDV22','280',-1137561997,'H5VHKM0XC9087L8S9BTH4Z1','J7',3441948492,NULL),(1698494735,0,'1J','SJA8DKCQOJS89',-1234681383,'8','46426FLU7N603YTK6842',1858819123,NULL),(1698494736,0,'K9J6NT','',-3340,'732K5','4PYEF',1645548971,NULL),(2004277483,0,'2ML58','O27938F',-852753730,'HJ414ZU3T74869A81LHU02Y6EGWY9','L05EW6TU0C4319F0RS0SY7932246Q6U5',1645548976,NULL),(2004277484,0,'5531','029',3,'WQV1W73615LUHP5Y2B0947','9I',1645548972,NULL),(2004277485,0,'65KS59B38S2EE','PBQE7GKS8',-1821886862,'9T5U0I9466RD1NW674','OO0N',1645548972,NULL),(2004277486,1,'9LN8F3158L8R2BL75A5','QBF',-382708211,'W7C7J28YS7780JHNVH9091H6I1O9G38Y6KLU1DD458NXRPB','1UVJBP48TYE45QZOF',NULL,NULL),(2433774213,0,'2627BJXN2HU512U2','HW',-9,'2M77G463H2L34FM3D1IGOOIXP49YCOO89VI','5QH57X4F7Y564JS7ZNA7UQ',3188953036,NULL),(2433774214,1,'5N4SXLS','08KQ6',-819994297,'237P5PXLW70G9GAXR2XI69LXBLCKAH6F219IBPDD','',782914819,NULL),(2433774215,1,'J89877','5D',-154327879,'1DXIZWQZZIA21H1ZIKB03644HL2E07JVD17R56W','7G8TE63XCXJANL9V2MSCC8J2',782914819,NULL),(2433774216,1,'5F4U62J9AX92PS0','',-238650004,'9J33TKVK24CU7DBB65RPA220HSKC04OTH7J364QPIWPD806Y99U0','A30EDYL',NULL,NULL),(2644738842,1,'N','',-1862172669,'','323',3188953039,NULL),(2644738843,0,'IP','EA',-663967639,'749FZW0L','N',3871445217,NULL),(2644738844,1,'A8A3OLD','2',-1356386283,'QI6E0NH4619LSB341I','A9U7',353418091,NULL),(2644738845,0,'RS7N','DYCZ1',-83,'4LPSQ99HEOF286H0YZMK1P7BEZC1J2FK5K6W9606957I5Q1E','98DJ',2288315855,NULL),(2644738846,0,'14UQ4Q5GB641','T31Q5',-1515477220,'H4T6F382J970X57K40XVVXN247AMYTSTRLLIGD6FM6R0NEA0BKY54139AU3HY54N384UK8D50BM85GC','JUJ22',2288315854,NULL),(2644738847,1,'4FC9HA4','297X4T51',1410,'','B9Z3538W4XRLKY2Y5W3N1Q74L37S5UO',3188953039,NULL),(2644738848,1,'VR','5',-1781499763,'','XI0TD43VWSH6106',3188953036,NULL),(2644738849,1,'0','0359S0TO4E',-2013845995,'0KS1OWCT9P675N39J','PF2594KJP957SX',NULL,NULL),(3074235573,0,'328','6A58TS69Z',-9,'46146425GG8QU620SF4PLILSP8B1L1T3K9R75W','XSL4TAV3849FO016',1216052242,NULL),(3074235574,1,'NPOP','',191,'G6','Y1O57A1L9CZCRKX427',3871445215,NULL),(3074235575,1,'4JO7I4XAL5LF87A7XEDI8H','9',-75023319,'I3J7E1C20','IX908PVKY43EESFO113B',3188953035,NULL),(3074235576,0,'P','LFL25NMV84V0',-1880269423,'NMBHTN','YX0XJR518AD3T571LV',2288315854,NULL),(3074235577,0,'0DH6238','5SUO9TG',-1874402267,'YFB69PEF24D5JL2','X9U1WIFO8C9274',3188953038,NULL),(3074235578,0,'10021EB8Z','X3DH',-1991621626,'YH310X7','',2288315854,NULL),(3074235579,0,'1BD','1L6',-214350564,'H5PB2Z8K40P2CDJS364JGV66KQ1QDN8HA1HPWEF8900WD03B2V5ACOT1RP3','YBF1IYP982B',NULL,NULL),(3581605851,1,'J7','2',-547307429,'M54JCY2U6DQ9EUI823TL9V375U1NR4T365WE0ZF5141ZHTTVFV3II2R8229825543HKO5','13429YEA5',1645548971,NULL),(3581605852,0,'MPPJ22BE03IAKI','M',-1120008290,'1WB96','R73AJ576766H7XI529A9W34A745ID5798OH1R0478Z3KS439KL865U59124I47J47HH3STOLP056',1858819123,NULL),(3581605853,1,'3F0WSC0','41P',-57531237,'YCTRR','178EN8',3871445216,NULL),(3581605854,1,'40MD1T06H5','ZMO094KV8Q',6,'1370BD0NT8SXA6X5A2VQEBEH2','',1645548971,NULL),(3581605855,0,'FR5QNL8O','D5988566X4BM',-1563978589,'H1R44G209JSJOPI8237U82VT6IN','93I89',3871445215,NULL),(4011102577,0,'NWC4D3564HEB8YE9','T0',-1986882270,'DFR6','',782914821,NULL),(4011102578,1,'FWD','Q487H1',-919696593,'U','SVD325EHP6V',1645548976,NULL),(4011102579,1,'817YK','IR847',-645925692,'X84U4A7','L17ZX',3871445216,NULL),(4011102580,0,'T96FYJPRSRI','ZH2E7A1IKBS9',3780,'H2I4A5FHA','W5P8GOB4G2PJ6S47',3188953037,NULL),(4011102581,0,'FBQA63M147','J58E7',-614578578,'S6','I2L7B',NULL,NULL),(4294967295,1,'8','7QO',50,'4S369Y','VEO',4294967295,NULL);
/*!40000 ALTER TABLE `sitelocales` ENABLE KEYS */;
UNLOCK TABLES;

--
-- Dumping data for table `sites`
--

LOCK TABLES `sites` WRITE;
/*!40000 ALTER TABLE `sites` DISABLE KEYS */;
INSERT INTO `sites` VALUES (353418089,554229353,1,'F9S3ZN3US7GWGC1U37585AH8K6W582L',NULL),(353418090,4484,1,'GJ2Z4A3G0L026X0OT4738515',984087477),(353418091,563351310,0,'DGMM71K38ANRQO73X63F1B2I3',3918479266),(353418092,201154881,0,'84P2HU',3368734855),(353418093,1464440946,0,'2',1413584206),(782914819,1045253748,0,'0S7CFEVJV70010HM323H39US0UI64ZM0Z30JPF46HY81LTJBY4E5LXM354H96LK2KMI4Y6L456875T9Q353I41A1P8ZVPZWXJE',984087474),(782914820,1918228289,0,'664M813BWJJ73L50YWK20D',2939238128),(782914821,4,0,'BRIBK8EQ8NHMI950L06LUC3645246854EHH9494O7C15B8R7EYC91SJ2X4GR2M',4294967295),(782914822,1516092710,0,'G09PJ67J8MM456E35OR',3488982541),(782914823,1797276031,0,'5TEJ9L5LI2',1794261590),(1216052241,2,1,'1M8173WMPFZQ9JR31792Q9CXY9TXQMDO4552HGBH25889',3368734856),(1216052242,6393,1,'Z0422LW8S4LU8S5HJZC4Z4',3488982542),(1216052243,646168377,0,'8I44Z74LA4',3368734860),(1216052244,215114132,0,'QBHL3Z3U29M6PS9OP5MQCH862OZ8W69U2UYL9M4IA7G6411P397WTF99AE15QCEKY61964R17993P6U23',1794261588),(1216052245,704313143,0,'28E313PA9XAQ9PQWP6S10352U45',3488982540),(1216052246,1054520759,0,'7837G42UY226R4S00G33G1',2223758318),(1645548971,5516493,0,'LPUWUQO49266U4P5OUU871952531AQ3IWY11T736E4YU4NDL71K5418VOQ213Q9XO0CF68',NULL),(1645548972,340403577,0,'9OTB851P5F2E6YR25S9B61W0YZ2EHM75RQ57X86384N',984087476),(1645548973,44,1,'B55I9012FEEK478U5',2),(1645548974,251383480,1,'O9X5R6OQE00BTZ6367ZV4L8V6TDH30CZ9093PR507',2939238128),(1645548975,1487449654,1,'YNM13X35XRD873T6TD0DO719TA6JC51V7TBC18U4N2Y8SFHNZGD22',2939238130),(1645548976,8009,1,'7FTH05HZM39ULO757UIYP0373BST8Q3KF23V337X7LTH0THI1AQ51G0921',3918479270),(1858819122,182812592,0,'17PT8V06RT8G1FFA0CLM9G3R3F447C',984087476),(1858819123,2097790947,1,'Z8852SCN',1794261589),(1858819124,1614723311,0,'05534R55IBOI50EPN4TKT',3488982543),(1858819125,1147903509,0,'8EMDJJ6D17B0DTOC7O370WN43KNXH94VRNA0',3488982543),(2288315853,2121578150,0,'ZWHJH34XY93KG78F8D57',NULL),(2288315854,1,1,'6Y06W0JIL135J0',3488982544),(2288315855,2041317647,1,'G43X7KS3LOE9W777R16848U1',2939238130),(2759456303,3693,0,'24QH7298HB85L5867FL8998XXY3C04E4D4',3918479269),(2759456304,1172750198,1,'D1PN81OML83N5M3DD5GJ4FKWEJ3E885RG337959TUD90M',2939238127),(2759456305,5,0,'3JDF61403O56Q9DWQ229F271T9ZR21OHT4GQ9S2G69TLEOP01EQK02L218PESJJVTK19M9ZYT',1794261586),(2759456306,319586784,1,'8Q4EVI3XY33V2Z0A62G50974',3368734861),(2759456307,0,0,'R515YTH89706VGK87I52HQL56WU4999Q0FZEU4I5',429496734),(2759456308,1850951244,1,'ZKYI9B27V53',984087475),(3188953033,835876431,0,'429E6HFMI52Y7B9064NH1BS9771B9AMXC17IS5S0JN',3368734856),(3188953034,1222042248,0,'537348DH377OD9C48',NULL),(3188953035,13,1,'0WPFDRGM8Q2Z0P',984087476),(3188953036,12,0,'8',3),(3188953037,616,0,'8G6WGW5AWPR78356R7MU5028KL5WFDQD24I31HL09OT34W29P1',2939238129),(3188953038,721903780,1,'GH3Z98EO66',3918479267),(3188953039,1720889311,1,'GYJEX4AQSE599YE2F5ZBPC45DVSYW9OBUELFM681SVNJ868',3368734855),(3441948489,957,1,'A0NPPU',3488982541),(3441948490,8665142,0,'4RLPCCC8R8B',3368734860),(3441948491,8800,1,'XQK4B',3488982540),(3441948492,634385851,0,'6Y75940F1OQ',4294967295),(3871445215,8877,0,'UHWAY5WZAGNB44WB5GKZ801Z3AJR',NULL),(3871445216,639,1,'9MW0X3DI5PBOY6V1749CKL59GCV3AP1',1413584205),(3871445217,464860808,0,'F8I9X5A75TB58QQQ9O20869R9R93MOHG1',3918479270),(4294967295,67,0,'9',3488982543);
/*!40000 ALTER TABLE `sites` ENABLE KEYS */;
UNLOCK TABLES;

--
-- Dumping data for table `sitesearchindexattributes`
--

LOCK TABLES `sitesearchindexattributes` WRITE;
/*!40000 ALTER TABLE `sitesearchindexattributes` DISABLE KEYS */;
INSERT INTO `sitesearchindexattributes` VALUES (353418089),(353418090),(353418091),(353418092),(353418093),(782914819),(782914820),(782914821),(782914822),(782914823),(1216052241),(1216052242),(1216052243),(1216052244),(1216052245),(1216052246),(1645548971),(1645548972),(1645548973),(1645548974),(1645548975),(1645548976),(1858819122),(1858819123),(1858819124),(1858819125),(2288315853),(2288315854),(2288315855),(2759456303),(2759456304),(2759456305),(2759456306),(2759456307),(2759456308),(3188953033),(3188953034),(3188953035),(3188953036),(3188953037),(3188953038),(3188953039),(3441948489),(3441948490),(3441948491),(3441948492),(3871445215),(3871445216),(3871445217),(4294967295);
/*!40000 ALTER TABLE `sitesearchindexattributes` ENABLE KEYS */;
UNLOCK TABLES;

--
-- Dumping data for table `sitetrees`
--

LOCK TABLES `sitetrees` WRITE;
/*!40000 ALTER TABLE `sitetrees` DISABLE KEYS */;
INSERT INTO `sitetrees` VALUES (3365093,102321890,'RI7P0974S3MCG8ER5E6AM89RA62P3U7683QV78U6653'),(3365094,2131035745,''),(3365095,8880,'JJ8M298P274O9VU31468K7JHKYE3YBCT4X0U69CLY0008KVP4K8CL3Z0B5J6G8NCQD7T589Y05U3'),(3365096,1009716074,'G'),(3365097,9896,'ASF094XOXHX16090Z'),(432861824,1355925484,'712QO93AN7SF87'),(432861825,1547713769,'MSY7MC0ED655R1JO8X19O3489JH86N27I6L6LBW4BXQEE2T38QPD322LZV663OM78RGV345'),(432861826,571501022,'50WCD495'),(432861827,163,'3X9QJR4NKQJ6CF86D3U5M54031VEL0142U2ZQ1'),(1176342770,1946449836,'HH4V59'),(1176342771,1861963075,''),(1176342772,1301809007,'ZHM5N811J53IYQ715WJ71DJ9J9Q'),(1176342773,384,'UFR4U91401I343731408D12W4YW0F5025ZVJTWB0JOUQKNF51HB0C5T'),(1605839500,907954177,''),(1605839501,707345294,'QR2ZZN1J3MPP1B3OL84MX3V058UAV7Y03DYO8946HK7966XK0S17XI0950WRQ5'),(1605839502,1402939885,'3356Y3547L33XEAVPK0Y01PYQ50254WC6054G9YWIA7IOV006PS31FZFM278M7'),(1605839503,1749362430,''),(1605839504,92,'6KW3U0'),(2071847872,1010276067,'J1U2T54GZ7403DXX'),(2071847873,314935364,''),(2071847874,15,'998BE2924ZU9V3F'),(2071847875,343,'0'),(2071847876,419447134,'81W6'),(2501344603,1725554457,''),(2501344604,35,'5AS52OP9416'),(2501344605,1843156554,'Q01EA0O2SKY6L77'),(2501344606,4837,'M026T6WE0VJ1P63112IKPTDG14329ZE0QFC2P276P5UUT907H6X94MO'),(2952869015,766707575,'OSS6U3XM6JHKYIC0FIP23IB295Y9152I2931XVSRB2KZ'),(2952869016,1901707600,'68'),(2952869017,20,'J'),(2952869018,1728235969,'ZG850'),(3382365746,185497390,'NPVPU5D315FP746GFZ3901'),(3382365747,87,'FJ4YYG8XMI2ZMKCN6U14LI768IG22P4048NU1G1CJ1P4PHR8I0H133LH5F87V382TJF3Z24RA8ED0F4TC3LTEM'),(3382365748,2126035038,'8457106K2N040A6EJQ30Q82ZKT560OQHY'),(3382365749,1630021710,'8I27IE39V61JUJY33IF4NC72439G98692NG6L5T91Y8H4EZ54Q5WO4G1G8U2Y5Z4HNJKAB6KAET'),(3551945065,55894633,'1K6014I2D20SL2Z46'),(3551945066,859,'A6XVCHVFP50M2'),(3551945067,21467486,'EWVS087C0OQ22D'),(3551945068,9291,'RX9N23G50X8A2HZH'),(3551945069,723765892,'KN7'),(3551945070,68,'5347IXXBN'),(3551945071,92796138,'A7LA270415OKS'),(3981441791,1126827302,'5T97N0O752S36TV4'),(3981441792,1291,''),(3981441793,17,'D41256I427KNRR560FWR42ZK80JW2G8LW9780HHE7M6Q26320GWU'),(3981441794,2608,''),(3981441795,733,'8748J2US6CQCE341CR19U'),(3981441796,788748169,''),(3981441797,5667,'F35'),(4294967295,1780000966,'20W');
/*!40000 ALTER TABLE `sitetrees` ENABLE KEYS */;
UNLOCK TABLES;

--
-- Dumping data for table `sitetreetrees`
--

LOCK TABLES `sitetreetrees` WRITE;
/*!40000 ALTER TABLE `sitetreetrees` DISABLE KEYS */;
INSERT INTO `sitetreetrees` VALUES (NULL,2501344604),(104327182,432861827),(104327183,3551945070),(104327184,1176342770),(104327185,1176342771),(533823912,3551945065),(533823913,2952869015),(533823914,2952869016),(533823915,3981441796),(1268998002,3981441793),(1268998003,432861825),(1268998004,1605839504),(1268998005,3365093),(1698494733,3981441792),(1698494734,2071847876),(1698494735,3551945071),(1698494736,2071847875),(2004277483,3365095),(2004277485,3551945069),(2004277486,2952869018),(2433774213,3981441791),(2433774214,1605839500),(2433774215,3551945067),(2433774216,3551945068),(2644738842,432861824),(2644738843,1605839503),(2644738844,3382365748),(2644738845,4294967295),(2644738846,2501344606),(2644738847,3382365749),(2644738848,2501344605),(2644738849,1176342772),(3074235573,3981441794),(3074235574,2071847872),(3074235575,2501344603),(3074235576,432861826),(3074235577,3981441797),(3074235578,3382365747),(3074235579,3365097),(3581605851,3981441795),(3581605852,2071847873),(3581605853,3551945066),(3581605854,3382365746),(3581605855,3365096),(4011102577,1605839501),(4011102578,2071847874),(4011102579,3365094),(4011102580,1605839502),(4011102581,1176342773),(4294967295,2952869017);
/*!40000 ALTER TABLE `sitetreetrees` ENABLE KEYS */;
UNLOCK TABLES;

--
-- Dumping data for table `sitetypes`
--

LOCK TABLES `sitetypes` WRITE;
/*!40000 ALTER TABLE `sitetypes` DISABLE KEYS */;
INSERT INTO `sitetypes` VALUES (2,'E0X14THU30','452',2050677870,1082026816,NULL),(3,'06ZJ7','NLE5P',249422639,2143475141,188767418),(4,'3O1LS867RL1Q971A7Q3Q','3X36Q1P',184,5439,2310162805),(429496733,'J5MEA2VO747U88UV1','06EBO',184,2044841107,1655609917),(429496734,'7X','7L4S62RBP41H3M1QSI59C81P2FV4132U0ZXWCUMB644QX455J708UD3087QF0OG8056O19TUF96ZH72S45',7,618654872,1880666079),(429496735,'RCA05E5MN2','P718UYKH6UPKW91A46M1UFX8UL2Z164E9I5HP',150,1384799500,1880666076),(984087474,'W92K4V8RVHSV7G499021X77H8AZRI0BC0A0ISYN678NP2E0042F','58BIP7O',1942255702,980754661,NULL),(984087475,'O9UDF47G8JZG7R8N5CI3I9TMJ4696AP9QW1397FR36NH8KCM5PD8N20J684K0IGS90O64TP998382EFEMCU7PK5N379BKH','M4OF',20,4872,1880666075),(984087476,'3AY6104SFB8I07214V83802Y3QY8FS4CXH5XS9','KCPW5447E4M2V93P6L2T08228O7Q819I19BB517K',56,473701636,NULL),(984087477,'V80YT2O0','89YGO69281LKGV6L37ZC64Z',4,404106029,1880666078),(1413584205,'NGU13Q','KBZ39BX0OJP1216SJ5S861',509238032,1480515269,2310162809),(1413584206,'58F62JJ1MLV9G59AT7A9CRU8WJ54KNP6R1T','1O27U6CBW7PI',114585832,524,3764914231),(1413584207,'605GLS4PU39A138B087Q61F','9T53318GUUC5G9415079R417KMJVV781WDY27K3JZEA170MNLHQ9V',1546275254,1757508675,1655609915),(1413584208,'C0T5485V93I4BIV49VE3EBFL0','TWO3S1R490W031FGN3749',127,35995365,1880666078),(1794261586,'XLVI135JHD4L1T43H','RL010P4',1950339290,982877167,2701803394),(1794261587,'RA61LU303G2P1D286J6X1B24','L266BD5X0612G952VXXJ2B63651HP47IY75LO33VMH614R97T3TZ',1705236705,4292,2310162806),(1794261588,'E9S117809JQJ2V45R','18BOUW',69,877807665,1655609914),(1794261589,'M92MUWN17N1TPRBSMRL2T','1W52DXMF15HY48841T93UUYE255QLWUQ8Q9QYYI13XYUM9',190486444,64,2310162807),(1794261590,'T474M023CX3C53A3B330','8KTKCOQCB262GA112K3T',1710550166,1903883392,188767420),(2223758316,'IW3','ZDW9',823748180,684745900,1880666078),(2223758317,'4QHCK565141178H7G871D1E3K88JPN0R5DVEK7P46GQOYDAA0','2V3BR507F5U2Z9M',1878847772,705,3764914234),(2223758318,'JSC71WQ36978734H6D25DCDM1N12U8SAYMB8T279S5J8F7IY','51139XAL6',2050434770,107823046,4194410959),(2223758319,'V30115XFDBTP7QNA731CCU15X5VH7032H572R19FA9533RY8JYIX315I9A44N1','45D1BI3OTPK29VOZ1BCKQEO4M9BDV14YYK6783QY3BAG',14544354,159141698,3764914232),(2223758320,'GN6H07E2LP0MJ85C6687Z9T1V0772SWE16468','L02405OMEM',1285493062,1606669852,1226113188),(2939238125,'P8CS3C8U3373T7T5ZD0XV75A101C2O0U1YW349I7U49RRSC14883MY09567YJZNBNFA1E4A9HA758R188NVH79','8C7G1CE55LK5XC72KKG79B',1710,2043836041,2310162809),(2939238126,'Q66RE05Y3T0I11TU8XN13U7I1D95882D5L25189509WGX9','9UDHJ444094046L05482',1720426300,1415430084,1226113189),(2939238127,'03AOQF17D8P7MIP69U65KQH7E3Q98H080IY8B8B39L5DV4627YKW56682QGN','4L4HP783YK',60829620,1801307600,2310162806),(2939238128,'9MN','F4KQ328UA68D08610T1YIM36026105373E2SR9472',1639301721,9,1655609919),(2939238129,'6WNS2B80H5M40II13DO27F0VA4B77OVA69','5A2BY',1464748466,529710677,3131300124),(2939238130,'X0Y','CY3V15',7258,1106667279,2701803392),(2939238131,'2ZX188WL50K509','70K5HT85525FVZ769OGFVX5TN9H0105U8H3F9A049LQ4E3J6H3R16FBDV66W89861B6D0BC18XT75CN',857136310,18,3764914232),(3368734855,'4Q13','N4SM49Z512139WV1',2,349973253,1655609915),(3368734856,'4VP2T9J7CCT43BNWH43','J32D28',8,1242808915,1226113184),(3368734857,'257PN1C59B10UY1V5FU17TNH34G04S5D4W43XNOY1VGNOSP5','6802FD855K0VG5H0Y47XS866S64GG2',1941548178,58,NULL),(3368734858,'597UZ952738F2GU9NLF5627V3AAX0GU017C3116NA4K45L75QY9X8','G71',1723520105,1542749720,1880666080),(3368734859,'A4N4U5C3170HUWWE3YJ3AAOVQZ3ICOBNTJ3H4NK8VXX7P7YSJ5SY3UL0M1CT7P2QF72H5LDF118156','CF39J3YCEBAX3UQYZ4925I60ZX817H1XC0TQWW5FRO04AFLO6470W001R5',2066716277,314046700,1226113186),(3368734860,'P56890QVTGN5Z2','T5P6XT3J',1167172043,2039929229,188767421),(3368734861,'4O8080RPV054MQ4JR3BQZQ7K9MGKQIIK5UHM8G6356E98Y33332P','A1YE0Y',13,5,1226113187),(3368734862,'Y6LU','9PZ',636426101,1753500169,2310162807),(3488982540,'06D9E0UJ9UDY3AD4JO94Y6X7RP3BHZJ633K9U32L4EMBDLSNTRM7B46711901MDCD5AXBL0UF0A62Z057Y77732J81XCYA725P00FARE1TQ4K1276GE4IE168Y3C5P552VYE8J38TNBQAH110YL9DO82H8V162YC357R903W3Q654A37E8UN7273D3I8KF479HR9YU2B0ZT413QD484644VJA9HC5UUO8J6X93979TZ4T86207UP11DH9M515UN','CM355M341',142,1060958874,4194410956),(3488982541,'4JN43O3O3UO1W2PEVQZK9EODXBLL3T1W6798441P7J3','M4ZG6980QF59S1Z52NM8RW029661I81H369',1642752735,558063015,3131300123),(3488982542,'L2S6WIG8776GZ62Y76B4HD2OB2Y45X2M62W3Y5WRA611LAG53SJR','XKRNN5ROP8NNY3L33',804419896,9,2310162810),(3488982543,'W2OV551F3DBQ03NWAO2S5J0F','V55J83695QC3C3711K7UND2XN61KDI3G0O',2098296359,6,188767422),(3488982544,'BO641X4SKFG04X','6UW2Q9H780P83N9MYBH6Y6CBJQ4OU66G57JMA275B486OF193R364V6F02JS0SDQ18RP7',1006924439,1934216585,618264150),(3918479266,'HZAV0486EGV1011G3AI7AFLB8A2','06L',1251807032,7,1655609916),(3918479267,'3B04UR','SF1R8AC416P8P286E8Z2UCP88CQ1VZ8V17P7PENQVF60BA10MJ80ZT73JNU8W07D7B004N3OB0DS93ZI8NRBO9E9K9FWXNRS8WIAL622BU4SMPNSF1NO9V',367147533,769795186,4194410956),(3918479268,'4S28124836HG60N33A354JVWD4YORJ4O0I3XF4O0S9CG9U306CDL5XODEQ7R2814ON3S428CUJG614MZC715J3AY0FNNP8NKBJ7WW7FWT2EY48H6174EAD2LUL592IJ8V832192CYLQ318B3561H4','1OU2499C264438J1',2649,1678028357,2701803393),(3918479269,'Y17W3N4F59ZY8J5BW3F148BBCJP41A1JX262K','826NT5A5H49NG3923F3349B083C58Q',61,78,618264151),(3918479270,'I2857HH77139OYGDEPM1055','39QX463J0S506192Q058V1B5032C23X0V4IGUE8U6E64RK42A77V5LW6HBZ499',1009671917,1722520278,NULL),(4294967295,'1PXFOASIP7SWP45MUJW69V','I',4,484163324,3764914231);
/*!40000 ALTER TABLE `sitetypes` ENABLE KEYS */;
UNLOCK TABLES;

--
-- Dumping data for table `sociallinks`
--

LOCK TABLES `sociallinks` WRITE;
/*!40000 ALTER TABLE `sociallinks` DISABLE KEYS */;
INSERT INTO `sociallinks` VALUES ('EH26B9JR7RP7K73CNM7B5MKXAZT8I8M4','40BZSOQ4YHV51962WP6PTDB0867Z0JY2959XYGE24YMJ',908751,3188953038),('OZ93I1384Z949VC4912M4D2ECT40NZ1B2PE35D','GVBO2',908752,2759456303),('22SYJBK80E03M4','D7P',908753,1216052245),('0PI','14B0R8092D4TG',908754,NULL),('EZ8TY9N8K','3N43E74',1908751,1858819124),('08JWJ3','Q06DY9',1908752,353418089),('0LYC','107W464I4JA0PCKN8CE6O32F43B83KXH',1908753,3871445215),('01D4','F4X9ITVM62PW6P61NRSRA5SM72KA6L8V69LS8LYSWS04I',1908754,1858819125),('9TFW887H9302','569BB6PK4P06',2644858,782914820),('M8ZZ94B0GN80QH45F8XS4W495AY5','D117U3RKJG',2644859,3188953034),('I4Y2X','2YM921J63',2644860,2759456308),('19UFC75K6KT018XDIYAR75','W2P',2644861,353418091),('17','SSO528EV3A0PA2A2738P4789C75T4C8B54FE56275N4YGN5NV005P66',2644862,3188953038),('41VS7182B795IJU9G4D271A67A3P754UN365846930I5IA8ZZ12','TV9L7K7V68S4IR',2644863,782914820),('8B1VTY1Z8EUY81H743X1PR7SDWPD9','6N7CC57HU69556FMK93GK1',3644859,3441948490),('757TNBRL89B948V1XJ5GQ5V','CC6K20778027T1VZA9MTVD447SVA8SWBNH62MMP4M2M63M0SBJR',3644860,353418091),('407ZLABJ6XX1718B86UT69X185T9LEG5316075XF5IAJM5VRRO92ZO0SZAWJ5B0M','',3644861,1645548973),('R2XF2K1H64BRZD0QO14UZP16523I04C50RV72N0H4M74DUUV260WV6Q9O57M47U8NI27E6FLN7S727Y329V3EU89D86I1X7','FBH3B20OZLFFB6274IF2RN4UL393W2LOJ8C5IDSI',3644862,782914823),('Y679WO7H3DPCHG93F3','1KQR8735JO8P',3644863,2759456308),('VEM','',4777393,3441948490),('','1INN79Z1PPA',4777394,NULL),('','9W0I667SKF2V3M40P9BG7Y36R7F6U213K',4777395,NULL),('S225JE47PQZB50NL971T701','TG9BU4Y3QJ9L8Y97H9H',4777396,1645548972),('D4S2J9L884C2H7TE9Z6B0G2K1U5HS0B53D45M80V6RFN8RS144KUG4HE58MDWSL364I7F3VY2','47M5',5777394,1858819124),('DV49YAXWE53E372M07LN','S105P105H60C11KFY928598ELDS04950894CJ1XAG88MMBB2',5777395,1216052246),('JBKPTY4K00JV9MG5FH34O1R01M0U3GTATXU1V8R0PR7Y7WZA86NFN7TVYM2L2LN6Z5NN4KVHF15263E1QJ8491VSE6006X4P0FT928JL','6456P3Z0QX6GG',5777396,3871445217),('I18USOW2KO5W60DI41KI85RPOTRM8267','L8',5777397,NULL),('7','0EZI5726NL9VL',6912426,3188953033),('Y4DPMAM61ABR112XTM0US47U8S14YMV75LA229KZ43Z9ZS4J270G9U9HNS7WPBJM13F32O11','TL1O',6912427,353418090),('C8Y5T8F8Z36TQWPQ1','G9LF5S8B87OM40JGF547F7MK39052G',6912428,1858819125),('865DTZI4601CD2Q','AI17NHQ88H5M6X8UK96WNMAP2GZC991H328UAQ8',6912429,2759456308),('NUC61I','U758QKVS3O4D',6912430,3188953034),('13F4K6IYJOUR7X19KSEM852Z5P8B','6O3X5997U4C3398Q1AH8T0W0V455C1JY6AFBM20LK14663ERZ3N7E9PR01326WVWNWFWEN4',6912431,2759456303),('61QYDYTJ5N6N9X6DLP84712ZFRX0RDJ','19965577K97YU86NW027E65R5964LJ7XPSDR',7912426,782914822),('','91',7912427,NULL),('6Q29931126INQ8GK3559FDTUSD72WK','21F8D04794818X47RJ65D14RGF5GD99T322N2B6V41KWAH68UGJHJE5Q3',7912428,2759456307),('70S8S6NBNYF7IXHFQ','FO9FJS9K',7912429,1858819125),('92V1D241154DBA7NJH19V5SADQGPWJBW1L2M9F8A01N03VYJ','',7912430,1645548975),('92F588NB739377A5616TY9','ETB3MW0Y6UUWXT064K8NKXTTG0D6DW2WL6Y23E8DB70VOBNTC22LP1L12U0249V6K5RMZ6A30HR3JNW53D4072',7912431,2288315853),('LI447O2738ZKXXNA9635F','5LU4VE4XTDLC2528G1BHAMXNJEL73DFAQELI23MNO1CP5642E3920L1FDA013',7912432,782914819),('B7MYPSM566194NBBZO00K6EQ9G07492N39G64D6S5Q6C8Q','O48I21418U042O8863JOGY4CBPL18GG94U0P885GZEP0J1N91WC1N10XWS',8335262,3441948491),('XXTJTC8I21CVT48H1U33301NT4S50HL06215A3R5462933CEOUDUKY2HP576O767OP17','2TD9J51304DJCO59R00MX4Q7P0WRJ20H73S77ZS1D4XF8KDO905Z7IZ6NO6P60PFB191',8335263,353418089),('3J9DZ2RDG0IK9U','57RS538T0AYF9F106',8335264,353418092),('77AD2EUSC74LW5M679G2770AX2WC45GA1J88L1SK46','5GR0QNP6',8335265,3871445216),('58L','6E3',8335266,1216052241),('K8RRG9AJZ49NEF4D28J','IFV',9335260,2288315854),('2PO11OO4DC490VJ0','M5U9DPE7US6M95T9CP49QK79873QTZT70X1CZ34V7QES6MP8PP9B9MX70Z478Y86Y71727UUA33LHPL03MFN15Z292FBS3S41125S9BFZU69JCUR99806V9D7M5SCV555FLQ3QA7AX3FPQ6T419118FQL45GIM7L4HCZH56G894O0ADA7049DQY',9335261,1216052244),('WOLZ46','XN94005VK8U9NRY0W8ZE26FT92SH7AZAPM29GB88R9E2335852WHUZPH1M2NE',9335262,3871445215),('38GT','S72',9335263,1216052244),('IQ9HNR3E3X1E2ZOB0V4S1WI0KH2VS9TK348XF54VA8OQ0QGYG201J0TDMBU0717VM487K042NNP4SLE3D6YC6317JDMLC5GA','587A14C96DL6K5X1O1R66D0T95OMF9HOL9V06J7',9335264,1645548971);
/*!40000 ALTER TABLE `sociallinks` ENABLE KEYS */;
UNLOCK TABLES;

--
-- Dumping data for table `stacks`
--

LOCK TABLES `stacks` WRITE;
/*!40000 ALTER TABLE `stacks` DISABLE KEYS */;
INSERT INTO `stacks` VALUES (498,'8XPSFFN7XK6VA523H9',3720,902797174,1872355417),(499,'1185YG4FN',1514111438,58,1899347232),(500,'3',455053858,134,828),(501,'6G0AYZNDL83M6D',1642800295,61,704030272),(429497229,'I7J12915I4PQGA4O4499WBVZ1RLI9MFZ6C2',2025347762,8886,1076100661),(429497230,'JQ2DO9P5XA04VD4H6WAM46H84021Z2FF041JDSDM0W69BUT4R9D4EW604O6J19R5574G0049K5GCP8WP8WF74S0J04C580E801C1L4SV02H7360RM',169677064,9,1497427503),(429497231,'',202,2,1447575664),(1207824342,'RM8Y5WZT1M5M705R4C7H813R2PX8NUK7F0ZM0O80331CKK8',1637632135,1574723362,108811146),(1207824343,'S09GDFX',994118488,1818484638,1440359653),(1207824344,'89EX54BA876V2FN6H2RI17YX44U36K5GR23G6RKIIIC214H7ZJ6FQW19I0G73',718700518,107900893,856684140),(1207824345,'',1971202255,9,1027676579),(1207824346,'1639TQK51TTTIAV252R190L185NP1',240714682,868327069,1459167618),(1207824347,'3T623CIE4JM19T0P3X70YB8IQJ36ZCGI9HS17P4O32518334PP718S055S8Z07BMS1O192NJVMH05O13QW56M2Y6XD500IP2RGD59EK5HI8FQS2PWG29C6HWX84332KM50P62J3U8Y9E447BOI9R7IZ341AC5K13N9',1419200230,1898618528,1297434555),(1637321072,'9VUM4B0A73WGHDLLKW703AFO74846PV604TYUPJG7QRR2XCFF5I225L68PLA',273384409,339034089,2),(1637321073,'48VQJ82S16F0639HTC815LT00Q519T70GO0128',6499,668,40),(1637321074,'9Y8WBUOL915S267K5OG3LAD2GG9G5BF',1682502634,299,2841),(1637321075,'NYNL4D41U0GZ74I4SOH09NWC90Y',2140879319,1017606562,377620435),(1637321076,'7S1220E69J9818E3PG8Q1C01X658X4333785FCVY4OIN0K589V',579271052,1557874754,3068),(1637321077,'',100918990,399,2106204307),(1890767677,'GN74Y31030R20K68VH0LY3IS59Q0H6R1D7CJ6N2ZQFG18G9X2L1R1CLC0QH',1387620133,1879104128,431235900),(1890767678,'78E421JIY3OH3TMYCEWYXJ1ENF0E13FCJ1U81XLS452JT8LK0H3JD6A24U6UE6NOIKV32',9,1728976752,616270108),(1890767679,'KG4M46ZA8MF4ILZ8391664R768G14T',2038587339,0,30105136),(1890767680,'59203UMS5235U3YS86102265828U934QIL65S0B3E',11,994058156,1289671502),(1890767681,'810534U8J89TPCG9GE97G',1866684533,470,679340453),(2320264407,'M65VB79FROI6H7LV9M4DO0EOMHP',9,1533474975,504172749),(2320264408,'EL80G4HG1PGJ0GC611',1367436093,1083764790,9067),(2320264409,'47BH70W597U0E0A376Z68RBN26AC2X',50011432,1258631944,1849278069),(2320264410,'Y8PLV827B9VGFQF2HK12YL7TY7DET840JJ8897P5C7W49Y3X2VHI1OA03PSU613N85WMY7077373R4GQ534SOV2FY6B8N00E5IVIRQ3D3S',1,573211397,738511924),(2320264411,'86CR73G745RD9P8025Y3K8R2TVP28S84PWI63XT93LQ87WMBH1NT3',847514214,419458832,797823106),(2692774066,'2Y9BFOK48YRPF0H8P75Y55FJI9T6EH2SF373WJ978E0S317SP',349041109,1845912894,71),(2692774067,'6547UP39VEG330',87,24841699,1441449209),(2692774068,'KX26LZPB675',1352072727,2141649364,1104820555),(2692774069,'F',9038,1194302966,20),(2692774070,'9R3D',3374,1012822184,190981509),(3122270796,'9BT',74,1836758973,340),(3122270797,'',1999719527,1399977743,6304),(3122270798,'4124X70167U2I4XEGL9LC162BOCZZ3JM',2026512702,807121885,969047039),(3122270799,'092D8G',1495399389,50950704,196355225),(3122270800,'9UN70OQVL018W89F0MS9S255233U5VEB871J49417375GE089',1922613406,7862,16),(3122270801,'040CEKJW1M96HZS5N4828212R6Z1X5',4585,871440325,799791654),(3521740587,'C31RH35ULCGR5455845',1554633181,708381355,2141043440),(3521740588,'2PYBHG2FUP2Q1SHC6OSYG7ZK6S3VVMV4YKE89A49Q8CVBH315XT6T89JW220C5449ALPWZ74N5V5RCE8MV3J328OAMD5BU8U84DPGX08',3,1327722406,1439274400),(3521740589,'GI440VO00394',880,73549846,1273685032),(3521740590,'V4EXZL7F0E8SVX6',1282031600,5,666929907),(3521740591,'',0,7,350914289),(3951237313,'XT',24,1842267246,1528155866),(3951237314,'Q198N7V499S0J40RL15Z53FD6FO303O48Q83G8P',737531074,493,80580202),(3951237315,'XA9OXP9U0PMN60XBOGYSQV34D7740N',843147520,4167,1572136147),(3951237316,'23124SWP',726293440,662,64),(4294967295,'3WS',993967327,1858681284,1480003009);
/*!40000 ALTER TABLE `stacks` ENABLE KEYS */;
UNLOCK TABLES;

--
-- Dumping data for table `stackusagerecord`
--

LOCK TABLES `stackusagerecord` WRITE;
/*!40000 ALTER TABLE `stackusagerecord` DISABLE KEYS */;
INSERT INTO `stackusagerecord` VALUES (205806199,8676,1752308196,641989712),(767816228,8677,1752308198,1012719365),(205806203,8678,755514197,1227467732),(2103581470,8679,755514198,8425070),(420554565,214757042,2147483647,1898653656),(767816229,214757043,540765831,856738082),(553067865,214757044,1967056561,641989717),(930057178,538234327,360548889,2147483647),(205806200,538234328,145800525,8425067),(767816227,538234329,1611365094,223173433),(420554567,538234330,1967056559,1584054330),(1144805546,538234331,1128330807,1012719364),(420554568,538234332,755514194,1584054331),(1451238032,538234333,755514195,8425069),(930057183,538234334,1396616731,2113402021),(553067866,538234335,540765832,641989718),(2147483647,752982693,1611365093,856738078),(420554566,752982694,540765827,2113402018),(2103581467,752982695,360548892,1898653657),(930057180,752982696,913582441,1369305965),(1665986397,752982697,913582442,856738081),(930057181,752982698,1611365095,1898653658),(1144805548,752982699,540765830,1369305966),(420554569,752982700,1611365097,1012719368),(2103581466,945697913,1128330806,641989713),(930057179,945697914,360548891,1227467729),(553067862,945697915,540765829,2113402020),(1665986398,945697916,755514196,1898653659),(767816231,945697917,1752308200,856738083),(1888833104,1160446278,1967056558,2113402017),(553067861,1160446279,755514192,1227467728),(205806202,1160446280,1396616729,856738080),(1888833107,1160446281,1396616730,1227467731),(2103581469,1160446282,1128330808,1227467733),(205806201,1417899699,145800526,8425068),(930057182,1417899700,1967056560,223173434),(1665986396,1632648064,145800524,1369305964),(1144805547,1632648065,360548893,1227467730),(1888833108,1632648066,145800529,223173435),(1888833105,1745914582,360548890,856738079),(1451238031,1745914583,540765828,641989715),(553067863,1745914584,1611365096,1012719366),(767816230,1745914585,360548894,1584054332),(1888833109,1745914586,913582443,2113402022),(1144805544,1960662943,1396616728,1012719363),(1144805545,1960662944,755514193,641989714),(2103581468,1960662945,145800527,641989716),(553067864,1960662946,145800528,1012719367),(1451238033,1960662947,1752308199,1898653660),(1888833106,2147483647,1752308197,2113402019);
/*!40000 ALTER TABLE `stackusagerecord` ENABLE KEYS */;
UNLOCK TABLES;

--
-- Dumping data for table `stylecustomizercustomcssrecords`
--

LOCK TABLES `stylecustomizercustomcssrecords` WRITE;
/*!40000 ALTER TABLE `stylecustomizercustomcssrecords` DISABLE KEYS */;
INSERT INTO `stylecustomizercustomcssrecords` VALUES ('62',29097),('D6KF7VRHXI81I18WC3I',29098),('98Q022VDKG4129HU46L91',29099),('E407UN490329P5',29100),('R912',29101),('S04W0',1029097),('1M84P3SZ96CC1O',1029098),('715J',1029099),('599ZP',1029100),('FX4AZSSU66565VME4YL63AS896790O0',1029101),('7HPXI5972ME6K7HG704LO4770QX6031K9397D',2086593),('R4HBJ0Y5FS07KGNFDN6Q0IK',2086594),('1BZ12I2H03DN7P719243',2086595),('9Q121UCMB09K96TG45J6FEP0Z0V60',2086596),('44',3086594),('5I71VML4LNXV5RM9889TKO1081119K7CO0AGDEAE90O',3086595),('T434Z34MZR67199S9EME7G9L9FBDU48DOZ5LK6URDM8HFE8N5UXZ3L0CF790D812M11394B41U337FSO824340Z4HFT17L772SY7778D95W7G7CN24NFAZ0ET0820G318SDCY4PTSBE7B18VTHCP5S',3086596),('UYCLA1X44D7PL01EES9LJW444768I9GIX3HX1N8N55A6NB0DT0BFQI82Q2YE8819WA0MHZ3T1FN2J368FFYDTJ6',3086597),('45F946SO82DKQ8978YF8QSB6CV',4659916),('796CK8F2X0Y6L8O5938X29NR1VBBR784R0KMK1P',4659917),('L6K',4659918),('',4659919),('ACX6K609F36BYMN48T397TQJK9H96ADUCO28X227F3W7OJ6V2545ZKJD9WV31CA',4659920),('457Y1',4659921),('',4659922),('O0NTRH12J0A32Q4M8Y6A1FOD5PN21FEBEK',5659917),('89VV9S9B',5659918),('',5659919),('Y',5659920),('',5659921),('KLJ',5659922),('S16SA7C',6763611),('RG153',6763612),('433726H9947JLA3B5SH5079PXYU5Z72YALMNMQV2NQDDC69L2AP510XG1U8I2Y9',6763613),('7EZ47BGXM16TE6L7393V42A8HCBO4',6763614),('30B957CYGVS2092L26BA55UF5628MEM9W80Q975L02O58T22N4Y387W15KF776441',6763615),('U458Y4T909HJPYR47M5',7763612),('3',7763613),('IK74MZ9YJB',7763614),('08Y',7763615),('',8039846),('C3R894JNI1SNLOKS5487E2URI91RY',8039847),('',8039848),('X33A5P84WCO458065X01778T',8039849),('HMSXW',8039850),('9II7W8Z5IG12BA',9039843),('5WJPE2E',9039844),('LW6TT0DX3G62081FFRBS52BGQ4',9039845),('A0',9039846),('BQY',9039847);
/*!40000 ALTER TABLE `stylecustomizercustomcssrecords` ENABLE KEYS */;
UNLOCK TABLES;

--
-- Dumping data for table `stylecustomizerinlinestylepresets`
--

LOCK TABLES `stylecustomizerinlinestylepresets` WRITE;
/*!40000 ALTER TABLE `stylecustomizerinlinestylepresets` DISABLE KEYS */;
INSERT INTO `stylecustomizerinlinestylepresets` VALUES (310381833,'534UQ',259277597),(310381834,'46Y31N599R3OGJMT1X1A40CU68807J6368',7372),(310381835,'K980O86709DJGC4MA',1402747258),(310381836,'ZC4N2',1928512293),(310381837,'VC8033W050K6GZY6NWMMWLCI4KSW',1120543376),(310381838,'3I1O840PSZNZNGS155018X49778173IE6',0),(310381839,'3BQ1E949132WH32O84BSR0BUZA79957',1145381168),(739878563,'N7OJHD417880KA9G2VTA252O01Q724R866NWP3FU562492I7AEV4W3NP0',930),(739878564,'I3527ED43P51A',999),(739878565,'10L76V5ST2C3KNMZA1XF48850DAFQ1952WKWBX22XDB6CWS90XRU2CJ',1034078684),(739878566,'895X5ES8N6D4C37W18039ESR438RT',1982500168),(739878567,'90ILIS7M420V2T4WIS798S7F2W14J8D3SC914K4',223),(739878568,'W1X4P7D694726X9AKH13D259R8',1370139101),(739878569,'5450G3GF',9348),(951322938,'5T47O6PX7344XDY1',7),(951322939,'ZGR42G9278G0968E6UYUMRI',843149020),(951322940,'PHDU2679138N37V28U1V0C',360808613),(951322941,'GXV85R73MS4N4ZK8I01T650S7P70716UMOM19ZQ3U2S06',72828708),(1380819669,'T61K1Q85W478G53Z',521),(1380819670,'83L2J02644LG3O',1355109820),(1380819671,'FP7FIOZYCFAJ913M57E01GYZY4A577UTKG8I7OU2O1N0136H40Z56R',971608216),(1380819672,'66R5CQNB8P0FV8VI5T381V9S',1155117104),(1990520671,'8APA7',1620930290),(1990520672,'2QA',712997625),(1990520673,'9',1598670976),(1990520674,'C2JF3W81HV67RGKY4812XE8J376W378R3F0J7QO',1062357582),(1990520675,'L5624Y292I97QI9X0E07LHPY45N5D3FBSK1RE14LEX1Q3VLR1P416B087PMKPI8F65FJZ5Q7BRJ1W9M3PD9858L32FJ4I3043ZD5Y4C',10526103),(1990520676,'377P9CIG90',6265),(2420017401,'7LBB97JL3SU3TR5548UY34UJ5',71),(2420017402,'',365),(2420017403,'VY2U01FVGV4R24C285SE8O26GF5N358',1325),(2420017404,'0P7340IX3Y5OF6I52S23C4X36JGSK3HK80JVK0FA5587LT33',1763654455),(2420017405,'5E61O2D6E71WKQ684V04HL',1610613191),(2420017406,'0O64Y9JQ6K4UIA9LKKEQSC79763',144839423),(2420017407,'TN94NZ7IYXV3',399),(2903547656,'BZNF22R11P80U9DP59OBXZ',77),(2903547657,'SBB2B7R',600661930),(2903547658,'Y',653),(3333044386,'',788),(3333044387,'QK209',1198102799),(3333044388,'0UKKP7',41513263),(3333044389,'0K067G',269),(3602588070,'',1273397362),(3602588071,'16UFW984Q0E4JXA087Y1AZ8K600IRV42J3GS3HSSNG1V39XK36RZ746',57),(3602588072,'SJV12V18435QW8WI648VO7921HTK2RG7QB3Z5SUEI2Q2VB',761),(4032084795,'50U8GGDQS6P3I8X4606IS1315VI',308013121),(4032084796,'Q9B6ROV5076N1HK1J51',1678587147),(4032084797,'WENO',1253050038),(4032084798,'4G2',516),(4294967295,'1',2);
/*!40000 ALTER TABLE `stylecustomizerinlinestylepresets` ENABLE KEYS */;
UNLOCK TABLES;

--
-- Dumping data for table `stylecustomizerinlinestylesets`
--

LOCK TABLES `stylecustomizerinlinestylesets` WRITE;
/*!40000 ALTER TABLE `stylecustomizerinlinestylesets` DISABLE KEYS */;
INSERT INTO `stylecustomizerinlinestylesets` VALUES (628499,'YRZN7S74FJ14EPNBR4','1CA1X4KK4A0SFF','62HQ4AGOV5QF2G7JU0Z2J1HJ','6UG',2008445016,'664SM95UX6S5B28581D1UAO2M6P94436S54232554TB1GDY','6WRYL3Z7U5NU9G','1E2B51X65O3H3E3963RZ9S4MO43283E4L9D3F8AD602Q045U6HWBW945','CI3G','I','1564Z39569OL5C5W23W2CP9054O1FXKS1Q87I722J07NN7RLX6F9PR15ZB5Q0IC3W89H666W','QP9E39M87S6P0O15','HBN50S2','9BZQU6','TBL4TFFRWB63QQSLZ4OJ82WG82LCG173X1609Z6816Y8P3UWQ93Y3JOG8Q04RPJ09DM4TS8U025190Z5','R2LE30Q9962DX9V5C9IR09X86Y3G9KDOHA4',NULL,NULL,'8','26HA66WT804611ZU8','D8888KE849466NEFNJT1EK8MHX309Y888LM2798NT4I1215T8XRNC02787CUZU53S6NS8GWR01O5269','6GJ3','N0KJ0HDL0IE5P','2T6MVB3','9319J3OKWU986V4NS','1RM7F369Q9HVX19Q0Q6V18533251','O49415S529','J5BZJX914E448D3890HE0528P9658405DTLQZGLY43J61227NQG4','L0AYJR6QZB1L7K35EJYIZXEI6000ZO031A553I31YE','61PJ83TV0',1,0,1,0),(628500,'7M53M1L4C','69O588HRXI68088L5PR6','','',105570560,NULL,'','3401IE4UFK02VBM02BFWYMI812XRQH14JH690M7','74','','I3A57L7F94B579LY349ZZDL9KI9C7PSTHH70HN81KE51T559458C47I04K44BHVU445458YTF1ZP2CFF3FYOIZZFGOL486','C','P1','8454RLQ08UH9A8C8XN6ZV036O1A8243ZEWHS0DE28GR4Q27','K90NI9673SZLPMC629DU77VRY853M0I2HXKS401P85ZV94Y5Y8D2Q136ICXM14B4F39982OX12A673WNXUT7EJ3SCYSI7VL087GJ6P00006OO8U','',NULL,'1WP8L9N7S7WQ8SHZZ37ZBIM6L6N7A7RP4QRLDIX0772L5','8281DV16S32S4E22DMJPB03BL12EHD83U7432X4C44YE50F2S93WHY42V824FEPL643O37C6THC5W36N','UW3I5SO0FX6',NULL,'L4H72544O86YR5N3S1ME19GB7Y9BD0NW9I4234432565YH199Q8046OG1CBS8G69R78PS0HA8R4A187PK1120C0IC88OY9B',NULL,'','I7M33TZD8878N98120D3N8Q456','U260098QEF8UA1H655P06BZA9','','N51O2G6O6',NULL,NULL,1,1,1,0),(628501,'SL51','D0C3739289XFA','9C','T42M06A171J5M',945983652,'85V57M8','23WY9','OTVB0C','57Y7CU7MB5Q',NULL,NULL,NULL,'63UMOWOL5S48RXLP5Q0C2PL2HE28X91H8ORQT4JWL7MON',NULL,NULL,NULL,NULL,'M1IAHOGUA4218H0GE2VZY2214P5514P72NXN4X2H74120Q8KS411Q8B1ELC','75A85XDC08L73K547HLY3KQS0J42','CU69H75NJ2057B46ELZY33Q81',NULL,NULL,'IVIS8L6Z063UL2U785BGYPXET9H8M968798172242ZWF296WLDMP6GOCV339506MM86N4PMS3KAR','J7L40U','XWMCTLSKRL84P37BNJ6QY62VJ3QF9','G96QICP0CL9V3228LVDA0N9033584H1742I2P610V10WRIV59M493QRNMHQNI23O9F639Y842RV2J73J5588AWLHTEEWC4V13S21204ZMV003B73P0V9M','O5WX40JZ','','RM6Q4','',0,0,0,1),(628502,'BSF0CY','53Q10U72N83E0L27QF78B46L9LBGG9GND28NI4N4PA43CD4KA084','DF',NULL,1081712844,'','F2YY55176THIG52T8ED16J',NULL,'NYJHZ2',NULL,'','','L9Q3R5WQM4Y2B6VAAK263055797MQ6TG801FCCKVT7297K1F8ZV','BV8G78XV48C4','C1LA1PG52D8C9L9EDUAW8','PAOI02DEDCYV62M0M21AOU8IK2','','30D9D50QDYA860SRC55OCB12YA67524US336B9V5697C8372P66J9F1MYJ6','D','4D65A43P62O8Y41D801L795ZAZFR2YJI52831T366R6718R42','',NULL,'TUY3PH6XRP29P','','457IB2JTGHAIA956I1XJ26A484YR5B87E17PR2MI5V4RVNQMP9761E81U7864N4284Q1UHI715JM','48C8L0H6L3F3XI5D3',NULL,'6LOW5K',NULL,'DVPN64CE4Y281ZI5Q9KI4H561349PJ71H82PX87IR27U5P25K109TCO1D5',0,0,1,NULL),(628503,NULL,'V14','EPH63PZ59982D6498P9167CY0Z7GWBHK70GT3414RQY4L1E8','',1737621940,NULL,'7633309D81P10LUU75268D','F57V03TV2U4ZK1','J67196032981C2GLOS492ES',NULL,'M7BS4LT30AT91AF7LFP6CP0HI8FO05304CKSN6W6JR80DN24RY8S08QYV96Y59VV9TQC','6347ZE8KTWF5H12O2N85E90F8I49',NULL,NULL,'','139SQ14NIC2YBL77705HAT634UH4RH6UE72M0P6050P8LR70C7ZP6BNFL704R00UV364H1EVQ0P2ILFHOS5VGCZRA6S6X461G3EX4ZRAN34',NULL,'PW3','YK7F6','3DKIDP6',NULL,'VE4678N68O6BGWBWUG49C56UDSO0988XPYE74M0NJN178E09','135087602A94V97Y','5RDHP65497EVT6N64',NULL,'987NQ63IS9FTI5Q2A1BEHQHQNUZ632P9AXV41C','5','',NULL,'J5',0,0,1,1),(628504,'L3H5CQ','985U78OP2O2S2RYTH2PFJU5VNI685J345Q7H12AO9WKY2LP5W82J82N','476P00PNB5O5L66512B7WB','9N5AS39835BK7J7845VM50L955U6DLK58X62L74YD24HNN9N02O27355HPM2832R3G2LO6Y10V88',8,NULL,'9263Y','','99INK5JX7MH131MFL27F338R9X9PG2470V7NQVYUUT2JVWW',NULL,'DA53Q903P9H904HA391QP1802I5VTS26R9QJ6C57OG366998K9D86YKF510ZF6PS769ZL9YJZRY4QX6X0HES0R77TE8SO9TDG3T2S1LI',NULL,'9TH00N22061TO75PAZR56A7DKI99T1D43ELQK1VL621H3NJD3K3355W6Y399D9871FZO','','F9X9','89BPXN9','','W3FW37R5AU19TIGH8Y5650PQBL2','X5T3KR1','','9','8FX006CI543HD5835XD03H76KX8','','3Y6F8XYDQCQM762BE1QQN157M36Q0606','','',NULL,'53951593M49I3U948',NULL,'QO71F6SQ04599EH',1,1,0,1),(628505,NULL,'MH65AUWZBH5L0W63JZR5525B1N3W3AO7HZO327G9B32N','7H','V04N28OM',1531577654,NULL,'R3S47TG9948GP3793HJ40K2QU7S2X7D8AH33GHIRAO66271XP7B3L8DDM2US0G1QN7Y','5WX0NFE','98K739D558KCXB4G2750F4','AH5FJP','0O72LUR26G8EP2','','7','9Z232NKT8FP9230RIEN2Q8N','WP9U6E7PDJ53CDSYR9O289E78WXAI9D1CM0AEBGC23GK717EL53J2DZ19IB59ET4U0H2GGPE','4OHBP10Q0Q8X4O866SU','7ZQF31',NULL,NULL,'3BK292U5','2B631WJ183605PNYW97P1H2INSLNH6G54QZ704CD10P71Y3O03T01UHPFV6A1Q','66CR01899F8E0H7JV4SR02W669P4F9I7L19KQ8TF89GN555VQ2O1PZ4C799530H9KJ2OT2','JDKCAMD5V','',NULL,'H22',NULL,'H72K6L16O','Y58Q67GY7',NULL,0,1,1,0),(628506,'6PX5W4FH1A612258UL2F8W9IS9VQPXM2W92N6H','61QC7QQ0M6319XB1WY4QWHV6W9QDVC218FI20DR3JA426P9F0AV6','43HV','86GHAS95VSLS4S04I7LIV94464U36T2CZ3YH36QP4Y3TX0C0BP06NXS8A0S9J',305871473,'','M7O4OWZ0WXJX404CMGV22T52X7F527JF7K66TNCE5HJ3HQA66X8GAPV81B5U6XUB44S12VRNCPA4',NULL,'W3B4LJ95C8MP8P6H38Y78XPMJG3BBV5UGMJ0F4Q91XSZ5EA49984I4',NULL,NULL,'361T2UQH928G1D9J043DCT02IYTB5XFAN23','QE7AFGJ49P9PPDE99F35SRA237GQWC53DST85FT826Q6Y0OE0739981EPB2F2RD76OC5O3B93Z4W85307041VLMA7945A29S28H7CHO9283BJHO55KED42RHXXW8F01KK4ML0N93A2Z7555107V0986O8EGW1K6FJ09JZ2ZU1KTW064V1290711QA5B7VR60C044U3590R2M','','VCRAMR04RS22213N0L0N3TVE921OPOOV3XF34XF37331O3S7159570WQC341E71X56M5848JXD70FXV7FNGN5D429554GX4NCV92M0CKFU2VHJ174A65TE2',NULL,'M8CGPS1','1P33230N3FCZH94U6NEXSIRABECJW519XEYE62S260NUY4VNQUSC72H57HP7967A3QBW8V7ESL1','49729','QN3GYN37Z0DPH81U4669L93E02716WWY3FN85GL6L082R6I3I4','6989C5N234Z','65G8XUJEW0WHLJXKGT23','HW3FY3SEBL','','',NULL,NULL,'OO8',NULL,'9JCKO9',1,1,0,0),(1628500,'6J7CPE1Z7PXGZ697SGYP','','',NULL,3,'8N8EXC2FE335GFJJ5J2','','IZ8','7Y9HL2NI259000TGL8W17BGISU61HE6Q45QRM352G16770045A67P7G3B69B8H1DVNZD3',NULL,'','SNI1QCBQDPF','OU4064292X','U8','693T8S10IK4DGNWQP1W010Q9SU7L6D9',NULL,'','','9GHZE0ZF6HU5TW4P09R','Z2EJ7389FMKUN16Z4647OY79PY8AU5UESS5X1Y2C7F973N1E4QK331L','2P8072F94B0C6E2OAL2O07958',NULL,NULL,NULL,'0SBKX09X','',NULL,'','9Z7ANMC2G3916CRO89GY029','5',1,0,0,0),(1628501,'','18','S17MRB397Y66QYA90A9SKMRFUI3CJJ35O621993FS86ME6J9X','136',257,'JIUAUJ90861ZNN9','U','F75GU2IO5','411791N9','86920XWVE6H0N','EJEM6NR426N89Y','W95YU44XM','','9F63MX7R3031','27FZ','WZEP0D8B249ZZB22P6E7ET58IH','',NULL,'BXG9OAF15','2I67BPF','','B90188TRP006BUF611B0O','','4A19OS8X2X8ASH708DT586XCE8915A353Y9TX01Q8L45LN35O','16J1C2VICO0G64VKM958S5MWJ65P5B57G7615LI75PEXAFZ29RT69H91','1N68T','5QXQC67K983P7K5F542PO7224A63','R33359T74CP4E',NULL,'67UA83X70M12X113DDBDB6NPG5K3I169M4SBGZ8OEET41U6G36I59FW443145C5G032GN9ULJ07P2HIE7U0Q0326166YQA0BZ88D31FMXNY90M499K8ZXE4B963OOG1Y2V87WB2732WUF32DPZ03SGPM1T6ZWPV9MHF8690V5QP00JGUTBZ0925LF191YEEWFV2528432H7Q8',1,0,1,0),(1628502,'9G68T23HLHL6Y5464PPD1M231LFAC0ON81OPB','WH3O014C41PGN5SZ39PJH67CCFLBM194893YDOE6S3JQ6KDT518B883','M6Y07874828N','JEATQURSZARO71V84NNKL031RBH',2496,NULL,'3KM2B','QL3A98603OJX2H2T3ND','158KVW069C028Q','T4G41NKCCZ84F1295XA683WPBO0KJVW3DX4WA55UY1KE211NJ89R6QI7P469EIIA945KRI3',NULL,NULL,'MD3WM','','23P56JY39S0K432JHXP950Y53JA8MV630EBJW6CVW2SD0C1SJH6KC48W110OANT0N2HJ12G4I3J6F85A6YC18',NULL,NULL,'3913UGV','346FPOH4E1NTHS13V0K13DWBGM77VM','4QS004N52S','ISK9S8645O','U2QHYS4K78SX9P1KE0Z35URRXZC83V5VJX9VMZ1COR749','9T373IQCOGC873A8B1J1U1A8LNR06633B889EMS0C3YB6G3C5OFKASNI75X7ZJKI8H734FJ146678T6G11WN62C25J',NULL,'7H53RTT3E2X6BVW247TJS4X1OYV58VQO40153NB1','D9WK7291C64075W2LBY5ZMVSU1IV7P4GMM39G1PVRJVSO1117TW','3L06MF2L5NG2M690428U4RBV9V6T15G20S71KG60E803V5999OB8HX29K','39TY9Q329BB6FV4V46O137FA2OFIZ06TK0K4FY3PWJ8I8Z0ZIODAPDX9Y9A84FTTLLZQ7A1N6H227','','',1,1,0,0),(1628503,'5560PE1020W7B2FXF0G27VVB9VJ17BMPHTM','2N3O6BX2','T1MCUY220DHQZ499','58T89883OQS',991904897,'7LB30IO','89K0',NULL,'','','81F78V','V57KD176VLY8929','N790KWP3P7NW9E601739VM',NULL,'0KDF5UN5QMNEAEX','RSK5','',NULL,'Z40IA8G619GZ5Q',NULL,'9UZN93EJOS0149HEXH27WW7FI0R8IJ2VK49E642KSL6V34B04F9UZ19980N6W554SQW7YASMLF1GGRQ198O2PI7B11DHQT','9NT3R9QJK4328036L3E8P6E68854YYY9IVC4Z','Y',NULL,NULL,NULL,NULL,'O437','','3U1BA336D210',0,0,0,0),(1628504,'','07I3A7Q0155LT2W616GQ6112663XJ84','63U4WT',NULL,465727010,'','','57','94GR7J4UOF289A60B9U61D0K4UQUURP3YSZM0L1U20QF0WNDHA5K5MNFAZL91CK36467Z7XMR4Z10E9ANIFV4P37W0D7X2863992XI3T11172F3525','LNCG4GNY4H39ZIL11LXF','WFY47I1RY0I61ZNA425Y6Q96L97M9D9O9VV559BD62436VMGDJ72Z6KOSQ15','1FE5KWF666H8I4HHP544475','',NULL,'','W5DF80','DH18RWNJ82TFOA77Z','','A89GO88SWOR5B133N52R31','CDPVL9M6U9C1AG7F0VK43','7W9US816WTLQ63','411A4685O2984QT6',NULL,'1Y1ROM66WXN9','',NULL,'FBX35OC4J1BFMQ7O405FX5P7L716V90206Q07904LQH6JOT1595','','','',0,0,0,1),(1628505,'21OY09UNPEU0F29E','15B22Z','',NULL,1916493440,'',NULL,'BX',NULL,'',NULL,'P5O','SZ1E8X76','3RH3JPK08LPM3N4BTC8XIX9',NULL,'','6WD','36061L0F82FW48R79B3Z12AS826A5Y8','GP9KGWI02C2EE3C7BOQMR8V0UB5U2K45J8R3DSHEZB47687AEYTJ1Q3585A31A2V6629FK387BX2V8ZX8W88J6A9J434E8X8NUW','247X6','5FB76Y6E93Z7','4KJCKKBZ','74O1AW8L57HIC92N58837E4888S80M9DP3730YPU','O2XK20P4R5G92727L665WPJSS60D2G7','HY4OZ2SEP84WV5GWWZ50NY48ONZ9K08K3Y9745L0HHN3XR112N7AT39K6UC',NULL,'5WJ072',NULL,NULL,'C3AR811IBEL5',0,1,1,0),(1628506,'387N5GN9V','08W2VQ','','S10486CPHQO6D8',1980222603,'HSHH7T4M57D1WPJ07V5','BS5EMRG9ZHIQ3ND3UBFP5679WRTC59610Q7190WYI97K5DUJL135E575142KSQ966G55W63X54H764F962E0BW64543YU1VIC5H9XGUVX94014O7NEG54Q925SLMH1H9RM3M5','3A7X426UB','1NVMZO5LK85C6FH','0481R1','','M87C02719F6JM4S5U5GVE10R','ND65O0H3J1LXH65JVPI764SSOT4QC6C0Z0SA2D4KQ1DZV7T37398P0WVFPD','79UO684W349Q4HJ','UH8FX758JU4X954IOYLHSI8DYW9711UX','X29SA30MK706W1S791M','2E8BS6S82501237ZTZ6I','T2250J60UN3M549T4H22D4PXQ4649CRJ8UZGPY8OA6X8628RF53051194D03L28N498B4THA1N','N904113QV061151320624C0950Z7YLTBT059IEM49','58M7PA65Q2','','A43S1YOR5NWE67ES88W41M3C34P7MJWSN0V0629YNW0F1A2D5NB','QU70JS986OXIKW5TXNEZ1YJ72K70HP58W1B4','J7Y96SZ02FJ3','HN21H8XLMGO6K28TPTFTOZFM37W956R8YY8082FG3L027IW09E','SZR8VCQ0245L3F',NULL,'7V45MS0Q5Y8DS11311556904GZ42IF775LSO115UKLIBC15GFR3F02I66P1G650U3N50FC6136V66Z7OB4E1X',NULL,'4D184A456HLR16U7K60ITW1C0RAQ4L9JW4GMI31W87QV55',1,0,0,1),(1628507,NULL,'3BZJ30V1RJ7157A09RD8135IZDX459D','XLDH9V4P1D5FR516OZ54718A','',329732339,'85M2YDLW5686VA7406Q6HH981OJQA63S5AFG2DE696G362DHAC908XUCKFJ6SGEVVBL5022243693RTH5RL8AV4LF09EPTGL57K67J','GT23',NULL,'5','GBYQC248O0N6LUL0TG42DA4M352','7594Z3NRLR9SQ804',NULL,'7I9WZ53AOB0P','DUS1J961A91',NULL,'VFBC55HZC7H5UKLP7X8L72495165R2U1H7FWGDEV9E0Z4PY5337J79367V0','790PL419Y75FW3KUURDYU648G8KTK17EH20Z7KG875D2K','U4W0',NULL,'CW7P0BH9GRYJ4AK9B4OIN5304','AEM','KY','KH8R826UUOP1',NULL,'','0WBWD62D5L0I5R3XE65T3400S161','9M2494','F3364PO34Y5J6V3IS5TTXB69M1I5B01292','','5SNZ0Z33U1F44992C2IKXRY1J18WWN',0,1,0,0),(2415715,'A4',NULL,'9VL8ZY9LM153PK16SI287Z26',NULL,118561679,'KE7035G','D349V04TDOW9W52327897U601N91696D365WV523RJNM43G09286XR6O222ZD',NULL,'10EPK3NUM0A1514ZY3IGN9D56219I','7M28S2','C0ZSR278QWJU94PF4MSG0S526S','R502X45UVJI6','85L48810J940GMP328FUSB94747L25O0LF79V9I6J2VOK5OIUT4RS','O27N6I7J70HRQY2EW881Q2JV1U','Z7J1TL28O8XOR18WOE56QE2795W90YH55','','K1B1FYR10M81WE316HWLQTB033CP1CH27Z64IPS6X27H58V95F1R345UB','3002JS7K7C','K93W56NATG5I83T2DY9U48KWCA1QWR921208LPN3MN96QTM71D9','','C673H76HEM271VDY8HYL625ZE7Y8GARZNKDS7TLQ3SK267','7G20','QZ2LG0','0EH8C2NKK3V8UKMF2AQ2P6MU0XRLX803N6JQHC943A','28Z507MU6NSCHVP0V87I860Y0W83622OR2S50D130FF',NULL,NULL,'2O03DR558EG6EXBIT6SAX3Z62U5S4006','KWWM8635O',NULL,0,NULL,1,1),(2415716,'LZ','022S',NULL,'',809454160,NULL,'','7R17869B4H9M2196OIH35PY33A37N7EJE5U1612LT19YQ8D4O91TOEV9649A69I',NULL,'28B42R81307WDWUWM79HOM645Y7569D4WV17J76014UL565RV067A762L84','90Q30H9J21VA5T97AU719RANF1KESSCKPQRZ4978779ED8C709RSU9BAX16','RUT69Y10LM4S4B7U','91U7','','IEIPWQ4GQZD60T2106',NULL,NULL,'','','1K60V0BFSWF06T4S18','0U49Y9729Y2W25VKSA','O8057YY5218J9Q6RXK9','2W6O8A834AO7AG45Y5J57TPL0102141C6Y617L08BN3I43FS7I8J99P3QT5BJVSPY74NCN1QC01C0303HM8I90L928ZMOMELJA1IFQGY5UO56M7Q5QR',NULL,'',NULL,'VC6290E3QKB7D12O4318L37J04QQEV4A52UVT1AW2','',NULL,'7Z09M6EU3RW1630S3F',1,1,NULL,1),(2415717,'','0AX5FA4721WL14CS2Z531R83K1CQC0W39P01MFN76520CK1EO1IQA94M62P','17042G','FL6X4O95',5,'ELG9635UI220W','',NULL,'','','','29QT9VDM73YGCRZZ159SIQ11X4S748L548U47192AH5116QY442WTRN315CFJ059K',NULL,'8I5LB778D117R77250AUT864A7I18XEZSZW75I5','','TW9MJFUH49KKAWM89FO68M8X2AJA4F','TLMK',NULL,'5TN37R',NULL,'I5I68NCDF3UJ3VY8Z9PRI0W0CEWF4BAEY50297A4RAS','595',NULL,'C6648','F3TGAY5HDWINC5XMW6FX2XNS75Q4C81HXB8IR','','YNLV3UQ7OTY2ZOI8P8QKV786FANBWXJM8XJ8IM873','0PB80OPLQBNI946001AM1V4301P13Q6XR538XLP2B2096509OEBIZ64WQHS7R4YSV9O7ENM9R833G6W42H92V7V56TPVH586DFUU65QRV815Y073XK4XNHUJSG96JM','AVU','9S84R0RX24ME93U2K6O81FJ3O9G58LK0IK8Y7GKLI479A3W101C',1,1,0,0),(3415716,NULL,'',NULL,'R792KJ9PKT164X',1693874128,'5SM5M19KMDE0622U','6','','AGM96W3RJJ7K43QE77SCBC0N93DI571RS8YOPQKTM31VYE17ZKC7ZC8822T8DW0H0533M2E8234N1GXBKHYX8W6G9','',NULL,'3ZQ7F515813LW991LYNC9791Y29V04EXP2E358K178W1YD9D4XKF80FE8VU45W2','82M497U26E174H90JB066QP287OXEDV8UE',NULL,'14U70CK2M73071N5701981','T41HF8T9C6149J179739C87T6','1MVEVS52YO','','7HFHL171E3IOUV7TD5EY4793X9L154I8J804339FJ7CV68357927M9XS9U1N2UKHPJ4CLB9','O6PH1353T551XA7L1O3W1U6NVMYCI0335SG6145L39Z977HH054D40DYIHS93644UC05Z50N6U',NULL,'5Z336OMS4U2G7W1FF1QFD190P40UT','M23Y8YAC',NULL,NULL,'','KOULICKPE1NR61L7842IZ124P76J5O','99L2',NULL,NULL,1,1,0,0),(3415717,'','P4U32REX158I','1AF9','9E032785JWB6Y',706292808,'','',NULL,'',NULL,'F0OURU1','87SEDU230B53B01G4EB9IMXD4I9T3421AO27F77F025QYHE62C7B72D7LS1MK8KQXL7F8N755U46B0HO634A8W6G','92S192L73IA9YU5I12AK8DUYGG8619NNGR','39G1824TJJNM208363SMS67XJ1QX8IXKJ0RKVE0PA11RJ55KNQ0U3F840VA8CPJW4165Q',NULL,NULL,'98I7','','','1X21VU843','A30FYGQ088S3Z40912CX1BM8DQFPJQ5RC20Z1U7HV','D6EJ722H541B0WWKH4RW4S0TQ5TEXEU3634U3H21PHJMF3WD7S9MA0SV','Q3J2Y67QZB23ZNL6O9X3J236O6084011318E1PX338','4Y07PQM81QNDOR53AK8RS8LFIYBQV','SQ7DH46URCDV5KI3541CZF1CD5YEX7N4A36757A','G49CNB675G27RGA44334FOE8CRG3IAJY510O1XU3I9MQ2U4TWA1K6PMGB51L45IY5W','VI62BZN4IL51OM4M76FSIAGPVNBF0Y5397Z4R2488I5S7YXI09KP1R42JRY3HLL61JK','O02IO7E','7M2376Q61GK20U2UHC8O2','L00O643B6V13I48OZ5A5',0,1,0,0),(3415718,'Q26GEL9382','71FG97N60PUV426T8QT301QW3DGWH','AO23CZ470M72Z2WK1A','L',1,NULL,NULL,'','SYKSYE656F408WTW64H56L98Q4F5UQ05P45Q26KWUS27KR21Q2EZPWKQ18TF84J9C075V60AS0JTI48P5131J1139PCCO',NULL,'872FSD4SW9HNHS0HLHP6VF195NC1A9M39','64S490FFK95Y53D3H8VX70493338G6K16ZM285B811','WHAM54N3O3RU303TH8K1320R5K4C11X2D50','9Y0Q5PL5GZU26','HPRK9T1H7J5K45055Y63H0NOFJNC','60B7LTGS8PZ1I8D2F60G9','ME4DM654YX46GQ',NULL,'','6FA9821P7170WHU1KUG85ZY58651D74980F2XDK7K2637OD69B47MMY5134Z1U7DRHZ3H0N1DF1O000T268873K3X739J4YH0GK6A7326SZ849XNPXJ32D09D2TP16M3ULAU45M89PAA76510B8G73HHJ18JX22V593D920BRPKE4W6JAY9PQ91NZ4V','P',NULL,'A97K4','',NULL,'','9EV45J8B53V1','0I73I3QE22K5KFROEA484V','M36','C31T626849B5WIH46U56KIA4Q8OM232R5BN1VDUG',1,0,1,1),(4426828,'6W92Q','3APR458GNZZZ1Y9V2524T94PLP368948419B3L','3114QS87VJX5YF78D1FRFICD4058CX76OTWBXIAHWN0Q19D73P94I7GT70BK67XJ1S45TZ7C1CAV85OSFQ9354XO',NULL,4104400,'TB9EBZH87W306O381143Q8','QOJ4T2FPKF8F3813SA5W46158B4F660PFKC','05FJL12879W4SQ6K82Y50','FOCD1368F2P004121WXT1Q877TCG530Z5GT19G67014574','','OOIGB','','OO7WNND100884BV2O82QJTNNU2V','L71S0H924L19S','','','DG8IXEVV7U377AZPV8U0DOU72G7','','BY3A7B1121D7C0','IN93OA21L6V1V9IFKW3M008S160YU7','6ZUAK328MEG1C3EEGE628LGJ6AYWS65JBU9J6MC92D78PRA','85IN78B160MB6EA6H819FCYDCUPJ30GF4','MQ7LO64Z2LL1HZEN6ZNJQ6WR2H485T2KQ4C1957T1428X','DUC4G7FR','96V663F1T8EF1MH6AB70MTYK','2U1V6MO08R5','25423YM79W38H29F96','5W54YL6P1867ER309U25396D8S55UZEU45XEQ5M697OM50M6016M98H3X','MW39GX1T821B9Z7D7534B632P7071',NULL,1,1,1,0),(4426829,'NU1Y7E94U5978',NULL,'474H75322E05KW87Z',NULL,2033026368,'EQKN4B33X4RM23S830KP3E9V1R4BC9U',NULL,'6IAES9742Q3Y1','00IW843','4IZ9G','22887I3227406EI63M',NULL,'ZTF8EY4CI8Z58P74HWFVI6Q',NULL,NULL,'Z85WZ8AI6SOTSV148Q44I','92VF86CLVP010V9N5QQJ1M214WO07QS','PLFS2D552N22IT4M','8SP3Q0NVV961N91PKD3645903625270W978FVI494X9','T3338RBM1QWK7TH0IV70T1SIBFVN0A69IV53CC2RKB23KRU9EH93242FBZ2AS9HV7TS56Y7H3NQLR865N6B9PJMXC0W2MJM71XLA11K7D98CFG',NULL,'RY8Z4D5','GMQPG4K27N91X628ARZX','','ZU4M9IEQ1948Z2PA69Z52261E53U1KJQGZ22DO5MT5H5IX0IK1N3695X167BMEVFM4327008','ZXULIF53I2VWF89208S7W12X26U3FSY5JA0198I441K6YQ79F56N6W','','GA46','8C49D5K4M77062LAV9','70792500GW',1,NULL,1,0),(4426830,'GN29HC6F',NULL,NULL,NULL,33,NULL,NULL,NULL,'2EFP5Q6QBO61EHI6RD1L28F68','',NULL,'7','',NULL,'V62RSFR67IO4GMQL32Y900YRX','PTW3QK08C1F7DTG','013312G41',NULL,'L6KQ50EV0Y958C8O2YGS9Q1G95R6U4N9SL19YF4V498SS1424AOOSFM27H999L54QS524J0F114EX1S47C99MTHJ6O200TA1EYC90258YEMS','1090285Q4387E','',NULL,'D6J67R8',NULL,NULL,'B6','','M824815JRR97D2LL5','','208F75034HR4AXHN2K78PXN92WO3NWT27AX7E6Y067L3TA9J0X8PP3YSB2S81B7GG41XMZ',1,1,NULL,NULL),(4426831,'B7PR07772U8516V901I6M4DS6TRRY6HD9737','MKLVEK72470H744PI0XE1XM7','KOC0I91R35','',641,'XTZJ1P1N8V6NW60KQ61O5D9740Q038K',NULL,'9C641U','','','LB28NP4STBW1',NULL,'047L3Q07KKM','02S4WXYZP5URT8H9350BIHNJOL232PD76OT93Z6M0OWU673J274422QN2U7T0MGX225K',NULL,'6U','6LVNMF6XXAPVHCO','G8',NULL,'O0809RU599J2','6N6OH246U39NZ296X5R6XAC33V1B9L6TD5FQB32','ZZJ16S9YHE1Y40D4PT','ZUY9G','42Q8YW2Q9H09LC34552799K','N60W7F90XPM99SLL59Z2M',NULL,'87X','2N8EF2X33X','',NULL,0,1,1,1),(4426832,'ITOWQ4IM','0363L2Z','CI4BB3DN1E7B03','MW626F',205076393,'4P718Y3LXE4KK0GSVKC7E9F3PDSKWX2GTCG8','W1O75I69C682FO3',NULL,'75IPF3W0879IK7RKKAC2','963PJ5ER1ZI1927',NULL,'62','65XC88C850U19BVGD847B2','39IMK42SN0L505GH96P882NPB8T0SX20Y8ZHEY5698TBEG1MW4R6A9U7JR3','1C4DHLH431AN1LZ','',NULL,'','SKBC6','','819XSM49V0GF61NVNR97549QW3M','O7PTI4OECI492P3ZCJ1062L9757E4JS10TGTKLS0HLEZ53RY17SU7RY61H','','4I3N5N35299C1','PIH93150W1WL0Q','P129','DXWEW32JA48M288VVQQV72O47YDKDHGFJ8AL73AP66MAH373','TYD6381JGNU7','H3','',1,0,1,0),(4426833,NULL,'DXS3OBCNK020C792','5T84YY7AS595','LJT6HS1KR74N9J0K6T83Q9GG8PKBGYX2XZ3P5J8O9623W2B527909A59C8BAE0M69O0Q29SH2I2UG3A0H6INS29YZ5QB34',159759274,'','6E00094U5379N9PL2HOC9G36','VOSCU49C4NN7L5','QZ98G0S2R1J56J3LSGG1JTG87EH0DJ',NULL,'DF21W4N',NULL,'38ECFGX8G3H9SV0B','9Y06T9','1KX867316B','U8TQ6G9X7JEQ3N1UC2TZ126F60HCJ9D928M8QZ6N5O3MV1MTNZ5Y505ZSZF8YR3R2452N6Y0VH733KE8KSSF7U37RD434RU37046QVTPPG969N2LBO487JNSX8OET47Y0G356','K9KD2DNHJ42ZYE0N50K6RFMX50Q0PW557CX3ISWRVC0TMS83M8EACI1I54RS0A5XONQFRQ7TS6R2733UF1I','M6Z4O7XV504I11KX2PXN52Q8H4Y615W84J6DTM37VYJ97NIO5N7463YS1ZM7Y487W1TT18DJ8Y75DM1','','UQ0LR4H999526L8','2CB2L8XK7O76BQRY337W6L45D3R2WB0','TA9X0LRR','3C1EJYQ94305',NULL,'CHF24GX92YA97JYNUWXA0E','W2QR74U08N',NULL,'TR4FP3CDZF1Q74WJ9R58MVD08M38A8','',NULL,NULL,0,1,0),(4426834,NULL,NULL,NULL,'026N91L0A1KWQY68E4893M5PHPD8GW0803V8',158,'7X',NULL,'','7Q2LI39MXP8AF4F89QL728','FD3056OUF','','3YSBKM90V36Q46XV70R13WUD7GJ9C97OQM14Y756TM2G83IBG1N53O5U0M956T9MA5230','R','YH98KU','','','S9L1VJZ3Z0M7J',NULL,'9NSB5JEK7E7GPH5NG5','3178778D7568','HU1B23MJ0VKMM2','523B6UKBGR2I9P50K9L4BHQWQ0KCU1ES18','N7ZFA55953GOBFO6ID213D02TKG6F0VW6543X4Z53Q73Z1661TX5J','A8WP003E5DYUL9TVHQIEIZNL0HI92569D8','3049R76Y','105DUVJ6G6B2FS7EY2HJP',NULL,'T9VY5CY41L87QD8XJ220','AARM6338E3SBS6C82TYUQ3IR49N5A7JS','II4M',0,NULL,NULL,0),(5426828,NULL,'0Q0T4P0R04ITR7P99PV4W2UZE7322ZCSB887U','28ER1W48GH6G','WUN6LS8D',325315346,'','435KK121L538M9','0QL93','ZF5LS3V','OI4MY3U6Y8695Z870R','OOT14M2M119NG','B919V0M7EU2E6Q68D035CK',NULL,'JERCV5519WE9G22AI0ZO105X5IYU1TLV7O06H8','NQCC9B488QF9I8UD0X11H6GT79MD6XBYQRAY4WXW3B6NP0V180631T25271F66XICE4T52C41342YA9',NULL,'','0N','25A9R2PP9R0BFSK6DUJT7Y0U711WWO95OX8ZFWA48TCKMI8KUAP00012OVW7','T87D7437B7P1SJ9715F612AT02KDT6I03D76Z704B6B7815','5U','','','3MI622EWWK28A8','02OG1TC495M0R1YS41920408R2','675BCF','JEG3048P986',NULL,'',NULL,1,0,0,0),(5426829,'BQ7CA5VV7T85O80775PUP82I32E2ONGQRVWTR1891Y0704C71D70Z09Y361WWLIJBE15957BZ3XT37UJZ439PQI39117CE15ZWSVS6K74NO1T60','ZRXA1JF4YMZ563R94G6E6K77AR3NIF874MT00Y29F1IMILA1256C035','6I0NT93','',1106880572,'1GA3V8K57YX8P9F403T2B9Z7XBKQ7W','PX5RVZ','','0K7DY88720Q54FFF5BC6B1H8NC6KX9N2860N2H0DS4H03EJBTPZV6Y',NULL,'5NRAT830N5RSPKO','NENCH','IL318EQUT6NO5','81',NULL,'XGF9P1DN66TK','KBKF28C9TQ86T2X2Y2F2YS379','EA8454ORM66E3A','VS3ON433WMS4D2VFF7G35AWJ77ZTJ388NUD','','6AM8F8Y3X3V','05150WD0H8LG6810O6OX814MWZ556MXEZ1EDITMLB6Z',NULL,NULL,'','','96HRLEVL6LM0',NULL,'RSXQS93J654115YSFM4','K2881B9N7M9967Q3I54F0SN199',1,1,1,1),(5426830,'DO1P9842W5GMZ','PL1X7VC6F7K','O78VS4R40BLY7318X7V7R47M70HB7R9','',6467,NULL,'',NULL,'',NULL,'5RG02X8',NULL,NULL,NULL,'8R0T1G68S835','599782M0G','798J7QX50F69VU81KOE60L4G8N1K23DLY7594942W6QBQZXVUT4WYDUDTJA6U8C33B98C466P51978JSN35',NULL,'XAN1V5UL9OB63K','0038U5O50WS1R2L4DMN971CLV','7PV67289E02412501N42H534LM0X6MCT05Z14CO4B656BG','2HP','J','D863162994XZX1T93Y32006WQ2R964P3129V1QVJ8W690B3N8H9DZP1JH0Z8BM9JCPF635','6X194',NULL,'E76E1CO6U7H4LJDRRO','959Y818I43G37B','DJC17OW6ZK70BHS361W501VLD6526R5','YV04CH6V9642RFVO0438I93W579L0N9GHA44H2OZ1073R491NK80A9Q0SL3XI8E90LC1D9EJ2TT7GHD5E2GI8I3C9',1,0,1,1),(5426831,'7N2H13B80743273C',NULL,NULL,'',1206047697,'5T93SDKAP4FMACF6X5FALY36079FBTK89701205F3IQ78HE1IS',NULL,'HD45YI37604ZM09J103493V3F0RT7','MD2O',NULL,'A2018C91W41VF','TGT82O6625J68U6WU80MLHEUAE095C2ZQXUOTZ964UB2M45P2SJ3K33YC37C4P73L6E4832TLTQHE4T3625J835','1Z4JLHS5JI','1CG73O0G548S3B1I99XYV2T8J48K3CR1CX4O56O39UEZ08LTF','3452YJN7SW279EFCUPM7A4BY0Q9X6P455SS2V016GN0N6Q','C7KI985XF1','','7EX271V7VU28LHGI1B42WM3OMCM3X6A1BU','N2U',NULL,'T22968L2L07Q809HH25','','DQ557MMUI4030',NULL,'','','','MP415BS01A27HGIV435TQC73F907AK21D8CAEJTZ2FW1','01I90434K0Z7AFT6Q3','87QP13GXB1Q1MIX511HRW286X9HF5015WTY29395UIPU6',0,0,NULL,0),(5426832,'0MO9LM52AVC19YSO2405MU741F04WN70CVH255381ML9J2U3Z631625S45BLKP4EI3XK51T8J908CPA3J551VWM32TYRJ62O09T18THS7F40P007Q74KJ5XZ453N282WE477','N9QHY582YY4Y74KG81MMWY3I137R479PML21I2','','70H6V44OFB1BREO4A07K6M0',480551554,NULL,'N3E95X3JUTGQUD9SC4P','API69BXK6RZDR107G3YEMX5254B1G655HQBCG0O9','AM3C','XYPJBO9801N49TB','2E09RZFYXVJTPC916D5PNVAKNDP5','5L4M6YYY6064A6BFUI5HK3UV2T2VKGE1LF0M9O72O33MZ9H9P80Q8I8W78YJL2QV95RQMF6001WGTTB8','','VCX','','','6MNY1CBM9','1JJD805651V7SW171E97P2Q796J6557TL06Z7SA8L5NJVMM4','7G59GTGZ7MC3SWX9AAOY9967P8TA','1SXW0D51583M','O20CFUMQ6G2S94G3932T','H78M1V05526','OHA15FBK4AVQF8EO31',NULL,'9O0T2K','E5341H77X89076G7GC7052QN45L46555CW7V9F2','','VOR6404CTAL2VQU6U600I8CRS275G76TJ4WRQH9809XLMQ50DB9W8L5','F27L0J75V60V9MK57BM8YYQKE78M5JR65BK9530026R39Y6Z03M5WMGB891Z1C988W92','',0,0,0,1),(5426833,'9837412AT',NULL,'NG0C49Z','2O1J386MB43Q61SX150MGH66L45I0WG9P77EJ42EQ884P6016U7429PCP4',1654399303,'','AK2WS25V0623I283U09880D9IF7','JFDR2D',NULL,NULL,NULL,'836TI5J3BFAD0YU3C90','2T6QQL0VR2',NULL,NULL,'4X8PC89EH65XWJQ7X12SP1IO22T86SD12T8X2DWU0F62WPZ8','','2WGN0D3541Q0RM371K9E30V4C72V38IT0P1Y','','313FVUSF561YMT10M83YHB3290RC8IKQ1N6BQH416NG0GHQPU55BKLC1VZU6HDK06UM48PIL2A33072T9DWW6721BR9QT2WRX30ZT434A5X6AK48W74UXJ2','SQB475U1N6PDQYXK77NJPV7','0TD2Q5AAVKB1UQNYP0BB9N7TU08KU6T4O7L230E0X77808HT0FUUN1BZZ9B995102L9OV3I9H75OS','871708708WF4AAP5M815DU9ELNNG98K3535A9X3SP1W2AW7V2XR5Z656IA6J4M43UE4QGPV7W42S6U','PK5SONFV32M5KA0ZZEP147J86','CPR71UU8X3FI2IL5PI0C8X4JSSC6359VJPF44D4AL7ECMYV3FWR894H7T','MW0T452V','1CX58RB39U017C10230J14HG5J6F749K61740RD51',NULL,NULL,'841HH68QOH65HD12881S31AAE18IP9W3UNA9DHR6Z05OMHHBGA1WT6IR249030',0,1,1,1),(5426834,'0R4R8560S2Z65TNVSTR8TX22W75130451OBJLHACN0965QW5P0X','','6QW2C2BH0NO0XI4','1G7UT5F692YZY62TE6MU5KB3Q',13,NULL,'6H07943QS','7D7WZ31L826TV88TVU37664ZYOZ085Z3X706O3T4I46X2S5JA8V4E4GZ05','H15S2X76W3Y52KX3ZEO4RL164R6W819A0L3Z80HL0C1','793JD38NAW6',NULL,'','X0556EZ7447718A2MJSCMT5Y243U450Q0R','0MZ21RQUMSSUFVY843F44UF8F7UDCP1GW2F41232EPZ950QQ2AE07S','',NULL,NULL,'Z42N72L7BI892S94PAB388O4VWA13ZN6CLZ926O3179LFUPMZ1MQGU6',NULL,'60033Q0YT94Y73477ZZAY5BJ4L4T9VLECZV68MB1DI769MYG',NULL,'0US63J12BV7Y86F09HN1C2D6AQHQKVRO0YE1PTAWT2M7U720W251','ELM5Y582PWJ4AL309H0I','E5898HN2G52KYJ30MPK2C01FBO8VSH','02ZQ6RIICQ6M52I1W','','','S250L17R98Y07EJ22116V6F86T75W260DJ','3Q5D418S7390V8K5JSU68K7TWBLO','K',1,0,0,0),(6879771,'24Q3L212XKE5R73ZM4Z7MQ18Z75K53R','','K8O11KTOL0CJ8TS0CN35G41ZQW2F4K3I767A9G1C3N67C0Z304U3TGQPG5P7PW4H',NULL,4869,'','1XID5','AQ15','ET229SNN0A5GFM6RI08V4RAAW95WH7EL9YUD86Z9A8293FT7772474IS69D96S767YOX8EZ0W317KE58448X3NY4BZU6H6G890P9J66NNN','YZJ3TDU87F93933NXV987Z04VX54S8U835CU73W7GG7YTT1TJ24CTSIDB4D3A79B','26G0J1O7EO1SHA2D674T2BH0713M0','524325JM91673844I696P98P58BY3LB56','EFESCB2N51US436T0MO3793R2','',NULL,'06G4J3FOJ','','7I81JGQKVZ0GE6U28S0','W739AQLJ1O1NX3K0P72SE8JC1T1XJOLP48T2ZO683X6176A7O81014B2311XGQX9R41YJPPJXLFCXN5Z16161F677G69Q9U','48CQ','N5Y83R7V91372ZTB1Z31R4CEUIM3K4102Z8Z5XX129G05UK97E9YM19CR921502O','','FTQJ05O6','2LX17Z','II1H6G655O06','896G8081I','','I1633822H','O3W8ECK1CM8N55I88ZQ','',0,0,1,NULL),(6879772,'845P9LF6I718G','','758M66407L3T0Y588B86NN72F17FIB8Y34ZCD5ZJ8KG479F965C6837004X16KUNLL3N3X75D54US5','Z8',52,'CPS0D6K664P948AADFR8MMJ895K65PD0630','E0VJ19RC9K','ZGESOW586PU30F38P0','OW3GZ2450B2','9PGDFS058B4660506','2Z8G21HJOK','','001763CV90','1LLW47T7R4743XKQ','','C8V69','I451123CK20UMM','Y7BX','7UL7KTER465DFT19T','099G0X6703','IYYC7ZYH',NULL,NULL,'',NULL,NULL,NULL,'C1ME1Y2Z38','UP3H9159F1W7WD8EM27QD8XW34','01H405KPFH7PUF3AN9GY345PFHJYL58K',1,0,1,1),(6879773,'37OO550NA',NULL,'','64280I264518S978O59A77N7XIN77716F87',546212811,'97Q8WB9BYA4MLDI648PVKDO33S','SMFILJM','81L380HN4923C14D9','SF286LV5YC8BFN34I02XT3UV99Y461UU03P9T3W1FUFZDRXABPE30N2D8S2632L','590F343E152APCGAH5EYC9I4K4COL38Y88P0698Z0LEU0611I7',NULL,'11P5UY5D8KKOS65805JUW','93MI35IN37TO73S91X4GPDOX58R09EI9OP476E3464Y7C9CYVK97T41ZDN76BRDM1',NULL,NULL,NULL,'',NULL,NULL,'H45D2JFDJN5YC8170F902T4T8',NULL,'Y','94II3ULQONY2',NULL,'ZG4YCY7N',NULL,'6ZD0T3LCGQ9LW0PP39Y73Z9RX6A3LB66MTPNO3U8B6033CH88VLT1G13C679KPIC8VE49PJ7R7EN9W90V4441ED0B1DQEU','680ACUR64NH9','','',1,NULL,1,0),(7879771,'2Z6LG120D2L843AA168POW826J7G7633OIZ35C174586SL546L2A0I16C6D71M8IZQRNAOU9XU0A332','96V2QE50I0E8OMS18F1817MTRGZ6D2041ERTH49VU8J11J68F69R78K7OPB5REJB7ZF5V5NY1WOVSB8D03UNV1JR9YPMVE8884ZUTVL59BNEHQ8D10R2NV82063553316PN8','28NVC3RIA33NX94KUS9B3995097F6N560CB7IH7HO4E9AY5RQ76I4AAQW3H7',NULL,1712747011,NULL,'402Y23A9WD94LKYJTO63O16AP5UBU11MM5480RPNQH1O','',NULL,'88H99','','32XZO11I560N5VN8C67M4J727RZ4BKZE6449LH2P2326N7D7THRZWNJK0VD48HJT6Z4','N1LB2FWZ70HP01P2SJ',NULL,'91Q3LEI16V64ZNO53EU5TBCK150454WKFT3J8U9D5TQC51X202V41K8UIQ5300FS99MO0714Q','','A16813EZM69T061FAL9K8S','XN32KXG76PVATW19','T9QV4PF11E53H3YI97JK91596C',NULL,'H3RMNX60981CRJV39Y2','','3TNDX7PJ832YPWNJ2B5ZOKF119FB05C52SK9GK5BH16G0VAF','2SN11M23BW66P3NC1S71830ITY5K4N7H1A2I50','QIC1JBN0','89YLPXX1553I67G7U05Z30RY85A280119205D8I0','WLH7','9H1N13T5WTSQT3EQEPB9P6C95D8Q73HF1Q57I4O5SPBAQAN9EX7S4FGO8Q66AKL0VT08HF6R0V59Y3L50F79NPH76H0HX','639HF8LL63','9VLQ83YUW732D31GKKI11Q2ZV8',0,0,1,1),(7879772,'','Z3PKQG63A7R661','EV','',89807947,'8NX96DV289AY5ZDP2G566P3374Z5JH871040QC3S2358C0PH',NULL,'70VS',NULL,NULL,'S3Z47W306C4NL831WSI4JV38X9AGZ71QG843GI609V8C0I3WZ46FJEY277BK2V14D5A41PA','47Z3WO1THSR8L71ZS830M0627U18H28LEUYGHERQFARJ3','O9594D333','2TMH347L4L338S400271QU2','OSKR8UX950YWZLWZVBJ206','5M6H5830M6SOZ8X2L6OE1BDVAKFY01JN8I1JB0FL68',NULL,'','85563','24Z18OG42MU69X3SZUP7CN13KPVSH75V7X5Z6B5Z67L04T643IU9R3J4640J4R43R0B62N54666B29GC2J48U6T357CO0FZ43S34O',NULL,'2A373TF70413BEQBU9F04F2T2WEDO45IKA88J82I510UL35ZF3IS581KB790EYL91KE1SFX615Z6539UJ0','',NULL,NULL,'G3RB3E74MTF48S34X529D875ECWP8PZDM74UHW8U23PQ',NULL,NULL,NULL,'',1,0,1,0),(7879773,'H70BGL1Q9441YU0QW80KZYH172HY9384761','R38B1HXB51SWE4XTWU925RKUN43IYLE11H','9FGD3GUJS0A4C66','9J916QYL6307LJXL565A47L7QU499D57',495429011,NULL,'',NULL,'HN4NZ07PFS9N042A67T94','',NULL,'8','6ZWZ89QD818AOU6RHH58X','9X5KM25ZW006V13W7BS4X06FP57ZX27TT45575J8','VA4627OW',NULL,'DR3IUI150XAA8843PBB','IF','E3889YJ79V2',NULL,'','86LFS5OLN7133AJ4QMHTQ8A69BAT317WV59','17C3138QPNPZ0615FX6U76A4CBQ1O7677N88BG8LUE40B8K4R6XY777ERNJC5SZ48J','','B2F32I6FA30G2G1YIIUF9AUI443006BK75897K6S5','F','3X715VH6BEK0RVF772OE3N2YDTR89','9JNU60I','9PZDHF0SN632VC2H81PI4Z6G6Z3','83F6M3A311HG8XPF9E0JHQBE8N4R14HFJ7FRL13H4587WV70WKP7N1EH22IZ545278S2YN0',1,1,1,0),(7879774,'','V3ZLC03I8DZ1228W0U16YRJ4Q901UVGH13JHHIAP','1Q','P82775SIX',671369694,NULL,'9P41U6Q979JH999V7U5TYG9NPXICVY7K7872146V553J69','',NULL,'','O9D72H8QU3ZK38VY6OQFE84QA20Y',NULL,'P0OJ2THRDJ46S2TFFR2X766WS',NULL,NULL,NULL,'W077HBL4536HM4ZVLT5Q','A3','H6D49JC8F51XP96L6982LBUL1',NULL,'','GNLBK4I63Z4','J7O40Z',NULL,NULL,'C1302S0V3KA6K8A8538LNZ8W63T4L23H5IKD24BW6N3C12B','3QG7WXH2ZMG','2L57DNOVZT8V1FPB282005R574UMR2DAOY6Q','',NULL,0,0,1,0),(8032563,'8XMR1MVX9',NULL,NULL,'75VF5EBW895XW6BG25RE13',6979,'K4X91WCP4181F5L4VDU5081D0K7Y80MC79TKB5L8H0ABS7M6T88D8W2NYAC182UW2319QGOG7B284C1Z1OU7LY28900GEW5HQ8OR',NULL,'LHKU5RU62KN0U87KZV61Y4A','','S001XD',NULL,'2CS7C7QX','FSAQVW2BI1UHJ3R4K1HX7LXC6T4DQ9O60710','6QUBZS96IZ1420','','1O919W23JSD8U5VF47AQ3G70L21786DV10',NULL,'','YN1T0G54J361V4C','00027KY3','','','Z2OVNDT1VI5X1DUA21Q3NDF89PPK41E85I298ZXAH4Z2K77B1RW54JEQM3V2CFH2U2XU39ZRU47290420R5361484HXTYU34844FLZI449FEHU8','46FWZB1018O3R2X59I7354Y9H1820GM18GMWR6D6SC4FGFPF7SXD44A3NFK154E1219OWY7RF815V','',NULL,'6X84A1E787DQ07J',NULL,'DLPS57','',0,NULL,1,0),(8032564,'57A8IO26SDQL1V1','SV0M096MUNZH7SW201R9FYT1E3UH09','N869SZACGE0W','7EMOP7Y30PKY113QFXM5BH8J701UM44Q7W3OGY',805343492,'F37500P',NULL,'F87G8Q8Z','6PLHY9J3T8W4ZK50T3437P5XVN0N47851Y','29H67LOO8325X4GB4Y5E','A292EA54668XJL','','380R7SF51Y1QOQVYSQOZ1Y63793JE269Q47ESR26S630S','','6SQ12DP2536VJJO3C7KUG3M74T35UQ1U052F51UD4I2592I11J35QZSZ74VZLU8BUU90','FUDJ','T4AST82T9DD9N2AN0GAF8WB968T980FM4W6RUX8PF1Y2Y',NULL,'U44ZVLE25309465ZW6F46M01B22N1C0E56XCP7W0963XB663SB53119Q91K8YT6I6WB4HK5','R9105LX1','','5QA06DIEGF73J','','5WY16W987WPTEKLTPK4373','','FZ4YUJA','9A297LP8','85V9G2K4987A426FR92F3167Z34N4I9WKY855834Y7S394A','',NULL,0,0,1,0),(8032565,'35OPSYC8WW1','','','2A5LAU0CW43',2083754484,'R760BFX866T3','ACI227KNT66MD5GJP54WMRJD49R4SUZ9UCD840GL81EI1932FDEP00I5B','60223CR64361YZC1UGM7U0D7C57J76GQD709RK8RP8U1VIMB5H234ZGL63W3GWDHXSS4',NULL,'','','D8YRIG744K00A256M95621',NULL,'','10S','323Q8Y1','S6SMP','C33B0M5OCB2I42O96K69D7JK71MKJG53978O57',NULL,'','TLVU91ADSWOP5170E1G1802384I34C3016M4DJBN64IX44278','4OB18TK91M93H1YL920ZO3057PP9L4XKN9H3M9F0IRA1ON1XF9','6R','54ZOK','W1X532YF5UL8XC3UCLMP41C0U4YPVLG3PBJH137V07147GUQG6GPM2C5VN66FD25L7SO957TU6IMJ21KAFH4TC2W12Z8AV0HI30G54033J7HGT2N8PNSPIR1RB6H0644F7X8Q11WTIAB8N86AO60DX769E9','6KIH1YU1RD10OO129QVT9F04H8Z','218EV076615L4IJ8HV56O398XTO5CCZ976265N1RH8XHB835X7D5FR39800M','6XO3H9Q5U2L7UN520L165O69NH4WQU47Q439ZS6P1B022375S036','N772A1',NULL,0,1,1,1),(9032560,'4MA5O4X4D2YYQ93QDP43QFH7ZJ2NNOKS273Z1BQE7B0','8559BUS3N57921I65Z2O12892MU242614I93U689708874647LF1MV4JQ264617XI67D440IRU9P8863MONYQ6P6',NULL,'WMP84SO14U115SV48O5',1422604837,'L22SAK28906K8N796833N2GD67J4RC0S4S8EKAJG40V4I',NULL,'O1N',NULL,'Z3E3438453V6X54C6EC3W28TF23ZL','A6828CV60718TODPVMYZ52M5O716B3T42R9H9NE844ME5JI1IZ2KGF7GJ7510QE8IR0787L94191839878R84I1YZRO513Q60Z8X5KKC','5WS9987B57Q1D126H','W1N8F141JKY0359380K6D5K9','B7FG6ZX',NULL,'V1ASF8497ZN',NULL,NULL,'16YT4TVG2P01','1ZB434T6C7OI7U2RTBXJ5W19HVQMTV410MIHQLS5UFY73VDK6KFWRCOT2WV3GDFZELC3GR7A86FWI24OV5J9U645VJWWSD6AMS59A',NULL,NULL,'GR5V0HJB4OC40Z090I8265ZV712Z43245908606701DDLZVQ58N9X593BX6Q3W7YZJ5PZV70A9P9547DL897D3ST15R78C6V5U28HU1YN7SKIA461434SQ','6',NULL,'7SV594S56548XX89C71WQL1417LA1462Z28AAIZP8H66S390Q9','2Y','9U2M5XD','2I094T',NULL,1,1,0,1),(9032561,NULL,'6SZ72','4TX98CS74E4CSV5JOQ2163T','',317782557,NULL,NULL,'','AAMR',NULL,'0307HBU0S18520IFFS701L0D1BS5W8J76O9N5347G7UGO6755PW06S26T83D2GB7067V5IMO','GV783475W2TDVW3A7U254VKY51GFJ','9J','','KHZ83X23IKP35L3V6','K2U2QG477MA9SEO5TY2X512B','15MF1WKP9X25JS746JX2J2M3V6V6I',NULL,'1374730J5EZOPKM9HK8R6H6JFVCMN','YJ1Y1M7N53','82234NHSOE43RP10M479AHPM5X2','43REJVYBO2H5Q13HW87QX802L2Z702U061478BT1S4B3E565T1087CQH6RK34C65Q3638VJ6N27J7U6G7Z2F514TY3O8NGXMP700UM21YT','1I','H7H8J81R76T2JWET2IQ6KCGAH2KE9V8HP',NULL,'','','20016ZH14YRFVZ54ROYA3Z2VVB2W0WEPP52G8Z1O1L7',NULL,NULL,NULL,0,1,1),(9032562,'8SL','5OFUWD81CWNDD','1NTM2V27611R0D44OUQ3E50VRA415Y2D7R57Y',NULL,2146937631,'','PL1D628B50SO17A7767RF3M3745Z9','','06ZXX','85R5ZWWIZ78NY8Z3H87','','WLKRBB871AC4O79205YS63URU0UUNKJ4E957128RSH8V6GW40L995','6UU33H61P2BVF4VKVO204TT1BAF','',NULL,'M2293OU',NULL,'U7XO0','I2',NULL,'PG6T','','T1SVC888U2K54540V2BYE','77UZA74EX9K126O120D82022YH','1MUZ752IMW97PJR15E8L2ACHA8BT3KDCFJ689U1TWZW','C8TM6JNS91YA0','FIX0BM7HREZPG5SC1PWB7CIO5O95DURVBA997MC7PM61A9LG4026O6X5GX7U57V4S73E751C38B3Q9MQ6D43A','3G11UYF5MQS2MI','B7BY6A04E3CS4126Y6CNNR810BZ8CUC7D0762RG83874LD646V4M39RI1I1','R8468JP984UY9XVJ9CXJF3Y90U33BNPNLV9Z50J1I2OD',0,1,0,NULL),(9032563,'SETQ865U46R46S774637748RT2','X5NEXH470ZGS0TS49748B4217T87B90922875V69AFQ77IU9L0EL33',NULL,'',7249,'','','3W97TB80GXV8HU863VQ4316NV380ABUIIJ6ZQ39Y769M0214026T816SE5R1B2APRY45987W5M0SN5BEF80C84QXW1TKNFCBTM5C28C5V50X545X2N845HIJT88009A8U69FV22Y','38I15G15VL7655','10GCE4FTX83EU1OSI5FYRIW721DO74R357I3N1795W9Z95OV71K1Q984FG0W2AA3P0SFKTG1A56OBKR9K0AT01L1J95NT55VU76S8F8P6ZHE279D9O87D65525Y30FP5Y16RZ7',NULL,'BL67FYPQA2O6B1','','32S9UAX8',NULL,'VWFLNS599HA8SZ1204S2E1G71','UM4TP244','E8OT9K','SRKR8HM9USQHFU25S40FW','','00A435UV03DH0492BJQL4008HLY0PS12376T8S8K6VW8BHBO0R7M77OU','K1RL6366FH2FM9PXL991','4G881DIU2UCI4E','','7H63C99BW5074',NULL,'','P28EDB7B4U1XORV69Q9TW057Q3JJ04XJ05OV26WNRWS5J45001JL167238HWLU5Q741JH80587AA93','QG9WA2','',0,0,NULL,0);
/*!40000 ALTER TABLE `stylecustomizerinlinestylesets` ENABLE KEYS */;
UNLOCK TABLES;

--
-- Dumping data for table `stylecustomizervaluelists`
--

LOCK TABLES `stylecustomizervaluelists` WRITE;
/*!40000 ALTER TABLE `stylecustomizervaluelists` DISABLE KEYS */;
INSERT INTO `stylecustomizervaluelists` VALUES (415474395),(415474396),(415474397),(415474398),(415474399),(844971126),(844971127),(844971128),(844971129),(970488976),(970488977),(970488978),(970488979),(1399985707),(1399985708),(1399985709),(1399985710),(2044334595),(2044334596),(2044334597),(2044334598),(2473831325),(2473831326),(2473831327),(2473831328),(2473831329),(2611493132),(2611493133),(2611493134),(2611493135),(2611493136),(3040989862),(3040989863),(3040989864),(3040989865),(3040989866),(3593844743),(3593844744),(3593844745),(3593844746),(3593844747),(3593844748),(4023341468),(4023341469),(4023341470),(4023341471),(4023341472),(4023341473),(4023341474),(4294967295);
/*!40000 ALTER TABLE `stylecustomizervaluelists` ENABLE KEYS */;
UNLOCK TABLES;

--
-- Dumping data for table `stylecustomizervalues`
--

LOCK TABLES `stylecustomizervalues` WRITE;
/*!40000 ALTER TABLE `stylecustomizervalues` DISABLE KEYS */;
INSERT INTO `stylecustomizervalues` VALUES (155624342,1376684846,NULL),(155624343,5,'J'),(585121072,9880,NULL),(585121073,257638224,'AZI5IQXY9337J5MJ1B1T9WBVUM4T4D33JMLZ4236P6FT3EJJWX28QB05QFN8LACAZ640P238NTH3'),(585121074,881868674,'7WF1K60GH9IPMX76A52QQ13E9JT3601Q8857N66Q6CWT9O86V14WSTCN2'),(957252631,16,''),(957252632,850695690,''),(957252633,1403059065,'FN561P0CHN61VL'),(957252634,1969921340,'3K10XDVGHR4V3D292MGBL030K23227L790YR3FV301BOOU'),(1386749361,NULL,'MOC75LRRA6CU82KATYM7O5TD5OVM3681K'),(1386749362,1517068530,'14Z6R01DE7S24OA7P91F134589M4PF3KI3IU63KC379FYO'),(1386749363,257780963,'KZGJRUH146ZXW3'),(1386749364,511529033,NULL),(1386749365,1480625164,''),(2115344209,NULL,'2QG679HQG86851482S2536O8C7N72QIJXEXG12V5TDI39057289Q07963TD78857553NI83150973973M7073'),(2115344210,424900929,''),(2115344211,1491453625,'7H139OO6XBT9Z66J9275AH3G81699262548G3R16N'),(2115344212,833353955,NULL),(2115344213,696328172,'3YG'),(2544840940,1214943034,NULL),(2544840941,2144750457,''),(2544840942,71927365,'ZP23908SL794'),(2544840943,1110012998,NULL),(2962295056,643823496,'2V0PI8E8O864C113VO934D1YY'),(2962295057,NULL,'T6N2A17JBZJ546YV9Q56M24E6610Y0VP0RYBS2WBS07W73JOTGH3PGMCM75EN361W93K2W9UH364EM6879AE927RMV74YC0564YEG4A0Q174L3H45WPV16LW1'),(2962295058,1767610029,'7SZP84EQ8S1Z531LCH3Y35V7N7EZZ3O67YMT548PQV3M623Q48RQDG6SR1243'),(2962295059,390925183,'1ZA49AJ7WPE0OV84S43K8Y5F2JXL5TZ4'),(2962295060,1824920955,'57K0V52416STJ1HF'),(2962295061,3243,'9MP134K0KCOU7O7W8XGCK68U1LEZ'),(2962295062,1788456752,'O8051744705229H636HUWT04KSAYJ8FC5PGT39396Y0'),(3391791786,20,'U'),(3391791787,267345333,'55R253W3CX1ZP0PD45J88CW218VY2J7O8TU817RJ7UO24VM'),(3391791788,572344178,'KR08S49297W0PG6721HBT3Q6C075761217T24NJ52H61T26KQ1917KU7P8J7O3HJ5FB08790427UQM97N6A19DV155SF40N55G75FI9ALCGDH74B443D315PKF82284182JTPT88VATCBSKC169SH0P9581838NBW566998'),(3391791789,164613677,'DS'),(3391791790,1119605309,NULL),(3391791791,371950207,'39AQ4B533HXH4G80EC8RR7LT483I'),(3391791792,60,NULL),(3773687569,863936217,'G8U7P2406E068MD2P66'),(3773687570,NULL,'KSYC0KWU1PLFB7V05I1W4142B7J7PGZEZKYHO730YZP13KUMXVR7'),(3773687571,1730550448,'5872QU62X85X10Y0BK99M25170AB4H9Q076B804X36G0OD5B239368026U6AVG51M42B9DQ0U04J9ZALY830WNZZ27RSS7J54T8H0021RVLSADAC4KP1S7KE01304C41E1159505189S'),(3773687572,5819,NULL),(3773687573,NULL,''),(3773687574,10,'GK9KCZDC40'),(4203184295,1280869416,'ATT6859'),(4203184296,1448164164,NULL),(4203184297,1343142979,'D8NG9S8Q9K8KS508BR'),(4203184298,1311205606,''),(4203184299,518992291,'J996AK80XB'),(4203184300,157281583,'60H823P84A5HL9T531YBY1OB1S54Q6S14ZL12486RSE4JI74S66786692CC8'),(4294967295,83,'YCBLLP6N6284TBNL50Z46P6');
/*!40000 ALTER TABLE `stylecustomizervalues` ENABLE KEYS */;
UNLOCK TABLES;

--
-- Dumping data for table `systemantispamlibraries`
--

LOCK TABLES `systemantispamlibraries` WRITE;
/*!40000 ALTER TABLE `systemantispamlibraries` DISABLE KEYS */;
INSERT INTO `systemantispamlibraries` VALUES ('03E5EZ83P09L18KTNS3GHRWS0M','N5QSKV',0,763),('0489OH0LS80L6Z6BTC8N97TZ','',0,1654748368),('131F8TC3NRK76XC','YZHLD6812Y793AZR72353GD3I33HLP3220',0,757),('1LJHH8L382YQB6WQ5O04S2M6TY02XRO9LG545615F3BQU4IKGG3HYPVDDSA0XZ80',NULL,0,818427403),('25I9LFMV23L5Z10R375AU2',NULL,1,18657139),('2D21E4WEB15FAA1469','ZE35ZR27Q7H7358S4S95HW',0,35),('2KK27V119JZDOWR82','S22L08N6IFXB29K1IAP3167LI0WBH3N53T49CK6452I01',0,189637093),('2PDD13EAN22J1F0',NULL,0,9255),('40L30','',1,7),('4GQ2366B7696BV6M2N','I7RJI2OE3F33E',1,2),('5','T728Y0D093OUCE10F5V4IL175HEJ',0,2737),('51684Y31',NULL,1,2395),('5H8ROI','',1,9),('5TT7','',0,679039785),('5Y2JO9OOR5K994','9C01A21PWF6S3G0240TBHFYF098C',0,5),('6','ACWXA3WM7107381RY52E84QSO8LD2A34T4MQ1Y30V663K1R94698J7ARL560A022553FDAS074T9722XIX67ZD8G3830U69G230100A9988G12W2VIGL19C',1,5),('66L2978EEA5GSCQWA58E2397',NULL,1,22),('68R34D1SMK0U5NNPD5Y28V7L9W54SOX60','269',1,878696053),('6OD8S50','P6873JVP2B2D1T1P47570X022113IEQY9BUT516J2M9SUK4S5U6PMD1OIP5J6Q2USDO34G',0,249953634),('728JSAHZ1XDO1REK4MKYVPH3F31UN',NULL,1,95),('79W379I1248P499J91KJ362P9PCQ49IG48R7SV7E9TQ37DOM33EF4B7V36OOI25W','WLIL5JRII71ZW014Z2F0ZFK5GH5295UUEQJIEK10P4LG0L9L3Q1EC50VCJI1786OZB62YG3',0,833774798),('7A4TUIOL567U03S','47G3FN115Z02MR63Z0KNH0LT335XRB207EM12IHJ2P4558J9446F6254YDLK8D844282NEH8BX096LYPS1C29YARA6DL01IRM9VD7Q514BP99Z63A5RHE61V150J7OVV5B3UL4IHSTJ1P7R28HJ5PY32',1,9172),('7JC6WD3I57YH065F035577','3736OO91FZK9T',0,5301),('80','L4MB71Y78WQV5YUI77F9IAQU41CMNIP',0,242),('92S50QM37GKDL277HV294QO2D464GK72','DD7RI48TDJ3VAONN8821KG9974A21MGI09WTDEZ323TNL0K34BA9Z8GX202E3N9',0,840590538),('9TC036040UW2DAL',NULL,0,2009393008),('D9U75XRI','OFARL4EG4FU00139PJ76JBDHW1IS2S7269CN6C',1,309741735),('E1Z8RR0DZ','6FSK6Q9T865441',1,878337765),('E7B5643ZPNPL767M0867QH','',1,96),('GU989QKK78NI83CRK1NU6X36FXTK3MH53246298D8G84R9R','40FVHI37',0,1017505476),('IBFQUW4JHIX9A552EQF','N00BW210908',1,2),('IYF7L2ZNPL5H','E386SDU901715P2MDD4T0081HVLAOBCOZZY6F9U7K',0,147730060),('K2W70K8RS3T9286S8TQZYHK46HKWH207R4F7K2856EZT0','AYUYEJIH6ED1YV6B4S8',0,978258706),('L236','LW1Z7K0S0507D7UW4S6R2TH044WRCHJZ12UQQC9F494CK99S6USXXAE8HHJ7TA',1,945525570),('LUB6Y4','',1,64777155),('N1',NULL,1,1040964350),('N6316','0I0ZZ388Y458G',1,1374877436),('O1O5S87S32J49DVK69','Z522',1,8),('P7AK6QTP2866I894HSA305219',NULL,1,1506737557),('PX7761DYDRR6ZTF67N304S2','K55VSXO263S18M4T7ERPDT95PZ845UAUX764H750V35KB2L95Q23A44R1D9R0IJE1BRCX0HD252WF21W3M3QQE283L86O2Z52RT9A001I19Z06OPLB',1,1723056777),('Q6MP1U7N55018AG774C04DU81ZE55','ZV68795T61859U0NI6H0SEK2ZT1B44IA5KO08XXW86G61S5441CM94E34SDLX10PL19Q3U4I1VQW5IF0L4P2W66YR714OLX186FGPOZAL3A82C8C74U42259G9F553HYKCCAM59L3',1,758131780),('QGQU0HO64E7T3','1I1A7T3VRQVH317W9G1A2SZKU381I3XS',0,121),('T7',NULL,1,1704916595),('VB50AT2P72E2X9955137TE','K2VKCVUF0Y12F56ZXM10DZ712IM4QBK6L',1,584927845),('W8KH8T4S0A6P1X5T7P3Z6','MR0WH7OI3H62B7',1,1870418874),('XOVRG65N','2G48',0,49),('XTFPHE84A5KDUODYWIZKGHM8J34RI9L38A5431AA4FXXOK','',1,1753804958),('YOA0923X3','M1CLVK22H7',1,1114497492),('YWJ34096J47V2P26T9A64ET20D79WUL427MIRJKG7','T39N6K57G82P4GGX9DK2N97',1,614),('ZBY4895L62','IQ1061W98H',1,902961940);
/*!40000 ALTER TABLE `systemantispamlibraries` ENABLE KEYS */;
UNLOCK TABLES;

--
-- Dumping data for table `systemcaptchalibraries`
--

LOCK TABLES `systemcaptchalibraries` WRITE;
/*!40000 ALTER TABLE `systemcaptchalibraries` DISABLE KEYS */;
INSERT INTO `systemcaptchalibraries` VALUES ('0EC881213D2','1IT',0,1476670494),('0T623RM7X','TQ8YB884QF1EA97071146ZHSZTE5H13M5IC01CW04QSB8J7E057029756',1,1369209364),('10132TI1','NCF11Q72E53',1,1877078970),('166V985OWN4A33M96T1C4YPN662','',1,3540),('16XS90E2U9VCYD6VAEL0UNH','42Z1HSE9MBM991T0B023F1J9U1TU93Y475XH183G7U83Z0X03S9LNO0VTUK4367',0,129586925),('1F29K48M75OWN',NULL,1,1633300606),('39','18HL1IT5',1,352948831),('3B6759W25FQD12707N8MO3810919JOF5478942456D814KGPO35NKIQ4820I45IG','4H55SN79QWJ23K0B7OLRTQY68IF6B5KTJ7WZ25B06025CPZ72EYA28EU5GE7F4Y407954OVY6O7',0,265843485),('3UH7TC9Z8M737MCSK','U276QWPHB417',0,2016543314),('4085',NULL,1,2075055643),('41P6245FH15VP020MIM7SKE699X4A08','BS9IS27',0,732422600),('44G','',0,981051658),('47N82X383904AC5848QC201884T5MFU341X20W9GRB28H1KE952673377E7MH15G','68SYS37R5I6T65EV820YF28WA4VUWZ8A5951Z6N34YZ045168S4I24E9EWZS306N9',0,1791612330),('4TJ80J67BO46PGM0S6EUT866LWV8CFJ72IB9SD7393IIW8LK2W6C1','G2K3NM2Z5A50P8JW499',1,841828200),('544E9N8408F3O3HS9D4',NULL,1,494310418),('54J11A4P8O647NLA2715QAQS6U',NULL,0,8550),('5907DPNA2YB5071JAS7G7UV7','8T17K96K67088H3',1,680859326),('5K19040696','',1,591266856),('5X9OS6Q9R7RJRPMTI4QY6P192','HWUSVZEWW2E6IOJ01H3G64VIR',1,2062700120),('6K8A','Y0VQ3EKW2RXV33JI74KB',0,958570804),('73R220MM0C1P0FBV3254GE94KW9543','J624S537B5JA69WT33WX',0,1789028516),('83WX7I84I46R03MBM6FKI23OY6OL','9J548S2CZQVJBB0592941WCEVWUBC9M',0,2043559549),('8CTNK9T128JO0E45QLB947STK3JPBC0TIA2W14PO4G0',NULL,0,1663348305),('8HM1R1TX9P0675U4A','8C3U2B2NG644VS5W7CC6',1,1479727560),('8RY0W581J3Q3E8O86309D78Z849N64W6A8Z7X97M6E1B15W23V46SC2',NULL,0,1780070839),('9','5N141',0,1787558981),('9113596JLD398D909VD9R0X6T1T2236673H52RV1H5QF9R9JCVG73I7549K4VLRH','W',0,949936065),('9OA5C8VNB2K517SR9TX749MD9W03509950FXA8P23720KTHC2V7R23VUU6OE4PRR','T6V3QY0H8578MDJT6V12K0940M9P121MB59UK195YK',0,9),('A875E91DQ5CZW','7X09SU0NA5FCZ68',0,812),('C4YB792VO7I1JR','1FTEI56M3RPH6LUB746W8E1R7AEBPGXWXM9W04M8379KM7U0CS9D',1,0),('D06OH38','',1,854646706),('DC954E1RXNAWS3E3UX07A294S927UWK1571T3629TYZF3','',0,7220),('F63EE678C8Y8Z1HB6A6IHJVBHYJT79YURORS1DYXV2YG0H3DX62WRCF74IB9491Q','1JN7HVS70O03A0H9H3ECL9ILMT478YPWFMYY8CIZ4N9521KTL06',1,281),('GZ2O0856X68P1E9','4BAIQ3I6C1SZ7S52H97NOO00E83Q31F',0,6109),('KO97S8S1VA5EPXBR6PE4ALTT4OJI9','666N',1,1987586859),('KY584HR2L3A83MQ','Y06NC5',1,9),('NNT30ZZ3LS80PGO3SE16B1HKBIOHVA2Q6V76C','D50M01T5005601E1UHH8XJC9E3C855DA4',0,1486998363),('O2742968MXNTMP2E0','TSW9FAB7V9J',0,590011399),('O505879JVBLL','3IL95T2MBN6F0M73IN6B',0,649375447),('O627TF','W1XIM7V0',1,21),('P8AHB0D2P','',1,922495225),('QE393F7RVBU2GAGH2','V3W53UHB71EVN63634PMX45Y79S36A83I55PG2Y3K',1,1999314637),('R5XUV7','8U',1,2048791608),('SR7DI6DY3AXCKS1ADT67S7952T','',0,300560618),('SRI87K893A9DQU2QU2',NULL,0,737683166),('SYV982CAEQK1V1IQ76O6218M7S2HTY','V92U986QF9987982298Y0E19746E2HN4EU94J7992LCP1V003S0SE6V6T5QOE9F5Q8VV0WNAU1JG80UTS6807I',1,1616940021),('T949M10V7M5HU94F63O94C5LDNJ7OY8IU1INUIT1','C2A05ZMG7P9UBTKI55CA66G878',0,75),('U','1UXAYDDL4ZRK573FEL',1,186548908),('U9W203748O1OX838V83',NULL,1,1284120714),('X0K3','V1XY320DR5803L33',1,516);
/*!40000 ALTER TABLE `systemcaptchalibraries` ENABLE KEYS */;
UNLOCK TABLES;

--
-- Dumping data for table `systemcontenteditorsnippets`
--

LOCK TABLES `systemcontenteditorsnippets` WRITE;
/*!40000 ALTER TABLE `systemcontenteditorsnippets` DISABLE KEYS */;
INSERT INTO `systemcontenteditorsnippets` VALUES ('0PJ6R8225','0KC9M0LQ99668QLT44OVCG747ZKU8391BG',0,718529898),('100VI264EMEH6941ZXL04CH8GNB11Z9RF','3C800R4951OJM649Z4WA2059018IV659LM4WAK7VAA8O75Z8498SNBU47KGEJRA98629Y',0,1101790660),('1S495MNC6ZR80AX7E','Z4YB1SL43LI00N38AV9ZJ2GIRUBWS8S8850OTHV4K0506F',0,571),('1V8KL986ZJE4399SQ0LK775C57W7XC05G2TD08YI7OJ7Q7XIE0QU4',NULL,1,666866423),('1VP6E','OS3IC8XR776L9F3J865W172670P47JWGI17WK7852447G42N58HK27U5E8D2Y03ZRJR7DXBNWZ1E3XL',1,1074067405),('2','MX115CKL0705569',0,7601),('22JG6HUR08H4R6S200L0XT3YRJ84AR6H8ZDX3LU91K1M7J47H3J43UB7OYZM6VVR','ZQ3O5026573IU77JQ3RWCH89S295156PN1327V4X922I2R5GK0QE3G5Z7',0,26),('26Z8H06578P2E4POM','',0,622696682),('2762S7E8O','',0,1456042652),('2C574','YB2B443D56U62381431QGFE25K6WLSYL26CT8811LIV3E88OPKI4345FDH91O040Q285JX57YG944EA154PPF79UK4R8A239',1,94),('2YZMLKC34FY7AAS875Y9BN2','WBNE3O11W901F1NMWJ9Z4O9518K',1,2070365950),('36TZ128VM3S','09ZOC3IF6MDLJ4Z3DSP029NTP8T9GG103J537NXK17B5Z6M1SU0QQZZC67E5946FEC29606CDHOB',0,465238453),('3FQE6OF2C8961JTD34','IS89X2QYUHA7N21DH17U60YZFWHUEI44Q805090TQQ9GQOQET856FJ2R7',0,364821477),('3OP7J240R50P','53A8YBP9GD1CHV3H6150YN',1,32),('3Q11203','CZGN',1,1396072528),('42NK8YES2578D3F0Q7','SPNOD7W30818RB36YUL5WOXFCTCA8MQ47415H256G5Q01S8E29Y7QRCZ6I1910HP789OTGI7I2H82904',0,379068286),('45MNJ9526QZ326AUKS0VAO','',0,1884386748),('4NS7VC259J','FEC',1,2),('5VXVWXQ','5BI7UMY18G5Y05D07H6RF2S',1,1247934292),('66056K','',0,889),('734A8CS1BWLK7PCZFNV537T9X8T0UA0VWONOHR2ODK0887GS0','8TIVHB07TYI6T5X27K8KOF8G572478029C60T1RQ5PRY3D5L82JJ72653VJK64',1,523),('7P885X031AQ1H','71772HM33LBRY',1,1692015339),('8T4U1239X960VEAT6C8SV13G51F4SV60B','02SU99A5VL563K1260',0,1792592364),('9CZVWN487XM',NULL,0,60),('9FHKEHT594243TMII1A61R8D79R3','KJOY7ZP3EJRK861G8JED',0,907063551),('9ZJ42Z12930J7EXTP7484P','3Z5BRP83A',1,1646052374),('AUR32F06Q29','48Y698NV51YCY16LN5OSP3R8T29T156AT10W448OI1DTR5443T3H8EL1PC2I40C8PF3GN33HDW',0,664),('C0534F3TQ8HS26AP3P5R7GJHNB478278QK2MO518LNE0Y9J','04M6Q',0,1209327267),('C0K9S0I9J1W03JJDG9CC','36PL81',0,15),('CV7OH023N6C8WDW',NULL,0,328723725),('D8UZ6O0DBTD6HH93Z0KACR77Q4DQ08HBPE','L1BI4146DU2E12Z1A0GZCN1WF76O49QWK0475LKH8V4UV467Q44J9HI8Q7791SU05',0,3872),('DC597','',1,1854975492),('DQ8VB88','',0,795873522),('GO7549499PSKL3XR6JE1RIQ6ZE2',NULL,1,1828923298),('H1HUQ6K','',0,1794742232),('HQ64X94','0V0ZP34RD6J',0,14246809),('I54',NULL,0,765900558),('KF5607K','',0,8472663),('NAZ8',NULL,0,2),('NO60474GY3MA01B40Y2021NG','9PAL86BV5RYH900532T9IBPDTEM008FH9W2SH3MRFQ3V9JE9OH59RU6C764CEQ',1,75),('O457579O07X7Z76','LQ0Z997SHBGH6OG0118F3091R3QW90V71U1W937C955MF3Z62GW5B8Z201EY967BX1BLTN0N06UD',0,2458),('OS4N4846Y585EJ29','16781DIG',1,1105404584),('Q0RC33668N8NMV06K7SFX38BY','DKFVM1F2I48TN',0,598567870),('Q5YWC','8WD2OAF',0,588025446),('R','NF3370M71V4',0,1173242812),('RG','Q6918H58TE9WZ',0,1726704727),('RS9LJ6780',NULL,0,295),('XC',NULL,1,2),('Z992V2G7IYAE32UXLP7T88S3P071F85O2SXUXCBQE1B85VDP3886Y48625L54BL6',NULL,1,622106611),('Z9V','6VAI45ECC0QJY2SHD8KG1GG99',0,864274809);
/*!40000 ALTER TABLE `systemcontenteditorsnippets` ENABLE KEYS */;
UNLOCK TABLES;

--
-- Dumping data for table `systemdatabasemigrations`
--

LOCK TABLES `systemdatabasemigrations` WRITE;
/*!40000 ALTER TABLE `systemdatabasemigrations` DISABLE KEYS */;
INSERT INTO `systemdatabasemigrations` VALUES ('07617147766U9W3JXX76313B1NL58J01QQ6LKO0A7K4ZLQQ1X17WKD7P7LR54G85TW92383E'),('09R9'),('0P6DA0OC3OW4B9F6VN9Z9H0R17E796N4Z425HVLAY1LA922T4876'),('1'),('12DG4RKM3QR3H375598RFN7O6B4IBP5608NV484482P2JSV88'),('226M89Y690Z0S4635SKI6U8E4J77H1KM9IM5XN2J50AQ45M5D700ZA87N2M17WJL5DFII4VC4O027OL1066313KKAJU3PCTKQ0CU9WL08SPQPXY0RQI6VSY0B8TWBH8FY1D57J5RT'),('27GWSO'),('2990T80Q7Q4RSS46H3JMHK3XOI85D13SM5JQ90GE462H7ZUJB21S561G2KV6'),('2AT5OKXQNXHEB18K8S1X9CJ764'),('3'),('333173K9VT5V241Y6VLO'),('3R1R91JZ118T'),('46R0O6Q751O1EBGNOO4425188O5JJ5647C20T611J141M94UU7O2'),('4BDG59R669CL3Y'),('4V3FG17R37K6ITO1V0'),('4VJX1A4PP2S90AN8Q7G1AT8820DH148V6154W46Z54HWBU4B7Q53Q4B297K9110CGU85BN0524OZWZ8WKWT1SCHCG96U9N3YNU0169I66OOIO10K9WTH33G13I06U'),('549'),('647J0547K06'),('67FL1J59068MH1WX90LA25OYR10P42GX1S5PJ85LKBZ'),('68F8T69LW10MO730387V026E11HDFJ0N11OZ6'),('6FOLFT5IQ1U66Y223MTJJ04JY92V8LQ99'),('6PN3G5IBY4'),('7001VKK0RV844JW2W20B7F8BP0M867I0H9BU546UL5'),('755A7R2E'),('75R02KQM69'),('7699C2LJ2PNG84Q02N'),('9M1451533C42'),('A1LXIERHLOTY15F13ANIH'),('AOUYAD4SCISJS7035W'),('C06HRLG89A98S061Z0SJCW041QY6J43KG9KT1O0WUS0J4I3J5062RR4Q2C'),('C3G8OVC1'),('CB3WJM9RO21414323JV'),('F0FA6G21577'),('GQ2ZNC973N5'),('H0Z2SG5OUX5R5KMUR6T17N97946PL5'),('H8V47R7720ED'),('HOR28IE54VA77F41HL4CQ'),('K9ES880322XH5Z6UVGX88K2H1T3530B3B45382GH'),('N5G73Y6EJ4'),('N6KB42WO8T979506V5QG4CB8UP'),('ODOVY529C7NJJ26UM53UN0TA67XEKEV6'),('QXCVR'),('RL0M6Y6D0O6222HW7YBSP69LC9PVQA06MAH1S9L'),('S596E2J4O2O6LQ1UIIRAR4051WLL271XHSF32NYE8WY6F'),('UV2H'),('V6W'),('W3Z3FE77XT4YE8667C76K1VDT3933R20UIO143PF21MY90T739UQVG54JGGC2I101O5J2397A7R072T83QW1HG93DYRLF5P12ZU07QIP044CL058FF4ES11Y32TKSVM56N'),('X5B0W3DSV21D6S5L731808SJ37980N7USNTE6AB94X90SL2IK49Q08H3HJ24VI831S80797'),('Z016U940086O1OFIBO881168A0233O184G8GU72X6T1IJX6681U5915U7MXZ7KR6840S'),('Z7WFL3M77QWUP8Q3OW8Z3');
/*!40000 ALTER TABLE `systemdatabasemigrations` ENABLE KEYS */;
UNLOCK TABLES;

--
-- Dumping data for table `systemdatabasequerylog`
--

LOCK TABLES `systemdatabasequerylog` WRITE;
/*!40000 ALTER TABLE `systemdatabasequerylog` DISABLE KEYS */;
INSERT INTO `systemdatabasequerylog` VALUES (393956047,'W73TVJ3O77SQI723',NULL,NULL),(393956048,'','','CJ015B59C2LBWQQ'),(393956049,'192D5Q4IHG8V5K281EW77294GT51VE0L9133',NULL,'043X'),(393956050,'WV1DV',NULL,NULL),(393956051,'1XW3R043B36Y67CZIS2XYIXBQOHM0','','77'),(823452778,'GOQ052Y16WSKJMP44476','KTP8LFOFU5LTCA77311',NULL),(823452779,'',NULL,'FG2AQ9U9QA7Y8EZ9EW11945DF6UUCBMK9Z433HI373EC19D1600Z8L89RAS2ZF2Y2M97TFE5G1BM2Q9D355HDR05Y1QI75LIWG368X037960D19527HQW6A163GFD0VNVU8T24854K02V2K1ZCK271G5FF00A0MV1ZZ71284Q55V64EJ28SV6MD3IS8375NR7L614MSO3GR8N85K7O7MBNVFUH3YKXP61O'),(823452780,NULL,'',NULL),(823452781,'67981',NULL,''),(1267621053,NULL,'EWK2O3C6EXLW1506AXV7P53','2MCLG817G30FR'),(1267621054,NULL,'URX50KYU415C5VL7A3NVU978Y8IY9',NULL),(1267621055,'1IC17HSC56VZW0','O8NO80FQ2BS26ZEP2716U5N3',''),(1267621056,'','2GN83LV2YO90P2T0S34SH',NULL),(1267621057,'','',''),(1267621058,'4V766J07RI68K5R4M17AZ0H','WWAJ79A51068S00MDMHXY493AYKPW6D86G38QP8O74R7F33M13','A4H79R07FXOTQ9XQ'),(1697117783,'','88806H4RL0QGF22DIFF9SH9129SZ86L82IM359650337I9WSXJL3ER9093A95U7IIHHAD1J6','879Q93A41T3P938PE7RN81QSLE50EOEOI52COYL891585Q'),(1697117784,NULL,'3P',''),(1697117785,'SZBYYQ1W','052F3899UFGI769VK6AYO','7N8YUM3N47OBZ2R46BGP87SVF'),(1697117786,'06747VB2AQ0310I6A61GY1S8I87YF8PET3ALS79U7V9','BJ6EENO657763EO03P82C4RXM836IQ6135I73XNP10AQ65KG550ZV549E5WC',NULL),(1697117787,'44L5VH',NULL,''),(1697117788,'770Y25ZC420F1869P',NULL,'96ILWGX4UDLWWE34722HQ8Z381XB0QDO5O7GDIZ2C4K6'),(1697117789,'55F9','9891BBQR6384S18J2YK5XM2027G0R9BX997','7NS8J841VS15V6WZ9AU39D8LJ0BIF80CXT5U9P56C5W9'),(1895437449,'15R3',NULL,'ZQ0757630542TZ3V95TX60'),(1895437450,'D3XMI18LM1BP9I9Z8MI9T01T6H0D15M7240004012QZ1N','',NULL),(1895437451,'','B703M5VL9RIYT2H62F32U322H7IAASS1934YG',''),(2324934180,'','',NULL),(2324934181,'J','4',''),(2324934182,'97A8K9V4G60O1AO9E7B11GXK4Y0845AS20CR','561043MP97VUY597BXELH2HM','SZ5'),(2683538781,NULL,NULL,''),(2683538782,NULL,'OQC8302KDX37S87JB8260625V2QT2M5LL5KZ666FYJK1MVD32B2KCF6037D','5R7'),(2683538783,NULL,'','14151602266KANY2WIQE5PH8966KJSDR994DD3I663'),(3113035511,'5A2I03G86TO2NG4N10RY038TM57G0WMN','BD9N',NULL),(3113035512,NULL,'DWL99D83NQ1NHP64D9U017528041',NULL),(3113035513,NULL,NULL,'H381454M452T4'),(3113035514,NULL,'','FXO12S9P734791S9D06HK81YI6YEBQF4Y709RC1Y70LH093O2Y54B3DS29015P488'),(3674148553,'275Y','U0FIDA1R97','QGX2GEV59IMQALN9FR3607JV7H94OBF921ZK2XI65Q4SGT6A8V4625W8HYQ8JUS366P0Q078N627KF2T353Q52XZLD4704L'),(3674148554,NULL,'2MI64K07575BG8MTCQCK0',NULL),(3674148555,'','621L6661A2HWZ1TEM449024JR62AGX','735CT051494N60C26V86Z299HMR74OAWB7LLC79TEEHU43EG7XH237ON'),(3674148556,'6O6E0TO0C0DOAN18FSRS6881582H2301K2',NULL,''),(3674148557,'679YQ34',NULL,'58RL4II'),(3674148558,'89CVS7273A96L5108097R4','23Y11','6Q7ZTI9C'),(3674148559,'','',''),(4103645278,'LER165D','','Y67SR768'),(4103645279,'874BWJ6SA7','18ZCRWA860971L56VL8X',''),(4103645280,'3341HYRIFC3M6UN443Y','4OBT6X9H4D',''),(4103645281,'','RL3KJZL90QR3RF8A960ZMII493PN3IH',NULL),(4103645282,'F14P2PHODP4','',NULL),(4103645283,'EB6452HU61E09K2PM40S2K','7P75RI36Z50555003CHJNGQ3CI56LE418KFUCG8G6I3U5TRF0X7Y9OW72XKFM7OKF7WNI','Z7613WWYRA7A9AG0855134W27V5DJ8E'),(4103645284,NULL,'O049NF1Q2B11PT56F61SKT64L1120960RRP51YE4F05T2HR112X',''),(4294967295,NULL,NULL,'');
/*!40000 ALTER TABLE `systemdatabasequerylog` ENABLE KEYS */;
UNLOCK TABLES;

--
-- Dumping data for table `topictrees`
--

LOCK TABLES `topictrees` WRITE;
/*!40000 ALTER TABLE `topictrees` DISABLE KEYS */;
INSERT INTO `topictrees` VALUES (43903547,'33834XT7N2L5C12Z2A080GA95I4VKRI8O24B54J001209BSG8R8BAW633SGX6'),(43903548,'D93NX36E90T4V5U44F8K9VA2R9N35LDX7G9ZP85'),(43903549,'C4NR9675972AH9BVFU8843QK'),(43903550,'C73'),(43903551,'81QGI6I174647CL6TAVJ3RVM0YN'),(473400277,'SHPE8ED1U'),(473400278,'Y3D07NW468W4X9V'),(473400279,'VAS8O033U57954WJ88'),(473400280,''),(473400281,'8VY09A86G97S50JP9Q'),(1227911631,NULL),(1227911632,NULL),(1227911633,''),(1657408362,'6Z5UA9JJY1D5'),(1657408363,'15'),(1657408364,'7'),(2108466205,'36Y'),(2108466206,''),(2108466207,'I00NB6SB7214K5JPLRWK63LT3JB'),(2108466208,NULL),(2108466209,'S6DS8O79O648O9HYUQX1P38G9Y3'),(2108466210,'79H4YM70R74AOVLAR1Q17BU29G4PR35GZ3XWK4H5JZJ46C4ON5RG33MMST03PS8S'),(2108466211,'31F1TT9PN5VAFC3919T'),(2537962935,'4YS2YNG25PJMSTS3L9D'),(2537962936,NULL),(2537962937,'3QW741E789QD6L623LV6167D828R69234467YRXVHMJ'),(2537962938,'SJ68KQ6L95'),(2537962939,'3KT25N082Y63FOTT49MB'),(2537962940,'ALH7N7955XXW'),(2537962941,'S7'),(2876951493,''),(2876951494,'2LT4JXJUC46EAQ5MB12I61WBQ5548MU793N80IGTF81C056N'),(2876951495,'90TIVP832DV7690513NSR470HZ29L97Q5341Z9OSL023E2P32Q3'),(2876951496,'1KC74OZ544C7'),(2876951497,''),(2876951498,'0130S354944P699750Z11AT7U2R30KCCYHDJ3AV2195786G19H3J351K048E77VZ7G50G1ZUOK002W356804A3U1646NS902579RY8U95C2WBV6E3'),(3306448224,'T79T2F'),(3306448225,'SX'),(3306448226,'P8N2KA60K6EC3'),(3306448227,NULL),(3306448228,''),(3784145909,''),(3784145910,'13G151CC9377L76H'),(3784145911,'7WBT743L464B8L7'),(3784145912,NULL),(4213642634,NULL),(4213642635,'L'),(4213642636,'X47LCE447UJ64338BLPJT3L91781RZ7C5ZMH982LS888'),(4213642637,'ERVJG63G326N76'),(4294967295,'1CY8PANTU0L770EO60VK7520AZ0F9CB65NEP9WAXM04O3H5T9Q7MTH7');
/*!40000 ALTER TABLE `topictrees` ENABLE KEYS */;
UNLOCK TABLES;

--
-- Dumping data for table `treefilenodes`
--

LOCK TABLES `treefilenodes` WRITE;
/*!40000 ALTER TABLE `treefilenodes` DISABLE KEYS */;
INSERT INTO `treefilenodes` VALUES (213550220,NULL),(643046950,NULL),(643046953,NULL),(3227753418,NULL),(3534491212,NULL),(3963987938,1),(643046951,8),(1749979093,18),(1214675292,43),(2179475822,46),(2798256689,52),(213550222,67),(3963987937,1601),(1214675293,4773),(3963987936,6191),(1214675294,8831),(2179475820,2808391),(1214675296,82664609),(3227753417,207448492),(1214675295,312406337),(2179475819,319567917),(2179475824,452526228),(3534491210,500735511),(1749979089,520705641),(3227753420,538263180),(1644172022,539959457),(1644172026,546066748),(2798256688,659394911),(1749979092,666714030),(213550219,686918166),(1644172024,699884163),(1644172025,722704791),(4294967295,749776525),(3534491211,827675201),(1644172023,867237644),(643046952,926323277),(213550221,1175346870),(2179475823,1257691637),(643046949,1307036151),(2798256687,1427587247),(1749979090,1487753207),(1749979094,1592234667),(3963987939,1593735992),(2179475825,1665804562),(3227753419,1670557576),(3534491213,1745765133),(213550218,1755004229),(1749979091,1839590185),(2179475821,2026765732),(1214675291,2069584971);
/*!40000 ALTER TABLE `treefilenodes` ENABLE KEYS */;
UNLOCK TABLES;

--
-- Dumping data for table `treegroupnodes`
--

LOCK TABLES `treegroupnodes` WRITE;
/*!40000 ALTER TABLE `treegroupnodes` DISABLE KEYS */;
INSERT INTO `treegroupnodes` VALUES (4366,NULL),(429501097,NULL),(904167493,NULL),(1953359111,0),(1953359108,3),(1953359109,7),(1333664220,31),(2382855838,53),(3980265166,55),(3550768438,81),(3107750732,98),(4294967295,99),(1953359107,202),(429501094,230),(3107750733,440),(4363,511),(1953359110,691),(2382855839,1294),(2678254000,2462),(4364,81082169),(3980265164,94620578),(429501095,195893949),(4369,201434126),(3107750731,244718287),(3550768440,414046973),(1333664222,533924722),(3550768439,603308308),(429501099,666731473),(904167492,922471689),(2678254003,1054796008),(3107750730,1063755166),(1333664223,1079090738),(4368,1097860219),(4365,1104146910),(3107750729,1105665631),(1333664221,1159623706),(2382855840,1189817565),(2678254002,1414960005),(1333664224,1471777490),(3980265165,1638795917),(3107750734,1646789212),(904167491,1651046209),(904167490,1653056890),(429501096,1659678292),(2678253999,1718064541),(4367,1764591692),(2678254001,1805147504),(429501098,2015159328),(2382855841,2036544043),(904167494,2073057400);
/*!40000 ALTER TABLE `treegroupnodes` ENABLE KEYS */;
UNLOCK TABLES;

--
-- Dumping data for table `treenodepermissionassignments`
--

LOCK TABLES `treenodepermissionassignments` WRITE;
/*!40000 ALTER TABLE `treenodepermissionassignments` DISABLE KEYS */;
INSERT INTO `treenodepermissionassignments` VALUES (3824297794,202791022,801934919),(3342470880,202791023,372438192),(2034017413,202791024,3185081217),(3342470879,632287753,4183981850),(2463514142,632287754,2176036590),(3824297797,632287755,3185081218),(33144345,1148492744,801934920),(4294967295,1148492745,3754485123),(2912974149,1148492746,801934922),(33144348,1148492747,2176036592),(2034017409,1577989475,1564753129),(1591226261,1577989476,372438191),(2463514144,1577989477,2755584487),(2912974152,1577989478,4183981854),(3824297795,2105027024,3754485124),(4253794521,2105027025,3754485126),(2034017411,2105027026,1746539859),(33144347,2105027027,2755584486),(1161729534,2105027028,3754485129),(4253794520,2534523754,1746539858),(2034017410,2534523755,3754485125),(2912974150,2534523756,1135256399),(3342470881,2534523757,1746539860),(1591226264,2534523758,1746539861),(2912974147,2834279291,372438189),(33144346,2834279292,4183981851),(2463514143,2834279293,372438193),(1161729532,2834279294,3754485127),(2912974151,2834279295,2176036591),(4253794522,2834279296,1564753131),(2463514145,2834279297,1746539862),(1161729530,3263776022,801934921),(2463514141,3263776023,4183981852),(3824297796,3263776024,3185081216),(462641078,3263776025,4183981853),(3342470882,3263776026,3754485128),(3342470883,3263776027,2755584488),(1591226260,3574643096,4183981849),(462641076,3574643097,3185081215),(1591226262,3574643098,2176036589),(2034017412,3574643099,2755584485),(1161729533,3574643100,1135256400),(4253794523,3574643101,4183981855),(3342470878,4004139821,4294967295),(2463514140,4004139822,372438190),(1161729531,4004139823,801934923),(462641077,4004139824,1564753130),(1591226263,4004139825,801934924),(2034017414,4004139826,1135256401),(2912974148,4294967295,4183981848);
/*!40000 ALTER TABLE `treenodepermissionassignments` ENABLE KEYS */;
UNLOCK TABLES;

--
-- Dumping data for table `treenodes`
--

LOCK TABLES `treenodes` WRITE;
/*!40000 ALTER TABLE `treenodes` DISABLE KEYS */;
INSERT INTO `treenodes` VALUES (8,5,234483065,117537539,849449412,'WMLVL6493V060VWX012030D35N0F9ZZ5C547YSU74G997SJ','1970-01-01 02:27:32','1970-01-01 00:00:06',0,805671039),(9,901,NULL,NULL,1680033812,'A5O636X274BS55KB','2014-08-01 03:29:03','1970-01-01 00:15:02',1,850),(10,13,1183156931,900118736,1164662616,NULL,'2001-10-04 22:32:15','1970-01-01 00:00:14',1,854485011),(11,1817031108,1295944693,886195219,254697047,NULL,NULL,'2005-09-26 10:19:12',NULL,1779888967),(12,NULL,2,1506749606,24,'5FAN8BU105A4U736','1995-10-14 13:35:52',NULL,1,189767891),(429496739,665925012,6730,1966077499,399866191,'60ESRDHY1037D9D34813C81X84','1978-03-01 04:56:28','1973-01-29 18:17:32',0,12),(429496740,324286407,NULL,658,7484,'CQN18HW','1974-03-03 06:15:23','1992-01-16 11:09:07',0,2066356677),(429496741,367753082,342869370,433302219,5,'39Q70A9A86C2O0OE617A','1983-09-18 21:25:35','2016-12-31 04:42:25',0,1162325358),(429496742,1890113169,886095839,881,1847975013,NULL,NULL,'2019-03-24 11:24:40',NULL,1699373439),(1076464092,124011857,744,587434480,1415067026,'','2018-06-30 00:08:21','2005-11-17 04:48:04',0,1533719430),(1076464093,991152618,62,28,1433926195,'391L3Q0E0Z8Z4UOC674X4VN9KV','2010-01-18 08:01:39','1974-05-30 07:36:13',1,1891581820),(1076464094,2022042225,2124251911,333515227,3548,'','1970-01-01 00:00:02','1980-07-28 21:57:39',0,974),(1076464095,1814054131,708231940,614941468,4,'5M38N849DWN92DF2A1AL2437TU1A8KP343HBV8AGUB011290B18FV435O47Z3WXXK089P3SS8RWQ2H6L4N4SP4MS2F6S60380R89C8KM4','1975-12-21 09:56:08','1993-02-17 18:45:04',1,422776474),(1505960822,895376410,1704807477,529145743,1792,NULL,'1981-12-20 01:23:49','2016-04-06 07:14:59',0,386),(1505960823,441390430,649,1825391633,893,'KFN7MX333D17GE677','1994-06-14 17:12:36','2007-09-03 22:10:34',0,1259972749),(1505960824,3229,2061303146,65,1154211928,'1Z7R','1970-01-01 00:00:48','1970-01-01 00:53:50',0,600178231),(1505960825,430555593,1644157546,701200398,681,'NQ5K7QYGH12RATE7NFMW5FO1109Z6XWL044PP6H98S42WXR','1979-06-06 08:08:58','1982-05-10 11:44:29',0,224),(1505960826,393,88,97,1553617128,'I','2011-10-22 00:58:16','1970-01-01 00:06:34',0,1934032702),(1751868798,4,4,1506014130,956,'5ZZM474N9','2011-02-15 04:30:19','1970-01-01 00:00:05',1,581842834),(1751868799,9811,1240808835,1740247110,1103958248,'X8XTT','1983-10-11 20:05:00','1970-01-01 02:43:32',0,NULL),(1751868800,303292087,1058257691,191952744,344746043,'2Q24813CPNM5XU2E48VN9G8RB9X69T432GAZAQG15YG2TZY1FI3CNI46K119EW1DN254486WSJCSK6DQBUJDJ13ZBM1FG1532JR2AOT87MMI55HJGZ8JLU374A3B6WQR0321','1972-12-17 03:41:09','1973-06-18 17:44:02',1,710943446),(1751868801,1611499949,3058,1306944891,801920600,'86G0T3MOO70JO0UM4','2005-12-25 23:38:41','1998-04-23 19:22:29',0,9),(1751868802,2143651181,1772746032,1440077083,18690285,'7','1999-04-29 09:09:57','1979-03-29 15:00:50',1,727),(2181365528,93491570,294121964,66,980210804,'V8V775DGJ8PR9C421S','2005-07-07 15:11:05','1974-12-13 22:47:59',0,1495079466),(2181365529,1548342785,257019264,381,1791968994,'4276R25SLEV3D6968EONPBFQ7IM','1999-07-25 06:50:11','2005-08-12 12:52:02',0,46),(2181365530,619053341,336539510,23,798379042,'','2004-10-02 00:10:41','1994-04-22 11:30:13',0,2116),(2181365531,69,3,136177056,546539845,'V','1970-01-01 00:00:07','1970-01-01 00:01:10',0,1315084464),(2181365532,1942472530,1628672046,9,55,NULL,NULL,'2013-01-21 15:35:42',NULL,920),(2181365533,306795214,310,344525580,800,'9','1994-08-17 08:05:34','1994-02-15 01:14:38',1,868537594),(2907044743,1499317804,784633613,NULL,900900037,'','2012-05-05 21:25:49','1984-07-03 01:25:33',0,632930724),(2907044744,395433576,566326670,8768,518,'R16FA976C89B7O4N79LX3G4I60','1998-12-22 17:41:09','1985-12-18 06:08:28',0,NULL),(3336541474,759416582,NULL,1265781185,299,'PY1H5','1977-10-03 19:08:17','1984-06-06 17:09:24',0,1757741463),(3484334810,1094233285,2063791528,885866124,1855424367,'626VG5L5W6ZL4EKR08D958O5073H74V0H','1970-01-01 00:00:09','2001-12-24 15:57:45',1,17),(3484334811,1494517272,28,447195171,789921036,'FDCGK6Y033T4R07878BWDH9196093NT86M7BB100F823JF8MS20NUP2605','1996-02-28 18:29:44','1998-07-18 21:37:06',0,1412892186),(3484334812,241040750,1953889161,3,577,'UXZ983O2Q17','1983-01-11 21:55:33','1990-12-18 13:57:02',0,79),(3484334813,206425914,93930975,2120245053,73,'209ZZS0','2014-01-18 07:46:25','2014-06-21 08:32:18',1,0),(3484334814,658555359,437534653,1728561071,NULL,'9TWM06S5K23WVIV','1980-02-18 11:21:56','1974-07-29 13:04:54',0,592126651),(3484334815,1483437113,1255002730,1377697516,NULL,NULL,'1998-08-25 20:58:35','2018-03-10 02:56:55',1,227588822),(3484334816,994985084,NULL,1827481405,652,'','1981-10-20 07:39:46','2018-12-26 20:48:47',0,8),(3484334817,982648182,1512657748,836707996,673316548,NULL,'2006-03-04 18:03:54','1994-07-29 08:36:09',1,1896382176),(3484334818,12336902,383225281,423965763,173,'','1970-01-01 00:00:08','1988-01-05 12:08:45',0,398672147),(3913831536,2111292018,73506777,7,1800616061,'LAK74A7Z66','1970-01-01 00:23:09','2016-06-30 21:39:52',1,24),(3913831537,141882022,1094784615,1496911888,4900,'718O46JKXXQ145OMJ20M49ENKFQQ320SG0OVMO500M3181A136P6Q69','1970-01-01 00:14:05','2017-09-02 13:31:13',0,1156412218),(3913831538,2129613482,1678343488,2002340846,694311146,'6X72X','1979-02-13 22:13:48','1976-02-07 18:31:00',1,1068178561),(3913831539,677470559,1544567382,1532775280,1176982421,'UU05YY4V94C669A5XD7FRU3T028I7QS8P3FZ3NAT700D454CA8Q0V02056140E6CBIFS7980X342KM99CC2','2017-05-22 03:07:05','1974-01-25 21:07:02',1,427573566),(3913831540,660,75,323491703,0,'R9L53R5ICJYK62A881G83Q11T68EUX0145NWMTX4M5ZD','1978-07-03 01:31:49','1970-01-01 00:11:01',0,1639016387),(3913831541,213719173,166,805404032,963682250,'','1970-01-01 00:05:04','2007-05-10 02:56:17',1,261763687),(3913831542,NULL,1610717878,1467487380,NULL,'2PVT87CKL1P96X7UDXQP05353622YCLYY663FRFWJ5RV4','2013-09-26 06:58:25',NULL,1,20),(3913831543,366943061,2064971345,1584451689,1245426605,'O69G4KUQPH20U2N1YR5ADG7YUFH46BM9EMGOO6O96','1970-01-01 00:00:11','2005-10-25 13:45:25',0,1438019923),(4294967295,NULL,1028405661,27,86581375,NULL,'1970-01-01 00:15:18',NULL,0,859722210);
/*!40000 ALTER TABLE `treenodes` ENABLE KEYS */;
UNLOCK TABLES;

--
-- Dumping data for table `treenodetypes`
--

LOCK TABLES `treenodetypes` WRITE;
/*!40000 ALTER TABLE `treenodetypes` DISABLE KEYS */;
INSERT INTO `treenodetypes` VALUES (271476051,'FY0P2615XT9R20364NR9T3903V8H7BGBVEL19A7',191815049),(271476052,'D0J6OV86DJGU4700U0J0K',1985684750),(271476053,'73F8',1287243667),(700972781,'03L',0),(700972782,'3HB95W7JP8KZP7U6X3CGRQ5COU7HN2K69001F347WXTQ316DJO94909D438Y54H',NULL),(700972783,'AUK6J',35),(1042601221,'LC78Z6V06XMS1B3E3Z8',677360512),(1042601222,'9GD3I8T5J60K',1782216873),(1042601223,'6L73H4KHGJ08JGA2QK02',1),(1042601224,'14JTOQEH0MC',NULL),(1042601225,'S1P68BO1Y0Y8V4YDJZA0NL9F',2098539490),(1472097952,'NV2VZ16355FX',821389746),(1472097953,'82IIWB0DU20148XK08SL7Y5JY3G981KIC07V',50),(1472097954,'HAU6Y8QI37R39JVO0KQPRZ5N42D3163E1Z',269039099),(1472097955,'9WDR6BQODH87087C20W67',7),(1472097956,'0D66M1J0XA',1618831159),(1814110248,'QDS4',1226602373),(1814110249,'70CB94H8F36MJ',578735316),(1814110250,'81J5HF2M417YAJ6NT28P0B185',569931653),(1814110251,'0NR75E8285G96PCD',831715543),(1814110252,'99NH8383905KM788PD5',1330902883),(2243606978,'0',2),(2243606979,'LP7P004UFMQZ0X46118JWK80QG1658S893XT6T32I5N04BH22BS8G67D9OI5',71),(2243606980,'N6OL',7612),(2243606981,'6XZ25X8RHAPE6J51Y4YKGOWPT8H111R801O',823082051),(2243606982,'0SM642L3QG6579658IOUO390778',2118203988),(2634217872,'JWHUV6LOJLMJ0ZZOY47MBAT67K1Z8S41B',871161506),(2634217873,'2MIZI',336166595),(2634217874,'VC64HFX99V64X9SYVFUYSOPV2UG59P9TSNRO5V94094082WP399KIV684AL5N93K46MU909RR4FKJS3N23',62),(2634217875,'IJR657',5376),(2634217876,'YP88HX5D8183MX28802J5444VJS0CZ3MM0IPCO619M96L4A7MH1X47W2WKD',1016026012),(3063714603,'VN59Y',792388807),(3063714604,'D7AK53129S530P6ZHET7A',11),(3063714605,'KAA1HC6B2F59374',2086053436),(3063714606,'2SJJ2C4GJ4FO945PXXK3',NULL),(3063714607,'294JT2O6X363',2107454630),(3724792357,'09PHM30JR27IFA54F9XOUD55',448),(3724792358,'Y3TCHT97608ED9130886MG802PP6NT7U4SQ62IBW330FLIKUMKB82844FCH71NUUXF0D0LG0Y5LKG42ZP3UCX3V2',711476719),(3724792359,'C80STH62067CICN17KB3C5M9E2F0O7489V41UNWPE61I3ZRIL8T3',1571595671),(3724792360,'7J11W6375I9R2524CV92079Y61S27MPU1I4A5F',1804925290),(3724792361,'10M9R45M83R3C7J3V6B',82),(3724792362,'B745Z19718L2FR7',1057798627),(4154289082,'1LDCJ',1148323909),(4154289083,'DW2428',1394365709),(4154289084,'N0TQ4752S0Z9KM',3569),(4154289085,'201J99MZ17',54),(4154289086,'ZCI8920DBO210A8J744G4849R1W1I99I5I6F9621E378K961KCE0FF3H5',30),(4154289087,'74968UYIL3N1GSWEQGI3O6103636J00ZH5V471DV2Z0556J84T1YKHIBCW07P3AQYY0E2H578O188',1000096442),(4154289088,'9R0HI3NR',471482560),(4294967295,'64V2B40BDGT',469131802);
/*!40000 ALTER TABLE `treenodetypes` ENABLE KEYS */;
UNLOCK TABLES;

--
-- Dumping data for table `trees`
--

LOCK TABLES `trees` WRITE;
/*!40000 ALTER TABLE `trees` DISABLE KEYS */;
INSERT INTO `trees` VALUES (181273164,109698767,'1970-01-01 00:05:28',636489371),(181273165,65778132,'1987-09-02 04:11:49',9231),(181273166,1425274153,'1977-02-03 19:09:44',553252436),(181273167,596062914,'1972-10-01 18:25:58',2010136719),(181273168,8,'1978-07-11 11:59:18',2),(610769894,2029418716,'1970-01-01 00:09:59',779847215),(610769895,1426628483,'1970-01-01 01:14:30',1073376509),(610769896,661082533,'1999-08-29 20:42:10',62),(610769897,65,'1970-08-27 14:52:50',93),(610769898,109312372,'1978-06-19 20:28:41',121940155),(1016128090,713,'1970-01-01 00:00:06',2070598019),(1016128091,NULL,NULL,1182934788),(1016128092,1368088412,'1970-01-01 00:00:04',5),(1016128093,585907005,'2011-05-18 18:38:44',277034130),(1016128094,87,'1991-08-29 01:31:11',1959219736),(1445624821,1767518100,'1975-11-26 23:05:48',129834605),(1445624822,983130728,'1973-01-23 18:50:25',8),(1445624823,9,'2014-05-25 02:33:02',667258506),(1445624824,1713488708,'1970-01-01 00:00:02',1278499094),(1956129383,6,'1971-09-17 09:05:37',544),(1956129384,1,'1975-07-01 06:04:32',1238320923),(1956129385,31,'1970-01-01 00:00:08',1405635140),(1956129386,501,'2008-01-10 17:39:38',175579618),(1956129387,31,'2002-02-21 07:04:20',NULL),(2385626114,1647533707,'1987-09-17 18:24:19',1857999374),(2385626115,1476745474,NULL,863105458),(2385626116,484474100,NULL,61),(2385626117,NULL,'1980-12-05 03:55:51',936601329),(2385626118,9,'1970-01-01 00:00:37',1929),(2906324995,1663717094,'1997-12-29 07:40:28',847671863),(2906324996,220905224,'1978-10-25 16:36:24',NULL),(2906324997,1849760240,'2003-09-14 04:15:07',NULL),(2906324998,880276366,'1970-01-01 00:00:05',1383080240),(3335821726,1125703860,'1972-01-07 15:01:46',2512),(3335821727,30489206,'1999-06-27 00:17:13',1893417935),(3335821728,8,'1970-01-01 00:00:05',687260647),(3335821729,75,'1997-01-14 19:58:16',948),(3654946886,1554018327,'2017-02-04 01:55:56',772915919),(3654946887,602790233,'2017-05-16 09:30:22',1590),(3654946888,6308,'1985-05-16 15:43:53',486545036),(3654946889,1985204494,'1972-07-31 12:02:02',995787221),(3654946890,1778665700,NULL,NULL),(3654946891,442851353,'2018-10-21 17:30:50',293763429),(4084443612,1318332926,'2018-07-01 23:21:38',1095482247),(4084443613,1737028894,'1970-01-01 00:00:09',4),(4084443614,926005650,'1984-05-15 10:26:18',1645215797),(4084443615,818922213,'1977-09-25 21:46:40',276925197),(4084443616,1456029143,NULL,1112566268),(4084443617,1364148548,NULL,1005977493),(4294967295,745738313,'1980-04-07 19:47:39',180371427);
/*!40000 ALTER TABLE `trees` ENABLE KEYS */;
UNLOCK TABLES;

--
-- Dumping data for table `treesearchquerynodes`
--

LOCK TABLES `treesearchquerynodes` WRITE;
/*!40000 ALTER TABLE `treesearchquerynodes` DISABLE KEYS */;
INSERT INTO `treesearchquerynodes` VALUES (260716907,NULL),(976418672,NULL),(1739661411,NULL),(2169158139,NULL),(2670240526,NULL),(1405915399,''),(2670240529,''),(3099737260,''),(4194440991,''),(4294967295,''),(1405915402,'0HQ8Z1904Q'),(690213635,'12MW6U93CP1VVE3V5533LWG948KU748NE825RRI911DJM993GK1149943530MTLH4545F3608B0E7OO992LI46OXKZ8W70'),(4194440990,'1C51L84OG8XZ004GHLQX8N952S7188X3'),(3764944265,'41QEK9BCK0C6E828278SB37UB'),(976418673,'41VN1RWM373F3S'),(1739661412,'49N0I692L9P6VG1ZI43R7812J80OQFHFKE8GEBM4385P39Z33V71JZ3788M85ER9FH24DZWYE78UKH19SN4N159LVOLOBF95482M96N'),(1405915401,'4B6F80M9GX3N641I9037BI38DE1U0537X5D6J5XXXLN'),(3764944264,'4PQ99757UG00KZAD473S3Y429D491B2D17D9R817W3N5A9921452OA689NH'),(3764944266,'54FCG0E97LI8L8D4PYO64KK76JR2F55086J5314E417694'),(3099737261,'5EE8P6QMP7KL'),(3099737259,'61ID7W4D59'),(2169158142,'69CX8YTW13UV53'),(690213636,'6A2OKIY22Y7BUOT01T'),(1405915404,'6VKC'),(4194440988,'7005N4A9B86XFH229TFBG7S3U342247F039I009ZJQUW413LAY83UQJR9E4H0KOB48501O1B26LUI847TM02'),(1405915403,'725899HZ296KD38A6TE77RN'),(3099737258,'82NGK22RT3S7F520S2SZ5EFFB36O167WW7049Y2KACZ0L37VP241E17L8B181M'),(4194440987,'97844098P5856XC42SGR2637BGP8QDZ'),(2670240530,'981WRPJUJEAI1ZN91YQIRD88JB11ZNI0TS2032919J4JHV2585CG67C'),(4194440989,'9JTQV83L8M'),(1739661408,'9R6I48IILRK7O94DCX3N994CAIY'),(976418669,'D8EKBB0ETBQU1SNR9JYTVOS61Z0'),(260716906,'DW'),(260716904,'FY160426XP30X3269LTQQQ922B9865N1105D261'),(260716905,'G'),(690213637,'GJ3S1'),(1405915400,'J'),(2169158140,'O42B'),(976418671,'OW8R093TKD0319'),(1739661410,'P3P5KS41G5P0HX99K3002067208CX7085'),(2670240527,'PDO8'),(3764944262,'PUN8J28Z018C7Q665LSK0QA789548SM'),(1739661409,'Q1H0P9U13HZFP5URL0NR27PEB2QW79I1ASDRP53X0IY5GMW7DB6758XBDG5'),(3764944263,'Q8X8'),(3099737257,'RCTU9KV326DTX66G'),(2169158141,'T3O1QCCC7LP8591G8U'),(976418670,'WM50I10ZE0LA7GHF5Z'),(690213638,'X801'),(2670240531,'YH3399JO'),(2670240528,'Z7Y6DTE1SWX15');
/*!40000 ALTER TABLE `treesearchquerynodes` ENABLE KEYS */;
UNLOCK TABLES;

--
-- Dumping data for table `treetypes`
--

LOCK TABLES `treetypes` WRITE;
/*!40000 ALTER TABLE `treetypes` DISABLE KEYS */;
INSERT INTO `treetypes` VALUES (867291,'42K2Z0IC0F8T835SL3P',66650766),(867292,'18S15U8ZVWOF68',1556093668),(867293,'81699I49LFT51P71YDWI',985),(867294,'5G820T398882SAXH68P820ET6CB550NP4JEEBC06B31XI6IT2URTLK76VNB0PD1MTA4N4FLE50Y4M84PKI8VKCG7CCLB5W6NKF76MYZO92EQ04W1Q0A4KNTE5336WR9CL67D2JOT22WW059I7YJ4D7D2EK4NV14A',1173178080),(430364021,'PDX1PMOP9DS1S5YV726B',1991513966),(430364022,'K',417149295),(430364023,'65TJPQ1B2739T267BHA',788520150),(430364024,'63YL3HW23EE1MW62NO54TQ9V368P',3),(430364025,'7S5147CSC128EP5639UC7328FGJMN22K008KXI8N86CD2',271),(963182329,'1O2IZF4S7IN6AHL84KBB91GV9K2T715H15',776212253),(963182330,'5H0789PU58EMV2DWG1',1121200223),(963182331,'16GGUMB0KK0AM61E2AD57K5C68NFEDERC184UWZ3W6',619),(963182332,'755309A6P48MLQK1HV4MND7FKAF7S3HOA589J38528AIM0OE747OSDV8UFLZV9',1250194524),(963182333,'122',1815550770),(963182334,'EUKQ1J9670E89B077MHG977',617070212),(1392679059,'R1Q6YF4',982673251),(1392679060,'XY08551J5ZIO9N39A0JVTY6DK97C50KBS9L44670',822),(1392679061,'1X7V374K2U',353),(1392679062,'1AO2',130065975),(1392679063,'5B662T48X5772X294D2J48OASL1I5S441F703',NULL),(1392679064,'8H',42196572),(1810671023,'TM98S4UTPJ8ZD66RCS28SLHAON79N452E95',85248034),(1810671024,'W4YF19349580',NULL),(1810671025,'1ZNM4760I7HGX0KR',1139703866),(1810671026,'34R',1918279598),(1810671027,'A5Z8S',1516157746),(2240167753,'X318LN',395572503),(2240167754,'4NQ972W3LB',55),(2240167755,'0G69KC43Z5SZN56T17XE7V9B15L85D7238TJ2J51883Q36468JD4V9346N42ZCRWKNJ93PF53480PY',6226),(2240167756,'389597E6AUD016076VIO9HXRM45SZ72Y48URAPXL8SW2KU9YGVYI518V1FZ605PRQUSTFSE018',NULL),(2240167757,'29LYGV7X81C0Z6NDBL78DT650Q3IPM88O899H4UE0L',506308733),(2591546116,'W3SIUN59990H71LKGL7TW5TS',21),(2591546117,'8LLKQB4',304379613),(2591546118,'W5578BA3TRZA092AKA4Q20H62H96Z5C3CM8AA864YV9Y1J',NULL),(2591546119,'XBH6271AG',383),(2591546120,'8X5O9',83358381),(3021042846,'M235L951416XJC2G81271P60252SC9T73NG702FR753SP4Z',1424098945),(3021042847,'8II369IQ45A7NWH0042CM',1),(3021042848,'E93NP',889486162),(3021042849,'3100373U4NH2U6NGYD97COLX4F343X84XUL644DEH0D9546ND',9),(3021042850,'13FX13OKIU9ZZ',1),(3515289544,'9X86XK2783U6Q781UI4Y04X0YZ68IZ6X7X06P0',876),(3515289545,'1T9V5G9O70UL93I4504',491056267),(3515289546,'5T99GQ0QDPT',1362973048),(3515289547,'708ZY417RV9XB73S4NHEP149M50J8E5KP0205IJONPC7CH7T9044F2KYFOBKE2U171FB',2068957567),(3944786269,'17L5K5G',143339382),(3944786270,'SQI',1816926088),(3944786271,'0B37E9LEGMG5D5U53SPYUC6PN8JN0274239D7TH609LF3L922OO8F7',1440779410),(3944786272,'888NJY3TM',1214608338),(4294967295,'E',1133673453);
/*!40000 ALTER TABLE `treetypes` ENABLE KEYS */;
UNLOCK TABLES;

--
-- Dumping data for table `usedstringlog`
--

LOCK TABLES `usedstringlog` WRITE;
/*!40000 ALTER TABLE `usedstringlog` DISABLE KEYS */;
INSERT INTO `usedstringlog` VALUES (4,'4G68QF520B6I94O588GJ6138J50SY3256E2SQ8850',-1962988402,'1971-03-17 03:06:01'),(5,'0D43ET',-515808255,'2001-12-23 20:57:55'),(6,'8F8E45LU5KD2L3F18F71NT9',-1916249690,'1996-11-19 19:22:23'),(7,'SUEO34GQT',732,'1970-01-01 00:00:08'),(8,'4299CS0FM9L',83,'1970-01-01 00:00:09'),(9,'188KD874R',-156008421,'1982-12-16 08:13:06'),(429496735,'5M5U456ORJ05IRW6WSA',5,'1970-01-01 00:00:06'),(429496736,'BN3JDA5BYCQJ17S6UQ2E44C446558MZAJYI251UDQ2YJ1FV39W90387Z16Y5X7T961N3ZMH1OY85O7TJA4H1M65HTKR',236,'1970-01-01 00:00:03'),(429496737,'32BOJ4R8960J4',-720215718,'2007-03-19 06:57:22'),(429496738,'KZN2',-1464408392,'2002-12-28 03:09:15'),(429496739,'GP248A03T8IMRF3A44G7J3PQJ',-96,'1970-01-01 00:16:05'),(429496740,'H3DCRKO953UF2AQ6280QAJ78PVY8QAM0VP8982LJG7TC5DJKPB36S47M98ZNCGK2BAAR3E66470V2GZ',728,'1970-01-01 00:01:13'),(1215298219,'21Z',8,'1970-01-01 00:00:09'),(1215298220,'YE5F41922L712541QC0743TK5H6TPOBO539',-2022050907,'1986-05-25 15:23:36'),(1215298221,'046L1A863IS8NEYQ7P66AF8WP67783',-1303952116,'1978-01-13 15:12:08'),(1215298222,'O',-1909065773,'2012-07-19 12:02:41'),(1215298223,'VE',-6,'1970-01-01 00:11:36'),(1215298224,'TO89TD54PB7R72KW6PX4YSGS526V',-972046026,'1983-10-11 05:20:29'),(1644794950,'H46P97922JDL5MLIA93131HDJFQ71P1N7QVOJJPAI428E18DH0IR142WL3574S',-1487437700,'1982-10-05 15:46:51'),(1644794951,'0ID04',-1082515270,'1985-05-30 15:16:51'),(1644794952,'57',-61,'1970-01-01 00:10:16'),(1644794953,'Z34JBPP0G00N82SY510638B9X053JN4Y',-1209246156,'1995-09-20 07:41:42'),(1644794954,'079R4E7KQOG3CMU0695D3P8C1T03HPCJM5',-2132743269,'2000-06-05 05:25:57'),(1874890505,'93O89T0C6PQ51GX',-522583588,'1970-05-01 01:18:22'),(1874890506,'P3343C7W6E3EM0V043TJFS1A110253VXT0135D0867B9',-1806395538,'2010-03-16 09:37:01'),(1874890507,'AHD969X2',-1475293654,'2012-04-23 07:55:05'),(1874890508,'1RLB8FTL1UT04Z2',-1975103937,'2007-11-13 01:13:34'),(2304387236,'UY47J6TF81O9QW',-52,'1970-01-01 00:08:46'),(2304387237,'RG7SKUY',-1115833179,'1999-08-12 07:42:49'),(2304387238,'HZ4G837F638XAE0L12QG7QXR8G328Y5946J1VC9RV111405D020486F34ZAHW958',-1097762195,'1981-06-30 15:20:14'),(2688666323,'64744I9Y5K',-789914151,'1980-02-29 01:43:44'),(2688666324,'X353QIA92E127Y7D0YA9ZO40VWTO58AWGU50Q06K4',-1467806195,'1982-07-13 12:36:30'),(2688666325,'0Y387L3E4Z9NVSB4F83NCJ208971IG73350QMXMJ95V48848N4OO1W93M5D6BJ4R2BJ8SVCGJF',-1513453207,'2004-01-16 01:15:46'),(3118163053,'9',404,'1970-01-01 00:00:05'),(3118163054,'7O4P2NYD2Z98B4U395YT1049WQP4FZE6Z39TR3',-1678684893,'1972-10-22 15:48:05'),(3118163055,'7ZHDOKXVB0AR69MA364PE9S4SHYS58',-1951714751,'2004-10-16 19:28:55'),(3813689528,'VHTGR4K004VZN100Q48R74J309J076J',-368899690,'1980-03-07 07:27:14'),(3813689529,'17OU9R0K54HJH',4735,'1970-01-01 00:00:48'),(3813689530,'M694H7411QXZL52YI',-2108752111,'2007-12-20 11:56:05'),(3813689531,'O8HMY6J3D650729KC34OWO6UJ1QLUKAN0432D44L66D305O6KB59BFKMBE5398CI599A96RUE8YZJ',-1543877435,'1970-12-31 10:05:09'),(3813689532,'DB70K2FERN89KG080E9V5HN899F42B9B02O5Z8U1G480XC3XNW0N9RBRJ907NS48378U6GEQCQIH6JM91CC9DQ23H818A5073T8G92Y290I0PF',-73,'1970-01-01 00:12:15'),(3813689533,'G8HO0PZ158Q10Q63RSO870E34Q01LTL282KR342YN4502D5YEWX81EHOZ2653AP34PUJ7X98828IX2E9ETI',-1710593972,'2007-11-23 08:37:41'),(4243186253,'P8',-1558748932,'2009-01-27 21:09:03'),(4243186254,'2U',-18,'1970-01-01 00:03:09'),(4243186255,'DD62D8563NFFD01L48BY',19,'1970-01-01 00:00:02'),(4243186256,'W021MYI63T9X4328E0K874F4ZP9O354L3MEJY6XT3255PQL5346',-1590719744,'2010-07-09 02:43:17'),(4243186257,'EEBS52XIUTFH939',-49,'1970-01-01 00:08:15'),(4243186258,'VK50D2IQJ04B92OFWWFGC7F8C0A3',-1900196180,'2013-05-21 03:33:20'),(4243186259,'0H5A2ZJ25MAHRJ',-152479633,'2001-03-15 03:57:44'),(4294967295,'3BILB263Q536',-522,'1970-01-01 01:27:03');
/*!40000 ALTER TABLE `usedstringlog` ENABLE KEYS */;
UNLOCK TABLES;

--
-- Dumping data for table `userattributekeys`
--

LOCK TABLES `userattributekeys` WRITE;
/*!40000 ALTER TABLE `userattributekeys` DISABLE KEYS */;
INSERT INTO `userattributekeys` VALUES (0,0,1,0,1,1,281567497),(0,1,0,1,0,1,281567498),(0,0,1,0,0,1,281567499),(0,1,0,0,1,0,281567500),(0,1,0,0,1,0,711064227),(1,0,0,0,0,1,711064228),(0,1,1,0,0,1,711064229),(1,1,1,1,0,0,711064230),(1,0,1,1,0,1,1034030078),(0,0,0,1,1,1,1034030079),(0,1,0,1,0,1,1034030080),(1,1,0,0,1,1,1034030081),(0,1,1,0,0,1,1034030082),(0,0,1,0,0,1,1463526809),(1,1,0,1,1,0,1463526810),(1,1,0,1,0,0,1463526811),(0,1,0,0,1,0,1463526812),(0,0,0,0,0,1,2082561140),(0,0,0,0,0,0,2082561141),(1,1,0,0,0,1,2082561142),(1,0,1,0,1,1,2082561143),(1,0,0,1,1,0,2082561144),(0,0,0,0,1,1,2512057870),(1,0,1,0,1,1,2512057871),(1,0,0,0,1,1,2512057872),(0,1,1,0,1,0,2512057873),(0,1,0,1,0,1,2512057874),(0,1,0,1,0,1,2831420100),(1,1,0,0,0,0,2831420101),(1,1,0,1,1,0,2831420102),(0,1,1,0,0,1,2831420103),(0,0,0,0,1,1,2831420104),(1,1,0,0,0,0,2831420105),(1,1,1,1,1,1,3260916830),(0,1,1,1,1,0,3260916831),(0,0,0,0,1,1,3260916832),(0,0,1,1,1,0,3260916833),(1,0,0,1,1,1,3260916834),(0,1,1,0,1,1,3260916835),(0,1,1,0,0,0,3260916836),(1,1,0,0,1,0,3740375547),(1,1,0,0,0,1,3740375548),(1,1,0,0,1,1,3740375549),(1,0,1,1,0,1,3740375550),(1,0,1,1,0,1,3740375551),(0,1,1,0,1,0,4169872273),(1,1,0,1,1,0,4169872274),(0,1,1,0,1,0,4169872275),(1,0,0,1,0,0,4169872276),(1,0,1,0,1,0,4294967295);
/*!40000 ALTER TABLE `userattributekeys` ENABLE KEYS */;
UNLOCK TABLES;

--
-- Dumping data for table `userattributevalues`
--

LOCK TABLES `userattributevalues` WRITE;
/*!40000 ALTER TABLE `userattributevalues` DISABLE KEYS */;
INSERT INTO `userattributevalues` VALUES (429496805,2831420101,NULL),(2243956565,3740375550,NULL),(2892524627,711064227,NULL),(2892524628,3740375547,NULL),(3322021357,4294967295,NULL),(2243956563,281567497,199585),(3513329083,3260916832,199587),(77,3260916836,429696315),(1631800758,281567499,429696315),(1814459835,711064230,429696315),(2892524632,2082561143,429696316),(3513329085,3260916834,429696316),(3942825812,4169872276,429696316),(3942825811,1034030080,429696319),(3513329086,2831420105,888429084),(1631800757,2831420103,888429090),(3942825813,1463526812,888429090),(3322021358,1034030078,888429091),(1202304028,1034030081,888429092),(3322021360,3740375549,888429092),(1202304027,711064229,1317925819),(2892524630,4169872275,1317925819),(429496806,3260916833,1317925820),(1202304029,281567500,1317925820),(2892524629,1034030079,1317925820),(3322021359,2831420102,1317925821),(3942825808,1463526809,1317925821),(429496807,1463526811,2004673120),(2892524631,3260916835,2004673120),(3513329087,2082561144,2004673120),(74,3740375548,2004673123),(3322021363,2512057874,2004673123),(1631800759,3740375551,2434169850),(1202304025,2512057870,2434169851),(1814459832,3260916830,2434169851),(1814459834,2831420104,2434169853),(75,2512057871,2824770952),(3513329084,4169872274,2824770952),(3942825810,711064228,2824770952),(76,1463526810,3254267678),(1631800756,2831420100,3254267678),(3513329082,4169872273,3254267679),(3942825809,2082561141,3254267679),(2243956564,281567498,3254267681),(3322021362,2512057873,3254267681),(1202304026,2082561140,3254267682),(2892524633,1034030082,3571024639),(1814459833,2512057872,3571024640),(4294967295,3260916831,3571024640),(3322021361,2082561142,4000521365);
/*!40000 ALTER TABLE `userattributevalues` ENABLE KEYS */;
UNLOCK TABLES;

--
-- Dumping data for table `userdeactivatednotifications`
--

LOCK TABLES `userdeactivatednotifications` WRITE;
/*!40000 ALTER TABLE `userdeactivatednotifications` DISABLE KEYS */;
INSERT INTO `userdeactivatednotifications` VALUES (1026352614,1949121682,221044478),(1760186760,NULL,221044479),(646670261,1700843998,221044480),(1433110728,318196450,221044481),(408894595,1550654243,650541209),(88,42,650541210),(960,301813732,650541211),(2080113148,4,995163654),(630906545,8601,995163655),(457282541,208,995163656),(5310,6,995163657),(1315259869,1100324281,995163658),(160456864,2121697489,995163659),(1238757031,496157110,995163660),(288907255,969851385,1424660384),(1979124646,265539511,1424660385),(57,20549898,1424660386),(2030,1686220961,1424660387),(1279231642,478525806,1424660388),(2131223820,1074702247,1424660389),(876,1830699857,1424660390),(834484585,691043936,1424660391),(2924,995738170,2104012461),(906,NULL,2104012462),(288101730,1474636187,2104012463),(12,NULL,2104012464),(1262455198,7243,2533509192),(32,525406642,2533509193),(7794,741311000,2533509194),(1477671457,850927612,2533509195),(2074395685,794551832,2593735084),(855169611,934844607,2593735085),(9248,4,2593735086),(52,1255316011,2593735087),(150521655,120,3023231814),(480384890,635384857,3023231815),(754327551,6,3023231816),(989,372211961,3023231817),(1107734380,951348604,3023231818),(1884517288,846375743,3644458535),(1365413339,713,3644458536),(1822548165,763,3644458537),(28,NULL,3644458538),(2265,1128114737,3644458539),(1820407615,2100657708,4073955261),(1075863622,756024241,4073955262),(31,NULL,4073955263),(450,199,4073955264),(509551418,1937886938,4073955265),(18879787,3567,4294967295);
/*!40000 ALTER TABLE `userdeactivatednotifications` ENABLE KEYS */;
UNLOCK TABLES;

--
-- Dumping data for table `usergroups`
--

LOCK TABLES `usergroups` WRITE;
/*!40000 ALTER TABLE `usergroups` DISABLE KEYS */;
INSERT INTO `usergroups` VALUES (228439844,398086522,'1987-07-19 05:44:54'),(228439845,3635745243,'1970-01-01 00:00:07'),(228439846,398086525,'1984-07-23 11:48:04'),(657936575,4065241968,'2009-05-06 08:39:18'),(657936576,4065241969,'1999-08-19 16:22:22'),(1207368644,398086523,'1992-07-09 06:57:26'),(1207368645,3635745245,'1970-01-01 00:44:43'),(1207368646,2016821814,'2001-10-24 13:31:13'),(1636865374,1623628640,'2016-11-08 04:28:08'),(1636865375,3129111156,'1970-01-01 02:28:57'),(1636865376,827583255,'1970-01-01 00:41:16'),(1636865377,1623628643,'1995-05-02 13:54:08'),(1945812198,1194131908,'1970-01-01 01:25:17'),(1945812199,827583252,'1970-01-01 00:00:07'),(1945812200,3635745242,'2010-03-16 14:16:19'),(1945812201,2699614424,'1970-01-01 00:01:00'),(1945812202,3129111155,'1970-01-01 00:01:18'),(1945812203,2446318543,'2002-08-06 17:16:06'),(1945812204,3635745244,'1970-01-01 00:47:48'),(1945812205,4065241971,'2019-01-21 14:08:13'),(2375308928,4065241965,'1970-01-01 00:00:09'),(2375308929,4065241967,'1970-01-01 01:26:50'),(2375308930,2016821812,'1971-11-29 11:40:42'),(2375308931,1194131909,'2007-09-10 06:27:24'),(2375308932,827583253,'2019-07-28 20:43:35'),(2375308933,1623628641,'2019-08-22 12:35:03'),(2375308934,827583254,'1993-12-26 10:46:42'),(2375308935,4065241970,'1978-06-01 21:23:41'),(2778309231,4065241966,'1978-05-25 03:39:14'),(2778309232,2699614425,'1977-02-03 00:01:01'),(2778309233,2016821813,'1979-07-13 03:10:15'),(2778309234,1194131912,'1972-08-18 16:23:36'),(2778309235,3635745246,'1970-01-01 00:00:51'),(3207805961,1623628638,'1979-09-12 12:46:59'),(3207805962,3635745241,'1970-01-01 00:00:06'),(3207805963,1623628642,'1973-11-12 16:24:34'),(3207805964,2446318544,'1970-01-01 00:00:05'),(3207805965,827583256,'1981-11-10 21:24:23'),(3207805966,1194131913,'1998-04-06 00:04:10'),(3455935992,3635745240,'1979-11-13 01:17:30'),(3455935993,398086521,'2008-10-08 20:32:39'),(3455935994,1194131911,'1989-09-27 19:26:10'),(3455935995,2699614426,'1986-11-24 07:47:25'),(3455935996,3129111157,'2009-04-17 21:05:57'),(3885432717,3635745239,'1976-09-20 21:08:58'),(3885432718,1623628639,'1970-01-01 00:00:01'),(3885432719,1194131910,'1990-11-13 02:08:45'),(3885432720,398086524,'2005-10-19 08:20:13'),(3885432721,2446318545,'1992-08-20 07:36:53'),(4294967295,4294967295,'2005-01-10 10:57:17');
/*!40000 ALTER TABLE `usergroups` ENABLE KEYS */;
UNLOCK TABLES;

--
-- Dumping data for table `userloginattempts`
--

LOCK TABLES `userloginattempts` WRITE;
/*!40000 ALTER TABLE `userloginattempts` DISABLE KEYS */;
INSERT INTO `userloginattempts` VALUES ('00B12PJ5OI1U6',1346248361,-801235287),('14SU',1021871995,-1125611653),('1H8464AGS68',1620326289,-527157359),('25E7E1465',325765439,-1821718209),('2M',1847276706,-300206942),('3',353567905,-1793915743),('35',43,4342),('4',1308225988,-839257660),('40M83W',1676361815,-471121833),('47UYDM4MZG',1936902038,-210581610),('4B58',1239706689,-907776959),('4VJ',8,8),('53GZIR00H7Z7E309',738849123,-1408634525),('56783P92U',1004077591,-1143406057),('5S7U0EQ2A1NFHV6',868877823,-1278605825),('6',530990059,-1616493589),('64YW',975913069,-1171570579),('66D',2078817057,-68666591),('72DT0N9',936006193,-1211477455),('75422C48WQXB1S',1191243234,-956240414),('761BX',478999434,-1668484214),('7F5R2KZN8R7KJ131',2,2),('8',6749,-674),('817',1823453413,-324030235),('8R1',94,945),('8U6J7G6',177422154,-1970061494),('92ES65A',913,-91),('9TG',1376892578,-770591070),('B9WJT0B438V227668OPH2X6G6LTGQ78MY7S8',1752808719,-394674929),('CJPS58896FI94',452118794,-1695364854),('EFXNT9A9772W08HF48',6,68),('EHOU',2080355277,-67128371),('F3QZKF7093J8ZBP4W7WSW0Y2ER9TXQ0QE3',1021671429,-1125812219),('F4',0,1),('H',1705693483,-441790165),('H80S3',5145,-514),('KJ87TB',195452306,-1952031342),('N1895',741185714,-1406297934),('NP',1300689925,-846793723),('OMRV3158',235629098,-1911854550),('P8HU',853870977,-1293612671),('Q12',1174703424,-972780224),('Q6F171EJ17G90U50T3EP1PMJ8FPKH',562150641,-1585333007),('R7',831,-83),('TS774E4D',297058959,-1850424689),('VSL',2,29),('X',275,-27),('XIW3WA',167,-1),('XY7Z618Y7',1381028335,-766455313),('Y37843',1993255152,-154228496);
/*!40000 ALTER TABLE `userloginattempts` ENABLE KEYS */;
UNLOCK TABLES;

--
-- Dumping data for table `userpermissioneditpropertyaccesslist`
--

LOCK TABLES `userpermissioneditpropertyaccesslist` WRITE;
/*!40000 ALTER TABLE `userpermissioneditpropertyaccesslist` DISABLE KEYS */;
INSERT INTO `userpermissioneditpropertyaccesslist` VALUES (1,48033971,0,0,1,1,1,0,'V'),(2,2893026686,1,0,0,0,1,NULL,'3'),(3,2893026688,1,0,0,0,1,0,'K'),(4,4175238523,0,0,1,0,0,1,'W'),(5,2229850565,1,1,0,1,1,0,'3'),(6,1583919172,0,0,1,0,1,1,'D'),(429496732,2229850562,1,0,1,1,0,1,'5'),(429496733,3745741797,1,0,1,NULL,NULL,1,'D'),(429496734,1800353833,1,0,0,0,1,1,'P'),(429496735,1800353834,0,NULL,NULL,0,NULL,0,'T'),(429496736,1800353835,0,0,0,0,1,0,'U'),(429496737,3745741799,1,NULL,0,0,NULL,0,'7'),(873195802,48033972,NULL,0,1,1,0,0,''),(873195803,2893026687,0,0,1,1,NULL,0,'S'),(873195804,48033973,NULL,0,0,1,0,0,''),(873195805,1154422442,1,1,1,0,0,0,'8'),(1302692532,4175238521,NULL,1,1,1,0,0,''),(1302692533,3322523416,0,1,1,1,1,0,'9'),(1302692534,2229850564,1,1,0,1,1,1,'0'),(1302692535,1154422441,0,1,0,1,0,0,'1'),(2129413483,4294967295,0,0,0,1,0,0,'J'),(2129413484,1800353832,1,1,0,0,0,1,'1'),(2129413485,477530703,0,1,1,1,0,1,'Y'),(2129413486,477530704,1,1,0,0,0,1,'7'),(2129413487,3322523420,0,0,1,1,0,0,'A'),(2558910214,4175238522,1,1,0,0,1,NULL,'2'),(2558910215,1154422439,1,0,0,1,0,0,'H'),(2558910216,2893026689,1,0,1,0,NULL,0,'9'),(2558910217,3745741798,0,1,1,0,1,0,'E'),(2558910218,48033974,0,1,0,0,0,0,'6'),(2945543201,1154422437,1,NULL,1,0,1,1,'J'),(2945543202,1154422438,1,1,0,0,0,NULL,'5'),(2945543203,3322523418,1,NULL,1,0,0,1,'S'),(2945543204,3322523419,0,0,1,1,0,1,'3'),(2945543205,2893026690,1,NULL,NULL,1,1,0,'R'),(2945543206,2893026691,0,1,0,1,1,1,'L'),(3375039931,1583919167,1,NULL,0,1,1,1,'G'),(3375039932,477530702,0,0,1,0,0,1,'I'),(3375039933,1583919169,0,1,0,0,0,0,'5'),(3375039934,2229850563,1,0,0,1,1,0,'D'),(3375039935,4175238524,0,1,0,0,1,0,'2'),(3375039936,2229850566,1,0,NULL,0,1,0,'K'),(3614387844,3745741796,1,1,0,0,0,1,'0'),(3614387845,1583919170,1,0,0,0,1,1,'6'),(3614387846,1583919171,0,1,0,0,0,1,'O'),(3614387847,4175238525,1,0,NULL,1,1,0,'3'),(4043884570,3322523417,0,0,0,NULL,1,1,'W'),(4043884571,1154422440,NULL,1,0,1,0,0,''),(4043884572,3322523421,0,1,0,0,0,0,'9'),(4294967295,1583919168,0,1,1,1,1,0,'3');
/*!40000 ALTER TABLE `userpermissioneditpropertyaccesslist` ENABLE KEYS */;
UNLOCK TABLES;

--
-- Dumping data for table `userpermissioneditpropertyattributeaccesslistcustom`
--

LOCK TABLES `userpermissioneditpropertyattributeaccesslistcustom` WRITE;
/*!40000 ALTER TABLE `userpermissioneditpropertyattributeaccesslistcustom` DISABLE KEYS */;
INSERT INTO `userpermissioneditpropertyattributeaccesslistcustom` VALUES (37274819,206921496,1491263984),(37274821,206921497,3201156859),(37274822,206921498,3201156861),(2155401775,206921499,1491263985),(466771551,636418227,2771660128),(3785893701,636418228,2297420905),(4215390428,636418229,2771660132),(4215390429,636418230,2297420907),(466771550,1075003550,4145578535),(1517737066,1075003551,376568613),(3358546468,1075003552,3716081811),(37274824,1075003553,4145578538),(1088240335,1504500280,3716081809),(3358546466,1504500281,3716081810),(2155401776,1504500282,2771660133),(1088240337,1504500283,806065345),(4215390430,1504500284,376568615),(1088240336,1796914607,2771660129),(37274823,1796914608,376568614),(3785893704,1796914609,2771660134),(1725905042,2226411337,1867924172),(466771552,2226411338,3201156860),(1725905047,2226411339,3716081812),(466771555,2226411340,806065346),(4215390426,2850354929,4294967295),(4294967295,2850354930,2297420904),(3785893702,2850354931,1061767254),(2929049737,2850354932,1061767255),(3358546469,2850354933,4145578537),(2929049739,2850354934,1867924178),(3785893705,2850354935,1061767256),(2155401773,3279851660,2297420903),(2155401774,3279851661,2771660130),(2929049736,3279851662,2771660131),(1725905046,3279851663,1867924176),(466771554,3279851664,2297420908),(2155401778,3279851665,3201156865),(1725905043,3536239802,1867924174),(1725905044,3536239803,4145578536),(3358546467,3536239804,1867924175),(1725905045,3536239805,2297420906),(2929049738,3536239806,3201156864),(37274825,3536239807,1491263987),(37274820,3965736527,1867924173),(4215390427,3965736528,806065344),(466771553,3965736529,3201156862),(1517737067,3965736530,3201156863),(3785893703,3965736531,1491263986),(2155401777,3965736532,1867924177),(2155401772,4294967295,2297420902);
/*!40000 ALTER TABLE `userpermissioneditpropertyattributeaccesslistcustom` ENABLE KEYS */;
UNLOCK TABLES;

--
-- Dumping data for table `userpermissionviewattributeaccesslist`
--

LOCK TABLES `userpermissionviewattributeaccesslist` WRITE;
/*!40000 ALTER TABLE `userpermissionviewattributeaccesslist` DISABLE KEYS */;
INSERT INTO `userpermissionviewattributeaccesslist` VALUES (0,2614270466,''),(1,1464791304,'J'),(2,3646236360,'7'),(3,2009943360,'2'),(4,3043767199,'5'),(5,2439440092,'T'),(6,2614270470,'8'),(7,715862459,''),(8,3043767202,'D'),(429496731,2439440087,'B'),(429496732,3646236359,''),(429496733,286365726,'D'),(429496734,3646236362,'G'),(429496735,2614270469,'1'),(429496736,3043767200,'0'),(429496737,1035294575,'P'),(429496738,4075733088,'C'),(1269229711,2009943359,'L'),(1269229712,2009943361,'Q'),(1269229713,2614270471,'2'),(1698726442,3043767197,''),(1698726443,3043767201,'Q'),(1698726444,3646236363,'1'),(2024428770,4075733085,'M'),(2024428771,2614270467,'R'),(2024428772,3043767198,'8'),(2453925500,3043767196,'B'),(2453925501,2439440089,'5'),(2453925502,2439440090,'D'),(2453925503,1464791306,'Z'),(2927870326,4294967295,'1'),(2927870327,715862457,'M'),(2927870328,4075733086,'4'),(3357367057,2439440088,'9'),(3357367058,1464791305,'B'),(3357367059,286365729,'1'),(3580712244,4075733084,'Q'),(3580712245,1035294574,'5'),(3580712246,715862458,'S'),(3580712247,4075733087,'1'),(3580712248,286365728,'V'),(3580712249,2009943362,'X'),(4010208969,2009943357,'1'),(4010208970,2009943358,'5'),(4010208971,286365727,'6'),(4010208972,3646236361,''),(4010208973,2614270468,'P'),(4010208974,2439440091,'1'),(4010208975,1035294576,'0'),(4294967295,3646236358,'U');
/*!40000 ALTER TABLE `userpermissionviewattributeaccesslist` ENABLE KEYS */;
UNLOCK TABLES;

--
-- Dumping data for table `userpermissionviewattributeaccesslistcustom`
--

LOCK TABLES `userpermissionviewattributeaccesslistcustom` WRITE;
/*!40000 ALTER TABLE `userpermissionviewattributeaccesslistcustom` DISABLE KEYS */;
INSERT INTO `userpermissionviewattributeaccesslistcustom` VALUES (3394569121,196162790,2550431536),(2080952977,196162791,1063469849),(26515673,196162792,2550431539),(2965072394,196162793,1492966581),(1022057788,625659520,3110903047),(3394569122,625659521,3613471091),(3394569123,625659522,4042967817),(3394569124,625659523,429496737),(456012406,625659524,1492966582),(2965072390,1008821492,1063469848),(2965072392,1008821493,2120934806),(1022057789,1008821494,3110903049),(3826078386,1008821495,3613471093),(2965072396,1008821496,3110903050),(2080952981,1008821497,429496740),(456012403,1438318223,4294967295),(3826078385,1438318224,2681406318),(4255575111,1438318225,2120934807),(2965072395,1438318226,429496739),(3394569127,1438318227,2120934811),(4294967295,1722465811,1492966579),(1451554519,1722465812,4042967816),(2510449709,1722465813,2550431537),(1022057791,1722465814,1063469850),(1022057792,1722465815,8),(2965072391,2151962542,3110903048),(1451554520,2151962543,429496736),(1451554521,2151962544,4042967818),(1451554522,2151962545,2120934809),(1451554523,2151962546,1063469851),(2080952979,2886377534,3613471092),(2510449710,2886377535,2120934808),(3394569126,2886377536,2120934810),(26515675,2886377537,4042967820),(2510449707,3315874264,2681406317),(2965072393,3315874265,2550431538),(3826078387,3315874266,9),(456012405,3315874267,2550431541),(2510449712,3315874268,1063469852),(2510449708,3576391687,5),(1022057790,3576391688,6),(456012404,3576391689,7),(3394569125,3576391690,2550431540),(2510449711,3576391691,3613471094),(2080952978,4005888413,1492966580),(4255575112,4005888414,4042967819),(2080952980,4005888415,429496738),(26515674,4005888416,2681406319),(4255575113,4005888417,2550431542),(3394569120,4294967295,3613471090);
/*!40000 ALTER TABLE `userpermissionviewattributeaccesslistcustom` ENABLE KEYS */;
UNLOCK TABLES;

--
-- Dumping data for table `userpointactions`
--

LOCK TABLES `userpointactions` WRITE;
/*!40000 ALTER TABLE `userpointactions` DISABLE KEYS */;
INSERT INTO `userpointactions` VALUES (630409,'3C7Y2C8QI1','',-1570035170,850617012,1,0,1),(630410,'6S','P4P38TRFOY3L85U',-9059,29017558,1,0,3),(630411,'7LCP64G670P6Q','892NQ98O7',-58,747465661,1,0,1312687845),(630412,'Q5JB5S645T30DO2V3732LI',NULL,-360012687,332619084,0,0,1074485261),(630413,'055UAW7E','0UJ6J253S9Q9LORAW7NA81H',67,1564336718,0,1,606705260),(630414,'TSGLV0JFS7IB98251CQG4H5W92F9W8C9OBO88R3KG','G0IWP6BY59V8FKX7RT',-2049972056,6610,1,1,1),(1630410,'9U0JOU0Q89927E3J5QW64G71KVX846O25QN7OAD8ZRA9404T','Y4M6I',-1068738778,1835466651,0,0,203376189),(1630411,'7ZW78YZU1N03RYDU19A8RC85JGNF1D7FJ0GPIK140A4D5M64164ZY0X3TF00XP57H4ZA91ASEX30HP83VT7YT2Y987E9R8E5I6QWT3Q9920N2TST6KMYJ9B','KE2S8',0,1103428018,1,0,60),(1630412,'5A1NXAOJ8B19YYG5KH4LFJOM81FPWY5ZDJWOK7','62II791G27',-177065658,1065531651,1,0,1472626191),(1630413,'RR','ZZ60ENSXXH405LQ39X1QA',-196807047,1151095417,1,1,54959340),(1630414,'MDKC4865V8L',NULL,-2124154588,1820068393,1,0,2054041514),(1630415,'H32L0FPF1CR8ZZ2K46PUEM79YBO987E311ET442769H8510YUHSYE2V8QEZA79GQOEH58F2S9W787J8HMJAYHUV2Q74ACYUV70FIA9',NULL,9584,97,1,0,193393905),(2751577,'740C38U','',-436104718,987391930,0,1,716340865),(2751578,'1CWDNQ7M7JL0CL4KRVP428Q69SM3623824B2M7P11M4BU49L40G10HEOBJ5384MOUJJD9D0NTHS4514AQ9F827','S44A67QOT93V2M21ER',3,9601,1,0,1674323945),(2751579,'T92','4T2',-810931388,1722098355,1,0,584842944),(3751577,'X8F551G5','I434KW5J',-1883609178,4,0,1,634363131),(3751578,'FCEK427XSU7QV387D9582MXF601K1E927WU0691C1V0SXM2Q66A4SQP17F2EOF25428180DC010TR18U3Z43890451P3302820S52019E93I5H2Z3P11U6M45575JOR8I',NULL,-51243884,220973399,1,1,73),(3751579,'51PG22H9','',-80,80770939,0,0,333557664),(4225279,'4V724B167B79X','O6R1T88TT84W',-606743613,1824025396,1,1,456073236),(4225280,'6DM54J58R1PAH2839M519BFV58JAE8DRL1674Y3Z0442390813F40WEK89531A49V46GCXXD129ETC73RP4C69D4ZD7436BRPTW0XI9QZ83ZRR2LN0KW58IU09X5M73T94N668XGN96','8D8M98B0685TINV0R',-672248068,507363725,0,1,295623788),(4225281,'O88PE9DL42T1B969D0E1882598YF97F1F7Y64012J8AO2O5XON6D8K993F7G','0LXX0NOT227IFCBJPO079Z59320N0979CTU30E7A6L0141JS0UHCL56W7QA38N49',-902361400,942221385,1,0,175781601),(4225282,'6D70EHDRDTS393N8P9S11YV0XE50Q6KXT3M',NULL,7,8,1,1,6),(4225283,'JLEN6TP3E934YP1Q53U572936H6CL61O16E0046538F5E1TXBNF30M3J9G79BIB1I4N157P5ANF79LZ','9L0589U67P83560F5M741T23UG28X98OK99XR871',-510023945,2550,0,0,777168243),(4225284,'VW3P38R2C6R60688L4WM8X6T6YXUQ8K99979MG9Z4A6TI3430601GOX3617ZA',NULL,-385739364,90,1,0,411824372),(5225280,'20U076T9T','1J65C3VEMTKV3W4QE1ETR',-9083,779503493,0,1,896481126),(5225281,'60804NSF8P4DR305W979R79JBW6513HDKFV51E43IV721LD72A951J144BCLVCBI6410AN0JQ46677',NULL,-521318616,308,1,1,442359127),(5225282,'W0ROVUR0L2S3187APX265UNK80XVM6ZXQGV9D719W51AZ8CK5KJ2','1K6UKI0441MK79I8NGLD6HO977B40P5M61P5ELM1CCAZYTL94615ILU6E',-34721552,6557,0,1,1136332284),(5225283,'R53942A6QH7ZZEZAY9XBR00',NULL,-564207912,1795386596,1,0,38),(5225284,'K1KWW42XY0T9G577','LXSXW506RF0LE544464F2U5',-310840361,2011277613,1,0,192325299),(5225285,'Y3U31Q20PGC67','48D2MAQ4XC8R13DH1V422Z31FG6W33LJZ8324ZZ1NH6J2J84QPW72L0K8W56WOND3DB8NEPEL746N49L3T7Y12N0JI',-444363136,1246126174,0,0,140163759),(6876940,'3G5','49FMQJSM33UNU9IX3IOV0NG62068YEW7PN',-1563093521,2007753036,1,1,1051179579),(6876941,'100H25HC','796DX048O4FSOKUK7049O6HP9N2M8MFWF2B69VH22UU9HF90K19',-411256570,533745108,1,0,2323),(6876942,'545R52Z3JUQ','',-44253314,714015123,0,1,29),(6876943,'1N61F11','',94,1132083456,0,0,1118386201),(6876944,'0',NULL,-193099356,632510458,1,0,779967120),(6876945,'N31L430CW7K3970S338Q2Z','XK108V',-990,420184454,1,1,791263572),(7876940,'87','2WF7L96N08BGO721JS98K91525TJ2AZ3Z0N897PIL4HP5T0K7597W1B4G8EBPM91Y4F825V',-31515760,9922,0,1,216383777),(7876941,'N96D66TNA','EVN07AW',-178433937,1080084745,1,0,600993492),(7876942,'32SP78S0DA2F39P1431M4Q77376Q115OJR37','I119',-502485408,2031447559,1,0,1465735435),(7876943,'UPX593MDHA0SS3','1GB70I77V3189C08EUF3CM5SQ0S2N81O2AXYA530YF8D08',-697268023,1166618000,1,1,2186),(7876944,'34256992Y8A9HPIGU4AS6V','HL26T39AA1YG',-1096517509,11864344,0,0,226532522),(7876945,'345','5K2IRD8',39,2018354036,1,1,950320800),(8414989,'3DW10U2AM545B730FCP966XS38NIC2JI514133942S41OGBRENO7L30H8XN3F0FT6506FA68D32WOC9582MDY9I392RXUFT4IQ85C3X2SCFQT4J3U11I700Z8V5N13SFR79RY8I7G09F68YE4582HZUILORKIDB821EG7IJ17AX8V863T2GD167E2J0KFVLAK404','4K6QR448V5E2682N2',-1311265417,1460263448,0,1,1852673149),(8414990,'6LKP9A1HL1T4U1179O2','',-1679719792,532,1,1,821179142),(8414991,'4Z672E28P3HD0IAW56E7VL65081G7E5P372OO4985VNU7BOIUFAF14NMKKQ8575EP641','89XXSN8R414V3919Z703G5XVN2N83R07',-770578581,580502443,1,0,1730287920),(8414992,'18BK6F3483B4RLR0W15K31Q61GV06AO49959232F8030HIORW3CX8X8FFHVI4UK',NULL,-2130517163,3115,1,1,1338737593),(9414986,'1IP685KD32JDYRORKNLOTO27439S1EA830NBYUOJ69Z7WOAM24K503FGXQ1027G6Y44RE846D70DS023NV8E5ES878430UV454PNTG8Q4DJ614F5137E4B0JI897PIR344YC6N65UGH33NA71X10MYAQ4A',NULL,-164435207,38,0,1,805123037),(9414987,'059NN86D6Q8','JW824OWXO6SJ79KO49VQ',-1955528421,1885766865,0,1,11899026),(9414988,'WP68DY2H','GUMG87E81E5J0Q4SA',-2015146551,1232942267,1,1,926060902),(9414989,'A5XMTL9O2','',-4,1596602026,1,1,80);
/*!40000 ALTER TABLE `userpointactions` ENABLE KEYS */;
UNLOCK TABLES;

--
-- Dumping data for table `userpointhistory`
--

LOCK TABLES `userpointhistory` WRITE;
/*!40000 ALTER TABLE `userpointhistory` DISABLE KEYS */;
INSERT INTO `userpointhistory` VALUES (229811,87,1566314119,-1759094933,'5MRWAZK1507823638RTS81W003','1993-03-22 04:59:23'),(229812,1146017424,NULL,-1656614406,NULL,'1995-04-09 13:34:09'),(229813,2094508484,2097789982,-60,NULL,'1976-08-07 03:57:09'),(229814,5,115,-1868950432,'KZUD27PM0U9B0U5DA4PN8KD1E0TM42FWEWR4P8J99O8TP7696GDRB0','1970-12-31 23:01:04'),(229815,1635185126,NULL,-828434389,NULL,'2018-09-07 12:46:33'),(1229812,736633115,841283553,89,'P7B2800JY4IW7X9ID097Z23','1987-06-16 06:04:41'),(1229813,1113259849,NULL,-732067367,'CB1E','1982-12-01 04:19:36'),(1229814,484334898,1881425000,-245624922,'T5ICENKO37F7EC8AK04YXAL5N450PE82HY30Q40','1994-06-16 17:09:37'),(1229815,664177425,890772595,4,'2V431TQ94','1978-10-03 03:48:04'),(1229816,576552964,1165963047,5,'G','1970-12-31 23:01:26'),(2080698,222230964,NULL,0,'7135KNTZ8U21IN5PY4D1Y8162GT72AY2XG4OGXX7N3A236Z054QO808138Q52G6EBU65G0E8QY79AZ44R4FUF68TW9NW7ZR0','1982-07-16 20:26:23'),(2080699,85,282,-2090379481,'8S2ERK8MR3EQ6SA9B785CA8R','1971-01-01 00:41:27'),(2080700,1569699747,459857664,NULL,'L90HAZ01519TYCHL','1982-12-09 14:46:14'),(2080701,71090762,1085063430,-1677398808,'6T6P0Z0','1999-05-10 17:03:48'),(2080702,1791693603,2020196759,-1809914814,'','1970-12-31 23:08:08'),(2080703,2076538714,9,-295053195,NULL,'1985-04-20 04:30:28'),(3080699,1234,NULL,-1463933126,'','1971-12-05 06:41:54'),(3080700,9,1572722615,-206065552,NULL,'1982-07-29 10:04:20'),(3080701,617,14407998,1525,'3866YX4ICSV','1970-12-31 23:00:02'),(3080702,1769230241,2137581538,-1088410253,'CTYES7KVJJ9U8J6423YMZKJB971','2000-08-20 21:33:51'),(3080703,270913821,66491237,-732989295,'JK83FA5785MWQO4R81SO9RYP5009133IUQR9M54Y7362A8491OK8E','1977-04-17 01:21:02'),(3080704,32873120,6060,-382,NULL,'2018-08-24 17:03:10'),(4992191,272269042,NULL,-940,'','2005-07-08 16:58:53'),(4992192,746642909,NULL,-1529283608,'440HPPC1X5NZC5QB2IKF34SSK780890123J28191','1999-04-29 07:48:31'),(4992193,235759598,3054,-1950130796,'6G31GOK0H','2019-10-25 04:44:44'),(4992194,15,1500003272,-1405990519,NULL,'1970-12-31 23:00:05'),(4992195,768846830,NULL,-7278,NULL,'1980-02-03 07:24:46'),(5992192,968862712,85,-1152475004,'14XQA9','1993-01-31 23:02:09'),(5992193,19,1925196816,7,NULL,'2009-04-14 06:50:06'),(5992194,512103832,1955848131,-750841419,'697536V0SL7RCRG02MF5M8C03NSA58C5L4H099LW3K5M90293258408R1D5514V8R432Q45FEX95S335IA3','1970-12-31 23:00:39'),(5992195,3,NULL,-1098553313,'R04B3OCP243NXOLW7','2009-02-25 15:35:31'),(6632902,496538410,695,-132347438,NULL,'1970-12-31 23:00:08'),(6632903,523421874,1487218269,37,'61MVK7J8R17QWXZWX79607FZ29','1970-12-31 23:10:43'),(6632904,253303598,445449666,83,'','2008-06-08 19:30:09'),(6632905,4,1967107898,-755285907,NULL,'1970-12-31 23:01:07'),(6632906,1977248699,88579118,-1195807826,NULL,'2004-08-31 17:47:33'),(7632902,718769374,NULL,-6,'1P5FG90USMYPAH','1970-12-31 23:08:03'),(7632903,1218019629,1845549726,-3,'','1996-08-02 02:44:03'),(7632904,22,1944957294,-15,'','1977-05-04 07:49:06'),(7632905,273,9153,9628,NULL,'1980-09-22 17:18:54'),(7632906,413,912406025,-976698109,NULL,'1970-12-31 23:01:28'),(8825809,484173709,551628643,-1850975165,NULL,'1970-12-31 23:00:05'),(8825810,247356129,859893864,-1871670870,'R7RP87625B833X7EI6C72SOQ02OZ5MMW8E76LLL14I3328Q','1995-06-17 21:05:58'),(8825811,789451698,1934304968,NULL,'','1970-12-31 23:47:21'),(8825812,69,613,-363969773,'R015404CF608C55197CRJ839AB7S3U18R7PTJW60SJ110K5G25V588N4J6ZF523369C374OVOBA4U39056C7E975319FMH3GY35C94D1LW','2019-12-24 00:20:41'),(9825806,1055294465,256,-2028677396,'BM1VBVL','1986-01-31 11:07:11'),(9825807,54,2145689399,-1716036979,'97HQ338G1V1R6Q84D10614AK92R15X6S87GHNWP60XYBSK0SMM26G3O','1991-03-11 10:19:59'),(9825808,86557786,1795009446,-926645548,'8LQVUPM52AGMF5VOY76693279U3OK865378I6NNQ12HCAI96FHQ5E44Y38X2I711','1971-01-01 00:31:10'),(9825809,1903488738,4221,-417325707,'2Q617KBZ4J629251ASEVY','1972-08-06 13:08:45'),(9825810,1774572393,1021600802,NULL,'0FPP79L31SWFNYQ7SO514UU10H95B2KWLM50D9A6R6TY43CF6KHE9SD43450Q07C04G5BE57','1980-05-25 20:07:43');
/*!40000 ALTER TABLE `userpointhistory` ENABLE KEYS */;
UNLOCK TABLES;

--
-- Dumping data for table `userprivatemessages`
--

LOCK TABLES `userprivatemessages` WRITE;
/*!40000 ALTER TABLE `userprivatemessages` DISABLE KEYS */;
INSERT INTO `userprivatemessages` VALUES (4997765,259568084,'1979-09-11 22:13:44','97B82AG8Z28',NULL,745652380),(4997766,5,'2011-11-01 10:16:32','G05FROQ89J1E553IESGK8OC320L484P2224TIHB0','Z6F',1953556729),(4997767,1841934900,'1970-01-01 00:01:58','62208',NULL,209124682),(4997768,1222411476,'1970-01-01 00:00:29','TIM256DBKJA4XEU77I3N66X2T','',681799925),(4997769,411,'1978-11-10 20:48:07','01I8','EVM7TCG5K4Q9K',8),(4997770,18350409,'2000-12-24 10:33:45','05VR8S8681J4L9','PRTQX66A5ZMH91S8X341O7D28B224O17I552IDS66V4RH0YN9309LI6ZS51967GO9A1C7WQ7M0AX1HZFR35',7),(434494495,418,'2002-05-02 11:18:30','C01I906607',NULL,933510513),(434494496,51320200,'2011-08-07 23:40:15','G06YK5AXNA2EV9PUI43','59R4N0NT084YRZ',8),(434494497,552448678,'1983-01-13 06:21:18','F35A9Q346HDX659AY329','X7375L',1358498297),(434494498,1857394491,'1987-02-06 08:43:25','0824992VS6K7W49TX',NULL,72807594),(434494499,1786916545,'1970-01-01 01:25:45','85NF5B7442888P1BS1W6IIF749TR94CE45868AO6D30GI4761X19TK5623XL15','E09BG144L6',3),(434494500,929977686,'2003-10-14 11:37:28','LF954X9435KM201EJ4W4844E5371T86VT9R28C6DE73MOQY122Y166PS93U4CV36J2XVAAE7OX','',529777571),(889693184,2,'1970-01-01 00:14:27','L8A86M','J83Q0O5Q8ELZ538R48RGIT9',409918008),(889693185,1397987037,'1970-01-01 00:00:48','','JW29759K53SMG3',176),(889693186,1468904100,'2008-09-04 02:47:39','15P84','BCGU42WU88SV9WUBL2S1',2),(1319189914,702,'1991-10-28 00:43:28','','',377922987),(1319189915,546023167,'1970-01-01 00:06:16','370KPS2SMK113N54','SJA50K4O7P0B99',4),(1319189916,9,'1970-01-01 00:00:03','','X3P',1590964665),(1932055336,180021554,'1979-03-19 12:42:31','0G9015B6PJ681T58Q86X5368F8C331','3R35QHNW52P7X3W2TQ31VXWNJ04M',248),(1932055337,1807887624,'1999-10-02 17:38:23','2141XMW3LW65A4QO',NULL,628275832),(1932055338,0,'1990-06-15 01:01:47','C18T210F59HGQ','435R5120WQ10GQ56N',205848563),(1932055339,365128678,'1984-11-25 00:31:44','','9880Y53601',838079736),(1932055340,535777801,'1977-11-10 14:40:22','4M893LY8E7M4L65135A4032315HWD0AA4E1P12UNO82R35K2',NULL,74221220),(1932055341,2089361098,'1976-02-24 10:06:41','F51G36J4K8H21J6T7I6FUXQXKQ2GX0HSI7KCNUMTR969A8NCJ8UC9G8W0TC8','UB0CW051AI42J78WYHGX2P1R0T7W0',132972161),(2361552067,1576030771,'1985-07-16 20:46:34','9N838MS20FJYYYWOUS61650SH2G3W9D0524D10059A9Y8KRD4N1I674CQS9','R55549EJ',57282332),(2361552068,819610629,'2017-10-28 21:02:23','248K81H6BN7L8IFOY8B316B2BIE52J7X5F','',6),(2361552069,799355135,'1976-05-11 15:11:50','HPN66I','TV97J0490',741919774),(2361552070,1732483909,'1978-01-11 09:36:36','377',NULL,317738169),(2361552071,1547473640,'1992-05-20 08:47:01','YDXR2SJSX8T1C6T85EI98V39361WX4TYO0N8D2Y70RHQWYI175S6','',8222),(2361552072,654958766,'2006-08-20 21:57:45','8T37UXG0SRZ4AMKBDE94U3346435CLG30','3B',436074907),(2607621314,2076475568,'2012-03-11 11:09:24','5MAW5CE3P9W5S6YNYCZTZU3957Z70C11CP5VTR498T10DC95C8TOU065JF7HD4B44AB1RX3Z983','5G805TH63N534L4W9521580G9Q',1826842992),(2607621315,4586,'2009-01-11 14:19:06','','380G40IHO',1951680529),(2607621316,1943942442,'1993-03-03 11:02:21','9D151K758BJ1J2U65U3AY19RM066LU3RK8W3JW5V1BY071PT','GMI2PW2J234L7RWBH285494DY306',2064913972),(2607621317,930950152,'2015-09-12 19:38:29','2QK22T9492Z5536','',909119501),(2607621318,1318861498,'2008-09-22 02:02:59','534Y','9K',0),(3037118044,6251,'1970-01-01 00:51:24','22IR39053GH2ZS1MIUGZJ0R3W6CG9C2Q2UPSIVRVLUSKO19S3F3E4I7RGX','',2107622800),(3037118045,1247414025,'1988-04-06 00:55:03','',NULL,232161018),(3037118046,309,'1970-01-01 00:04:06','','YJ8J09823S3TQ9U0624NS66G007D9L49C',1878050357),(3037118047,34,'1991-11-12 00:45:42','','Y5XIQ44S5K17UOO281IY41C7271N1G96V2450941TXRP7BS',125),(3037118048,68856074,'1970-01-01 00:00:08','1FB0NO586K21622ZR08JE7E88908J4OQ66AU0O354PR442KED62A5272F28TLL3DR41KSQKM20FAX4S','2O30LEDN28',1182824767),(3476885450,647184050,'1970-05-11 09:31:52','8WN0H2MH0M3PEXNZZP','748SW86M22YCNC112PPQ8D4480ZTB6Y7H2Q464L7',1),(3476885451,806062927,'2012-07-15 22:06:22','','27575B2JZF934B38ZOQ82Z88CP8',1616446315),(3476885452,638440196,'1988-02-07 02:53:25','4313PSJ59HV76279VDCG4N2Q4E94A41YEMTSF4BM9X9OD5320YL116734H8YJIU2',NULL,386498022),(3476885453,247,'1970-01-01 00:00:03','9KV5U4WF16W6G3ZHELZUCR4ZZN3016M21J5D','',144569378),(3476885454,976357109,'2004-10-10 02:56:09','H57','7826F86AKH936G51S8151SXEVBYN1172V9UQI30510P4N994W4H926MP15816F4EEW89124I1LU7149G4Q45HV95666W01A4JQPPVX9M02F1Q',2127942959),(3906382176,1250,'2016-04-25 01:33:30','0XTXZ2BJ8YY003ZK5ZA5YXDWPWUE3N8V48U','LT323OTV0O6979888JP3Z4E634091JYG8NZP7J0RYYF2P0P98WD9IOO5O3UVP3O82EJ6T7616654HG249CA',93519252),(3906382177,1071756936,'2016-10-21 18:25:16','HL67I04WY272QL1M19E5R5Z14PB7310','SP0Y',693),(3906382178,1915561837,'2009-03-26 20:57:07','I0BFUR03COW5A75WOIT84NEN9OX7R541CTJE7DI6P29XHK0RU7T4T5KN',NULL,773845911),(3906382179,498575469,'1975-07-03 14:07:00','223A6UG4U9Q9G03VP455229SIA30CZW98C10','',736763994),(4294967295,245485051,'1990-07-26 07:10:41','099M3AY16866704KAB0CF226685PKAS222M33G9IRZG7R25A1S86','',990144206);
/*!40000 ALTER TABLE `userprivatemessages` ENABLE KEYS */;
UNLOCK TABLES;

--
-- Dumping data for table `userprivatemessagesto`
--

LOCK TABLES `userprivatemessagesto` WRITE;
/*!40000 ALTER TABLE `userprivatemessagesto` DISABLE KEYS */;
INSERT INTO `userprivatemessagesto` VALUES (84441500,1266244104,853232076,341546135,0,1,0),(84441501,254088227,1857606542,341546136,1,0,0),(84441502,3766692056,3946534063,341546137,0,1,0),(84441503,1266244105,1253007814,341546138,1,0,0),(84441504,3151835948,2643644366,341546139,1,0,1),(513938230,3151835945,3946534062,126797769,0,0,1),(513938231,1695740835,423735346,126797770,1,0,1),(513938232,3151835947,423735347,126797771,0,0,0),(513938233,683584958,1682504544,126797772,0,1,0),(513938234,254088228,853232079,126797773,1,0,1),(513938235,2722339218,3073141097,126797774,0,0,0),(1279480443,2722339214,853232074,520728716,1,1,1),(1279480444,1695740834,423735345,520728717,1,0,0),(1279480445,1786596978,2643644365,520728718,1,0,0),(1279480446,254088230,3946534064,520728719,1,1,1),(1279480447,1266244107,853232080,520728720,1,0,0),(1708977174,1786596977,423735344,735477082,1,0,0),(1708977175,2216093708,3073141095,735477083,1,0,1),(1708977176,683584960,423735349,735477084,1,1,0),(1708977177,1786596980,1253007816,735477085,0,0,1),(2145084086,2216093706,3946534061,1097697667,1,1,0),(2145084087,3766692054,3517037336,1097697668,1,1,0),(2145084088,2722339215,853232077,1097697669,0,0,1),(2145084089,2722339217,853232078,1097697670,0,0,1),(2145084090,254088231,3946534065,1097697671,1,0,1),(2574580817,2216093707,2287103271,882949302,1,1,1),(2574580818,4196188780,2643644364,882949303,0,0,1),(2574580819,2722339216,1253007813,882949304,1,0,1),(2574580820,683584959,1682504546,882949305,0,1,0),(2574580821,1266244106,1682504548,882949306,1,1,1),(2801034021,683584957,2287103272,1453556619,0,0,1),(2801034022,2216093709,1682504545,1453556620,0,0,1),(2801034023,683584961,1253007817,1453556621,0,1,1),(2801034024,1695740837,1857606543,1453556622,0,1,0),(3230530751,254088226,853232075,1668304984,0,0,1),(3230530752,4196188782,423735348,1668304985,0,0,1),(3230530753,2216093711,1682504547,1668304986,0,1,1),(3230530754,1786596981,2643644367,1668304987,0,1,0),(3230530755,3766692057,3517037340,1668304988,1,1,0),(3586882806,4294967295,423735343,2105257842,0,0,0),(3586882807,1266244103,3073141094,2105257843,1,1,1),(3586882808,4196188781,3517037337,2105257844,1,1,0),(3586882809,1786596979,1253007815,2105257845,1,0,0),(3586882810,254088229,3073141096,2105257846,0,1,0),(4016379532,4196188779,1682504543,1890509481,0,0,0),(4016379533,3766692055,1857606541,1890509482,0,1,1),(4016379534,3151835946,2287103273,1890509483,0,1,1),(4016379535,2216093710,3517037338,1890509484,0,1,0),(4016379536,1695740836,3517037339,1890509485,0,0,0),(4294967295,1786596976,4294967295,2147483647,1,1,0);
/*!40000 ALTER TABLE `userprivatemessagesto` ENABLE KEYS */;
UNLOCK TABLES;

--
-- Dumping data for table `users`
--

LOCK TABLES `users` WRITE;
/*!40000 ALTER TABLE `users` DISABLE KEYS */;
INSERT INTO `users` VALUES (74,'9IPG9V3CK8S8','37527DAUNNSE3AYQX4R7AZ503UMK3P61V4S0IR76HKBJW0G0W7785A28','Z79VR7804TR6UB994902GZH',0,1,1,'1985-03-21 12:49:39','1970-01-01 00:01:46',0,105,1212702498,1445604072,5721,96,'','INQ695LFJ','',0),(75,'81FHHUN24Z957MJ7D798MF8411','E5YFM143WS869A79Q2T34JJ3N0166C158V0B1Y96MKQ73L70U','T26A2N46XM2QW8LFO25151',1,0,0,'1989-12-14 00:26:16','2009-08-05 01:16:11',1,1368055356,1306738719,47,765607741,1038067027,'QUTDEBU0M52833WP5FXC085577WSXJ0GOLK1XX44VP057FPRZ8F0113D149WHGJN9SD2IA','RP0L4UQF5583Z76F48F39DVEV61M6710A','01MU4807',0),(76,'UBU72T7A4M9318CL1Y53U80X5YG1TBN00872929FB62005ZCG5LML6ERJ3209','694383AB524FR2DW09HZ9R224Y98X4G','U060G914QVR9',1,1,1,'1970-01-01 01:46:26','1997-09-01 19:07:48',1,1129373565,1511985741,1041950107,567269393,6,'LK990XMD0BEZUG4H49HH72K6982915TU41U95J26PA89JD0','0R77M4RPJ1N4U4AL8L3G50JOXY5RG2CEV3XI5T316ULNYF523TTTWUR39588L8CAH4D19D58419A8T71K',NULL,0),(77,'1','C55G68DH33GE62JN588X450E51A9A9T24','Q',0,0,0,'2003-08-31 04:34:20','2008-10-12 15:14:49',0,180627167,1905105968,4,832487682,28,'ANYVNI8JJZ0Y0Y81E11O1NVTSGI21N195G6154M243H','','A7',0),(429496805,'WM4838Z04Z1DI23VWTA2992','I8F647CQC34A9M14Z4M710H71APIU0MFDY6Y0RZ60EQ1WVVQ54IY1S2887R50P4MEJ','RA',0,1,1,'1970-01-01 00:00:05','2000-12-19 12:45:49',0,1322175629,5,938343024,1,1857646864,'2S7NP22',NULL,NULL,1),(429496806,'89W50E0P','KPN39IAENO3DG62L1477PA7WJ372I3X944LU5Y7FO1RQ','L8202RA8S6SL42IZS88',1,0,1,'1990-12-30 19:40:22','2018-02-05 23:38:56',0,1476785740,1517736442,1928022256,1919350141,97,'6JCXB12NUK6RUKJBK126557BY11209R00OL6Q2YA3E9FMFU','Y95H11ZON9ATF','9M',0),(429496807,'5G87KAGN9168V61','OSFL441J08AGU8Z6JQ0S39H009XAOAJ6W5JK511R5','54D1J53I833E3W875A0MX7942614D61HEI0B55MI42181YMK82DC7775J2N12X7JE0Z917049455Z8A9OZT5V4114H1',1,1,0,'1970-01-01 00:00:05','1970-01-01 00:15:50',0,949,447674527,1305014352,57,833297758,'','E3CS7J4WMX0PY2VKY6L989S26FM0P7I4946JYB1','',1),(1202304025,'X2213QF1NA5AVZ3L0VKTP03494080E538TBOYQL36GJB6C2P682S','Z7E99526GJ8Q785L8200CJIH46T35464U','1T4M2G',1,0,1,'1970-01-01 00:01:15','1970-01-01 01:43:01',0,6180,524478314,1494036557,316111153,113,'B','I635G9SHJ5W99OAN29HE7O','5',1),(1202304026,'388G312HI91Y4WVZ014810756UR261WRQITT9PCA18108Z297Z9FL25827B3MKK2','TEQIK85G3G132WZ4NZRQGHS24A01M8CVS4UVL9BQ5W45E9859LW950NHS934KACK37699T57A20UGT23U44SAIE4PT659JKQ7U17YO92AFCZX6MG5K1710ANN019NAQ8I4G6','FA460377WYC5SO003C59',0,1,0,'2008-08-17 06:04:06','1973-07-13 21:42:44',1,1509767313,1441846388,2862,700071550,6920,'','I31K739314','F',0),(1202304027,'D9M','X1JEPIT02C87STRI6366B74X03661774XRPES8732LTF1289Y1TK1G9JCAK6VMG','81X7G7P6',1,0,0,'1970-01-01 00:00:02','1996-01-15 03:55:22',1,841335717,622040397,143,1913582334,1884191867,'7LD',NULL,'3E53YBMK541179N51JIX24K',1),(1202304028,'LC96X2P540Z5PZV0Q2GN4UZV947WX5059QQ6D7U3EODV6836','12204YBU9917','',0,0,0,'2017-02-22 12:29:47','2011-08-27 03:07:56',0,1904204271,42734692,NULL,1184348637,1069079823,NULL,'','QTI',1),(1202304029,'3DCUHZ61J174M877EJLB82R67','BV3O4B3T228SZV','595',1,1,1,'1986-10-19 08:35:43','1970-01-01 00:00:08',1,7,1296562440,1388271919,603211524,642050894,'8Q7033F2FZ5ZW2F1H4DK33C7D3NT2U7P039SAX8Y0FKO45RO3D3180IUWXC9','','EUA',1),(1631800756,'N4QO6C5WBGJD8815C94C3057VT77XPC2D0XRNH54054EU82Q357O0RNB4I1BT4JQ','D2T0W4F1SCWK3','YHQZRODC2488QH1ENU09LP7JVSSQ9B51Z3O71T03WJ9',0,0,1,'1994-08-01 15:57:59','2011-10-05 05:30:49',1,94861563,1268809029,955,933850271,1350220552,'','','3566QE3T5ICC5T3G20299814DA',1),(1631800757,'N42W0GQ0MK','CKZ81A4G51PBBQ234L77V94H6SH35YKB5VZ1W','P4MP4BXM3QLHLQC91X7KEEH4QTE3VI131FXW28132S1V3YFG981003CN7C8K40ON5GAIPA0IPCYS705Y7W49LK2MQ6672ML7T2L544EG952J7B0',1,1,1,'1970-01-01 00:00:01','1993-06-25 11:56:26',0,670062186,1029449857,704320425,90014949,1539043912,'3Y066R9GL6E4R6S4823',NULL,'',0),(1631800758,'YYYF4M9WI137511L59IW9G5NW7','1434462X2Y10K476JM25N72R','B8A6D3J8O86R6KRKX',0,0,0,'1990-11-30 04:21:48','1991-11-20 08:43:43',0,856855416,1469771447,9,6698,358242965,'AS06OYR1728G1KC','9061B01BPW4AAM8XI8QL59U0OX4ZTLPRUL43','4F2',0),(1631800759,'MO8L3702','W72S466SQ8M0BL21DO80QO124158XPTSHPEIB9Q3V811TR9ECMD39FYAANZ5Z4D4IGECNCUHF00D96DB5YN3750SJ9','06SR3667AGL04M2IWS3210XK711W61RHF2WH6PG72W42X02OLPU46Q',1,0,1,'1970-01-01 00:00:07','1985-07-26 17:59:10',0,1392654604,1550040071,503003778,1388693652,1254835572,'1HIUT55VE1AVRD7NC6M3TOR4D941','P4727SB3539IUH0B7C69BI25P9OJ6K67U0I',NULL,1),(1814459832,'0P9','17K94M1J0XI935L0X61P10FV8T07YB33Y2IU3L74OZ84JKXM71R9I3OG0ANNB273W5X77YVWX597EYW9Z992S39BC8P2P2I','X7F2UH2AGKI',0,0,1,'1970-09-01 07:01:05','1977-04-23 11:20:24',1,901400225,273671605,1433398822,4138,1854330156,NULL,NULL,'YC2QBJ023T',0),(1814459833,'40IU69YIT28H','LY3JQ8A4XYVCU0V4JA6JQ754','4FK5U7PV706JT96RHM1S0W90Y3V6KM08SQ35905FR804L2723TYZE9J46GW5ME6FLLLW6N',0,1,1,'1987-06-24 16:35:38','1984-02-15 21:59:30',0,1012189851,724633976,440,6718,1121366896,'4588L3OMWG7ISN7129BC187301Q8I5X305018979YU8R3L3023P9AO1XVI6O72VFT87NR18931PBM65JYOZJX9S0B6AIO093ZU7Y8G34LAUW8','62YS7M3RPXO69A852','27SB1J6B36M232',0),(1814459834,'R46ZN9YU77P','YG5BY5','A1696PEO972ZA8Q0J55AUX61SY6283BN90GY41L1ZUJEF57L82',0,1,0,'1970-01-01 00:08:52','1970-01-01 00:00:04',0,3,1479877535,835181806,2055477105,1900218163,'MP380378N844DEPE0D0JYYT703IED6','V3A490','',1),(1814459835,'G4C930DD957R2W515JK95I3883X6CZAZO3H4P3D92818DN1Q1E','3T43XZ1A7B12J7MI112N','6EJ66645ZGN1P4VS94TF96E79EP03Q3768BIOX4MY18QZE',1,1,0,'2003-11-01 22:36:51','2010-02-28 05:51:14',1,39066194,1837189870,8,1775553159,7268,NULL,'72K4I','8C1S0',0),(2243956563,'W704N283','2MS580ZV7TU7EYD9582D1KS9','SPHOQ6KT2XK73740W95G361CJC0X511Y2475IW5217',0,0,0,'1970-01-01 00:01:29','1984-08-27 06:16:43',0,1488304878,89136070,1189318484,170398560,298,NULL,'GCA0Q3Q4C16','DY744337YFA61',0),(2243956564,'TR0P96','16356250PKTI6VI03Q9I32Z20QLCA92640OK5XH','CAKD3T0AJ',1,0,0,'1970-01-01 00:10:37','2019-09-20 10:58:48',1,99513420,1404109774,300,1993489496,204,NULL,'Z0P9P132JF09061P88UN','K',1),(2243956565,'T7003U5Y49O3YND083858FO','5420M2VXI1R','0FC9805WZ8FD5C753M48PB15G2IBS0LS26N4370A90MS33GB46O70D5DI832VU2PK7LJ4',0,0,1,'1976-07-04 08:04:08','1970-01-01 00:15:14',1,913,343643800,9448,782784219,7,'',NULL,'1K1L',1),(2892524627,'73034I9K90IOB6E4U6VJQD40X2ASK6JDQ46O0Z7NK17J5SZ3XFP6P1UW492','BH','51CH6TG0C6J1KUDE1R1D8',0,0,1,'1970-01-01 02:17:52','1970-01-01 00:00:54',1,53,1892609838,5161,847599606,31554375,'HFF46J6PS0V8I6T3K9DKIREQR55A3CKQS6TOTQ2','','11E',0),(2892524628,'0UAE99LPA0197XO','1L0WS16R','N526117FTE3MKEX8IC152M47X3875',1,0,1,'1975-01-25 13:23:21','1996-08-21 14:38:29',0,1622468628,1493830170,1995802995,1928799731,749187939,'N877789Z85E0','641JA6OHNXWP0VZ8528QW','FWFU12GU9W5',1),(2892524629,'23','5','',0,0,1,'2019-05-05 05:14:53','1970-01-01 00:01:15',0,74,1854,628922154,8958,1100121061,'','L7KI54H555L8Y3ZAS2OFE4R17V672L5V1K1C7J','7',0),(2892524630,'4QBHPTXINPS4NK476CDOP6O91U33ZEW4KC5HSO894JTP0WQGMGIF46CE1ASCE11X','79','SGUK58I7YJO90T4254BL124',0,1,0,'2010-03-06 19:54:32','2002-12-01 12:42:17',0,1439177675,1477892182,308102770,1292837431,990,NULL,'1CANJ933D6T42PQ141W91BVQ6X','89828RUM',1),(2892524631,'PX38ZG919','66RPW9MUZ7P057DO976S6C4SI7O9IZX9I9HX1TDLVA88594521GX7VGRWY62843KX6J85ZJNH5U7706707VX8Q831TPKWK9T8KSQXUYEG283Q1U1P1I4EB5F415SLY75N0O9C545MS045VQ6WDNCJ3911E934UE39MZ8S6IQG8','SEG8P',1,1,1,'2002-10-15 00:27:41','1990-03-26 00:40:04',1,1674387592,1420541446,336417192,8,2094493304,'3X8CRR889Z7311H14115UXOZ96078W6V8320J99K368THPU959M5W','759J822U1SH307SN66KDVBO7KBL8L219V0INA2MII04W7BC41GJY9CL3I1TZ3055OFZBFK7QA81JV9JK36F4T9Y509XX6VHZP45EH615UKO99S9BLJ94JQ',NULL,1),(2892524632,'1H','D5XKI','LB0PD74289RP045',1,1,0,'1990-10-11 14:28:14','1970-01-01 01:01:19',0,3678,485962463,1110856076,1016763164,238555030,'',NULL,'K7S43V',0),(2892524633,'6ME43AU1NKG15R8HHYGYG6','AK5KNRVBK604HIXQL827BQ0OZB721HC9Y6WVHD8659L3CF8RC0ZR3972T64389GK09G05M8D4E5IFX4P1VWU30H0IWB8Y195MP3TR83713R11EOP0T4U5HCQX428HQY77Z0634172R6A8741G','W7',0,1,1,'2004-02-02 23:38:54','1970-01-01 00:00:10',1,9,1045118103,84103026,1256131349,452074865,'Y6V27AV20A926P7H',NULL,NULL,1),(3322021357,'S','V31','6443O033N68T344PCI3',1,0,0,'1999-12-11 03:04:39','1970-01-01 00:06:59',1,418,427129417,2103700921,4601,1411431299,'5923302JA66P4IU36LK3169J0',NULL,'8ZAPDW',1),(3322021358,'0208X2TARP72895','YQ34YYT725E7742Y59L411B23G1Q7KR554HG3J4JF1T342771H','67BV17N2FB11H078DS3R6IAV2V9ZV8J440LRQ5V67U9S2Q4G9TV2JV3UD1M2625P0',1,0,1,'1994-12-12 13:57:16','1997-10-13 22:55:02',0,1855069742,1187926495,NULL,621769447,475348638,NULL,'7JOX963IV5AHJC4DI5Y5JSF93C0DVR','B',1),(3322021359,'UF2A49945PQH','BJL648VV724K8K9OT4F30469H9QLMGMLP2L465L5LZ54CK1U886M4V510ALI5W0LWN8EQEVV451ERIWAA4H5UOE8O5LB0X49','',1,0,0,'1970-01-01 00:01:36','1973-10-06 14:52:29',1,281741720,2015,805935807,1894007704,656201793,'FR02DZJOK001DG61XVFX70','56A7I81V46N442Y51CY87R524V35MP9BC30Z42160P13229S78YQAX436WB7IOTE399888VQC346M1Q8207U0J2Y2SL19677E4RRXT5DP3546I51ZOYLD757IK1NA0910Q24783',NULL,0),(3322021360,'09QN9X5MX368001I','GB29PV','758Q7Q0R79W0W6DH5FGFURS6WPR4860KDQ8169A7LP41KU8J25F8787139',0,1,1,'1982-01-23 10:49:52','1996-03-12 11:42:46',0,1773901012,486487442,122439731,974,1974750329,'S8VOO8LH3TB803LWG7Z649MZTO39T74PWH86BX9','','AMKP',1),(3322021361,'93QD4Y','36382KSX5Y83TD21','O0P3WQQ6VX483',0,1,1,'1989-08-24 03:44:11','1998-07-18 01:30:16',0,464805462,783961284,388390414,1372406140,5,NULL,'Y4LV','06221',0),(3322021362,'VKQR07EP0455V8RA7KSSC235S9G27L6R','51','SZ23I341H',0,1,0,'1998-10-05 12:52:55','2007-07-21 16:11:42',0,288037848,611336265,216356568,801170706,7,'M39A61X0IQ3TNQ66OU1I6BZ1V12SEJ0183TT7KO5',NULL,'HZ55WRM4',1),(3322021363,'64R435OU45HA7G','','CR4U7J958MO9QX5O97L29L0744W5K029Q0C3FR9L08',1,0,0,'2004-11-12 17:38:02','2019-10-27 14:28:41',1,16029650,1079160797,NULL,306131654,1082784348,NULL,'Q99G519E74LJ2KBY5U6A27U1ZHY3ZM8108YT5H82JVEGJ',NULL,1),(3513329082,'69M3T26Z','89CTIF2H2VA5M782F','93',1,0,0,'1982-06-09 02:52:38','1983-11-24 11:28:57',0,1802423772,655966182,NULL,7333,2035292706,NULL,'9',NULL,0),(3513329083,'T3891TBD3','926VQ1HMRJB755','9MV90OE65VE8MN1Y7C96J46YS91QECC610DPOW28E1Z586856845T36547E55AV7N82RN900G7FYQ78LYQ689I4G3322I26BTE06N1RG50X8A9HBB8519A0476K99KPFZZGMN28D32F7KA4KZ8B9A',1,0,1,'1970-01-01 00:00:28','2016-03-25 12:20:55',0,1154152817,47,5326,294,257017636,'D1NJ8SYSKL57YV417C0NIIES07',NULL,'6X9K870N5',1),(3513329084,'92RWZLWW38B7SBA1N89','057185B230OMN37MC4620V','89FT0',0,0,1,'2000-05-02 01:24:28','1976-10-13 00:49:05',0,1373211757,1515937299,1724841200,34497928,778386979,'V','',NULL,1),(3513329085,'6','Q41637H28B39271J0HF57A96C','9D6IPQ46A542L9NPHXDAW26QA23LN6DP59A18Z9K7164783BH',1,1,0,'1996-08-11 16:54:54','1991-08-10 23:19:39',0,112288010,1244349789,2,2133147028,8,'2CGVFO7431FG1C4L0A5X4QB15FO82AC92K8D79724B6C5O627D3E13VQC8IF4OTWWI3X8R5HZ68907F','23XIQ128632W5GM','ERYCI2F32L4K8B3Z1WV4KP13HLEG7E5',0),(3513329086,'KIIWST7L4I4N56JGN31N40NV2V6Z65Z3L625FOC743YQQX27IS9V351M0EQ601K1','0I0QWY2Y8X372A33GSB758MET0L3A22PU01PO2SCQABU6N1R37RGSXW6DXW8L3AM04L506U3DK873LZ1E1MPEE8S5O5','7UG',0,1,1,'1970-01-01 00:00:06','1997-11-21 01:43:14',0,689512521,1862897230,1274582515,909343178,1053940522,'4I73XXIGGG413M68B6L9YT5B31FQ0QY6HOQ7Y5M39Z6R342BM68TW4G3K02FIU11S4C25769369NJ3969RCKM13N6WOHY82BPJ8TM3G9K54IUT457JI9QFTX8N5','','370J',1),(3513329087,'NV83YXI','','9H5T88CF7951N4086JE9RAP89580XSO2FOS92298LEXDK4W758BU5O1W67U28NA28LPP5',0,1,0,'1978-06-19 21:03:31','1984-02-01 12:57:32',1,1816721451,348,2097738669,1661729841,106854744,'538UA74LSR9V3L6KG81I99M3WE501D2N17FB08K','5D3QG5JMGQ1DRYI2E890I7','66W1',1),(3942825808,'I687177L1PT0','KTG479O77IY004C522AXDJ06J61J1ASKYZ0B317FL9','C0J2900W172IE1UXWZ6P1J37I4QA84QW',1,0,1,'2019-10-13 14:19:46','1970-01-01 00:09:03',0,542,1778925437,2121455208,962,936082661,'3','OM6M5YS9514Z61',NULL,0),(3942825809,'5YQJ3UF231H04M38A2D9I9N8A9RDQ2Q4A0ICDF1CI44TUQRALCJ24916EU0EGZP0','','O517124C4264S82YZFVO045RV53N22',0,1,0,'1992-08-18 13:51:24','1993-02-10 17:03:28',1,894801420,614602584,310589693,1978802197,1811715112,'8RNEM83E48QS6ZVK62976ZH36YG86U3KNH3NH6753R4U2787S3031G8900M7243MLJKZZKZ4GGXIPGEYG6T4384','','',0),(3942825810,'N1EVWRHK3AVE8K3BPB5V1U451681V','QLF71BRIK93TEB8YP367J9WTW4JDD6M41NE45EMU5Z0G91K43','',1,1,0,'1970-01-01 00:00:04','1970-01-01 01:12:05',0,4324,1761632122,9,731109813,1065258569,NULL,'2DB8X57','',0),(3942825811,'29D1F4877HI062AGC14IH5RZB16742249LH1955UVXK96BFA82JI8797E2J6V5MU','T5','LWU7233UK39690UBGT20I1361KI5B527ED84G2FO4I',1,0,1,'2016-09-23 08:25:12','1999-01-27 19:15:01',1,148549444,1903587967,1607322308,1083182549,1455733871,'','OY5EDZRKG65YURB6K4D2N402GQ5TL72SQ7P17993W7C9','4ZQ299X',0),(3942825812,'X60P117Z78XN35R4GNNT','8A8KSF233F04X7H2DG30FX94IP42S','',0,1,0,'1974-11-03 10:30:31','2012-08-28 12:22:47',0,30500193,2079567549,944722170,1438280866,1986639989,NULL,'HB0WHSJ10ERBLN0426UIF9QJR4D9','0V3',1),(3942825813,'Q1N9L6VAMHBI2QD876I6Y','L6P6G7Q2ITM0R88ZV95QUUZ8808Z','S',0,0,0,'1970-01-01 00:00:09','1970-10-28 06:30:55',0,1616847173,1036426105,909,1504639723,1,'N16471E10GYIG3V7F3T382AD6Q',NULL,'Q0A9Z',0),(4294967295,'93WF','W27674R5FQ4','X87728G7T785TOO6TON3E76IQ2L0K29612RY81RHC4SQ4BTI5A57',0,0,1,'2015-11-23 02:21:19','2008-05-06 05:35:09',1,1928226316,1061100502,1156641557,615071785,66,'12873R5T3H9JWE5J7KS62IJ0W533IZ9F2RPC2K8TKT51','17N5ON8BP7A6A94LWLR1DPC10','',0);
/*!40000 ALTER TABLE `users` ENABLE KEYS */;
UNLOCK TABLES;

--
-- Dumping data for table `usersearchindexattributes`
--

LOCK TABLES `usersearchindexattributes` WRITE;
/*!40000 ALTER TABLE `usersearchindexattributes` DISABLE KEYS */;
INSERT INTO `usersearchindexattributes` VALUES (74,1,1),(75,1,1),(76,1,1),(77,0,1),(429496805,0,0),(429496806,NULL,0),(429496807,0,1),(1202304025,0,1),(1202304026,0,1),(1202304027,0,1),(1202304028,1,1),(1202304029,1,1),(1631800756,1,0),(1631800757,0,0),(1631800758,NULL,NULL),(1631800759,NULL,1),(1814459832,0,1),(1814459833,0,1),(1814459834,1,0),(1814459835,0,1),(2243956563,1,0),(2243956564,1,1),(2243956565,1,1),(2892524627,0,0),(2892524628,1,NULL),(2892524629,NULL,1),(2892524630,0,1),(2892524631,0,0),(2892524632,0,0),(2892524633,1,0),(3322021357,1,0),(3322021358,0,1),(3322021359,1,NULL),(3322021360,1,0),(3322021361,1,1),(3322021362,NULL,1),(3322021363,1,1),(3513329082,1,0),(3513329083,1,0),(3513329084,0,1),(3513329085,0,NULL),(3513329086,1,0),(3513329087,1,NULL),(3942825808,1,0),(3942825809,0,1),(3942825810,0,1),(3942825811,0,1),(3942825812,1,0),(3942825813,1,0),(4294967295,NULL,0);
/*!40000 ALTER TABLE `usersearchindexattributes` ENABLE KEYS */;
UNLOCK TABLES;

--
-- Dumping data for table `usersignupnotifications`
--

LOCK TABLES `usersignupnotifications` WRITE;
/*!40000 ALTER TABLE `usersignupnotifications` DISABLE KEYS */;
INSERT INTO `usersignupnotifications` VALUES (NULL,650541210),(NULL,995163656),(NULL,1424660385),(NULL,2593735087),(NULL,3644458535),(4831,650541211),(4834,1424660387),(4834,2533509195),(4835,2104012463),(4836,1424660386),(4836,1424660389),(4836,2104012461),(429501564,995163654),(429501564,995163659),(429501565,221044479),(429501567,3023231814),(429501567,3023231817),(429501567,4073955261),(1117401291,1424660391),(1117401291,2593735084),(1117401293,995163660),(1117401293,2593735085),(1546898021,2593735086),(1546898025,995163655),(1840976341,221044481),(1840976341,2533509193),(1840976341,2533509194),(1840976342,995163657),(1840976342,1424660384),(1840976342,2104012464),(2270473070,221044480),(2270473071,650541209),(2270473072,4294967295),(2920609875,3644458536),(2920609875,4073955262),(2920609877,1424660390),(2920609877,4073955264),(2920609878,2533509192),(2920609879,4073955263),(3350106605,4073955265),(3350106606,995163658),(3350106607,1424660388),(3350106609,3644458538),(3809957752,3644458537),(3809957755,221044478),(3809957755,2104012462),(3809957756,3644458539),(4239454478,3023231818),(4239454479,3023231816),(4294967295,3023231815);
/*!40000 ALTER TABLE `usersignupnotifications` ENABLE KEYS */;
UNLOCK TABLES;

--
-- Dumping data for table `usersignups`
--

LOCK TABLES `usersignups` WRITE;
/*!40000 ALTER TABLE `usersignups` DISABLE KEYS */;
INSERT INTO `usersignups` VALUES (4831,3942825813,3942825809),(4832,3513329087,1202304029),(4833,1814459833,1202304026),(4834,3322021361,1631800756),(4835,429496805,3322021358),(4836,429496806,3513329083),(429501562,1202304028,1202304027),(429501563,2243956564,2892524628),(429501564,3322021360,3513329083),(429501565,3942825810,2892524629),(429501566,3513329083,1631800757),(429501567,3513329082,NULL),(1117401291,2243956565,3942825813),(1117401292,2892524631,1814459835),(1117401293,4294967295,3322021357),(1117401294,1202304025,429496805),(1546898021,1631800759,1202304027),(1546898022,3322021359,1814459835),(1546898023,2892524630,76),(1546898024,74,4294967295),(1546898025,2243956563,3942825812),(1840976340,77,1202304026),(1840976341,76,3942825811),(1840976342,1631800758,2892524633),(2270473070,75,1814459833),(2270473071,3942825809,3322021359),(2270473072,3942825808,3942825813),(2920609875,3322021363,3322021363),(2920609876,429496807,1631800756),(2920609877,2892524632,NULL),(2920609878,3322021357,1631800756),(2920609879,2892524627,3322021363),(3350106605,2892524629,NULL),(3350106606,NULL,3322021360),(3350106607,1631800756,1631800759),(3350106608,3942825812,NULL),(3350106609,2892524628,NULL),(3350106610,1814459832,2892524631),(3809957752,1202304027,3513329085),(3809957753,1202304029,429496807),(3809957754,1814459835,2892524632),(3809957755,1814459834,1814459833),(3809957756,3513329084,3322021363),(3809957757,3513329086,2243956565),(4239454478,1631800757,3322021361),(4239454479,3513329085,1202304029),(4239454480,3322021362,75),(4239454481,3322021358,3513329085),(4239454482,1202304026,1631800758),(4294967295,2892524633,1631800758);
/*!40000 ALTER TABLE `usersignups` ENABLE KEYS */;
UNLOCK TABLES;

--
-- Dumping data for table `uservalidationhashes`
--

LOCK TABLES `uservalidationhashes` WRITE;
/*!40000 ALTER TABLE `uservalidationhashes` DISABLE KEYS */;
INSERT INTO `uservalidationhashes` VALUES (52164445,2085466555,'W4DO8VZC922582HX57922M9SSGH902Q8MWL7160ZDL2EV98V683T7UNE',52233,977734258,1321434401),(52164446,842055796,'9QA80N6TDAM21OL4P3ZMF6WH3ZRK3IRW57H7',26607,2010721311,1329923900),(52164447,28117226,'ID21MB8177U8RMNS8I',46101,2127840324,643602927),(52164448,920530868,'F91GK5QY7',56112,2,63),(481661176,1412318782,'HKC7Q7OO8WMARSRC3IRM3EG3JB551WR',40018,1048515612,28),(481661177,1413534031,'1',41,954021506,810966542),(481661178,1947275091,'C7029BQ7966F83489WD6PLU0Z84',9,47,1322007973),(481661179,369,'PL75U',5,231994007,660),(1080933242,1390571845,'T51730GS93CE9UR243R3600N5K6415CX5SIOVQQZI1AG609P',51723,840926546,4888),(1080933243,9,'PKGO6NYOIB77O1QLT4P1TZ4FPVNB7H478402WT3204EN57283I3ECBNPXDJHL29X',34532,265,1837971901),(1080933244,275865793,'9AC552',7322,508734946,4),(1080933245,608139587,'8B42R0OGL1',21229,163,2137981285),(1080933246,1217830963,'D99WC37M3',5702,207832971,699857736),(1080933247,186605650,'1O6PUB487D0DNPI7T604EZ4045ZS5HQX03HQ8517CIRIA',42317,985497947,989741194),(1510429973,2144822297,'60C6E4I8ITE1HB8PXR23K5RA9QPK235M92ME2LR860BON1407',21187,1,2000047979),(1510429974,477787417,'7TSA873TN',22621,1841126029,1434609540),(1510429975,5,'1658',25625,936,8791),(1510429976,1287009927,'86L1T90FQ5KWY',47251,63,683),(1510429977,1588025708,'TDZP',9,1118246769,673720914),(1921738145,817932616,'JEZD1WL9B0186GB483',72,1433610131,1563000678),(1921738146,922,'EV9PLJ335X6J999UCF6DZ7XE',13656,1776630686,7660),(1921738147,867303988,'OY2E0QB5RDO91GRFTA08ZNAJJT5P1',13478,1272818099,1616288004),(2351234876,420178083,'MLGPN3Z5BDA06ESAMNJJOL0MZ3FDO53T25OQK78DO',41230,555434098,1358825783),(2351234877,NULL,'S771A07JQ7J2Y0710E6G17B551NR565Q31552D621',58042,55582548,385753992),(2351234878,NULL,'7NLK71T66V79L',4320,775041839,572248880),(2909102329,1689546785,'4943JE958B2MR8YG32Z101M9910461GAE',9,618096619,52729733),(2909102330,2021347300,'LES31I95P',62829,5,269706708),(2909102331,990,'12K98AX872K33UM717LLC18A8E9OEE7A1RX8R33L3ID',40713,1038225899,1947241778),(2909102332,1901462458,'39S4AZ1S1WS4TD031IF',59810,17,1956704143),(2909102333,633,'0SPO7W2W02921T95VCG8M503',41995,1667487580,641157457),(2909102334,718658801,'3Y2',83,395956416,1550320068),(2909102335,646214341,'A43Y6GFC8',5,886252762,848),(3338599060,705676088,'KGC5S2T9B',0,2107350136,752669652),(3338599061,3424,'ETZA72U5R21AP09U3QRL2F1040OXT9M',48036,1546960845,651273909),(3338599062,137231221,'',52875,59,808937221),(3338599063,713211418,'9X4',1675,495958865,980603183),(3338599064,104721198,'9M5O1NNM664Z82UMSOFVBVJJ4NERA9QT387AT5N986ZU8G2',1,1574426387,9),(3338599065,1385416805,'66N8Q26V1E362GTV8KN8USG0UD',44122,973664829,2114159970),(3707338502,1871005347,'O49B3P239F',39572,912757413,6),(3707338503,24123180,'MD04RH805NV4K9Q',48138,792610417,961917956),(3707338504,2021673618,'3',14428,971889781,497),(3707338505,2027272487,'J677S5B12CB30BU2C60AF',50984,2133116005,592487051),(3707338506,1404436613,'1NB4CG9G829',9307,1999284300,1689598930),(4136835227,3,'2W16X35045Q90',15,206,461036653),(4136835228,696043876,'',5055,1071953752,9),(4136835229,116727194,'156E7X4532SEL6O7WILBD5PF69JE510A910RSB4991P0V1RG4EX',1709,1826349759,1999983240),(4136835230,1280651803,'4W0B7',10176,61,551988485),(4136835231,1387817152,'9',27834,1790856964,1),(4136835232,1456942072,'G1D734IRLF24X39HX1',36841,1214240058,1240766506),(4294967295,452200752,'',49228,978,8);
/*!40000 ALTER TABLE `uservalidationhashes` ENABLE KEYS */;
UNLOCK TABLES;

--
-- Dumping data for table `userworkflowprogress`
--

LOCK TABLES `userworkflowprogress` WRITE;
/*!40000 ALTER TABLE `userworkflowprogress` DISABLE KEYS */;
INSERT INTO `userworkflowprogress` VALUES (301254907,3747490388),(301254908,470902031),(301254909,41405301),(301254910,1847289357),(301254911,3747490390),(301254912,2276786089),(730751637,1014751191),(730751638,2276786087),(730751639,1444247923),(730751640,1444247924),(730751641,2945125382),(730751642,4176987116),(730751643,4176987117),(1027987481,1014751190),(1027987482,2276786086),(1027987483,470902030),(1027987484,2945125381),(1027987485,1014751193),(1027987486,3747490391),(1027987487,1847289360),(1457484211,3374622110),(1457484212,470902029),(1457484213,41405299),(1457484214,1444247922),(1457484215,3747490389),(1457484216,470902032),(1457484217,1847289359),(1776279785,1444247921),(1776279786,2945125380),(1776279787,4176987114),(1776279788,4176987115),(1776279789,41405302),(1776279790,2945125383),(2205776515,4294967295),(2205776516,1847289356),(2205776517,3374622111),(2205776518,1014751192),(2205776519,2276786088),(2205776520,3374622113),(2205776521,3374622114),(2594323004,1847289358),(2594323005,3747490392),(3023819735,2276786090),(3567681159,3747490387),(3567681160,2945125379),(3567681161,1014751194),(3997177885,1847289355),(3997177886,41405300),(3997177887,3374622112),(4294967295,4176987113);
/*!40000 ALTER TABLE `userworkflowprogress` ENABLE KEYS */;
UNLOCK TABLES;

--
-- Dumping data for table `workflowprogress`
--

LOCK TABLES `workflowprogress` WRITE;
/*!40000 ALTER TABLE `workflowprogress` DISABLE KEYS */;
INSERT INTO `workflowprogress` VALUES (211051970,2086229483,675777792,0,'2017-01-10 23:05:02','1975-04-06 11:30:27',-1472226065,341,1),(211051971,354366820,1256341126,1,'1986-02-13 14:09:11','1974-01-29 22:15:42',-1860431158,771696808,1),(211051972,NULL,895,0,'1981-10-21 11:48:12',NULL,-1892941591,410611934,1),(640548701,1776398657,424179721,1,'1970-02-14 19:59:35','2010-01-23 21:52:48',-91,26,1),(640548702,NULL,581456073,0,'1970-01-01 00:00:23',NULL,-928105356,1341821357,1),(640548703,634,4210,1,'1970-01-01 00:30:09','1970-01-01 00:10:35',-1279306964,1458154141,1),(1001514850,NULL,796657512,0,NULL,NULL,-1142458975,3482,1),(1001514851,1589121157,2,1,'1970-01-01 00:00:12','1981-01-23 08:39:10',74,1818380554,0),(1001514852,555584204,1670068357,0,'1991-01-17 12:58:41','1985-04-23 21:27:15',-1972097478,104,1),(1001514853,240,7,0,'1981-10-05 02:53:39','1970-01-01 00:04:01',-1629822839,2118830222,1),(1001514854,80,2007757179,0,'1970-01-01 00:00:59','1970-01-01 00:01:21',-356050904,1169141017,1),(1001514855,11,186904059,1,NULL,'1970-01-01 00:00:12',245,1151856447,0),(1001514856,1341821357,1069076499,1,'2014-12-31 21:09:33','1972-05-16 09:49:59',-1808,188893355,1),(1431011581,297032067,370341695,1,'2019-12-15 09:49:14','1974-08-11 05:03:08',-27584763,1776398657,0),(1431011582,1818380554,1036201847,0,'1970-01-01 00:00:08','2003-07-19 15:37:21',-465499586,285351131,0),(1431011583,1102856048,65,1,'1970-01-01 00:01:30','1996-08-31 19:34:22',-1411161545,1764337976,0),(1431011584,37,1354714236,1,'2010-12-19 15:59:21','1970-01-01 00:00:38',4,80,0),(1431011585,875,1187731071,0,NULL,'1970-01-01 00:14:36',-420947519,6439,1),(1431011586,1151856447,5922,1,'1982-06-01 15:12:06','2009-10-30 13:26:15',2262,1545872448,1),(1918298920,285351131,535,1,'1997-02-28 08:54:45','2017-09-09 20:02:04',-715622741,1430944696,1),(1918298921,16,1582427818,1,'1970-12-23 12:16:56','1970-01-01 00:00:17',-214143589,648,0),(1918298922,1683470257,1250806473,1,'1975-02-04 23:30:42','2017-07-01 02:11:24',-1721363578,240,1),(1918298923,1169141017,1887259384,1,'1970-01-01 00:00:05','2019-04-08 17:16:59',0,4717,0),(1918298924,2004171609,424277907,1,'1976-09-20 12:20:35','1970-12-02 16:31:45',-2047156892,1500291131,1),(2347795651,491981038,5938,1,NULL,'1970-06-11 18:25:11',-1487031122,62,0),(2347795652,648,720666998,0,'1970-01-01 00:00:19','1970-01-01 00:10:49',-1365631763,547033517,0),(2347795653,2118830222,1519352416,1,'2015-07-17 19:20:44','2014-01-31 00:50:06',-810618777,354366820,1),(2347795654,188893355,941139259,0,'1972-10-07 02:21:47','2007-05-24 20:36:28',-162544627,2004171609,0),(2866430573,158176461,965,0,'1970-01-01 00:19:42','2010-03-22 23:16:21',-210,1262796350,1),(2866430574,547033517,541419962,1,'2016-10-25 22:26:29','1976-04-07 12:32:20',-680489467,1683470257,0),(2866430575,NULL,1625313232,0,'2009-09-06 16:40:11',NULL,-990108554,4079,0),(2866430576,1458154141,79,1,'2018-07-19 21:47:38','1983-10-10 17:39:59',9,1982566978,1),(3295927303,3482,45,0,'2007-02-13 03:15:54','1970-01-01 00:58:03',-665013931,2086229483,0),(3295927304,62,1424069921,1,'1970-01-01 00:00:59','1970-01-01 00:01:03',1877,16,1),(3295927305,1752433291,1277698298,0,'1975-09-12 01:39:10','1974-09-12 03:36:12',-1508548556,1514311003,0),(3295927306,410611934,785988,1,'1977-09-24 00:00:13','2016-01-29 17:42:19',-178447666,652223849,1),(3497835689,26,7,0,'1970-01-01 00:15:18','1970-01-01 00:00:27',114,1589121157,1),(3497835690,1764337976,985807969,0,'1983-04-23 07:57:37','2003-04-02 15:58:31',-1181,158176461,1),(3497835691,771696808,882649959,0,'2002-12-14 12:08:34','1990-03-13 14:20:34',-1826595008,1675511123,0),(3497835692,4717,689866029,0,'1978-02-18 19:43:12','1970-01-01 01:18:38',-468872590,875,0),(3497835693,1545872448,274029569,1,'1984-12-16 06:03:15','1984-02-21 13:35:31',4,1752433291,0),(3497835694,1689184486,1592452596,0,'1970-01-01 00:00:05','2001-02-12 00:17:55',-517145081,56156862,0),(3927332414,341,716347867,0,'1990-05-02 15:40:52','1970-01-01 00:05:42',-1249048561,297032067,0),(3927332415,104,435375662,1,'1986-06-14 19:34:08','1970-01-01 00:01:45',896,1102856048,0),(3927332416,1262796350,1273746650,1,'1970-01-01 00:35:08','1974-01-01 19:09:23',5824,491981038,0),(3927332417,1675511123,1,1,'2010-12-11 18:48:44','1994-09-19 23:04:34',5805,37,1),(3927332418,6439,97,0,'1970-01-01 00:01:05','1970-01-01 01:47:20',-1684622639,11,0),(3927332419,1514311003,438951784,0,'1970-01-01 00:00:25','1978-02-05 01:53:24',-4,1689184486,1),(3927332420,56156862,1514361598,1,'1970-01-01 00:00:47','2014-06-24 08:13:25',-339266321,634,0),(4294967295,1430944696,54031894,1,'2006-03-28 08:57:47','1990-12-30 09:22:49',-1031106106,555584204,0);
/*!40000 ALTER TABLE `workflowprogress` ENABLE KEYS */;
UNLOCK TABLES;

--
-- Dumping data for table `workflowprogresscategories`
--

LOCK TABLES `workflowprogresscategories` WRITE;
/*!40000 ALTER TABLE `workflowprogresscategories` DISABLE KEYS */;
INSERT INTO `workflowprogresscategories` VALUES (290496151,'F9UU',2020975377),(290496152,'K5LB',NULL),(290496153,'GD95G87XUWUPV174919WBJ902FL17BI7296ZKZD9Y3Y661E66',1857007223),(719992881,'LBM3L8T8PDZXQK9ACTHS642IC3839M39CY2SB3J5MFBKB3YG7PVR6FE4',1279150159),(719992882,'BI9PN7O52N95KJ20W6YI5735N0T1FDGM40944',59),(719992883,'581G',2092762592),(719992884,'T06Q0T5Q1M3422OXHBK7W4N07H74E19J',44),(961805379,'46547U',1746304792),(961805380,'2A7ZR0MV',1409325956),(961805381,'IZ5V4T9O96L227Y5HWKCUJC7C4QK24NVB43VZQ753',1700048836),(961805382,'50LLS8S4YTBMWX5D0Z',1217747191),(961805383,'O0CQU4CW137B150OK344U56RN7E1R0QH33QZ6',545),(961805384,'5MO',1),(1391302110,'2BBFU9V',2033445432),(1391302111,'V66243',NULL),(1391302112,'Y2WV1H74NRDJEECJID97U2262J28NAF4MM1R0Y112R3C0Y8P662O99F4628BGZ3HQ7W0G38B7',1776723492),(1391302113,'2X0L40C0K',56),(1391302114,'WV8312PNFAF98E325KXNL4RW3B9IT55GA465UG945',1712391388),(2131327720,'3L924JW09',93),(2131327721,'S94T91K3XD4778IBEG0S64FD460TX6G1D1HNY32G07LWPO0D93S6LUJ0F9IOP83O7BA7082BXD2M5MPMXU5F',2476),(2131327722,'GH3216HD80150BIY19K80L8M',2100578208),(2560824450,'5722HG3F',907790431),(2560824451,'1LLRP2Q79YMFGZ6I',1035947091),(2560824452,'15PK8LS68EYO7R',973781866),(2560824453,'857Q957S3E385',649841064),(2630346104,'4J8241H086B8P47JML2917TNQB6G',31469908),(2630346105,'V94OUYD6X0211M5UF5I41FP',772660886),(2630346106,'GPX4EL911DBLJALGCX30O1T7CP5F6ZCNK3GMZ254AF4S1',245813074),(2630346107,'5D33E19739O12O1H1D10D641C671JY76694KWILR1843H69R00799X4UW00SM40K9K8L433SV9ZA0E880XB7KQ37X918E926P047ZRAYM6JURBRQOXQ2V79674146512878',344490167),(2630346108,'0218NVXPTA26DE5K589MG3MZBS318S0MR1VMP1L3XL0WT61R499E',NULL),(2630346109,'4A91C6DX521X842EA4IUYS18VOUCB4A6505QBLB2808K7X52H33837654EM6',427695324),(3059842834,'026E3P3231',58),(3059842835,'JVSA',1830012879),(3059842836,'1G89JJG016G4STQCI39S449',3),(3059842837,'8Q3584788KV398',77),(3059842838,'Z82OORLYSLAII97T0WVL459MLSKN8',8016),(3059842839,'9',1182959889),(3059842840,'I11TA',2004404001),(3607833045,'Z64UIKC3583LQLRD75C5M64TXINSGXGBK77E2J4477IY900E9GW96M965YBD50DUJFV2ORV1P7CJDV9M0630A8LIPV3890726G30',2128367781),(3607833046,'909Z7RI',716923156),(3607833047,'U0OP54371MSS01GM746645XQJNVNMT4NI2448H1O9PZ5',1487967541),(3607833048,'JOFI04Z4781UCQ93CX47XV5S32JG0VQ821O45GG0437QN00I8B88M',846488953),(3607833049,'D34DQXG5RXM46G0A5PHG8434T60O1866E',1426451642),(4037329770,'QHYYD3800AZ7214',588290351),(4037329771,'TA5ZL515FDW2AFR4EOOTP347N080BWABT50VDHX9',8),(4037329772,'60130G7G958C3GI34N281ZX8XLYU5',1804),(4037329773,'20J0209Q4O1ELA',204654385),(4037329774,'3N4A63965KY8VXOBD55770',1019443923),(4037329775,'34M2O318HN11',NULL),(4294967295,'340A2VW36',1422845966);
/*!40000 ALTER TABLE `workflowprogresscategories` ENABLE KEYS */;
UNLOCK TABLES;

--
-- Dumping data for table `workflowprogresshistory`
--

LOCK TABLES `workflowprogresshistory` WRITE;
/*!40000 ALTER TABLE `workflowprogresshistory` DISABLE KEYS */;
INSERT INTO `workflowprogresshistory` VALUES (200293264,139230553,'2002-10-02 09:17:52','7SM0YVY'),(200293265,1958884008,'2019-03-24 11:03:44',NULL),(200293266,1426363641,'1970-12-31 23:12:19',''),(200293267,1162,'1970-12-31 23:00:24','24CJ5113Y4QB7DLY'),(200293268,781020559,'2005-01-26 05:20:22','D4Y3'),(200293269,678177441,'2006-11-26 12:28:26',NULL),(629789994,1445447178,'2002-12-04 14:14:54','KTTC87G38E27IE9H2K0IE56J47Q1I87XOEMC14W1O4QC1LX5ST3QE'),(629789995,1869847880,'2006-10-30 02:56:21','2HRNSY33QB1A2FL2MV9OH9WYGY405M'),(629789996,8,'1991-10-29 02:40:43','933VP2MI49OMU4P9AZ7O45C14ZYAXDMPVTBAZUW88'),(629789997,2046584808,'1993-01-14 04:11:39','NBU0'),(629789998,57,'2013-09-25 03:57:43','4L41WHL586'),(629789999,617348630,'1988-11-17 23:06:22','H04MFXFKY'),(935332298,1406878700,'1970-12-31 23:08:42',''),(935332299,149345044,'2004-12-06 16:40:50',''),(935332300,34,'1975-07-08 05:59:18','35T7V1XO6R3Q256WKA27F263J'),(935332301,352,'1982-07-13 00:29:51','99QRO8UM325'),(935332302,1692092547,'1978-10-04 06:50:47','HQM46QA419V651VH97ZSJO7YNO9S47E84LY3O93S240I74W94X184AL59O'),(935332303,484986013,'1970-12-31 23:00:09',''),(935332304,854761447,'1991-10-11 01:29:15',''),(1364829028,7,'2006-09-05 07:25:35',NULL),(1364829029,1706564162,'1988-06-19 00:07:46','71R4H2JSRMS72DD93T6T058B'),(1364829030,4453,'1990-12-01 03:05:32','1OK18X2XT'),(1364829031,1388276909,'1980-11-13 20:57:15',NULL),(1364829032,3,'1984-11-17 18:40:16','G'),(1364829033,4,'1970-12-31 23:00:10',''),(1364829034,1785987913,'1971-01-01 00:35:51','1969Y1J1XXVQ921'),(1364829035,4,'1970-12-31 23:00:56','O5U1QVQH1N90O2LIBU8686F74T2Y00MK09C12BTHSWWO5X81V1A3IY'),(1843850125,2134264009,'1970-12-31 23:00:15',NULL),(1843850126,63,'1994-05-23 17:40:57','GNWD94'),(1843850127,839179875,'1992-07-12 13:02:10','QT0SVK7WD8885'),(2273346855,30773355,'2014-02-24 20:08:17','0PRUHL6I7'),(2273346856,2136160080,'1970-12-31 23:14:17',''),(2273346857,1049914247,'1970-12-31 23:01:25',NULL),(2902453177,0,'1982-05-10 11:47:16','36PK3OZBJD'),(2902453178,1468045623,'1985-01-09 20:42:49',NULL),(2902453179,1992461128,'1972-06-06 23:20:06','5T6KVOQ87VAK1'),(3331949908,1457844134,'1990-12-27 05:16:09','SMA1D9BXQGYM7Y8N19I9N4F29928'),(3331949909,890433231,'2014-09-27 04:57:41',NULL),(3331949910,839200960,'1979-01-29 16:53:25','97ADNY5Y53J21896Z3621206T96LS2C8SDSK'),(3537987594,1377846721,'2002-07-10 04:20:05',NULL),(3537987595,1047434751,'1970-12-31 23:01:38','7W25N6796E'),(3537987596,1653806411,'1973-06-09 06:16:34','AG3FIXQGEWHE30114YV21'),(3537987597,5175,'2010-09-30 00:34:55','3XOV45606LO66W99C141S538'),(3537987598,7,'2016-01-02 13:36:00',NULL),(3967484319,461966400,'1970-12-31 23:01:03','V646E50'),(3967484320,237339731,'1971-12-11 01:16:18','008WE110'),(3967484321,2006172597,'1995-05-23 14:14:30','3R191137B24'),(3967484322,9128613,'1974-08-18 10:42:54',NULL),(3967484323,1134026688,'2000-11-26 21:06:06',NULL),(4294967295,277,'2013-08-27 08:42:53','S8MJS4080H');
/*!40000 ALTER TABLE `workflowprogresshistory` ENABLE KEYS */;
UNLOCK TABLES;

--
-- Dumping data for table `workflowprogressnotifications`
--

LOCK TABLES `workflowprogressnotifications` WRITE;
/*!40000 ALTER TABLE `workflowprogressnotifications` DISABLE KEYS */;
INSERT INTO `workflowprogressnotifications` VALUES (6,221044478),(854594873,221044479),(843026908,221044480),(115966796,221044481),(846730855,650541209),(15,650541210),(97271523,650541211),(1768318237,995163654),(2122366125,995163655),(1458978125,995163656),(6774,995163657),(1051167263,995163658),(2092607312,995163659),(6,995163660),(267020697,1424660384),(333568363,1424660385),(309406623,1424660386),(2025094602,1424660387),(9610,1424660388),(1696011507,1424660389),(647875859,1424660390),(2135970006,1424660391),(775019487,2104012461),(880455947,2104012462),(1411555740,2104012463),(721912015,2104012464),(1937828198,2533509192),(1051905635,2533509193),(1450621868,2533509194),(42,2533509195),(1855779120,2593735084),(550832485,2593735085),(287,2593735086),(2744,2593735087),(1650314062,3023231814),(1829548824,3023231815),(1136477097,3023231816),(849,3023231817),(1896123921,3023231818),(1082190067,3644458535),(1,3644458536),(1349481433,3644458537),(670426030,3644458538),(1633646682,3644458539),(212135100,4073955261),(2494,4073955262),(1206831421,4073955263),(9958,4073955264),(779272216,4073955265),(1440594979,4294967295);
/*!40000 ALTER TABLE `workflowprogressnotifications` ENABLE KEYS */;
UNLOCK TABLES;

--
-- Dumping data for table `workflowrequestobjects`
--

LOCK TABLES `workflowrequestobjects` WRITE;
/*!40000 ALTER TABLE `workflowrequestobjects` DISABLE KEYS */;
INSERT INTO `workflowrequestobjects` VALUES (279737004,'FS76M08W0B0R9X3I575VOEUE5OC05FL1FXJKG82ZD5460ET30Z8BRH060G1'),(279737005,''),(279737006,NULL),(279737007,NULL),(709233735,'EGU'),(709233736,'R02H7477OJLIEHOT7W6U77R7RDQXVC74X2GV6D53EL98ZO769C2739I0TW66'),(709233737,''),(709233738,NULL),(895622882,NULL),(895622883,'PMU524OO4E328C'),(895622884,'4007Q0YPFGVK7R492CBK63SEGRU10GI8115D46G7JY23Z80B9MU'),(895622885,'X3CKO96ZL836E694B8GCCZKQ9AC16YH635C5H0D5I056BDU6HI87YS57'),(1325119612,'JYHIR1D0L6W6R'),(1325119613,'2J4RMZ83FT107MKXDL4QP9K289DGQX59UYCEMBMK1J53Y069882S5TLUI16REC35D24O0Z81S94QY996DQ1G5F15772L4879JIK0'),(1325119614,'KK2Y3GO121JH0YY75IT478A87D77NPV38TQGCW4M64V65C'),(1325119615,'T1IN9869H54786111NC5CUMX4BY9'),(1325119616,'61G39OV'),(2056878875,''),(2056878876,'09RE8KDIAS7C1Z9TW29H'),(2056878877,NULL),(2056878878,'G80H3X427D7BMT71BX93LDY526BV456P88KMNW877TM000F9S8YTZD4F881Q5ADRYTGD16D'),(2056878879,'4G'),(2056878880,NULL),(2056878881,'D05092D600EV591WZ427Q997T0R3'),(2486375605,NULL),(2486375606,'3O797201HPW677EG93J752G03149WS91YD2LR'),(2486375607,'839GJ32320QFBSFFK1'),(2486375608,'0TG5JY2T18'),(2486375609,NULL),(2486375610,'A'),(2486375611,'HU3TJ7V73J406GU'),(2666368708,'CEW99513KEW9S7978TJ7F8KJW9R'),(2666368709,'113H396OYX52C8EN7H065'),(2666368710,NULL),(2666368711,'M7T68560FCEV'),(2666368712,''),(3095865439,'7X6479L0'),(3095865440,''),(3095865441,'3HU0N1DE3TBR63N2'),(3095865442,'I8R199ZP06EWZH9N1PGTQN7QPXWS473R'),(3647984950,'8'),(3647984951,'WDT46IHTFG0B7DLIC90XIG4C7O0BW5547A10M59IA9G92'),(3647984952,''),(3647984953,'22M4NUXG3E94DTX82X5GF2985R9T3T4JM55ELQ09BL1G8OD122Y1174F10I57LJ0SK760Z800190XAYI'),(4077481675,''),(4077481676,'25D5D9TAH396KQ58NZ5Y4'),(4077481677,'95F67U4M582JI3T6VEEQ05'),(4077481678,'2F71L5225671SNRG8YZ4FX460PNLGJ3SY6PTXKRI'),(4077481679,'0V2KJT286RNETL28U357'),(4294967295,'N7LA23498F');
/*!40000 ALTER TABLE `workflowrequestobjects` ENABLE KEYS */;
UNLOCK TABLES;

--
-- Dumping data for table `workflows`
--

LOCK TABLES `workflows` WRITE;
/*!40000 ALTER TABLE `workflows` DISABLE KEYS */;
INSERT INTO `workflows` VALUES (19886945,'30QZG5NIYFHZ2B659T93OG45W5SUJ9Y',274,1921305301),(19886946,'33MSW4EJ9T0P0R1P6PU5UV9',37271321,395404836),(19886947,'1O8A',1822139182,1026093033),(19886948,'099R',364096592,587316451),(449383676,'E0J255MLD19SZ9O76QD5A09PT572PXWK34553I5R0T029UVH08ZG1SL2B3GOU5RS5X05K4OTCF55PZ66EF2TG447803C7T7UQ35VU74398TEX27C',220188926,1166330988),(449383677,'594ENU2JA1B1V15ZSF83XL9702956HIR07F',442043782,1147025793),(449383678,'MS1U5EI1H6',67540138,364856166),(449383679,'3',1667120771,1067),(882386536,'T328S5804MDFB3034ZI9248ALIITP4Q8LU43N550HX4D39K0YDQXOEY111AAJ9816M51W468168H7',29937667,1708680576),(882386537,'H5X3I2CPYLH8B4MY',800779575,2139156665),(882386538,'KE7141',98,737674176),(882386539,'C8T9206M8O7M05Q3Q',1478056938,571262751),(882386540,'5EH11G56P7DS680968Z',1680140553,2048500632),(1311883267,'0A47Z5WEDJ7LR07IJ90NCG7X5F56XB9ZEP45LVHL1V2TAQ801EM9ET44KO48JC6RJ5OICTK94F95PRO0',326649541,21029181),(1311883268,'B8X88M1L25SCCJZ9O8HFOM62AZ41SH6CGLT0HB',977163778,45),(1311883269,'29S764177SN88',1341539706,472344672),(1311883270,'U3O4W10FG8Q5ETG801I3G2O95',1142887680,1421716248),(1311883271,'6N43CS62X2WDQ49AD1U0D9R0Z6J0VT9Z9',6807,2937),(2127888495,'19047Z6FM42',3,888307054),(2127888496,'HJ49',219420730,65),(2127888497,'0S2Q2EEM',730318532,1706610114),(2127888498,'44V78150H8',1044903405,1810541732),(2557385225,'25JM0',4096,1586542140),(2557385226,'4JW99O9FVKLI94BD07E9J1J',1114921421,510),(2557385227,'G4XBA27AJ06W0I85M9391G341MK642A595WLZ8S6I1M0QWVS1H7317ZTJ9YP',135,2009032699),(2557385228,'U61V7005FV7X1507IL8CSZUV845257HOM6SBJ4I6KAW7T749LPL1NYA6Y1AQ28KB3',1908211274,5),(2557385229,'Q4VP247BS7W1V3NGTL2658X0CAEM73J57VH',8,1033372267),(2587674347,'104346B1IHE3K1WYZ5R',2133,8),(2587674348,'C4L4NK0R4A02568YO4DAV1JRZV0T0L5VPI99U84N9828PC7',2824,463055223),(2587674349,'8T10AA48743',546259756,1596807077),(2587674350,'9JDG63B99LA6EW66267N0Z61',906179853,2344),(2587674351,'00XH93OA9',1640581627,1237261992),(2587674352,'EIRU9P0W276213E1PLQL',1958656414,2076975221),(2587674353,'3J4382M2E07466457633XXQ8WH24325BR947460V3ELZ',1337335740,1835418845),(3017171078,'WN3ZM',497,727527917),(3017171079,'J9LE',1874467802,67650387),(3017171080,'MO4OSVR4Q6JB3',694840238,1717007558),(3017171081,'F95A59YP8S3W6H3Q8R12960NO161284218IS',4893,1527353210),(3017171082,'KVI4',2010966415,28924059),(3017171083,'7C66601A176BE9Z9J56',84712140,1334110889),(3827826977,'EQUK8590H9SD18WJUCNHX48W80509296EALB1V67',3904,455849068),(3827826978,'NJ4RWW2637F7H4FMG52UK84TL385SN4ZQ2TR312TQHGF55F32I3BNDFE0X9A4O41',4,500125565),(3827826979,'8B22ZEU5999P',1585610330,1229074513),(3827826980,'AC9D8PE1L32EZ95Q63G9NV56JY4W29',2021726007,561787230),(4257323702,'G2M0113MV3',3945,334763161),(4257323703,'29BOH69LH7D066B8OK623',436597216,842296817),(4257323704,'4QV1J3ADJ17',919145765,1777118540),(4257323705,'7O188V8HS3',2054774770,11),(4257323706,'48UO98NFD5G24',3,28),(4294967295,'FKN2G07G1500ULG73K339N4X07X405',653428647,6870);
/*!40000 ALTER TABLE `workflows` ENABLE KEYS */;
UNLOCK TABLES;

--
-- Dumping data for table `workflowtypes`
--

LOCK TABLES `workflowtypes` WRITE;
/*!40000 ALTER TABLE `workflowtypes` DISABLE KEYS */;
INSERT INTO `workflowtypes` VALUES (99331175,'531BTYKQ9','SV31D01HA',1370616186),(99331176,'QN3JYUW069N2KBV','LWL34J4ICA9R9KK13M20O8VS6937ZQB2AE407K82YX0QG469PLH84HT6',7779),(99331177,'C0IZBNAI18W6I6A08H','9W84J7Z22C17H7OVMS5IX250NT9BL35DOL9WPUU3X29NOH7EQVNX6U4395',1000418665),(99331178,'8V7991L5EEMN4A4GTWDBCLI0CV947W0PZZW','9CNV8JY93WJ3C180O0S1O6MFHESVCH69F',1808311978),(99331179,'UI1M745YCUY25NP8V69IV0L3W13E4CJXOP813IGR6D61Q1O3YC5W986JEPW6H3CW','D07W6915D6L3AQ59K',1365074430),(99331180,'9K1WA','SP2B0M4JMOYN906LC980F3RV3JX6Z91546710EW',713803824),(528827906,'20W1012OW','',2),(528827907,'S432X55IYEFLQ4','U5H31B58EXNE4V9QJ',2069763265),(528827908,'2Q2X5Z994KWGJCS9','0C29H91TS7DG04O',108476696),(528827909,'EQM83T49I1D29N6F0XD7X2F1S007UH','26J44Y3FOUD1A5WNKK8X',378836070),(528827910,'2WM8HVC25NR416F49T3VZRGG1R0CGFU1ZL4M69D76ZMLN25Z','VUA2SJIK9700N2QS7U5O98L074E88BPNW7LN7T6B040',779),(1272173801,'23CL1LAY2I','O91782W869F5L2M38',812),(1272173802,'91PG5OGF2QFI','5J55091J9BE37MXF9Z46755C8EK8AJY7VJ6209LBFH59ZP53P39AA5T3QOU6ILJG792VU2U4N9V869N2SXK49PV85JX2T7IP671U3D5EGX3G42987',764896071),(1272173803,'42M66B5NPWQ78R4436E6L57X','83WU7S7H9U1',1535167059),(1272173804,'LWXD3DFIF9','26LGH67A691JA9UEX0U',2039136913),(1701670532,'7484O4EH5QX3J5VWEVX2T7XGQBO246SW679VVD61Y88RW1IN1397','4TNL630C416ZICLF28W2C8UI6D',674359434),(1701670533,'E27898Z9S0Y4G8A81Y8O3ID','Q9EQE5TWA8AG23297W1CW985GYSJFVBF000RZO0RJ10GALP2HOR3131307O2',796695319),(1701670534,'108RF52E3W6X1G4H0IT98554F','ZXW32EEO1F7E478MZ075O30TB222M73PA',1803225710),(1701670535,'82V1NP7XEC3VNST4A4ZZ9MBW1ARY78OG810U26W','84J43VF',12),(1911420514,'3H33WVWH08','9P72GU6WJW2583',724379950),(1911420515,'3Q1L5329EK4IW2O4PBUV40F91','0034IBY0CZKMDCT0VMVZ1A3ZOP708ZU9FWI5SOQ7O9M80J3637',552618378),(1911420516,'09W6E0WG178QES7O24Z808M80K0D52Q9505AT1YAFCDW5N52Y','10VX4X1P24TA5PR027I8O32CH8P26GZFU8Q996N370AODK4K01255NM33L0X4VS9D66H835HS8GT4O0I84I',1859269001),(1911420517,'728752V42D9ZFJD9GN0','IP26K2UTG62ECK46230905PORVI2289AET586O0E5CW1Y5449WE3',1472907050),(1911420518,'E35T3970EJ7UET4HUQ2MJ0E4G74M4M4PCQK2587JH07C28H69017747K6US35VLE','4QF8H8',1338054137),(1911420519,'E4TVZ131623806R','0Y0688PD93BXVBAP88',2058717459),(1911420520,'K4','ITZG8S5GT68490897IF5MG3UK0',295),(2340917245,'32S79S','S588RU5L5WTL0968L5MTWMT1T3',213),(2340917246,'CW8ECX6Y831E9B5C92R1OKCJQSVW5YTOKE2Z2GWWX80A7TP457O3GIA6V375Q0F0','629XQ09M76D6R7PAQM62U54EQSZ9CUB84D13B2NWJDE3IDS37',210367955),(2340917247,'TT72474EE25N06OL7U0CP82CQOAX1ZV82','39WXN3LM1',1931710879),(2340917248,'H2CC76V18113YS8O005GCK069QW8X0DEG294G70O1T995KH5B','68IW2',1438996858),(2340917249,'H0ZDL8USEX87HO32JH3D5K721VGW43BKA04KIJBQMRB5997U0842QN9EZ7ZWY2UJ','T3IBSOJQEC2J0O6A8P66RFNO99J03VOE2XHJ11429755F',859299765),(2340917250,'3A3W88ZPWA65','E7JM973AW6O1923RL73XJX28TMDGE9G8GK0SZE2A40W4RV4WGPBK3W59L4464X1V00T017GU736B8NH1C',687175689),(2781086614,'NZ19','4KSJQH011567ZZ0BIW352TO72U0H1LU5X474598Y7CSL3I95L60E',0),(2781086615,'R678Z887602K4O10','42Y27G6PU9RX3008GY7EG9UAM6JAOFA1G18790BAHQSE843ENB1Z95I44TO0651KA773K6Q68L5P',518384436),(2781086616,'24V400OK4682D2O8599LRAHDX53Y9ZON','',1597049443),(2781086617,'SWP360B','046STL1JH1362NHC7A7BI3P4QO71S871',523550400),(2781086618,'DY3','H7F74Y499F3',1405),(3210583345,'A','011BA1A23IF2AIJ6VVJBJW3M69SA0LKG9WF04437TD9U93179XA882BDL2GISE4K9HN545793RGK7',7837),(3210583346,'BQJ6W','67B586E62Y1JZ2UNUO537T6G61Y8F5I141D',628129325),(3210583347,'5JETE049','LGA5012OFSBX90E78W3YB8PQQ322',22),(3210583348,'Z86FI62M01430H06VKRH7MMJ0UV6LB403U76','CDG',1254398612),(3508326808,'E53Z6L6S904K9I77RV2ZE38V0T2I910XP61KOT25I63350P917SB0ZB5F1K3TRF7','AWR8498K6WMM8364JS',640977011),(3508326809,'1JHP2HRIO8Z','6685681Z1375Z2S6UPAB88GF3P5B74T1E19S526XW7A091HTUVL7TT9O93218B3G6XTT5861RI5T6461JI3ZNH7022248SM74G5VXY17109PCQ4S86V8L19OTKNF1VI2',1003390999),(3508326810,'OY7','2Q',249844458),(3508326811,'31Z16AV95','WBU1H3T5U0JT3ZIL7F',5705),(3937823533,'9900X','KXADMV18DGMA6AU8Q68827OQE1Z4390Z8O1116Q84L',709672235),(3937823534,'5C1VDK0QYXJCT32R77BU4L7G7','FXK2RY9S00H308X7NA778X',1250),(3937823535,'8KA9YWF','',910140675),(3937823536,'223F0C3W692960W7G17E256369J9SRHK4D8S9QU6X8Q14L35954X23MONOU92OS4','0IU74IX2Y92865TFMB140SO231502U8G65N49818AAF2LK24Q36TS531I48OG4B5B025A24352Y8LP695743RJYEIO4EX2MTTV598ZD7393HC8R0U3MD5TQRML5NAHQK',1083300920),(4294967295,'D6DOX7CIP72W7MVFHZR1NNWJ','4LQICK77R2646WR',6);
/*!40000 ALTER TABLE `workflowtypes` ENABLE KEYS */;
UNLOCK TABLES;
/*!40103 SET TIME_ZONE=@OLD_TIME_ZONE */;

/*!40101 SET SQL_MODE=@OLD_SQL_MODE */;
/*!40014 SET FOREIGN_KEY_CHECKS=@OLD_FOREIGN_KEY_CHECKS */;
/*!40014 SET UNIQUE_CHECKS=@OLD_UNIQUE_CHECKS */;
/*!40101 SET CHARACTER_SET_CLIENT=@OLD_CHARACTER_SET_CLIENT */;
/*!40101 SET CHARACTER_SET_RESULTS=@OLD_CHARACTER_SET_RESULTS */;
/*!40101 SET COLLATION_CONNECTION=@OLD_COLLATION_CONNECTION */;
/*!40111 SET SQL_NOTES=@OLD_SQL_NOTES */;

-- Dump completed on 2020-02-26 18:58:12
