-- MySQL dump 10.13  Distrib 5.7.27, for Win64 (x86_64)
--
-- Host: localhost    Database: ciboard3pro
-- ------------------------------------------------------
-- Server version	5.7.27-log

/*!40101 SET @OLD_CHARACTER_SET_CLIENT=@@CHARACTER_SET_CLIENT */;
/*!40101 SET @OLD_CHARACTER_SET_RESULTS=@@CHARACTER_SET_RESULTS */;
/*!40101 SET @OLD_COLLATION_CONNECTION=@@COLLATION_CONNECTION */;
/*!40101 SET NAMES utf8 */;
/*!40103 SET @OLD_TIME_ZONE=@@TIME_ZONE */;
/*!40103 SET TIME_ZONE='+00:00' */;
/*!40014 SET @OLD_UNIQUE_CHECKS=@@UNIQUE_CHECKS, UNIQUE_CHECKS=0 */;
/*!40014 SET @OLD_FOREIGN_KEY_CHECKS=@@FOREIGN_KEY_CHECKS, FOREIGN_KEY_CHECKS=0 */;
/*!40101 SET @OLD_SQL_MODE=@@SQL_MODE, SQL_MODE='NO_AUTO_VALUE_ON_ZERO' */;
/*!40111 SET @OLD_SQL_NOTES=@@SQL_NOTES, SQL_NOTES=0 */;

--
-- Dumping data for table `cb_attendance`
--

LOCK TABLES `cb_attendance` WRITE;
/*!40000 ALTER TABLE `cb_attendance` DISABLE KEYS */;
INSERT INTO `cb_attendance` VALUES (432,1632238760,-1562455411,'0K497DCR6OD39KL1UO0UKYP6EAYX81HP58SXI1W66OIN82PZ672ZD41GMFJ5X131S5E68A803V45F97UC0PS35C8V922V59AHM56FC3B923FMSKZQRX',-114995481,-854885777,'2006-09-15','1987-08-30 05:38:35','8VP26XB046O7645NUV53LFNZ952E622N1WXI7GM39AMP50M'),(433,731982475,-878441228,'',-978193146,-1799135639,'1971-09-07','1970-10-25 12:13:46',NULL),(214748798,517234108,-30,'9DQSDML1X2QY',-1747243567,-1694131510,'2017-08-20','1993-07-27 23:47:13',NULL),(214748799,1417490395,3,'00A848KWUQ74',-943839737,-2121765141,'1971-03-09','1970-01-01 00:07:13','WCC04WA7S7'),(548150612,2147483647,-60,'KJ88AJ71118K9291CAK98MAKR327GX76O30515FR6V21',-920399458,-681187666,'2005-02-14','1987-12-11 10:12:23','NE'),(548150613,1632238758,-43,'1220PL0V7Y5SZAGF67PR517DSX9GK6D366HMZWUOJB4ND1NLQD83TF2NY',-1970866709,-1098465597,'1970-05-22','1970-01-01 00:02:22',NULL),(548150614,1417490393,-671492209,'SYAN31Y62537MI7W',-379307018,-2130894774,'1995-02-07','1996-01-13 08:43:57','M35X'),(548150615,378265032,-198865997,'LO0UKL5814IX1O71ZC96A98Z8S9IGU6O50U1I2WB6AE29XV6TP3IT330811X15M0B4QEAX',-8,-454817415,'1981-07-18','1992-02-01 14:27:08','MR9CMQ45V07C276386A8QFR84AX9VZ977W7P3MJF68W4CGXAQ5KUB5GU2G0MM4OAUQI06ISX316J6DST11Y7VRR35IZ0FQ9K621K9846QJ2TYKFF3K860BJXL85812N66M598NQJG099D79P747Y00T217LY27NO02E3WI5741'),(548150616,1228889551,73,'I52',-476,-460715356,'1995-11-24','1976-06-21 13:53:06','J6O39DFL85'),(548150617,1830381947,-719,'US4',-1868052182,-605601880,'2000-06-14','2006-11-11 04:31:45','44XQ281UA2HUX4XBDJP5QVN6V4VDE8901GTX81NB6P74W040DPNAYN609Z0OSR3'),(548150618,731982474,-1523251993,'',-3631,-7517,'2011-02-05','1990-09-02 12:08:25','NXVP6UL3M2L2CE68XAU3V20D14NWAPL04NYT69A6008VA8N54161HNA0WS7Q9UI25M73LS9PY'),(548150619,1830381949,-815769465,NULL,-429275820,-1497063034,'1983-10-22','1986-08-09 06:37:45',''),(762898978,163516665,-576992442,'7T',-12972683,-1934848011,'2007-08-20','2009-11-13 03:22:53','PU77823H9ANM99OGB57T081J041U61'),(762898979,378265031,-503869800,'T3NO40JEX3LQ8SI15W4575',-409185753,-880097896,'1993-12-15','1974-12-14 19:41:54','0'),(762898980,1228889550,244,'375M54',-2133206387,-5,'1984-06-13','2019-10-07 21:03:45','S7U1LCSGK2CH698W937ISU648FJ9AGBQ7GY16Y4'),(762898981,1014141185,-1279257748,'',-1258858447,-615162102,'1979-11-27','1970-01-01 01:00:18','B632I1319GBS'),(762898982,378265033,-1673869506,'6JXJIE33671X1',-965712830,-585,'1994-02-15','1983-05-25 10:55:44','349WK7BAK65OPSO74NO2ILVSTKB6FY9ER6D61EHC094HHF34036'),(762898983,1228889552,-1764148239,'37NG8KK',-1538289913,-9560223,'1986-01-04','1974-10-23 06:08:32',NULL),(762898984,2045130310,-82528001,'',-1209708887,-648441972,'1989-02-15','1989-04-11 23:14:48',''),(762898985,2045130311,-549751213,NULL,-307310126,-1656423974,'2000-03-10','1974-02-05 13:06:46',NULL),(868816773,517234106,-986931699,'',-1794008574,-1614391625,'1999-01-09','1973-12-15 02:38:34',NULL),(868816774,517234107,-1642917112,'3PY16307K25D',110,-1822584775,'1970-03-29','1970-01-01 00:01:28','22N9UC8EGJY0KS6020NS9433EMA5UB0BN81'),(868816775,163516668,-774,'',-556477826,-21961294,'1970-03-24','1970-01-01 00:01:23','764159Q1SU2117L42R0WF736HUY36OKBNTNBR0DTY2BU14OD3'),(868816776,2045130308,-1007746493,NULL,-8,-945,'1975-09-28','2000-03-13 09:43:47',''),(868816777,517234109,-935181600,'',-1548597520,-746,'2011-02-27','2006-01-18 14:09:01','74L49S92'),(868816778,1014141187,30,NULL,-94163426,-551412799,'2001-01-22','1993-08-14 23:14:04','G95P939W2V12X82K98TS38M8L25Y9YJ9G98TJFSP47PVU'),(1083565138,1417490392,-715701651,'1446AH1PC228921LT0892EZWC9L46M6',-194840941,432,'2014-12-23','1999-05-03 23:14:36',NULL),(1083565139,2045130306,-6,'',6,-1187139894,'1987-05-13','2009-08-21 11:16:18','C75Z7903Q1P3RMQK'),(1083565140,163516667,-1274058507,NULL,-207740402,-1105939101,NULL,NULL,'Q4T'),(1083565141,378265034,-99,'WU',-248217915,-1119333885,'1970-04-08','1970-01-01 00:01:38',NULL),(1083565142,731982473,1246,'367J68H58J9493Q4OW5W9H7W01EWCTQ3Q06829O6NJJ937LQX4M9S3W5ML6QB4922R6EGRC1J5TUCI1D',-885707670,-128941461,'1988-09-19','1977-01-17 05:32:31','F370TOY9VN0BF'),(1083565143,1830381948,-1588532960,'0E85J6W',-1618757887,-54044699,'1972-07-30','1970-01-01 00:15:42','75I922893D25Z'),(1083565144,731982476,-1956156509,NULL,-1922734024,-53,NULL,NULL,'102E0EV1F47A95B5BNIL10U9M517OUT7P4O59X7M'),(1303563038,163516666,-8745,'K261F7Q918750Q49SXI353FTIF7UNCF2699889L207Y4F2D3O6EMT4PK3WWC2IIR6GO1ZB54SAW41',-1655169076,-647106053,'1993-08-12','1993-08-20 07:32:19','M158VLMM'),(1303563039,1632238759,-41,'V6N9SG2NVDS533QY504HS12T6S09DCX7JHN4N3U1P14UE720Y0KCZD65Y4N545K4X0R7Y67CRQ',-1866654781,-1537237649,'1970-01-01','1970-01-01 00:00:01','ROW2DRZ2005J'),(1303563040,1830381945,-461222556,'D76X',-1490537754,-29,'1970-03-05','1970-01-01 00:01:04','2H321E6XU287N8G8H7379871K9B7192931C56ZADG818DQ16QY1OU1GE6YL0K5B08'),(1303563041,1830381946,-160030359,'R7',-1624469049,-202577005,'1988-07-12','1989-02-17 12:39:00',NULL),(1303563042,163516669,-480951045,NULL,-1321247616,-5,'2015-02-25','1998-03-14 16:19:24','2AP1LJ45'),(1518311403,731982471,-233663196,NULL,-686281364,-1920939769,NULL,NULL,'397K'),(1518311404,1014141184,654,'E9DL2Q507C02627871M5U1',-532059750,5,'1992-08-24','1977-10-04 14:35:04','942NUFQ6TVQV3'),(1518311405,731982472,-3453,'5W4C84E6KH',-1231576311,-1501991829,'1994-12-17','2019-03-09 06:35:28','4M46S3B0P0ZB1RJ8X545D5K8HVZ'),(1518311406,2045130307,371,'',6199,-51034081,NULL,NULL,'52C3IL9FZ4CSP161VYRBU5I5UGS56Q229838J50X5'),(1518311407,2045130309,-1376415687,'BTL8K336H77098SW059MTLU9GK4S1L5G7H7S98M8869BV27SS4335I0530I8LW73NN103P',-546337011,-1095589246,'1989-12-31','1995-03-15 05:26:49','17TT5WHV8'),(1908000232,2045130305,96,'49EH211YJL4H341LZ40TC5C7PG5N4Y16H',63,-880038450,'2008-09-16','2003-12-11 21:42:28','A3T642GTLZ'),(1908000233,1014141186,-339,'',-950747444,-483957992,'2015-11-12','1972-05-17 00:46:21','1N721N62J'),(1908000234,517234110,-2041404144,NULL,-1195193230,-42747648,'1970-01-05','1970-01-01 00:00:05','R011HR8810360F607A'),(2122748594,1830381944,-2065880499,'6LNBIK69K942QUZ6N3G7632CLG33C8EE2IX4I0Y',-622724199,-741,'1970-11-09','1970-01-01 00:05:13','7313WR1OKMJ45Q6KE3KZ4D'),(2122748595,1417490394,-421356767,'I8671X6P839X',-1448960231,32,'1980-05-18','1987-08-05 00:50:12','KBOCNBSC62352F9DLC97131EY1ZL9QR63'),(2122748596,517234111,-408543527,NULL,-638715405,-1987853156,'1981-12-29','1999-04-26 21:25:50','0YK98Y0TCG9S67X89G0N4C5YM0I6K31V0688'),(2147483647,378265030,-1674983187,'HG4VX7L5HK9MB',-1458913346,-41473859,'1971-01-10','2009-01-27 06:57:20',NULL);
/*!40000 ALTER TABLE `cb_attendance` ENABLE KEYS */;
UNLOCK TABLES;

--
-- Dumping data for table `cb_autologin`
--

LOCK TABLES `cb_autologin` WRITE;
/*!40000 ALTER TABLE `cb_autologin` DISABLE KEYS */;
INSERT INTO `cb_autologin` VALUES (92549621,378265030,'VDY0WB5T0U4','W463ZOG2E3D56W4F42JQ','1970-01-01 00:05:05',NULL),(92549622,378265031,'88XI4E5CAG66579F0DLO082DY04B19TXH96W4A','78C277YL63L8Q10S0','1970-01-01 00:00:07',NULL),(92549623,163516667,'A389B0Q2KN6025V25I04SEYE29W383V','E7MOF96579P85ZNAD4M98Q4I58IZ6VGO348Z5N','1976-01-18 06:34:24','M8R3UJ3UT'),(92549624,2045130308,'OPOL39VC4D272J5','CQIKI638J5','1970-01-01 00:00:54','VZYK7HSME8OI7362C02BGXF5W092'),(92549625,1228889552,'15IKB396O34HL2','2G0H1','1970-01-01 00:08:52','7U2S2J693082T'),(92549626,1014141187,'X7D3','7RCMS5HFZ226SQ890X1PWO','1973-07-18 02:50:47','S6SG9HB1IAYOY74I8H'),(307297986,1417490392,'659I5MJPTU9Y96IW4518BT5PMP74VV40VD237G6X5QOZDFDZ','G316B47VJ7NJBZ3F1TPXE5HZ9AY54AE5OO4','2005-01-15 10:35:01',NULL),(307297987,2045130305,'','3XC134BB8T11O24FQBN7B3S516HVJ587PAAC4CFSF4V99Y01S2',NULL,'J'),(307297988,2045130306,'GRPI32O53IPM4L53F0','4XTHBC55U80VBJ1T3PXPRN3ET0405DY0650','1993-01-12 13:50:42','75R1S86NKL6IXWA2P'),(307297989,378265033,'92G60OMU7955W4K3MS2OVF80H7ZBD300715BD4Y744Z4M36O07TEXD4160','XWY6S5D','2017-06-26 09:32:37','E51K890H5'),(307297990,1830381947,'VJFF69FK119ZE38H5NWPSQBFF7TF2SHQNX092YA3VSENY22HKICQW277077P1Y05OI6','GJA0X32G2U3','1979-09-27 17:24:36',NULL),(307297991,731982475,'N4224UE5KEG25B1RF18YR3EB2PHA','6BZIQ8D0N0RUGO','2009-11-13 19:23:33',''),(614948845,163516666,'4POW4T028685MRPJ37ZOQJ90QN48839','5329Y2PWHHL7F9S7D','1970-01-01 00:00:02','57UK8AA25'),(614948846,1014141184,'2RUOW87TJ6HKE032F2GN8Y9F9','WDYE2CR2K40959KJEU16196X86416','1993-12-12 11:49:24','EPR0B02NK5DA43H362T5'),(614948847,1014141186,'5ZVNGS01658Y04R068W1A','9971BTNNPOZ7K4VBMB3ZTO5D3SVT5X7WC7O899','1999-08-24 06:10:45','LF66LLF095HJ739Y7BLOMZ8WBDY5961LASSGZH'),(614948848,1830381946,'EF897LN7YI2452P541O3FO4423VHZP9YU39YN','G220Y93H712277SO5H7U1N2C','1970-01-01 00:00:01','4J'),(614948849,1632238760,'614Q195RFK0U5PU6QN3OC3MN289MU','F61GKEH01A0RKIT8C2','1970-01-01 00:14:48','W4'),(614948850,2045130311,'393JM7E1D2C2X0MP2V9LF89T7J99O5URS798EPL4','3DQ41Y2PCV68GT52NU103WCY','1993-06-22 21:01:42','TZ72061823453S5MU64S1LO2MO7P28012866TRI74EG96772J'),(829697211,1830381944,'WF0BI0326G650D3','309','1986-10-01 08:14:53',''),(829697212,1228889551,'ZC4918H63E53084IZK5W36SF10M4TKD','Y0K1','1970-01-01 00:00:09',''),(829697213,1632238759,'47BWRVNT','PT2Z44J526O','1975-10-05 03:06:56',''),(829697214,163516668,'4P','','2004-10-09 00:05:43',NULL),(829697215,731982474,'256ZT7PHWM7YNC7G0TN4ZR1E1RU48YVJ1LJ7V5LST6RUH','U0W','1970-01-01 00:00:03','STBBW3ACS507ZB3UQUXGM80D0SSXMW1HGO'),(1043326478,1632238758,'','',NULL,NULL),(1043326479,1014141185,'7CF4RN9ND5CGRL218P85XZG7D','G1','1970-01-01 00:14:52','N75X2EG4'),(1043326480,517234108,'Z768SU2MCQUTS','8Z6DI60T55YD8ZY7U4D54J3935J52NGNO','1997-01-17 04:45:54',NULL),(1043326481,1830381948,'9','TXD','2017-04-10 01:53:32','U160'),(1258074844,1228889550,'3N7G06R5Y6CBS3R33I2P756H6QY9F80S52Q0G592K2T0760VL3O01ZAAF','D657BBF1V9O552395UKRN','1998-06-18 11:04:15',NULL),(1258074845,1417490394,'67J163','0K6Q6VN83ZG58S268232642VY5056FGPEN868M4LKS8G88PQ6Y','1970-01-01 00:00:02','GC94T8Y6I4O4'),(1258074846,517234110,'5DHY82946YRTSS9A2F59UUMCUX4N7086AGK44206BBVG9531199YU0I076CS3Z1415A7F2701W','J5M8N0','1996-12-21 06:35:55',NULL),(1258074847,1417490395,'7782C8I43ZWS95AOEX9BT4SCUB3L183RVH4S728N9C8Q0U4MC7NKW0YQV0U43GV82IUM','LQYL88117Q372601','2011-01-02 15:29:11','K18TQ71R127Y96A0CED6HJAJ53'),(1417748997,731982472,'X','11PM5DH','1976-03-08 20:19:36',''),(1417748998,163516669,'0IG1Z41Y15C58P70PH816589','BWTT6427I','1970-01-01 00:08:45','F9K95'),(1417748999,731982476,'4WTO14K2BMFA19V','129PWJ9','2002-05-18 15:04:01','H6WTPIE734RZ9E94J4G26SAW'),(1632497362,517234106,'2976PYSLUQ7O38FFSDVH2KQBXWPBZ97W6I026MO5LAV6KA4MLRD2N87U5EJ5G9DT','','1978-04-26 11:06:11','3WFYMJ885LD40U5WGGATH0E4Q82EA06Q82600546K00J7X9N043KH6V106U39JL6N0F6K3D68QZETO0E640I5RWK5715MS744EP'),(1632497363,517234107,'83264MQ3','LB8W6NO55ML6U5GF5Q5I75H9DOAQ04KC481A0955W8S35H3172','1970-01-01 00:09:08','D4TI5977YA7W32W37MSGQD0GAU9968U6E49079IP8CA5YFD22PJ0'),(1632497364,2045130310,'363695B1','QY67F1J816','2012-04-07 17:11:23','6087V19'),(1632497365,1830381949,'V7IO590050','R2OS09X1EXGIN1I62B','2016-03-21 01:13:05','8NVK840093RGXX93QS970Z203'),(1837520715,163516665,'7KB3MW1','7P04884CSE657I7K777294K','1970-01-01 00:31:40','R4K560IO17I9QA77PD56R3IKV7PC6AW'),(1837520716,1417490393,'2X','4V769W9Z3Q5AY4FI13IK6371HN','1978-05-05 06:22:50','WB55'),(1837520717,1830381945,'23Z8WKM2Y0','T16F6Z4MM2Y227','1992-11-27 20:34:10','51D256LF2G6'),(1837520718,378265034,'1247EC','1P7665NI614031PYM3RQ3O32IMUI81X3MK67E21D6ZGG821Y3F','2007-05-21 00:29:14','C7R1O5Z3258T73994W1OW0S6CR7'),(1837520719,2045130309,'C7TFP8J4K90','68FJ4YNUUWFERKAG49','1970-01-01 00:00:05',''),(1837520720,517234111,'7PVP3496N3HQZZP462','9H','1970-01-01 00:12:43',NULL),(2052269077,731982471,'UC47JJ13R275MQ3719GBFVVYD8QW2ZQ4HC83N05R4W992A5369X2CA36L02MRT36HEN808NANS9AYA1WZ3DD2F135A1R431XY','58P','1983-04-28 14:41:14','019H93CVUP9XFMJ3OL5KBK4619I1P6ZN4MB6'),(2052269078,378265032,'VE3TR4G21Q24FOANIJM','W7L','1987-10-16 12:02:10','283BS4OQ6P'),(2052269079,2045130307,'','B6E864OBTT1J1M4MB6CL02L6N2K2FE84EK708D53C7R',NULL,'669FI8Y4L5J395J1Z922EQ'),(2052269080,731982473,'7L20VIIEK916J324DRFBU5SM9','97TCGG0OESFCXV1IB5621','1975-04-14 21:40:33','8'),(2052269081,517234109,'95RR1ASA8CZL7V','4L2X0F1YBI4U0FJK24QJG5N98O3L','1970-01-01 00:01:38','GZJF4E8SN'),(2147483647,2147483647,'95X4YY0L267H7FTZB68T893828YJSCJ2HA857NE07','NR','1970-01-01 00:00:07','S357Z3YCD4VB1H65C');
/*!40000 ALTER TABLE `cb_autologin` ENABLE KEYS */;
UNLOCK TABLES;

--
-- Dumping data for table `cb_banner`
--

LOCK TABLES `cb_banner` WRITE;
/*!40000 ALTER TABLE `cb_banner` DISABLE KEYS */;
INSERT INTO `cb_banner` VALUES (109916854,2147483647,'1ZP9U3B3F1R8JR9K8X09X0623723033L629L3W63C26G8ZY369VZ66VZSF0012P5MI037QU262BR63R3H','2003-07-16',NULL,'','N817L1E25QFL86F041SD3201YMIPL3','P902HZ683CA1KNX92H9LT68K1C246B896O025827S74IVK82048MN2O23M5NCCJ2A81QA8345OJTV32VYV4VKF53615VCN7S73P','7YM203U14C8J958',546552,-115451,-1451344635,-475373081,'12IT2L039WDKOW5D8T64',120,'1983-12-25 19:58:57','D5'),(109916855,1632238758,'6D02RRCDE142QX9YL52JLZSB93320U6NO4MI1O43FQUEJHO','1970-01-05','1980-01-31','KF101713Q0Y5942Y237G35537OWLK25','HK7VH743ZBH21S30OT0OTB15Z04370F1WP37SQ','9F63X80K4X03V3B1Z54FCCYW3TK1J95OY57I2RHHU6EU64SA050NUR1F03MAQ1BF3CL64Z908376JK1VJZ645BSV3VA7PC405D5492860956XDLPKQENA4RW0Y020N9U251','A5XGD05HF0360V8J3OCBU33S38SORNR27MKAAC590A7M2OE8YY5IU2S2C532WTR4N8N3786TU7P2K1M0B2A0',838097,-7290632,-334446344,-322428451,'D654F0J8I9073UW',-20,'1970-01-01 00:00:05','3M84'),(109916856,1830381945,'GN5M92Y14454','1996-08-29','1996-02-18','HA','03CI98Z3WSHDR8GN73D3F','DM','0G46BPCJ5J4',-8026229,0,0,-94387014,'7E3950TZP3IXI6PA7IA0C77320S3EM0M97WUB58TP3Y1QE11L19X1C9',111,'2014-02-25 11:12:19','2SN8J36H8'),(109916857,517234108,'EC5OK4W8P8O8B0V','2001-03-18','1971-11-15','M4Q23Y46Y66B3UB01DM6PL6BW7U17G7I96LWWF0B5PUP','R4','1R26544U9LG7G0VMT794ZZJ5DH3LU4C4U23XB6Q','J83V7XF73A5',756483,3964883,-1262714925,-1825713468,'TLGH0C8BN7',-77,'2017-10-08 11:18:07','7AQZ6DB1G'),(109916858,1417490395,'0MLTE6J6A1U0RR','1978-01-31','1974-02-15','3','','Q0V6MSUG9SMM68WF7896B8','81K270',3248760,-271524,-1568941220,-599382977,'7UF5D851DK746KNPDJN74QR3F1LIVI6',-8,'1997-02-25 05:53:09','GD5MALZ3H1943652D516QOHIJE01V4KE6J0Z547474CY7280O3'),(324665220,2045130305,'4HM3T4V468CQ','2010-09-01',NULL,'','2M9Z6T39025UE8848Q30','G12AL161C','11PC34JH47220293MC1G00OEG466LIG5Y36PJE517CD5N0T7CC69R671119E2M2DH31',-2937263,-6802798,-652725614,-436477743,'53EVYU51',4,'1975-12-01 21:45:27','ABD79V2JA3NG9P0151O6LZP2U507UUP1TKPCH0Q9X0B869RN2F'),(324665221,1014141186,'EB','1984-02-07','2014-04-18','O6T89K3HX','6RUIF08TNBG45119','S7W13363T5Y9UPA9DHM60B5VI02389RR0KODU3G79HK0E5ESZW342Z01H768','7J638P1941',-61,52,52,-1677741864,'33U0LH',2,'1971-12-18 01:40:02','97CY9I423YDQNBB3BBK3G6S613O37O69HQ7006D3'),(324665222,163516668,'KD38I2C1L0K4R516H2059828FRO7HDG757LA69YUFD3B058UM09728676K158B','1999-12-29','1985-12-20','FH6DZKNSMT4MZ4P6','60TZB4046B0R34YNIW625Y5YU1835ED4IT669IYC0V7KA3FDGOKIT856VO3Q0TSG4DW85PR8H75X919K4149RN3599B263CEAL85T','45AS5MY31I4HOI57B3KQ9Y','0MH4V58BZJY4G4Y1CHY66Z820',7733961,376,376,-1562317690,'0954M88O2D9W',-85,'1978-01-18 06:30:52','93Z47'),(324665223,731982475,'1T5EU3T85Z6LCH8MZF294709QF9QIOD5F47Z34V8965LEKDW556D3VK3D6NRXZK','1970-01-07','1970-10-26','12C3E9K92PT47959UD293HHXFBT12NZ4C84E9H9N1M7T57BX92ZD65042383','TM868FL3P0XHT617QYT8TSY448I9XD2','2BN2MI5CI8D6C3KBQ971797M739L7M02','MQ31NW47Y',4094,-4176,-4176,3,'4DN08F2RZ37S15I8CYJ5',-16,'1970-01-01 00:00:07','BU985C49Q4A74APGS8G6XEN8JD161L7AD619KVE3LMS2O1S02L'),(324665224,2045130311,'12QZZ93RP1','2011-07-12','1999-04-29','70901I03W','K5XVAH082206E91C2848XZ781454V6A','S18R6CH','Y65RLN9P12P94L',2069745,-4960097,-248229729,-782787959,'9',66,'2012-07-30 10:09:35',''),(489122339,378265031,'QQEL','1975-09-11','1970-03-23','863S39','F201D4OFXJ8QSD0EMX466B2WGM7','SI4H2BLPG9E587ELP','80VOK80VQ9IPA1WHF157T6ZIIV08UG26Y9KXPKK',-3894437,8197,8197,-1558087107,'9D1TJ720Y2S6YFRM',-37,'1993-11-29 00:23:13','B618I4C52W'),(489122340,1417490394,'6HDI','2017-06-02','2009-12-15','7RGMOS5H402JX3B5DQ4I0B','0378A411NP34PMAZ76FP7876','AANHX3099EAU4IYP2Q','',-6309,4400384,-607968000,-1088592761,'5087AKSCM931KV78G67S22KYZ523R223H4',-8,'1972-10-16 17:13:18','89JT482MQ'),(489122341,731982474,'357YW9VR55J5F7T40787V6JIXGK','1970-01-01',NULL,'','D952L9K24PYE34PXLQ9PYMH6','04','5XE3V5474Y49J8N',-5541710,4145784,-1497415048,-1662410686,'',100,'1970-01-01 00:00:01','C82T'),(489122342,1830381949,'49Z4Q0BI501WDZ2O86E1XTC6','1971-09-06','1996-01-12','465K8Y93FG6EG391H6PPAOY2UOX1GP80VCA','S13E19PHY5','','0C2L754BVD4E2WLGEFET93HEZX5EJUSX548ZXV',239908,32,32,-1,'5016NZV63MOGNVQQD002EK770S4W3917941KL00865Q4',35,'1976-12-10 23:51:10','UCRU0'),(703870704,378265030,'80SR5RBK38B9425ORV707D43','1970-02-10','2006-10-14','7PL4AQ2ASJ3H4180','FY51LY6G93W2KKF1I4F86SR2NIAZ1L4H59T89H4M694O57QH58GSY99BL','077','V9363B5JWQQ754E3QXGX977L9XH50MLS50EN882PM703VC',1110205,267281,-1920723951,-1811343858,'171V1K7F4V397I4882T7',29,'1970-01-01 00:00:41','94Z8JW1K8JBUX'),(703870705,2045130306,'IT0132179NS8Y6874','2006-06-05','1970-01-01','09VS','WDBAA4Z351F8801W6AVNZ7G2POT561V38A7210VDWTAWLZUQX8O4D6Y3L4','44HM1CVH','7OC5OA42PN1HW7TNW',8382340,-5265074,-1792038578,-1476611773,'7X45O59B44TDF2',113,'2001-08-03 02:34:01','6A7'),(703870706,1830381947,'O5U3G7MASL3P0R5O8','2018-04-14','1974-05-04','OW2U14HC427YDY2186TI9Y718MQAKNH881JAYF6Q92','3','2RY2329J1IYM13XZ10987424US6EBO06P9HB77I25YO84F0174833345GEV76707EDHJ3W0O24SKAO481623G76MQOGU95W61134WRMI5P9CJ','462LO',-220,1630430,-442965794,32,'AL1837TFQ4D937V25HU62V1',94,'1997-02-27 14:28:44','55BP5R26O63OEE6U'),(703870707,1014141187,'1146Z8MO43P51U433M8','1970-01-03','1970-01-10','8H98L2E574KFLIXOF6BCXM','','ZS31M5PFH94O5BX7D6PIS277HTRJ89V89K16L0KV285DZ98','NLE781F83B97TBKWHNP52GGE313',972,-207,-207,-1097423728,'KEY7ULY16C46I3',0,'1970-01-01 00:00:03','B3D'),(911240417,731982471,'L','1987-04-11','1979-01-03','N7PIQY0V51D0B175BZ927RL8JL8GNYUBQT516','3OIP83T3GG8FREU5L6LLYI2691967Q','13RAZRH33TTA52I54','75E1GA',-7137735,-8215198,-352148126,-1844020005,'C1ICVUX',103,'1970-01-01 01:45:10','039IJ15X1F27HE6438BB33IK63WEF37A01M936E51H63H0'),(911240418,1632238759,'81677G','1994-02-18','1993-07-25','14Y65V5TWJA65X74PI3EX6LAER979Y3E5VTEWLVOR1K','5N','OFP8A9I7VKN0WH773YA','037A62700RLVHEFE30WON4123M16I3OLYE20L0FM2H5YA9U2J8TI00B295MRAA15B705',7995671,5836809,-1059516407,-1135043815,'Y25963W14TTO0EXTV281141M',124,'1989-09-02 13:36:08','LZJO11XF2K7D'),(911240419,378265033,'D1L7','2019-03-25',NULL,'','V','R5G1','O90BFKV7',-6607995,-5550530,-1087680962,-1834281272,'',-123,'2019-03-28 07:40:37','5KJV64IRM9Q8Y31H369CS867F2'),(911240420,731982473,'REUGL47QJ9LKH5UIWHXI05K622R53UNV867UOMS4577W0HBO3Q5T','1985-12-14',NULL,'','58P8Y1942685306575X6M47UU3596051SU4723E471X','U5TNY45CUSJP1LZUET6K4U5A052TP45ZHX','NH6XR30W6OBE39VESO37K0C93DHZIEU',6789861,-49,-49,-1097828933,'V87H2YOR1',75,'2007-04-03 13:07:02','19V2K914IQ7E5M80ZN72JVHK976T1933091R7EQ1LCQKN04KK'),(911240421,2045130309,'V41922DH9GQ1E7MY2Z626HGP6L47H167J1O446SR','1975-06-10','2015-02-09','6','87S3TABKX83SK3TXZ8JLD53BJ5579LH51C56X31132RRVI0SL6KY0XYN1E8TA6S1Y02489S3Y2777UY8X0XTEHQLFRXD0972856037TOGK7A4WK649PYGGBF73M3M4EKT15RT690U','4V1V70S7Z6598V5G','S1PVP',7532339,-6350035,-2111890643,9,'K',-5,'1972-01-12 07:41:33','AR68357D8'),(911240422,517234109,'76418Z649R1H88227JFZWBI','1973-10-24','1978-06-09','3EWEF87YYRRUS','K42GILOPU2IW8680K8894CXHY87L','330Y3HXZ1E948I7','06WZA35H6R705RS0E74LZ77CY6H7R1Z14U2VWKGS04R0T0S304O1Q94YAUNG39M20VCS7LE60H240O9FQRT64FTLA83RFR12235ZF8476JP90X927823U40JA30166N61L955PTE831PBDAV8303L80WW3J8ONY26WA90V31Q17S2HJ2O377S2BZ1JJEP4OV7VKI33316X3TI3B76',5657695,55,55,-1741706279,'5W0GG2C91YXFWV1TP772V8530',8,'1989-09-09 01:18:39','T2'),(1125988783,1228889550,'','2017-07-23','1970-01-04','L1D574022TRK41','24X37K31S4LW3TL4K','21','9',-4087375,4625126,-892955930,-325571398,'',119,'1971-01-31 23:28:08','4122TR6E6NM'),(1125988784,731982472,'93F438QC70C4H1R9TL8I42W3070O96QYHK3GIJ66CGMWI6IV5','1970-08-11',NULL,'','5VVTH0FE4PW58','3Z03NV1FEO109J','2GIJ29YLJ5IMF04I170H0A34905OV6A821JEELFMN7HHO6X3YX1N8C4U6NQ5YY6336XY236C9QHYX7QJP89A14R73S6945710W3P1UU92VR3LG8PXR09I4040X2DIU36N64PWMWCX7NV7232R9GO0',7238496,1433448,-1063919768,-421,'395B787RXL32BGT3F0IA',-13,'2008-07-15 09:54:37','1T54Z'),(1125988785,2045130308,'XC1I258R3KFT1W3E1070D56M322V1','2008-03-09','2015-08-30','PML2L5B8CO622W0T4MLCP02NM45KG21P4M33J06P09274MVU82IE94P82D71WKKE9024','WH3ZQ05PNI2X155HZ','YL6CM','C2J9116QK5J1MB1A8S32N21847QG90187A5QAT8FPT6YK3EYWKR2544Q1Z8Z5',4167805,1101035,-225391381,-1375221000,'1295D3527PY4V891JA26FS14IXD1I50CP6BHJ1XGRP890N75',73,'2004-01-25 13:38:17','49S8EO9CS728P1A174Y8A565BQ'),(1125988786,1228889552,'G0KOVKE4291084RXV468ES1MEH776137UE5D2','1994-08-26','1995-08-10','UVRX40','L4F272HU28','3ROC721R398IN63CF84DP71ZI51E66680E563MH4438P4IZD','12712BU8W94',4,2762652,-810932324,-1737131369,'',120,'1980-09-15 05:55:02',''),(1125988787,163516669,'5D4ZS8841Z2LK5LCURHZS89B55U8P22T00Z0EJ76H2340Y3Y89792D8184I97V0096I2BNN34917HCB8K77FEI4X18GEAJ5R08','1970-04-08','1972-11-04','630636CYOJD0B','XL9E2T2LS3O761U2A1C11N82PIV78D7ET0Y4N3PV5PV1F1C1MWJ29K76TQUF05W','20HCT0094AUUM61IFK2G8M','S2U8FJ68Y9',8136149,27,27,-1602541421,'GJQP804EZB6731T85MZWKZ8O7QD08VLP27GIMY3KCX9E71S79VIP3AT59BS1P1G866799X94040WW8N2JV',-113,'1970-01-01 00:01:38','UP'),(1335816938,163516665,'JMUR83F7D528ZJ3F21J99F5GBAI5VRZM88U4S9E5AMS',NULL,'1998-05-25','1K2M6M018K73F7S','1CIY4Y3ND5PODH9FK5NWYAN8KEAG0K75PX6O5GAQ5T2566WB8B0E7D2081B17K1J4X4490OR34C308X0CC4XHQB24T82','2C93O3P34E','33DMMTDCRO535B870L23MMDTARZO04786V830XRE8641P8D30968RT33NCC7R1O3X',6717,-81272,-897662328,-89948970,'R6VJ',-75,NULL,'T7'),(1335816939,163516666,'HY9N40N8W5N1C','1992-11-06','1985-05-23','9ZE1PAH476MIAI279N18T37SN8GR25BKKBM039U2FE02467RST3H899O1315VVZ5068FHAPRRJ683','5519LRHAR553KIN','R37769467UOND3X62U5','S5007ND96W1N3DGKSNB9I5D6VDAEV30DAJS9UE69PJE2EK8339RGPQ9QL9CDSW',8,5892953,-1495667879,-1111872394,'5847',-105,'1987-06-18 04:56:59','84GK'),(1335816940,1014141184,'2','1971-09-05','1977-10-27','NH','6EQGVYTP787R19E4U685QI2TDJ','0PI11AGGM114CAN7TC3H3BTI45H8790H0011','7ME6H95619ZLGS95T229H8T3UCQO',1066990,1779917,-1701107507,-280694610,'9I459ZL',58,'1970-01-01 00:10:13','1655ZM81W9FCH7XT4G5'),(1335816941,1014141185,'BDS46B0V885FX1LA18TE50T70ZF695LQX3QMI6RB786GI637415Y62LZU21T3CNWW4509KXJLURV35964HFV8Y77E4803J725Q8Y4PYPLT20QXSA2N91IZ1WHTQ6FXY46B5088Z6','1993-10-31','1975-09-11','25O143MNU5D6A6DA26JEM46F5M6C3F6056NAYRJXDQ476451XC1TP0NL4Y7','32AUCL41','Y1FX21M371F3QC3','W2C6UU41',5642848,-68,-68,-465153655,'PV8T8SUT4OHA556QUABM39RPEGSAD50VHA444061Q47A86S',120,'1996-06-17 23:19:08','8'),(1335816942,2045130307,'ZM8L','1989-03-25','1970-01-03','K7B5H68H38P7E611Y','0XYK474AS10L1FSQF100W9F6VPON8B208426A10QB35F0188K5EJW','3Q94GRSYSD2LOH67X64W8VWZOU88T881','HC5FFF6TJQWE8',6,815126,-913543146,-1137387767,'3POVH21J08015VL66ZV7F54W9F',-105,'1970-01-01 01:57:04','P8PCUU359X58H392'),(1335816943,378265034,'ZG8WX56HQOZEN51','1991-06-22','1970-02-21','MGZ7MX2MSFI9TFGT83QP93KY5YJH76DJ85KQFC07','2ALDI51F2Q3SU','VJY8NCJU3C90R7GJT1Z9L5SE3N8UO','67NJ9W64PHL2FQHUUUUQO8946M00578B',-6072984,-2872787,-279696851,-969443631,'NDY',105,'2002-03-11 10:52:28','BBQ9ZL36F27I699M'),(1335816944,517234111,'QKAK3HX7L2M710WGJ','1985-09-05','1993-09-22','6QA9P5GW5217L8EFC9H9K5GD9711H5V','A5UZTB854JQW2L','FY5K7O3T2DLLV8B19D34WN0OYUL5I0381Y1874B0O9B4U10Q8F1HK0','K90',0,32,32,-1029320644,'19HDYWHWLW8MM',15,'1975-02-17 07:55:53','4Q9MXEHGVFSIBC65333J5GVLN9Q6K175I16PQSP4JJ00TO'),(1550565304,517234106,'9','1976-01-13',NULL,'','4637F8JW0MVCN','7ZG6JDAZH0WR','KN2T8JQW97T3S47279RBV27THZ7HNKJ5FH6',-5,1334,1334,-9,'4H7BJVADLN9MB07N42U1NBMNOK',63,'1970-01-01 00:36:44','M'),(1550565305,1417490393,'L2',NULL,NULL,'','728F7T4','PRS068LNFL1QG21SWOHCX25FVMBG38721ST7GL90F24046992627','K0L1CJ1Q10DV8ANLQ4',-7023,-716,-716,-736452340,'P6QX5RM480A96XAHQ',-59,NULL,'K0Z9P'),(1550565306,378265032,'ECU136667Z85LG1577945RO6880N2T4102Q186LR5709LM55H2WP96AK37BZ4JA9R7ZH789FU8SK8856MVT87P485ETQSN9UT2A3J4U6P34L2YN14J4W9DD73935PZK328D571','2008-11-05','2005-07-16','6ZN1941L3902652K04J1615P5C7IRVCR877','0UW1JGTC078MGLQM7R20QPTEJ99','81D3VAL56YV2VXRZ8KGQ05EC0HQWXRJ1','OI0797R9PVW3EB76AS9SNX4VI14T3505E5X12PG310CQ10V273TT6H5K22FT42ZG58ZIP833615NBD191WVM519814UXZ4BACE',1765746,2503335,-1549389145,-1864233058,'7',-98,'1993-02-24 16:31:43','4A024JE9MXBTC4J2S8MWX911I5ER57G38F3457P6BTP4Z723T5'),(1550565307,1228889551,'7E0TDOQC2N1S62CCBG6DM7XT78SY1JYT4V2BR0TQELVEOLG97CZU8FE6CF71NJ81YEQ9','1981-04-15',NULL,'','7SAZ5477','DICPJW05OSFW','98T12XYJ2Z4W71W7F1W9U2TK65Z',-4122,2410066,-911948206,-111916084,'L83Y83QH',-104,'1970-01-01 01:08:43','9MX30HS'),(1550565308,1632238760,'AGCL6Z','1997-12-01','2002-12-07','VH324C97V21702QY1EV56FMS449YZ2SLTC2N52X742NZC94YM3E2A','3VF5NI86CMT5J75Y0GVES08Z28BMHL5575YWFC5JE17Y0557F3UC2TK420Z2WJZ0G21','X466HWBZ1PMBK344R15G14G04TQ74F2878E06J5NI4V','326M2GQ8DB1',20,515,515,-104211460,'XR182C0M2A',-13,'1991-01-29 04:57:39','PT723689UEO50PC3CU092EDRM22D36Z076DH48787D077VKK9Z'),(1550565309,517234110,'AS95I',NULL,'1970-01-06','1','737I0','10WO450W334G7X52','1YWJP7L4Q84M4',-408471,1717061,-811977915,-444154686,'449N313108L0RQ0S2QND96RMA4WQ78R3D90V0R98128127R5MQ4',20,NULL,'28F09Q66Q4CHV1Q0Q7LP1'),(1847341235,517234107,'0','1970-03-06','2009-05-08','38G3RP9775UVB5G76H9G4IV5FX','R4YD3TP7UM88I12WD44','R7Z88770198MYMW','Q99GV52X8NNG2BF59E',-7862045,7853924,-1359489180,-140,'Q7QI',65,'1970-01-01 00:01:05','O0PT'),(1847341236,1830381946,'0BIOIB6280KZE45I3A3G5M1M0QP1R9ZT14469O5H8DX9TX52535RJ1C1K14LMECNSCJ253Y67M860UPIZCKQ4KNHIYJ3MW17O1KDY5221LX8ZHH3QARB0BHQ3F7P1M30OV59RW095XB80OAH58469TKM1OZ99LT','1970-03-09','1995-02-18','36L121G02H0RIE2','0Z','FB05J438ZJOVON6OE17208SL37852790PU89QD','1144MGPKWG0J8L1B2HRDMZ92I6MI1726U273',8220046,-494278,-377981638,-1463700094,'WO',-47,'1970-01-01 00:01:08',''),(1847341237,2045130310,'7589','1986-04-22','2000-12-28','T705H0T18O998','B2','6N83840PT7RF2J2694E853','Z494214O2H678TDB',8358051,-4576782,-600167950,-559690754,'H85LFE85W6896N763LG7GW25GYL7S608R3',51,'2011-06-13 20:11:21','96EDG8S34QVO7WF21T5C51LVKO9OF6OX7'),(2062089596,1830381944,'Y6','1970-01-09','1970-02-07','02YGQC1W','','DJ130T1C42VB10','',-4887064,9,9,-7296,'I2D0EX737K26O3O03569WYW8O2TF38C1NH',57,'1970-01-01 00:00:09',''),(2062089597,163516667,'0BTXU8PG','1996-08-09','2015-07-23','K25PK5MBW8M79VM1F43TL','E80JG3JHM5CY0B4E9R5WMY29S','3OJZDD6Z19L9P2NE95','YI0VI563IU8VA568X4YGSPOE8R9OBIRIDGFL',6415,1443518,-1349122370,-1937146433,'MZ5R1AH95760ZI810FM7G1H661K834BT8PIT79I930PJ5K26O44',-103,'1990-07-20 21:37:30','8RS27EHV7VF919VF'),(2062089598,1830381948,'WO35M8875KE319P1Z98E4JTG4O44RT497P6293M2D5XG197H62S3895EWJ',NULL,NULL,'','G081YZ262R1E57HNN58ZFLP6130K5V8C','ZM278KS6SJ0Y0K812SV3H9L5XIAE02B','RP224S6R8D370BT3WR65KG',2417655,-5621,-5621,-1448783861,'N7RLV6941X1WLOS0UFH4FDNY530',-15,NULL,'4VRA1'),(2062089599,731982476,'IK1735E152DP397ZD2AW0BG5MS3X9W85RNRWFF0O58F63SO1IIFOQNIBP18Q','1993-07-06','1970-01-04','8CP063','30U4UFL7W83O7R8SN0C6EGCRF63GS65AD5960QCUW4WEQ3SJSD6NX3X8492340JX5ISPFB0UE675N6NU72Q93CSPS54U31','50B8B1DM6CT5C84DVQGC91S7Z1CGQZW0450XKBE021V853D78YS8O1DJ7U1UX1SMQ','4UFFU3SO4BX4B37781MEZOT0N38R6YH897',-7385853,-9544,-9544,-509434008,'44G6O4RQESL1VCJ2CRTKKF085L221OVVZG4T18XG',-107,'2010-10-20 23:47:36','V'),(2147483647,1417490392,'OK2XVQX1ULF34570','1971-07-29','1989-08-09','N','322','D0P10NN8J11OIYG1Y6983P9T','7T112SAXWJ05OG5QYWE3HEL1DP9O3SV0976XS2537J63O1W92R1DE7',-6933012,-4622415,-918980687,-1278167062,'1YQIHAD0XX8VEQ2XEA9FDSYZ467P1XU5P86075B6SCU4YUEG51UP0CQ1F4U0JGKW8OC',-116,'1970-01-01 00:09:35','KS26EDHTC');
/*!40000 ALTER TABLE `cb_banner` ENABLE KEYS */;
UNLOCK TABLES;

--
-- Dumping data for table `cb_banner_click_log`
--

LOCK TABLES `cb_banner_click_log` WRITE;
/*!40000 ALTER TABLE `cb_banner_click_log` DISABLE KEYS */;
INSERT INTO `cb_banner_click_log` VALUES (6673,1335816941,1632238758,'1984-03-08 06:36:22','QP98FQSYZJVJ7C820TI33P2G8G0S43W4FY4VDX19G4VOW3EIU6','AD4G3X0TNCS4QT81M4PLV9','II8Y6','K8OZ40IE6PI6D4AR53J8X7U3W3IC588K21L3WO49'),(6674,1550565306,1228889551,NULL,'','TCWVA48YE8KKA0J4','R5H2F7N3919','EQ2UL9X936XD7P8H73T57ES66XPX3RH438LMT'),(6675,1125988787,163516668,'1978-10-15 21:32:33','7E38T82LZAI7V9','43D51W02499MQ7U47S96','43TMWKL44137T54T86C475','ZV2RNF8A160'),(6676,324665221,731982474,'1988-01-13 19:46:15','AK','K5','4UD9TIZI72H1DPB061HP','4E4K0P61W5PIA2272ZN'),(6677,1125988785,2045130310,'1982-10-30 03:29:03','8','PT183H1AEC89985O7HSFLP3S','9F4P35ZRCR3L149','3L45W8OBL28Q'),(6678,1335816940,1830381949,'1990-04-16 09:25:11','EWDMWP5TL8GTXYZHQ17374W8HKYNK6QY5X8CF9AWM8Z42UI13Z','M4U82X0B48','I41UI','PE2DT87W7ME'),(214755039,324665222,378265031,'1970-01-01 00:00:18','0','4DB97NC18435G97WN6M4IZKA09WI0OZX2839C','P3P3CBSGG91X8IX3HT0KT493','26I1441C2S70RNMPUAK48H11EH'),(214755040,1550565305,731982472,'1990-10-06 07:13:45','2R24H33Q5D','2NMGC','0YO460ARJ3B6M17OF1',''),(214755041,489122342,731982473,'1992-09-17 12:18:48','7F89B7L32V9Z976R8VEI7N24558RD86WY131S171EW1H415VG8','82PW95U','134F6NCKZER8BG','MY6UUHSJ365WXD79R76846R5DG2FD4I7U7C5Z7Z7'),(214755042,1550565307,2045130309,'1998-11-22 09:31:00','283S25O','QR09IBRA84D36WV17HVDVGLX44V9ERX9F2V15F9','1006EJO18UJD230B795NF67C346JM10QE2SC28Y84109Q00G973','OET64KZ93GCO2ZFER0P9O4M562C3248B85HC3Y79LSVQ3'),(214755043,2062089598,731982476,'1970-01-01 00:00:44','7ALV681','8JE2XJNT9X5W3TE97J4TRF','CPMB8T','7PH18SDZ0N234QT2FB35R'),(642144963,1335816943,731982471,'1976-09-15 19:09:37','308A','5WHT7HP25','ZXH','8CL856OA'),(642144964,2147483647,1014141185,'1970-01-01 00:01:33','244306GY946T7','7D19S83E4G9BGYJC4Y9N0AA27E7OO736RC','383BC1Z67F0HU840HB7X88DCDRD13EQRME611V742Z5POD5L5QXC2ZMPF97DNB4ASSHC76T3','5YY93VQ9904S7VXRV31V9'),(642144965,1847341235,378265033,'1999-04-19 04:20:27','06','4Q9X0L3','8TTODLGH5MHIWVM696NE3L25PZXNX3071RSP784633T1613K31AA2RME9MSM','NJB02BQ4NK5JIPKZ10697F'),(642144966,2062089597,1417490395,'1970-01-01 01:51:14','0P09Z3X5','79','N','H7I2K14'),(856893329,324665224,1014141184,'1970-01-01 00:06:24','Z5T1P','09XJ9S3Z19TPYU14W','QO7QF5Z0YK305BR329ZPRY5GB96V854G4005XDIZ172M7IU4LZA817PMY','O'),(856893330,1550565304,1830381945,'1975-06-29 09:32:56','I67G921JE0279EOJ88B4M0','D9Z54UW16C80Y954C53OB1JVN663MK8Q6121161PUY5JB62589117844GL06U','60PK0P0GOSFB0JO0X601','4VC21V5773IKFZ8N1JK104D32ET815867ZB09H4M03GXE8389B1WGXL2AL3L9CQ3812W34FU9WT4J17W1W4V5V2RC4Z62Y3JD81ABCC4JKBWM17YHIQ86077T2'),(856893331,324665220,1632238760,'2001-03-06 00:00:48','75','DD31920BDO1S2E9TOGFT','','4P6MU24JD1E44231VI2033'),(935535795,1125988786,163516665,NULL,'','8X8Z8J2FPM06TNPCFMLA9U94XXY18GY9FX','FV1X982TY2UR5O5',''),(935535796,1550565308,1830381944,'1970-01-01 00:00:09','18E8H1U6GRS9620RJI54M4I2','QCA7XKY2G8L49K289WH38760KR3C961G9IY66XO94330M0','','88X55217'),(935535797,1847341237,163516667,NULL,'','8ML0HVLB4U95537XXUFYMC8XF537B3','MK','35BQ94OR6PK5D694831B8W3165SZNQQ55PJ3LIDM8ATF453A91YG7LPC2KP844V967PNKM00JNP'),(935535798,1125988783,378265034,NULL,'','3HI','854Y8S2E8SI395182Y97J7R33','0GNNTGH926VJLG6M84PXV6U79U99P3R8OD8R27ZRD1VY2E3S422D'),(935535799,1125988784,517234111,'1991-03-27 13:45:18','O2YVBMJ8XKEONVT9K005BA9TP59T75U3U497TY4LM0ZBG4F3AA','Y102PS0L6P','6NXDJBVCZM4M8766375T','5I9L8VZQRIMH4084'),(1150284160,109916856,2147483647,'1975-01-18 09:59:59','W','W7B5DCTJ9UQ','980P4','W02YBVR2R'),(1150284161,1335816942,517234106,'1970-01-01 00:01:07','P7YC25M318','4X216Y0RU','3NT','0K6'),(1150284162,911240420,378265032,'1970-01-01 00:00:05','2RU627SE6SHQ9P922U9VCKT7S273WBPMA1W0','','T2S462BT2EAR485931663AG5AJB7F60602F680K4G87X747Q1O','2996M9J414WBOKW36491X1F84F3SGO71CC1'),(1150284163,911240421,2045130307,'1973-04-08 06:45:49','D8HRCD0','2392OU6Z53IALK','SJ906020YY4P4M57056A0','P03V6R134U372AEEW7Y1INZKWCBH2UY310796423674PVZ225ZIG1T5BFRAB3PNSC1722B9E45EM473C6F13529HSO461J31OW88W656VY2EIL890V4L64B4HHVE7S132RXHB15951IBKS3M51HYD0QN9C9QNQVQ626T95WW3'),(1150284164,489122341,731982475,'1970-01-01 00:00:19','YIZN043210','ULHSCX1T5T42E','','6Q8D6Y6VCJX4T48DK904FP690JPFX5D25'),(1335398848,1335816939,1417490393,'1973-07-03 02:29:01','2164PNF0C8R90SYB46E','VINIWA0X6KVX6D0R7X719JBA7X0ZWIVU31','1OC7IH20175G1NMPY7SM11','EX71'),(1335398849,109916858,1228889550,'1970-01-01 00:07:56','M68C1RB698FK32164I02AHV85QWTG5A374','B','2H1W0W4SW166278KTUK24WJ00ZA309DUBAZKS64R3EM6NLZ0BS38U8K93QQ232M36','4Z31YC09YLX218LOU9508CVD'),(1335398850,489122339,1830381946,'2011-11-18 08:34:02','TY6H2K0H3Z4W4I7EM000C','5514J0I461062930','I5U698FA','E9Q78FNT284U5NA0B8SG'),(1335398851,703870706,1830381947,'1986-12-19 12:43:14','X4166CTJ9WP2G6685','96Q5MIFM02HETEH89NQ108R430QCQS7710TE0QCR2K59','BYVRSYK966','X3R2W5POZ68255RU1THQ03TR39VHO40R50E19UX91A2D'),(1335398852,1335816938,1830381948,'1987-10-03 01:41:32','XPFD0B55U4JEUG71W9V','Z3705Q3V18GAP1145GAN19ZO62RISW0F9KT881DWH1CL5BS00GME20GXI73U1OOU649563SLI','5W6WB86AX23LOY8AXQR7310G5M7BY4XTN80N2','82Y1X2M49M0HV8M45T81Z9EJM7M9IAQWP68IV6Y3KE1280'),(1550147214,489122340,2045130306,'2008-12-26 14:27:15','GAY16GGIRH','Q6YYAAL0MP3R','2439N9R4K3M847TG059M9V911','DJ41IL8V73CUT8E321YIS71T2D4SWF37EQ962WGP535HP1S568'),(1550147215,1335816944,517234107,'1979-04-21 17:20:18','I56CS8SEB279AT','','SC3WJR1ASWW705MTG83UCSWJ703','80478NI3GOS01PBRWA2QY97C1BUCI161250MV1FNGJHT9FM83S02EGBD'),(1550147216,703870707,2045130308,'1971-07-21 03:49:16','GN23R85Z6423F963ZGPE213','JREKW4KWPFA4H3','M05032QY51WJK7FD33OP4XD801Q96CGGZR1G381C8319N43','D0D2LP2OE'),(1550147217,2062089596,517234108,'1971-07-02 13:00:04','QHB355IH8ZRVPQYFEBI83861HBF7I3D1RA3W9ASNH3D1408D22','M75469226YWB2','2CITH80I9K4J7M4301P211QR8NC','2HUS0JQ1I5D72CZ48G'),(1788927200,109916857,378265030,'1995-05-16 13:12:51','6','G6207B1F23808VS30GOJU90X5ZK9JM020K9XLA48F30662I3ACEJP3IP2TK6J3CEY','T02D4GA38GT54I','35X23R4I7468EJ398YHQX0777S3B816'),(1788927201,703870705,163516666,'1992-04-23 14:55:00','7V1Y56X2LQT6E434VKC3','97YZ6BT337','2E985VR7IBN8BVPCQ2YP21UGGM1N','W3RLUZA85131'),(1788927202,109916855,1632238759,'1970-01-01 00:07:38','IQ95','21952ANR44ZAOTG','5TOC2UDO6I4T2','0'),(1788927203,911240419,1228889552,'1993-10-05 19:38:40','6XG','OJ26503T5490','U787K908UE9TKQ5X25ZMKYI6YNUIVKT7070O9D87D05E4760D2UZZ9V08205460399Z27O9JCGW','8361R072AKRC77379513'),(1788927204,2062089599,517234109,'1970-01-01 00:01:36','085HDMG541SY28B9U3LAUJ04H54TES13ULU','02G7JMU2U8Y48EA67Y37','H7RA32B22L94J9K',''),(1788927205,911240422,1014141187,'1989-11-21 05:07:18','Q5N','WD2BJGSW7L','NAF1FK5V4B990JG','2DRUR1EHA3FH4T3J'),(2003675562,1847341236,2045130305,'1970-01-01 00:09:46','82T42XQ6M40MQWSP58988H9L','3','R','3R3U1WB04Z32VV0H1O9ON99SMC8YN8TIE7Q'),(2003675563,324665223,1014141186,NULL,'','JTA456D27F626A4S7T8299A92VJ71PFHI','8GUKPTM1','P005R0Q1PO85X036JT457G528QD3BR02HZ207H5X85Q307P35D594F0QKWG3SPAIWE0U0M590E34C9N7U'),(2003675564,109916854,1417490394,'1970-01-01 00:15:51','7Q4','2','ZYII34X81R0I790V1P35Z6I7DJMPJ25J8HK7WB875RU8D7466B58A8OAP6K06AK1912IP64MP2FVGGI70H0W43F99717BEAXJ696I3IE4HRE1HB7458568ZZH8Z57C1762W54AGUWY0F25KB','A'),(2003675565,911240417,163516669,'1970-01-01 00:00:09','6K15VBWM8TK63URLPUCP8I61MXCL3QQIR5','4R21956JO74DW11ZH42HYHW918DDP83653Y2221UN8Z57O51DN8Z088J7EM0P97XLZB2A816HUR','EQZ36AYAWX78X','KODZ4442A4O8S8PNGJ8RNUM4'),(2003675566,1550565309,517234110,'1997-12-28 19:32:26','0Q998OWB48BN7D8KYQ59V3707DN8L9BP4MU50CQ8K','J9','F498TY3NFNXIFAEQ03H6H0L0CPTX7DX5673160880YS84UA948189L5','O2G3G639WV0'),(2003675567,911240418,2045130311,'2008-05-17 13:47:23','46C9C0CJ8MNU94TO16','AM1U9Q1Z5J87982O02ZP70S24YU5T3H808TT86A4B1202104C00','6GL8U5JW869F4','HGS6'),(2147483647,703870704,1417490392,'1970-01-01 00:10:07','J02F3N8Z835O8K6K5T42','','27G6584G5653JEE77O7F12IG7QM0XOR0N9K8JUI4RJDX06I46BDTP819W79PE8U41G5PK87UE36285MY08','');
/*!40000 ALTER TABLE `cb_banner_click_log` ENABLE KEYS */;
UNLOCK TABLES;

--
-- Dumping data for table `cb_banner_group`
--

LOCK TABLES `cb_banner_group` WRITE;
/*!40000 ALTER TABLE `cb_banner_group` DISABLE KEYS */;
INSERT INTO `cb_banner_group` VALUES (102016135,'6P4674GS4O14Q849C9495BXI4V2Z1672S6OE7IG4XIEMCD6BPH61I48NR1P9U2LTN2Q9IY3'),(102016136,'2QTJ40850985R12XML3FUY29P0E27B5D16IO858'),(102016137,'R7UMW6S253S8L6893588EMZTQ8G0CS73UTQWNJ6T6PSHWOYY502IUHN45PP59UQ74VO8BS560056ZG3019B40MVV37P79487Z93146MT6VY88780B7Y554P'),(102016138,'2LA3LLJ8B4099X1R36W55D80RD74A'),(102016139,'418'),(102016140,'FA7VB4X221RX3M7M84V4IT79'),(316764501,'2LAIUZFIO4'),(316764502,'LANJ8T0QF8QIUWX9E8B0YVNM030I98F9EO9IA559512H72112O9CDO'),(316764503,'YS'),(316764504,'VT8ZKJW5L17S10EB0744X300SPU3S8RS1221VQ43T33YFFK5U5T'),(316764505,'73WJ2S07PH2030C04FG483YHOVK5220N3FYRL30155734GI0P652JTH2TI3GFW18'),(743585633,'BV314H6'),(928005548,'TQUMG8FMA5046Q3KH2G4PRX9I39XC7BG80409FMFY319Q4XCG73UC0U682V96FPJO'),(928005549,'NP14OWRLE4HW8437NTK418J9'),(928005550,'GM'),(928005551,'E1'),(928005552,''),(928005553,'G4E5242ZK6Z46R0M2X2572J9ESEE1UN1YC19P70'),(928005554,'1N'),(1142753913,'RH80RK7KXS601'),(1142753914,'68FZ68GD96XY89111A0H7T7'),(1142753915,'3PI7536353827'),(1142753916,'2L5HFK71D84JIX82R6G7EV5SFYTT7'),(1142753917,'KJ7SO039H01B7XLR1PUAI'),(1142753918,'4MHF87P85414JM4I7X7W1NA938O726Q4U8SHKGVLKW6171N3W7JTNU1G8I0NUG777BH66344I3A6T0JX3D21STCH04XAQ4L4VR'),(1142753919,'1D'),(1142753920,'H39E4AP3ASF679T7474'),(1464897639,'YF6678552RN69S0H4W085KT125'),(1464897640,'N9'),(1464897641,'38877Y'),(1464897642,'3S266W'),(1464897643,'I5DY6JE8UE'),(1464897644,'03990GK05I111AG37E76LR99IB47ENE80WO8R7TN4H98Z8TCNG371'),(1464897645,'3VX5K16FQD6NIO3'),(1679646004,'44T5D3U49974IA494JWVEDOI20VC199BARF3'),(1679646005,'C'),(1679646006,'S8MZ4J8'),(1679646007,'6034HK103J352KP4ACME06OF21HW9Q7NCMQHXL42QZB45S3TM78T6D1216B0B5X8X39O1V'),(1679646008,'2YJ6XR6583R0X53EC0QX12O6KQ8AY8SI5XUC'),(1679646009,'BUJB16P7433TR42RVAB9HM9G7835AA9A360S4E4B3F634IX7'),(1679646010,'VHH'),(1740134269,'99OKD052510'),(1740134270,'NAYD8673X96QT1SJ8WYTGC9N'),(1740134271,'54478JI2I2R9522LY8134K6GZ9GRYQT8OKD2WTMC2X0N49IBC8QR5267CKFEI438706BS7OE61P1I9H5VEA7B5ZM7KS0582V569VE82'),(1740134272,'86U610DNMP36R4LS1QSPR09UDY0SZDA9HZ4YK21NAD5VBV44V70A97X1YZ64VTIVQE22'),(1954882631,'R99Z43C8X6J4KW5D2RD'),(1954882632,'7W8H52T3S8X9COM42OG1E7XN33ATAJN98227'),(1954882633,'ESSTG7NL744332H3528HPOUO6GPSHR0J52'),(1954882634,'16O2DC8'),(2147483647,'6498XG72JH0R4Z807FJD008U93H2W5S8J4FF8T34510A6ZP57O8W49J');
/*!40000 ALTER TABLE `cb_banner_group` ENABLE KEYS */;
UNLOCK TABLES;

--
-- Dumping data for table `cb_blame`
--

LOCK TABLES `cb_blame` WRITE;
/*!40000 ALTER TABLE `cb_blame` DISABLE KEYS */;
INSERT INTO `cb_blame` VALUES (0,2147483647,59379384,2147483647,944,-1,1458105500,'1970-01-01 02:37:19','Z7DME9395Q02OB6KE'),(1,1014141185,605458536,911530812,269515402,-19,1969194279,NULL,''),(2,1830381945,1828036710,42012141,1071880743,56,8788,'2017-02-14 20:26:36','D9W9YS3B12NR3EWW5Y'),(3,2045130308,1208941473,1625024592,424179075,-71,908854939,'1970-01-01 00:11:51','9A0G26J'),(4,2045130309,1543094100,1410276228,570212791,5,1207210569,'1989-06-03 07:37:23','049Q1XT4TUG1BE'),(5,731982476,1543094099,1410276229,993015886,84,581349132,'1970-01-01 00:00:09','Q44NSZ198HU9D93QYSG9U18A95'),(214748366,2045130306,605458535,2033106053,1768682036,-31,2090351676,NULL,''),(214748367,1014141186,820206899,256760506,1834553783,-67,1942590656,'1970-01-01 00:01:03','ZY96'),(214748368,1632238760,1828036706,731285161,67,94,344194975,'1981-05-25 22:36:27','07673GB26L6DK912OC5'),(214748369,517234108,2042785070,731285162,415,-128,1997002705,'1989-09-20 03:33:35','92W3Y48DIT70A079L0H4GT811H0ROBW4ORTW01O786MILTKRUR'),(214748370,163516669,1328345733,1625024594,330,38,226551750,'1970-04-03 15:14:11','0'),(214748371,1830381949,1828036709,42012142,1306735022,56,719951283,'1970-01-01 00:00:06','0C1K158CQ02'),(583679426,1417490392,2042785072,1625024589,72,-107,2,NULL,''),(583679427,1632238758,274127750,1126279176,1726956198,-42,990758129,'1970-01-01 00:00:05','1RC'),(583679428,1014141184,820206901,1818357692,1102376833,30,24103282,NULL,''),(583679429,1632238759,2042785068,1410276225,1300397609,59,368852397,'1976-02-22 00:52:06','4'),(583679430,731982475,274127748,2033106055,1490339273,56,1142251016,'1970-01-01 00:00:02','BHXPV6H6X'),(583679431,1830381948,605458533,731285163,3102,55,1,'1970-01-01 00:00:11','9I6Q9XPY4MJIX9'),(583679432,517234111,605458532,516536798,688,47,112483861,'1996-01-23 09:47:13','XM935QV0C5LL0A3T5U24RKU06Y693M352K9TL6LSNRAMDQ2465'),(798427792,2045130305,2147483647,911530810,1488424848,-37,1,'1976-01-21 16:22:55','S5QXRX584J9KY3Z1L5CC'),(798427793,1417490393,1828036711,731285159,1089732521,0,795762242,'1993-10-29 22:03:01','4K61'),(798427794,1228889550,605458534,1410276224,888,42,243673751,'1995-02-28 22:26:54','I418A0TSN64YABJ6K7'),(798427795,378265034,59379385,1410276226,94,61,2017566283,'1977-11-01 01:55:47','G142QT4G79M50E5F31N'),(798427796,517234110,2042785071,516536797,373531181,112,378881941,'2013-01-21 09:53:48','2VS2OH65'),(798427797,1417490395,994193107,1625024595,297897705,3,1267455948,'1970-01-01 00:00:01','864'),(928685357,517234106,2042785069,42012140,1964018939,-64,5101,'1970-01-01 00:12:00','CEWF2RGLJ842TF7KON4XS17R4Q03O0WY47LUZ290A8Q519RG42'),(928685358,378265033,1828036707,516536795,236777500,8,4573,'1985-07-11 09:01:48','41OC52FLD4S071G7308'),(928685359,1830381947,2042785074,1625024593,357,41,1817143173,'1995-07-30 07:40:07','P8H9FDQ6AAWW3S6L9FAGMBF6V26'),(1143433723,1417490394,820206898,2033106054,3,-69,1395346955,'1987-06-26 06:37:47','D7S31471RFYCC9N196FK988394K79AEU7JS8TI06IV0361'),(1143433724,163516668,59379387,1625024591,1214208034,-53,12,'1970-03-04 11:43:29','875IS7BYJ94QB4ANLS2791H299530425'),(1143433725,517234109,1328345734,256760507,1337372800,-49,1800994873,'1986-04-11 12:30:34','0E9981H2Z'),(1454143267,731982471,274127751,2033106052,1816522676,-28,9627,'1971-06-28 07:31:37','W908D257ZQHZOUQ9YPBI6HW'),(1454143268,378265032,274127747,1625024590,500610093,-40,149,NULL,''),(1454143269,2045130307,994193109,1126279179,6316,-7,1608586442,'1988-09-06 18:31:26','HNC449O5VD'),(1454143270,1228889552,59379386,516536796,83,73,152051106,'1989-06-08 14:54:42','OD949XS832JZLYPU6M8'),(1668891632,163516665,274127752,516536793,848,-86,70,'2002-07-26 11:16:13','K'),(1668891633,378265031,2042785073,911530811,1380901766,-24,909989623,'2000-06-05 04:07:41','1HE7AFW1VJL1C8EW4G313H'),(1668891634,1228889551,1828036708,516536794,585682461,73,643815673,'1982-02-07 07:29:23','54Y2'),(1668891635,731982473,994193108,1410276227,436,-48,1354919945,'1970-01-01 00:00:09','RZC93X6F73953FQN'),(1668891636,2045130311,994193110,1410276230,237691740,-105,605452414,'2015-02-07 19:22:02','UCIFP6YY8VEA19469470380OJPP36V'),(1746439700,378265030,59379382,256760505,552747278,82,697,NULL,''),(1746439701,731982472,1208941475,1126279178,2055906906,26,873,'2017-01-10 21:50:41','X0544NF0796IK0JIR18X6Q0ZI36S4H2WM41B7WT68NA33734L'),(1746439702,163516667,1828036712,731285160,1062198358,-65,4445,NULL,''),(1746439703,731982474,820206900,911530814,1314086623,-102,1085311994,NULL,''),(1746439704,2045130310,59379383,1126279180,362590140,-50,106266355,'1984-10-29 23:53:53','7I7Z2Y4FOT1WF82M30M0X9XGE7KWKYSUW6D3BNFSQS08TF83E3'),(1961188062,1830381944,1208941476,1818357691,6825,43,1618102434,'1970-01-01 01:58:07','M1'),(1961188063,517234107,1208941472,911530813,394761720,18,1069082691,'1971-06-04 22:09:27','2ZRIDDM2MVBVPB'),(1961188064,1830381946,274127749,1818357693,533171381,14,1098833224,'2006-01-12 13:14:19','SCNS345E18HO37BG3102IHOR3I08NG19OTQ1UP2XZ92II0A3A0'),(1961188065,1014141187,1208941474,1818357694,589641235,48,5818,'1987-07-10 03:27:25','82H'),(2147483647,163516666,59379381,1126279177,1380122372,-65,678743797,'1970-01-01 00:00:43','951Z470L8PHG1');
/*!40000 ALTER TABLE `cb_blame` ENABLE KEYS */;
UNLOCK TABLES;

--
-- Dumping data for table `cb_board`
--

LOCK TABLES `cb_board` WRITE;
/*!40000 ALTER TABLE `cb_board` DISABLE KEYS */;
INSERT INTO `cb_board` VALUES (59379381,1242179668,-95,'OC6KGJJ3JV2C679UKT1DKDSIB122THAWS192AS1MEMT04','T915D2QA5ZT3XWY9C8MHL4TTV273J4927F4D10OR1S15VMP73P7D2CR4KT6PX9AR1MLB35M38PF1S92I651650I2','2C419PFHNQBSR18UZ4H980668I',-1368876062,93),(59379382,1512046274,-205594822,'AT0PFE6MJ','Z42HSGDPHLM6N553N0D','7MT5AJ8TFD41QA0DQ1197',-1461066040,-10),(59379383,2072244547,-803137924,'9288E1045V095HN4CY6P2P0YZ37Z4U6KOOS1151','EAT7R50G47N','J',-1430712123,-1),(59379384,326231139,-907719185,'O451WMD2HZ87KA9','A324465H6012Q3IM8JV8D','B86J0JD2OAZ3NA77277C414XWKSEJVTQG801N6GPBXG0B98',7,32),(59379385,1512046277,-681628409,'LGZS1F9MBS8J47FQ4C042059YOZ92760Q80B8P2E9W6D2985','O4ZXFVB4299676GB0U989366J67Q6QEP0NWI7','',-720743110,84),(59379386,1857496187,-588301272,'RZ7AMPKPW29T892B47ZPSB','8QCO9561QSTN04BC7U','9XEO0337756P02V865',-1800878734,-40),(59379387,1297297913,-1471976677,'','7L','2P2ED2143KZ950M',-1040399935,62),(274127747,1242179669,-991,'333A77SP8K8601523O0K','BPL7JM3U0I1HL04MN85FBUL332845D0077990F8O8MR3Z544430SO50334WK7GXN3BCHJ','V21V035594QMXG6QWO4AEI80M745E6231XL7WTMB65NSDD9G4Q965E01A1L3I1I1T8KDZ77LDSO30871PHM',-485759279,101),(274127748,1297297909,82,'09XDVE73W18299AA9ZEQQ1K121O91GB2S654K3JD86K35N5355LYCK4YC1X6AL2HWC01370XX8UA8YRXHHU20J3WYTS4PK4Y5MHE','7YQU0311RKTYX6X','X2NR8O2T2D6374790FJBC8X3',-795658600,45),(274127749,326231138,-1927679065,'0PR28Y4T0Y565BM6V7095EPBDLS27','L2K0WJA2YB24BO','7SP80QOEA5X66OZ6N3060JQ78BY1R5O1VO5SBC4L0ORQ70X4J70BY9IF9H5OO57Z5C0I204KIWDJ9I10B5CWFO7967SCX1WVSE32CN56594QFY98230456G808',5,6),(274127750,2072244548,-763426162,'3221GV38CVU','','9D237IG410FZT2H1GLQEZ96MH5G7F94P5RVNBZ63848CLM',-1281492966,36),(274127751,1297297912,-1415248145,'9J6P8RW9Y9HP1Z5EWT5BG2Z6610C9ZA6R6326EV5K3K6TOE1K45','QEV1D32','',-2048768005,105),(274127752,111482774,-960136923,'7DP4J93SE3756SL6P','25X','259W332I1P8AQ4V1J',-868974766,-29),(605458532,657475616,-526839002,'5L760MUZUEP','H4JKA29J9IVQ90VO6SWEYX','WU2K193148228A80W33DTCS74ERTT8N02L3EQB5',-1236687919,69),(605458533,442727251,5238,'X5','','2CTEO0',-1907779379,125),(605458534,442727252,-1150840048,'44AGF225CZM0V1QVSK1GDTL9EU074Y6044RZ93Y3PRZ7N7P5TA484O7IQM46395O3320ZEG','IU','',-380,88),(605458535,1297297911,3,'79WX4L99316FF5','ZE545LYE8JKFWK447AEWOXPZ0H6AI4YZOQL2TSH4KZH014H0WDKYYW6COG008YK2769DPH1G515OI74AXWG67U','DE88TQ6',-1644987063,48),(605458536,326231141,4063,'9YF09PP1HRHYJGY7','Z87TV5','3ER74M1CAK768273359G56637HL3H8X',-118836618,48),(820206898,1297297907,-2102357300,'595GS24TA6W','G3A33T24L5O1U6G76P8286F26ZB1MM3Y551BCN5A8WD','X',-1563813169,51),(820206899,1512046275,-163441128,'793FUL30763TWPBI5JJ3TY1UTCT90Y17834641ZA6IQMOL2S9UIY37NR0UPS41PPT660G6L908I565NBTREWBZ6361W74QL9SP48','T8I88S80M287231O1B094JZ8','86R0P1WOQ2OND8LZW9C858G5N6IGG13760Z210W41CEX5PL084HP7Z4WK1REL9K5QLP2A484TF3',86,-1),(820206900,111482772,-356136577,'QLD4BJA0FJ5Y0JUOPIVCEN4SJE9ZPUKO90D9VJOD95D6167N2CNRR6X1P88','8C','I24UWW6DVK53D7LIU56S9255881ZX8BP9HZ44EI7L745G56UL6VG3G5TAU543DYH43K8466H6KTIIM924P20216XPAND6U07440M9X2F14L36A9SEQQWUJEPIMQHT6H20OP1911U601EGPR22L68940X',-147041447,51),(820206901,1242179672,-7,'7UL9NDHL4','7D4NH5R1OY3KXI0V9PIUY5R298UY35HWXN6UG2ILGW6FOT67AR2N0FNV3CX2SY5238EF97B504F87VU4218J47PCKYK24D0TWYA9MX295D7FJ27ZX81SV1J5RV231M955C3X621F5C1DK71','VM7YW60OZTG5EI7H2ID',-144609774,73),(994193107,111482770,-321917036,'','8Z1LE00XE2PGV9PZ5W8550Y07TSW66W2E80504Q','63',-219614712,-70),(994193108,111482771,-1010856246,'9R','79J36','2X03FDFLW250L74L8B47MP12G3DF5AHAA',-83,-113),(994193109,1242179671,-1484605653,'6HGY2T','OT09RG','4HU7697JBGRWRDD9WK364M17T2BJFILBL3I62RL868GZA0CBI22B6A',-1337806866,-43),(994193110,326231140,-1694998795,'09S5D5QS888G354DAY451ZNR2HMBX4Z4WUKCZD8Y2ZA2MTU736PD2TBPJ4AXY994DC0U43GH9G7LBZQY7ETA2UK9HMO9GT44434I','OAK04R4VX25','23RS33O3',-68,-52),(1208941472,1027431304,-78,'75EVR47372W7ASIBG4RUCAKV7D8P9P7915OZ6CTB9PY14PWF80','RNGKS1LU5961904Y13139M3A772A37OE434F559F7PSU665HJ7O6L514SPBW9FV8B10CQHPVD80T3W8P5UL968K53MBH340Q14N4J4HYGF77NK4M6L9T022UVCXV3E7IUV8AQ40','FA062O0O7QI6735I527XJ1J',-33,-41),(1208941473,1297297910,-1083770020,'4','56YP4NK2P98I580SB391D4PVCH7FUW7V32L4KP838JPLWM39339B946Q3EQY56D05VO0J2X2OFX2Q55MM151609Z566J5NXZ0759L299','2N722G1IW4S31',-1329268339,28),(1208941474,1857496186,-1252910433,'21100B95PLX37M426169QPV','62645FQ019E844C70782MQ8J0676F77710BYI77A29112EP0ENYO1N57Z0XN','',-531727704,-14),(1208941475,111482773,-291836577,'59GJRQ5Z1K2M1450KQ5L69537958952NXT4CD6SV4CBJ4IPALHYS671671L924TWIYBVBXWO5G9N0I5X','78II','0X109',-1255656416,-14),(1208941476,1027431307,6244,'','O3R8XM5HF71798074F4VQXXGS2QA0YD8552C026LT9','I264V17NLLN510G2JN46GF',-46,103),(1328345733,1027431303,60,'W593K9DVS3SWWB1ZH25OP640','H2K3SI2X01LM4H0','S',-1612669135,-5),(1328345734,1512046278,-663352860,'U5GR8K221221T','','4N29RV6V5SGUB7D07',1590,-9),(1543094099,326231136,-1901648455,'8I43IWOBXZ08UZ1ZKC40DD213GONOX7QYFB40S6D9VZ313141L0RY6JJ2YMB5BTD111RNO1A3U','5R75KH14HK857YIMF84','38K56P3L4H5PZ3X1F92C6628W7FATQ2',-952008283,86),(1543094100,1512046279,-3,'BOA6BZ18ZC2WL512Q4U8TK8T263DPA5DAWH2469YF9C9A1','KF209LE63P63A3AJZ9V3566723H0394OT6KU1N54W48O3','B3WF7BM1GMT01F2B400X02UOL38HWMW81UN3QWQ',-311707162,47),(1828036706,2072244546,-772795233,'491WHIR8G06A126W820A95792R75RVGJVJ80VK313Y7916LQ6838U0B65J240A04OVN','97KH5N1XO11W00QJTJLGUPUIS2AU37TWV714C743F96','6886ZEQICU5B55W9RXY0OL18N',-1431222487,125),(1828036707,1857496185,-622406296,'WG8GPMTE6DEMJ2W122VU','','WHMW61BO689633N6A7YSU09O',-502746807,13),(1828036708,326231135,-191876293,'35AM6737NQV520DJ57VLPU86E91S180H4PT3O36016S87G0W0F7KZ73ON3G09OD4HUE2J61UHWD6KY812KJV7LC','215CS8','78X08BX9Y568533',-1932581729,45),(1828036709,1027431305,65,'9D78BEU03C7U5BD21BOS1438Y1','6CF668F45435O6O4AVXNC5XYG97P84UQ966UG2UQ4B3HIN94ZS5AB2095991','M',-1045042092,43),(1828036710,657475617,-1937310348,'L02OALJ00YV4CZ14121OD73417GV15Z7','0I02F24U4C510H2I','A0TX01K4F7I6C8B8V0CK62A38P0S49444T968RAI628UC65073V570',-539044830,113),(1828036711,2072244549,-1018691345,'PP9','C17360J4U3W333YH7CKA9A6XHJ1UEFV449H37K6U6N7VD89P2I2B11BC03HC8S0D70ZJWLJ86J72D317X382XOSS','766F5M33R6WFH8S46Q6H6ME3NHD53C1',-1099458202,76),(1828036712,1857496188,-1927255975,'M8PD1YCG','4W3ZV7P7T67L117BKM7I78O0698N5','',-662705001,113),(2042785068,1512046273,-4,'N6KL7','27Y3P5W570RIY33J','6BF55R2Z5384',-1591916137,13),(2042785069,1297297908,-934714528,'9SB3UN1K2A1X2TLP','4GF40SWU6T13Z49LB','J8S32V8L02',-1230318235,-58),(2042785070,1242179670,-929307123,'','HBTC755ND93YXBOKJ3DO','LN855343WGAMW6',-691685898,71),(2042785071,326231137,-310595831,'KI1DDC6QJM3P27P62MOSZO38M2Y968','Y6B5199C4QMUD90T3TSZ50F0EA1F7ITU6105178TF050DH','WX2H8Q2J6',-1836108288,2),(2042785072,1512046276,-751414284,'G35M','VF1IA9G6R7M','86WH4X5I9S8',-2146422228,73),(2042785073,1027431306,-4303,'5T','ULNWCXPGG9228VJ75M88W2H6Z3TO','3',-458748608,20),(2042785074,111482775,7441,'7Q991TOGBIUU3H52F','6T07M325NGIV2PB58P2ZB17EJ21Y1H','8N3VK44',-99,-118),(2147483647,442727250,-819,'EHS87D4','TXA93G01','',-1783257347,-59);
/*!40000 ALTER TABLE `cb_board` ENABLE KEYS */;
UNLOCK TABLES;

--
-- Dumping data for table `cb_board_admin`
--

LOCK TABLES `cb_board_admin` WRITE;
/*!40000 ALTER TABLE `cb_board_admin` DISABLE KEYS */;
INSERT INTO `cb_board_admin` VALUES (76748184,1328345733,163516665),(2052605590,1828036712,163516665),(1461162033,59379383,163516666),(479632028,2042785071,163516668),(862106934,820206898,163516668),(1461162035,1828036709,163516669),(1675910401,994193110,163516669),(76748185,994193109,378265030),(1076855299,820206899,378265031),(76748183,274127750,378265032),(479632026,994193108,378265032),(479632027,1208941475,378265034),(1675910398,1208941474,378265034),(76748186,59379382,517234106),(291496548,2147483647,517234106),(291496552,1208941476,517234107),(694380394,274127749,517234107),(291496550,2042785068,517234108),(291496553,1543094099,517234108),(694380396,274127751,517234108),(1461162032,1828036711,517234109),(1837857228,1828036710,517234109),(479632029,1543094100,517234110),(1076855300,1828036706,517234110),(694380395,605458533,517234111),(1837857226,605458534,517234111),(862106935,994193107,731982471),(1076855301,59379384,731982471),(694380393,2042785074,731982475),(862106936,605458532,731982476),(2052605589,820206900,1014141185),(694380391,820206901,1014141187),(2052605587,605458535,1014141187),(694380392,1208941473,1417490392),(1675910399,274127748,1417490392),(291496551,59379385,1417490394),(1837857227,2042785070,1417490394),(1461162034,59379386,1632238758),(2147483647,1828036708,1632238760),(2052605591,2042785072,1830381944),(1675910400,2042785073,1830381948),(76748187,605458536,2045130305),(291496554,274127747,2045130305),(479632030,1328345734,2045130305),(1837857230,274127752,2045130309),(76748188,59379387,2045130310),(1837857229,1828036707,2045130311),(2052605592,2042785069,2045130311),(291496549,1208941472,2147483647),(2052605588,59379381,2147483647);
/*!40000 ALTER TABLE `cb_board_admin` ENABLE KEYS */;
UNLOCK TABLES;

--
-- Dumping data for table `cb_board_category`
--

LOCK TABLES `cb_board_category` WRITE;
/*!40000 ALTER TABLE `cb_board_category` DISABLE KEYS */;
INSERT INTO `cb_board_category` VALUES ('03YN9Z89VDYW039V81IDU204',1828036709,'04LE8DI12PL7MWR6XY','X0027G3B4SBI4','71OJV353XPSMM073VH998RW0B69VBLG7ZBM',-1693717356),('0GX0L12LS3O03OMQN57E73Z4O93AQJ57273Y2MC1741J4WCV',59379384,'JD35E8757UMRS63FTBU07YV1CA9RNJ5I8U74S52A2Q856192FO6FNF4H62Y6PW9PW','4JP5RKONN9N0','Y37PHC8P81E7G6I4VWNIJ2300U86J6WU5S13ZRSCO15BW',-1519236189),('11UZPP84RA146RN74CG6JR9H6PZ088N1DH7BLP76CHE82QE48JOV69YF2R9UG0RK165HLV68XE6Q64N6SVL63287357CN6',1208941473,'KJBH35GNE49XB30JIRMX28OUWI31','486UBH4V44W119KEO28U5','SCTRC88619470WY1A0ZO04Y78MW',-1398863795),('14EC2013I',1543094099,'KJ43FYJZ5V4J24L74805Q','10W97UYADK66365NYOXQ75XAP5406KR6239K9H4W','6386L5F06R1WU7MUR7H6YX',-1609903431),('1A',994193107,'FQ56G2','PX0556IR2M','ZB2KU0P05CJ3T5K5E91I70RL80V2GJX28QQJGM3U14XNP36P5R97VRRA0IZT4C8420ZQ',-2034688848),('1C2N08CTED',2042785074,'KH','4V013V4VHT531X335784EBID60FCRN0V06O1F','SBIL3P9EUD5M41G718Y6',-10),('1HPYZQ039Y290K2C7U69M5ZP1I',1208941474,'A2R500I53170KH4T77S19KUOFTWNQ44X11X73','E3D','S657TQ292JP2074S51Q644E0V78K',-1312056964),('25JU9EQ6D670N3',1328345733,'M5Q4','08DJ7DZH1KIA35YA874RRMG','4Z7VN0L391HNG368ED7IMIE10C88NP',-939055104),('2Z6DIT12U8PEF',274127749,'8U5981U1DH3W6CDDUO0QTP5Z2PI6829ZXR012PJW1RDI4LI19V5Q0','','74F17BAGYL798527PC35R86G0CMU4NUY4KAL3HE889KR6W2QWVB9N513L2QKOW934551PN',-185196050),('309MJO707JNURL5V086I81406DZ0NFIKBL1E33835NCA2325DN5BR2U6Y',605458534,'5X659VV92PF91Y33QS','7KS73BPHR87H','G848T3J',-656284722),('349CHS5J7804QVKIX534I254FZ64UFO9L287FE12NP76X870F73A02BD1K',274127750,'VUS','BEVD43X636SU75VEVRZ','N1931E739TLO2LA55K0DTA9FFE60B2KYY768F46F238K8',5),('4A2O54',605458536,'I7K85X7S062596F83','O84928W6','VQU03',-987901337),('4NKR7QEYBN3979793E3NQ4004B8182269UDULCS7H',59379387,'X63754YL0IL6','','939RW5EL1D59EB0L',-1),('4OSA6LHVU8UJDLHZMF9G0G66',605458535,'2','OPY7SV8NFPB2HU8JVQAQRN6LE4P0PJ10N58K3O5MNK2','HR72PC81K2V9JT30DM5',-1977755755),('4PU56LG51T57G7DKF54RHR33A20F5JO7KN35XKWB6PLSXK080VS07381U',994193110,'MN3K646','','6PSPQ103RD5Q03C9CPDIH6LS299E0R6W68522W38GO99RZDP3',-769575251),('6903679XVBIYQ862C50XQ1',1543094100,'80P84R168Z1CIUZLR5','','2D6E406Q08R02742ZW4Z2N60B4LFXRADK4UR3QJ352',-390091874),('749B1K23Q',1828036707,'7IH4ZOB4FKOB94T937N3VAX3V3OENS2YF5KR24GXMH7XHHK','','S66PHDA385N34POX0IU65S4',13),('79XYC0CJ17SN8DKXQ9O8769J5F19KDTLQ86ISC4X0PLZ66NF967I2JR35VAG01D7628F69AAH919B2Z41J97U30S6Q57063YK8A9D66ES54H643M015ZS7H82BPUKX84',994193109,'N50D9F9088K5104I9B4B4BJ14HWSSJO6H643I','982XONAA69M727GA21BM99050ET0WL0O94618152903N998N','56M5M37E44',-1848704844),('7F5RFAB19U401ZKSR2G4EK57E18294H0958R26VZY5FI70G23',1208941476,'X74WSQ','ZRV92P7C9428W70Y44LVP790F4238I75C8H1UG0T442','22Q0GAPC120Q82T9K99FVB52603IHYH71F77M3UI746VTJXSA1RA1XI83CX649X1BO576ZF9UW196H68CT',-1010615519),('7FK',2042785071,'RVMN2WJ6E0FU6I4N3784N61WR42225B61S771PYJB3','F1V7U6JYYDWJ','H1666DM',-2516),('7S5340C733EI6YX5',59379385,'J71Q868D92644T72RE','D8FL42B3K2R0CS3020285659H142UOILF4PPS4W5G977288UW46A1G2O8ODZHNS6A7X84HL70032H6F1O2753','X5UJHMWL7OA9602GP06OC731HOL933F6D7OP8DQ12A54YUN9B9A8JGNLN97NUO1YL779302W85W706BNM31689',-814268349),('874ZW',2042785072,'O3YFIUFI8H809P65225PK85KP59DL99','4840KK1GY','0351AIH2M0594V34YK4N5SEQA3I96252TU722X7K7HP',-902346304),('9C7BLEAW5CZ461JVU85D4G2IS3KN4157QX69DU46',59379386,'SQP58BOM6','','I1S8855YW50346SM9',-1339427233),('9OH8LRG955KGGN8GJJ5J0M4U75NHK6JV9P1833IPS',2147483647,'EXB8CPVNX52PS','DV9M14M7U5J27XW1IQJTDS7W524DZ16Q9','VP607',-334446663),('9U6K2Y',59379381,'','4Y0IN08003UXP2UH4555OU6EIP8E7065OXH1NOG918S440C18642FL6Q5IV1BZ55E6I6F3IL4XXD45J32683U53258TFCC3RX60R6SMK26GLU3','KF3P712N2MQH3U10FINZE87',-1164026630),('A05Q',994193108,'HAH150P3U03160DMYFTT2280WUDF9HG3RF47UUK7525XU7608L84GO22YOE45LA4E48F4T2U0PC7D2XV679Q0S','00','R5UK158S3289S68V424OZU5JB',7),('B1961Y22S',274127751,'04984H9LN3G9','8518VI6H7QK30','0N',-1210025259),('B87OQQ1Y7P8WD',605458532,'76J663NG5J56P7','6UJ450X42IF5OTXMM1707ZC192H9','714C70B85V60RU88291D57JDIX98O3W9778TM07UGH8MF1W8O5SJC00BSPP1LZU',-2010239163),('BYQEO2KV95MG7M6VSCEBHY323JKP37H7M251',1208941472,'BRW3NBLA','L22','7BI9TIV36',-1481784857),('CI48',820206899,'H58U82TXH920TVHMU24D01XII73HU712L323C25R841QG50ATXF14EF8GJWF31144LKY5JRMN','N84Y','2671PAW5ZLY64FWBJ2R4A22MM9216499X12591X1746AIURW6',-1305456175),('GN4L3XZ0VXO733F881X61',2042785069,'M9GW11SC','883EV962Y5DY4S0TGRPD','GZ7LMCQJ444515JAY49S8W0HCGQI420MH5ZB878O7027047R795U1I7JD708RS3PDY627',-1299380505),('H7898FUC0B5T8SNFYVP0MV3LPCEOU',820206898,'KQ899A6BO12QL6Y13KYT','','1BB',-1617408563),('I88BY44CW9M18PV21K46W0L4FMUVJ936U5YZ',1828036710,'QF98','W516BPPSDGZHVCKJN23JN9O6T37I3221IO525K4P','B8H893L0E8I6963080742E33ORF6BD',-6763),('J84P',274127752,'L7PA4WFR','4W86PA63TUX10G51U6W37I7AYZ8','47D3YK9',91),('K867SM3H32644XX32O4K851W150B3JWVM235P7',2042785073,'6WW77C2N5R6CRE89N82506TW9','','HS6588AX037T83293GA0332J3KR6PH69PMIQP0L7L2PR9E73915',-1041628161),('LIH6RW68KNLKXKWKXB4I56NE2W38XG36JC252G',59379383,'','G2N6T77HA3N25C41OSQTSLUI','O5I0ZPOP2PJ4YV04W58876P0SDVLRVZ4PDUEI',-1394938552),('M',820206901,'','TPA8W6FL2PXDFARPFS10X9K1BG3123WU923UH1P2E4YX2I40JW10','314ICT0172O8',-2053423757),('O1022KY2P4X4Z67U0TDS8ULZD578726Z301',1828036708,'AP843SX85CUFW','01FQBSR833R4URR3I2898S0IYJAOQ','R25FK17RPYHHCQYH',-1),('O789V4C908687Q68S5ME50M32NG715Z653FVDZOOG592257823M5K1CAX41Q50BX2Y',1208941475,'FX8796','46JNPH4T6CU6491OUX3MQV753PO8407F1632U6189FQ4GY99S9Y901','85J0',54),('P613T6MA09173Y7D46EX3BYE75U0U3X42IJCY3J7J3C',1828036706,'78B7YV3','','7751097',-1087809461),('Q0123',2042785068,'','IXA8S4975ILZW7AU9OY27128A80VI7NTX6AFU97KTTAZB5U4ERQ84KT9YSHS59675IC812871W89M7BGK457L61MUC8XA0C5X7Y0EC7FTRWUO8C34XI4F402PRJ0QRL','S',50),('Q1OY8WP5K0',605458533,'7P179H023A8','33AJ811JSENBI731JS9K1I3IP55PL0656W2T750JN22UPF56M3Z9OV7R2KAJ9O55U2K527VEXA1O04Q8X8WL08C8W','O9K4M1R1YK986',901),('U4OY8O040NTOPEK7M80D5Q57J3Z9B35WE1I4Z74I5EQPQ981D5J219P87XNG3D0J320',820206900,'NPU784962BUTI29OF4WFAOV9B2','A4QZE5IC7TVZ3E8V522CPV1B7T442VIWE9949477K324L11B8IT3EN69X00','QZE2V4C68C6YIL3FEDORBB1S1',-1179828459),('U9',1328345734,'PSI4J56924','RX8X44U35I','I0D0OT5Y2317M1J6PJZ7G7',88),('UY73X6XS387WU0308H16MXKEJK0888EE64PNCTH0PG5RA61XZ9COOI607OZN973I888U91GAN82V3741ST6MV15YM',1828036712,'J50J77355','R5Y3P43A26D7PGOSRM3TT9N9Z0ERQKFX13O8K5XJ61I5G34','',-360347193),('V7E1IZ8Y68V4B223L313991357ONZD9VM8203114',59379382,'0H9PIHN9X3U96A3F5N9T0W96N7UHC8R89V2328R0','MS57Q02C5W5YSE9N','D579FDZ6X5CVLCLPELR58D63G9G14L',-1215404370),('X72LA3J4EM4M3J2P0M7',1828036711,'944D4R3CL57Y53U10TQ3155TZA8F34V2URVP21DVNIT0X33T4L10EX','1','20R9X',-1245724137),('XX9L77HGR011VD513A1NLV5WWVED23S99Z4CE9L8X',274127748,'9JK498Q96X1736416RKB5MY35LN9','C65UV69W2E2D2H63R6X2W509ISG6MUB3J36B38','421X65YW4907E46I65Q74812',-2034132615),('YWU7G1SUJ53KRZC8FTFN',274127747,'Z65881E74898483LE8EW8430XS7CT3V87E7338JEA53','J30AET040G','67N1Z7T16230B81X6V3W9CAPW84353K4H19147WF4MP0OPE8L483P9A7733R9Q74L399G59O8Q20BKR99VHMR60C2372K0R4M',-1375569478),('Z02Y3F0053O3Q0',2042785070,'6MQU1B980WOK','B319XB169QLI0G90BR5V272198Y796U','G1WSECL15345O8KTISUA2SJ137FC1IP4C846C6BLA7HAH7YOC0A3H6S6239286',-1351848566);
/*!40000 ALTER TABLE `cb_board_category` ENABLE KEYS */;
UNLOCK TABLES;

--
-- Dumping data for table `cb_board_group`
--

LOCK TABLES `cb_board_group` WRITE;
/*!40000 ALTER TABLE `cb_board_group` DISABLE KEYS */;
INSERT INTO `cb_board_group` VALUES (111482770,'','',-75),(111482771,'4Q54618AMFH5GD3J31D72109D473X29AC34701TK1V58EEVT60U5T2H736KTT7TP50G5XCO82N2435PVQ52X4CAT1I1WR83O57LV','F4XFE588391454',-362),(111482772,'21Z92AN3V05VT158Z7B0T5UHWZMJQG6RLLOK7107KS33AU','1DO43X8BB',39),(111482773,'A3B92020','7VFCU2',-37),(111482774,'O5S4S0H1XL2KIIP6KUR3H19S9TI8VV8444EN7O5J7WG1B','6CQH2284LI4D5OCY',-4484),(111482775,'R5OMV9CC2L6O','527YE9AUJ9Z3SO16146B68I2OYQ68T1SOGG121J40689KB691CZ22KOO0X0Z4I8O',-2015793595),(326231135,'','T046T3N2VU8D8V5BDIK5870RK979F8KL2S5864P0B279G942284C37A',-921181510),(326231136,'8941UME09P629','KS0SI82L9TQ12BF077NXT449AHN2C4I92077I0HW11YA36PF35ISS8A9DI8RLN',-1445627802),(326231137,'O6A38C2J598','U949JK7HCWVGN2I8LCJ72IF270B980FVK9Q7VB3E64YX17W37MR6XII15G8NU',-1657487011),(326231138,'06655NP1JYN90E7D46IBK13ZO173H0I16T25UB54TKHC9TLALT9PX6FLJQ6TROSR','N4',-1241709978),(326231139,'MF1','86Z7XUG32R1963RCTO8AQ6E8067',9757),(326231140,'9EF22287A6M9PI3HUM8DX84XS91ZDZ3OEB5V43JV246WE','5CO85EEX1',5),(326231141,'X5D45880KJ08V33W38P025UNK6IOKD','7OF80TD0M',35),(442727250,'DVMOB','L14P7NXM5L9C0T5IXYA2373',-1815528764),(442727251,'638','86B9KR45P4T24WE57NZ3R2',-600046589),(442727252,'3595245ZMR6LU363965VF','00HXP176',-474),(657475616,'ZC','5HJ32BK7619AFOV026P8VL1N0NJ1V0KE3NV37C390Z2Q7Z1X20040FBB3KK0XEQ30',7391),(657475617,'323HJ7W25Q0111RP858D20E1XU7RPZ8EA6K76W84TOL8I4DDW8UCGY54102N9NR75CQHHMJHC1','64G9E5K557ZB7Q',-1260984109),(1027431303,'BUT','0JHR1P16Q42RHD5',-321),(1027431304,'ZWW4O5230Z8JC7O3A60W3C12XD2F834','I1V136LN7',-822389560),(1027431305,'MS4739CD66XQ0968ZO1ZNL2','YDW7ETYV4H',-2120023699),(1027431306,'1V3D3LZP4MJ6TO','65TE19VVQ761RR80EA77Y6E',-1100879107),(1027431307,'WZPJ394B032E1U404','0VUG0Y743G497G7BZ662837W6T6R8WOL',-1189887517),(1242179668,'N7LF2HW85TM5J4G3W387FLO9RX0K','55S3X9K3JC40V34L40690Q272',11),(1242179669,'','5Q5L9JR576J5RO',-1639697925),(1242179670,'WO5C8G1S3OMZZJ2A64C5789','A2',-748099677),(1242179671,'7MU6','PG',-39),(1242179672,'5Z3A0F08UHUFHKL0U961SA270F26F737R97GW49188VCA06877RUYY0PZ9K3RWSI520K3D19407UW15TBSXX','',-366823580),(1297297907,'M98','6DJWENIV26Q7Z',-919240077),(1297297908,'98W28LI079507958GQ61DT013ILI0P82C4XYM481VYU69LZZ81A5THPKLPH02O','78X9VCS64X0NEU3V5O2BS585669QEON368K785RS5PDLP78716560GJZA1CXQZGLB0U9Q6HJB7666LCS0O34BLX323',-1997574768),(1297297909,'E5HIN069P0P9X239TH0','2IWJ9083IBU5KGMUY26153125TY8I21MT874',9),(1297297910,'3396NC3O8P401G0371356CGSKJU4P652ZVLVCD9EI1B2154C1X6XRS0695','K951FJR4UI9OED',3),(1297297911,'421D3WE97J8FN9OQ','56D8EFVWGD0OJ140CT98K583D7P3',-81311842),(1297297912,'57QPNYQT5ZE','836V1615L',-411787092),(1297297913,'1D45TY85C8150C3H4NOD6FJM4S03','',0),(1512046273,'D37DKFQM2M3RZX32768PQ89WF0','',-611875310),(1512046274,'F2IXRU4HBC','9HY6G',-1925940026),(1512046275,'3050K2FM004755YK2JOPBW7TDM9QUVJHO57362FMH5D','2B676P',-43),(1512046276,'V4266GSXR9W22U025TAH2Q','9U7KQIW88EM061W6T947DS2PTKZ90ZX2DNE3PXX81C04598EV4F3G85VBM947GYL27FS832R95',-994),(1512046277,'B0KJ186VPN838OK9O89TJJ0E40','35K8MH2R5T00V7E0H88G68U4J600QWQR83RE430O56D3K16N0PF47V76UK98SWP9720',-1555888556),(1512046278,'T2LRTO','72X44P8W4Q8M7RSX007396',-758),(1512046279,'7FW1493W9NE1P6W910I3PS8YAJI433JI94M0IES2R79HG66A9C','Q',-1476674244),(1857496185,'GI4536WMZG73O3C5H7C48YHF5AO630318X6694','1RJW01D42Q34C6HKZO3NR491TMH021H5PNZ9',-2028328735),(1857496186,'BO0HA28INIB1XH3J947J7T2K134479T7719MU8R5','3E32YLVKL651UBTS6MV75P260DY53S1VE6FOY8GT7N62WAPD575U748B2Z9G5D53WN2H50GUV47K06LF37FZQ0K9796L0J25UEP5',-961371436),(1857496187,'0E2TQBFXUIUY70Q80QQ045R40635K4E7V52S9C328N6074L547833TFD5F2W812UBK66X76ITKZ2','',-235),(1857496188,'CJ39N3249','6D0TJG3Z7S9JZBUGYZU92N52SL',-1603137736),(2072244546,'','1LA66K3477SE511N',-2),(2072244547,'','84MMNO2X29L4UI3573L8HK2L2BGXH5',-2582),(2072244548,'8W90220U3RUHMO21051IB6EINQ0I2625W48CX6138O','XO04JI38I00D',-138997495),(2072244549,'9IXB11C7M5011JG','9G4O88LF3C8P144C79UOC4S1VA49SAE78W2',5249);
/*!40000 ALTER TABLE `cb_board_group` ENABLE KEYS */;
UNLOCK TABLES;

--
-- Dumping data for table `cb_board_group_admin`
--

LOCK TABLES `cb_board_group_admin` WRITE;
/*!40000 ALTER TABLE `cb_board_group_admin` DISABLE KEYS */;
INSERT INTO `cb_board_group_admin` VALUES (1457426429,1027431306,163516665),(266227030,326231135,163516666),(266227028,1027431303,163516668),(1720829741,1857496185,163516668),(1010956679,1297297911,163516669),(1935578105,111482772,378265030),(645173583,1857496186,378265031),(51478663,1297297907,378265032),(1672174791,442727250,378265032),(266227031,657475617,378265033),(1010956682,326231140,378265033),(645173581,657475616,517234106),(1010956683,1027431307,517234106),(1457426427,1027431305,517234109),(1935578103,1297297909,517234110),(2147483647,1242179668,517234111),(645173585,326231141,731982471),(430425217,1512046275,731982472),(1457426426,1512046274,731982473),(1672174794,111482773,731982473),(1720829742,1242179670,731982473),(1720829744,1857496188,731982473),(1225705044,1242179671,731982474),(430425216,442727251,731982475),(1672174793,1512046276,731982475),(1225705047,1242179672,731982476),(1935578102,1242179669,1014141185),(1010956677,1297297908,1014141186),(1672174792,326231136,1014141186),(51478665,1297297910,1228889550),(1010956681,2072244549,1228889550),(51478662,2072244546,1228889551),(430425219,111482774,1228889551),(645173584,1512046277,1417490394),(1935578106,111482775,1417490394),(1010956678,2072244547,1830381944),(1935578104,326231137,1830381944),(645173582,111482770,1830381945),(1225705046,1857496187,1830381946),(1672174795,1297297913,1830381946),(1720829743,442727252,1830381946),(51478664,1027431304,1830381949),(1225705043,111482771,1830381949),(1225705048,1512046279,2045130306),(1225705045,1297297912,2045130308),(266227029,1512046273,2045130309),(1457426428,326231138,2045130309),(430425218,2072244548,2045130311),(1010956680,1512046278,2045130311),(51478666,326231139,2147483647);
/*!40000 ALTER TABLE `cb_board_group_admin` ENABLE KEYS */;
UNLOCK TABLES;

--
-- Dumping data for table `cb_board_group_meta`
--

LOCK TABLES `cb_board_group_meta` WRITE;
/*!40000 ALTER TABLE `cb_board_group_meta` DISABLE KEYS */;
INSERT INTO `cb_board_group_meta` VALUES (111482770,'C31K5A2BRC4F3ITJHLGZR885Q78Y6L4L32HU5AT725OJLDA61FQ23914TN307FK','49H745E1K4B36LYV7LOE5L197S1X2M444P3'),(111482771,'P59ROLSGPEV434589L6A186D2WBT9TX0J7574E00X09YHY826MEI41AXK72Q9OXW8LF44G0J236N0Y1GB0W','UHZ45WY7300VLEJA673Y37SEWVIQKDWXYJ0UB4771YUY95P4PG0821MW9H389'),(111482772,'Y5WBF81CAR10G7565UTZ6254O54EQ63RZ0BD06OG022OC22784F406V0Q4RXX4','350C3S9WXSWDDO4Z'),(111482773,'1E4Q3X96X52HIO','758Y07B'),(111482774,'',''),(111482775,'P9ZPH2F7B87IS1',NULL),(326231135,'529','P08M74UO2D4H'),(326231136,'5QU69328X','DK'),(326231137,'293P5L7X702IIO02H9V83C8SQLJ37Y525739L17CY',''),(326231138,'6WRCY631W58UU8G24Y','OCJ186468MFR'),(326231139,'W129THC071KOI','L188'),(326231140,'3E91PV2LU0U780QV12P0E37593LL4I9T452FO16X4FRLJX3V9886C371SVSD66F3V7UA46391M65HSBZG3CF7BB6M590E','H87ZOQN47AD3M5H677319MG1'),(326231141,'',''),(442727250,'Z34R5UJHFQ6J96','E'),(442727251,'67I0YH9U13UB4R87REZG5KTV954C35ZGS8',NULL),(442727252,'53DLS67I910812WAN0DA19567RCPMV',NULL),(657475616,'','OD6T7A838Z9X77IE2'),(657475617,'4143','18QT35A543PLYZB5KF5'),(1027431303,'SWRIPGR110MIYP0532A9S3NGRZVTQNH6SP0875EQ18NLFBHD6KKX86AFC2GER7KJD334Y','32FX8P5JVG8G68899Q4NUJLW9LXXUFX3048PF12331QSU0E1JV33B9R2Z91894Q1D7OFIVAYIA6J9H'),(1027431304,'T24XF5OUQA2340Q23W5625U9LH9G749DVO10P1QM408Y1704516IB61GZ98AZ745JANO0U48PMRII61HI1593W3617T49OBD65O5','3P37'),(1027431305,'1A5210L7O401GA4YT25B2C322OKZ55HD1GY9WY5V0646CJNXY7H1E8PC3H5H37AP2JFC58285BI',''),(1027431306,'V7QR6VP2C51R8F0U39HTL3P78AIX3KTD19T4RMLMFPET6275YOYC24F6XSV8VVE2LB5XDP0K3JBV8407M7I00529','9O6E411WDX3'),(1027431307,'6U5J539V4P908X482O09NN42940YLRW8Q44729T9UUUT4VKJ958DV6Q23BCFM6IB5KCH088',NULL),(1242179668,'85IZ40F87HANF0SJO1TFYZUFO04FV525S38J2FH18NRF3J','GZ3LLAI8Y33AG826T67C'),(1242179669,'4TFM6XGL87EY1',NULL),(1242179670,'7D26CSJ30Q14215OIN1LT7NE074620K1701L91184T6932TW9','N'),(1242179671,'WI47','177IG770LI09T9AY3569PYH00'),(1242179672,'2S9B33JHALD5245','K6398IIIFZK14L355V6CIYHD5Q1A524X'),(1297297907,'0K6WM9BN22343I4T815A3','G57225A'),(1297297908,'4B1MS84GVE2S4NGG0C29E407AOKHJYQ2713FVNW5457CM1YVFTA0FR97KLUV276CQ96CEU76N4211R1D61D7UEY001420AU5ROSV',''),(1297297909,'',''),(1297297910,'PK','8XAE73I50D2D5YN229H397729M'),(1297297911,'PVYB6AEQP',''),(1297297912,'','9'),(1297297913,'MOYX4D0HWEQX119ZK2I326YVEO0RN1',''),(1512046273,'','QK6YOLZ02N'),(1512046274,'073P831K3B58P27RZV0AW383JWU23R622TA4IF3Q',''),(1512046275,'V39D696','43OI7ZAJBFBXMT32L4X6QKOGO58726360J4R5N5WY22241'),(1512046276,'987EPPM0ZYYR0E183741LXMIK53F3V8C',NULL),(1512046277,'O9W3D8NGFAZ807J0QBQ6M8Z6BB','9Y3'),(1512046278,'HJ8A1W9N03Q7O4Y4D13G1P95E7XQ44HQUS110W5XA94D2X6M39BCT53BT360A33FJ94HV1L0CL8B309P6XWE5002SPC','7V5FD1HPHTP95KJW1OX9IS132A83Z7FAAV5YG43LQGQP34V5A53D5Q2069LE9NS8V369S634QT55A9T126VV2XXU61C7MRQ'),(1512046279,'','VE6R909'),(1857496185,'P21Y2B7M527Q9J',NULL),(1857496186,'EG53OEU',NULL),(1857496187,'67725XX',NULL),(1857496188,'4YZ68','LAEJSSE6G93V1AQ'),(2072244546,'OVN866EU5X1KLWY09428OV806GYU','X'),(2072244547,'H','791N7J7P7L7K2F80058UPKTH2JM804JFM0SG6D6926C25NXDX67US7X32EKJL29M8S5VVD3D'),(2072244548,'FII4R944WLX87549JAA958519',''),(2072244549,'A0P5SUS460FY19OZ604M2UJP4G5J60F79Q3S2431JNW8MFN4ZAYW8B177I8M8D10QFP0',NULL);
/*!40000 ALTER TABLE `cb_board_group_meta` ENABLE KEYS */;
UNLOCK TABLES;

--
-- Dumping data for table `cb_board_meta`
--

LOCK TABLES `cb_board_meta` WRITE;
/*!40000 ALTER TABLE `cb_board_meta` DISABLE KEYS */;
INSERT INTO `cb_board_meta` VALUES (59379381,'','3744I4F4U8D8M596WBF8G19LY503223H52'),(59379382,'F4',''),(59379383,'Q56430Q66D0ZL0288W40G42391BE707ML99KDMA3643X9JDY68','758Y0C1IG'),(59379384,'3M156065C','0205966F2D76V13460092VQD766'),(59379385,'1XY6CW','5749VUN720775J6F8AZJ10Y89NHK41C64'),(59379386,'5G3EB4560928951P18PHTQUEGKUD1478080475PP9O24NG28DMPDD74338552G060PM0V2537TQ30614B0V8','466MCX3U48Z2YU575R55X4E4I845V'),(59379387,'NZPFPMS7M15D24XV6WFVQ70FLR7K69KRP62943A6I20325NIJ9CNC5TKNV0ND341CN0EYATADB4E5T40Y0NLAALNPH32QGV1CO97',NULL),(274127747,'EF7H5TZRT5G1T2BD1Q2Q',''),(274127748,'817J5UH34384PEL554L33DO0N7NJ07KLTGFLW65EE3X','RJHQ'),(274127749,'','6'),(274127750,'1097WG96FKB549R1GT0936SP',''),(274127751,'2U7RQ29E29F7',NULL),(274127752,'RKQ3206W4PGJ3CDL6V05FEAP16UHAU6N07Q00ZD5TD3SR76O1FJ8YHE657N680J334B376157O1K9OLMB83','TG1OL'),(605458532,'4OJYQ82S8VZ2Q576275Y6P9X86515KS0',NULL),(605458533,'UC4GR662312XE4H5MBDU923644WLL3QE563EEQ7QBBT7','WB'),(605458534,'98N013IBW0F8FVTYRP3263ZO2A1AHZTPX874ZIZ6H',''),(605458535,'822V0S0973MY90IH574N',''),(605458536,'T39671Z4B03839K6400O340D7OWG6E8022B','38WM9E7047RMX41B54C8K0QG'),(820206898,'40256E0HG9UXR1V31569V243IS7R1QQ5','QK50223E73Y7Q69FR4U'),(820206899,'1ZHXWZVPVB35418E86126K2GRN1U3MFGUJA356NT2OTL1WC9PY5C7GU445V999',NULL),(820206900,'O9W7H9','425PCHMI4MM5TT2YM82ELELU59SB21'),(820206901,'60XC5T52UZJ0',NULL),(994193107,'Q6B57CS89D7M60NS539W',''),(994193108,'4870242',''),(994193109,'WYTY3AGT34','6U18289K5L48AIIQ62SQ1Z7MS9KV6E28CO42IIWOM4520R63U9'),(994193110,'3','E0C6ZZV114910W56W04956TKL'),(1208941472,'KYK1IBVU99W70R3B0Y751C0JL','SGZZJ4YME9KI1HUS9842T42CXN1UM95SHA4E'),(1208941473,'656YB4PBO0K113701H0Y9K71F06LCJ',NULL),(1208941474,'I30Z4AT4Z4ZV6G','CS8298CN1D316BR436Q91DK1JN25KVMYL3FV23T7G60231F01DR9UVNU31411Y'),(1208941475,'25R7900CD89478MUE21XF1E986D6MRTJ8VTA5MXSE8Q5HB430M8SS76','33I705G0K15HV6W26G2O0BFVJ0C6EK'),(1208941476,'FH8503Z1GM0TDUTVH1ADV607DL9ROO0X2DK','N5I18729Z9I82L0U52W17680A4X'),(1328345733,'L08SDDX71PQEM3XK431K5L',''),(1328345734,'SNM0IQ8','42CBHD7BZYGL24C95V1EQ3Z4473O34D88K'),(1543094099,'M75232FY0MA6ZZI053ATDG4F50EBB7AAUD6JQ71X267U903WHQ34MJ79H7V9C737F6J838E0EEAF8M30E4P','JA7DS13JHV7J232H9TFM8JHRZTDSOG'),(1543094100,'9PPF5GV4D3OVDK160VNZ1BL7AXDQD533PU2218CLTDK2QAG98R0O3041M145N2','B9N00WW3Y7JMU0L3ZUDJB17X773R07885UF5NA38Y1222U'),(1828036706,'EADR9743UH7J36HC3CN447RPLRUR4JU88R','6OQ3KG55O6DYE4FPKR64'),(1828036707,'H38QMHFCU90I52L5BU47H02KCY','6M8W727OEZR48R4S83OK6UJ82ZZDA7DJK68XEO8R6O94CJ8Y6LYY'),(1828036708,'KM4HEUL711C0I70T7Z34W50295IP08IMAW',NULL),(1828036709,'11GJ55LB9XY5VQN8',''),(1828036710,'IUTKI0Q4V9JUI3858D8RG','RA0FPRIL02077ZAR17F66803SWJBG57G0'),(1828036711,'3Y2E5KJ541697S8O60M1AJRR898UGO6B6X1P5JIXTG9X7',NULL),(1828036712,'0ZON76S','0L5NF6FM'),(2042785068,'X','5OB13W58U5E51FRAVTCJ'),(2042785069,'654HZKI0Q93495U9X58VHT196OFG7J30X','1KJVK75EI7Y55OF37O3LF39H52IEKK42IKN370R5DO0M7S1C136AF'),(2042785070,'J170891T','SN9B'),(2042785071,'W7XR1CEZRVSXEJ55V2DJ0A7M8QC1K21959PJP',''),(2042785072,'1Q1PD6V64FZ1L49','9XI09349SDW9VH1D9Z8I5577RKORUXX4SXI7OA6868TQB274MYM4F97F29LX511BA4W939H6QJZ9R6G'),(2042785073,'1','4951779N2L'),(2042785074,'H358PY2RZL3771784D34BH9J1ZSM58D5366K2AHY8',NULL),(2147483647,'VGZ5ZWI5JO05K907P6XP65K3F4B6MN377BI5',NULL);
/*!40000 ALTER TABLE `cb_board_meta` ENABLE KEYS */;
UNLOCK TABLES;

--
-- Dumping data for table `cb_cmall_cart`
--

LOCK TABLES `cb_cmall_cart` WRITE;
/*!40000 ALTER TABLE `cb_cmall_cart` DISABLE KEYS */;
INSERT INTO `cb_cmall_cart` VALUES (86214809,517234106,2140842487,1387861149,-1813687095,-6,-12,'1970-01-01 00:00:04','R38B4566Q'),(86214810,1228889551,18310097,945637512,-399136947,-15,-51,'1985-11-11 15:29:53','3TIA78C6232A2Y2'),(86214811,163516667,1926094128,1160385874,-1879155951,-44,-111,'1974-01-14 04:09:40','H3E0ES67K5PF99SA'),(86214812,163516669,850431636,945637510,-1,-81,0,'2003-08-05 04:28:38','P0221I7SMG0Q3R0Y53J'),(86214813,2045130310,635683271,1160385878,-468918267,-31,-123,'1970-01-01 00:30:44','U829X1O3DJ16G7819DS396SA54Q6ICW9D0R67V09M9S12B18HO'),(86214814,2045130311,961823196,1387861149,-997029369,5,-121,'2017-07-19 21:35:49','176'),(300963175,163516666,850431634,1160385872,88,53,88,'1977-10-19 01:47:53','KQ9408YJ'),(300963176,1830381945,1368021708,436048780,-605215129,-89,-25,'1996-11-01 13:47:42','F7AUYR1R451P08FS0SA59016V72Q4X9'),(300963177,2045130309,1582770075,945637512,-1509113728,18,0,'1970-01-01 00:39:47','7'),(300963178,1830381948,233058465,1760444172,-1240786031,31,17,'1970-01-01 00:00:21','4D9'),(300963179,731982476,1368021710,436048780,-21,126,-21,'2015-06-01 07:05:32','844'),(608268806,378265031,1926094126,1160385876,-1594890154,101,-42,NULL,''),(608268807,1014141184,2140842488,1975192533,-199161116,33,100,NULL,''),(608268808,1014141185,1926094127,1160385871,-1753414380,-56,6,'1975-04-05 14:53:09','UXG51K5H4W59D8QR'),(608268809,731982472,1582770073,436048779,-534398318,28,18,NULL,''),(608268810,1417490394,2140842490,1975192532,-420279701,8,-21,'2009-12-03 01:25:28','377B'),(608268811,163516668,961823194,1602609513,-158442055,0,57,'1970-01-01 00:00:15','IZ530PM4L4QA3CH812QT25LNWUEG1666D4VB'),(823017171,731982471,1926094125,1387861147,-885773064,-31,-67,'1979-11-23 18:25:25','T00P5EQJXW6HE'),(823017172,1830381944,1582770072,2147483647,-2141377980,23,-60,'1970-01-01 00:00:06','5UZ4FPNYG08T6EG265LZY2XK9F9YJ6J2390VVY88L18W2'),(823017173,1228889550,18310096,1160385873,-612141408,70,32,'1994-10-29 03:58:13','55EWM'),(823017174,1014141186,2140842489,1975192531,-2073311639,117,-23,'1992-04-05 02:50:30','37LJ1J4EP816XQ0ND8XUJ80SKHBHOY6K011Z5B5D35AGQF2Y94'),(823017175,517234107,233058463,1160385872,-357304111,-24,81,'1974-05-06 20:58:00','Z3IS4YQ1094CNNM319KL5O43D1SL'),(823017176,2045130307,850431635,1160385871,-765200993,5,39,'1970-01-01 01:59:53','2OB8JB80XF403373'),(823017177,2045130308,1926094130,105148072,-1172978724,39,107,'1976-10-09 16:16:10','84CCUM'),(961532689,2045130305,635683268,1760444173,-77743091,-87,-115,'2002-05-21 10:53:13','1557'),(961532690,2045130306,233058461,436048780,-1074607697,-86,47,'1988-05-13 13:26:30','42'),(961532691,378265034,1176571560,1387861148,521,31,52,'1988-06-14 06:59:36','937FOKP266X217JK55I354P'),(961532692,1830381947,635683270,1160385872,-32936800,108,-30,'1970-01-01 00:06:40','HVSR'),(961532693,731982474,1368021709,1160385874,-152336387,5,125,'1970-01-01 00:00:34','NSO0881AT218CZ292G24981O63ET0'),(961532694,1014141187,1176571561,105148072,-9430,29,-121,'1994-07-11 22:48:42','H8'),(961532695,1830381949,2140842493,945637506,-1839005171,62,-115,'2001-09-11 14:14:28','EN'),(1176281054,1417490392,1176571559,1160385874,-31,79,106,'1970-01-01 02:04:04','MD6U69Q318M2D6V9S4S'),(1176281055,1417490393,1368021707,1602609513,-1135755359,19,-17,'1974-12-31 19:47:32','C4NJERN49P5D6P067IO023M4G'),(1176281056,1632238760,2140842491,1760444170,-824780864,-5,64,'2010-11-06 01:15:56','HUD4EZ0DE4L3V1T8U68JA74881ESO1286H35XDCB5SJ88O'),(1176281057,731982473,2140842492,1387861146,978,-56,0,'1970-01-01 00:00:50','20M636BV1NZXZ'),(1176281058,517234108,18310098,1602609510,-741574285,-63,-22,NULL,''),(1176281059,731982475,233058464,1602609513,-1227226013,10,122,'1992-04-23 08:49:15','L33641ZCYI7391ZU47848K8'),(1176281060,1417490395,1582770076,2147483647,-1785773906,74,46,NULL,''),(1293562301,163516665,2147483647,105148073,0,75,0,NULL,''),(1293562302,378265032,233058462,1160385871,-617445367,-109,-119,'1987-09-22 20:21:22','TER3BYM3O9'),(1293562303,1830381946,1582770074,945637510,-1038493642,15,-74,'2014-03-10 01:24:06','SNPLJHNWG6Y1OXBIK95JFMWO'),(1293562304,517234109,961823195,319896437,-2056012994,-102,-11,'2000-05-24 03:15:44','BLM7N7C'),(1508310666,2147483647,233058460,1160385875,-1506775277,99,17,'1970-01-01 00:01:03','57D7S5CEUD1'),(1508310667,1632238758,18310095,1760444172,-8,-53,4,'1970-01-01 01:40:36','5'),(1508310668,378265033,1926094129,1160385872,-1473883620,-118,62,'2003-04-11 10:26:29','Y8'),(1508310669,1228889552,1926094131,1760444171,-1720477581,-100,59,'1984-06-23 04:06:10','25UU3TM8O'),(1508310670,517234111,1368021711,1160385877,-1858231397,11,27,'1970-01-01 00:01:25','N1BP8V6028204799552'),(1740468700,517234110,18310099,1602609515,-1346972119,68,-87,'2019-07-29 01:35:12','0F8PSO81436B9F47379I06B09B79'),(1955217061,1632238759,635683269,1160385874,-621267074,127,-2,'1981-10-30 06:14:13','0331229KX7906TNI97J1GPT3YO19P6360'),(2147483647,378265030,1368021706,1602609513,-939057374,-91,77,NULL,'');
/*!40000 ALTER TABLE `cb_cmall_cart` ENABLE KEYS */;
UNLOCK TABLES;

--
-- Dumping data for table `cb_cmall_category`
--

LOCK TABLES `cb_cmall_category` WRITE;
/*!40000 ALTER TABLE `cb_cmall_category` DISABLE KEYS */;
INSERT INTO `cb_cmall_category` VALUES (0,'8','41UCRJF00OS20HBH566S1VH5P138G5S3E5',-860142936),(1,'741U','RO1FZ3602W6E3KCI2W1174',-1506565838),(2,'G0J7RV4W8A0I1V4HR3MYHU33S3WGR714BCWK96Z','',-2081028936),(3,'H18LYNP1N6UYIIPY2X26558EN6O3LZ970P5P2UB4Z539T03Y0OEVX0D4BP70R8CHV2OPV2F5PHWUV','3',-563656903),(214748366,'XZ8143447L1NG372X33015470A13HT2X','Y87KP8K6025H4H0Z37ZOSR752MX1H5656VS327P2RK7HTOCQ876C3H6G583MOH7',-429232702),(214748367,'EW92M78IPV9573ZQ9XF2EH8KAMX90602CP337Y666U25R0D57B5GLEI79DA26S41P697P2H2OB203M9CP1LD4F25D4M1RM32LT7A9AK1U0X2A11F868K89868IU584019U528E6MHXIYXV4WX8H86AJ2V9SM77V07L98B8028Q7L5TD5027H9515SP8PVML96OT5XQNB45476CUQML','',-197422933),(214748368,'22686T0E','VS7750QL6A0Z6IJCFEF02',-1025573634),(214748369,'0','C9PPPG1I83N1J4O002789O1C02Y00N16WRQNP',-705790739),(560741247,'KCA525H8Z85A2B948F6J1088','5BZOAT8Q2BJ35P63480W1NS87UVKNYV58DJTJB2IU4M301E8V542D',-386),(560741248,'DQ03WT2J0T2L1HK0MH53AHC4N8JO0Z6J5E16AXNZRF8B889X7A77KS00Z147IA46D0WD730UEF2KK2N3HVFKGOTKS543739K570K67YS5GMRV1OAS167D2V56VZ9O75N960LX6Q91IZXW','T9R',-144213165),(560741249,'CSZITLLZ192240M05W','148Q0Y65REG60QDVEE5F79Z8U',-1099509672),(560741250,'PI9ZZCK442WJG5E87FD86327L01OE4EPHN19','V40L2CY6UQNY50E04S4V224YE79FM34YGU1D36WNASG45',-790911373),(775489613,'NIB29Z5N','9M3VBALBZEJFIMEDTK3NO86KKDYVZ5F2',-1888770224),(775489614,'BRI0CQGI2699EQ','HR9044M084ER30B15524N5',-480866752),(775489615,'3LWQZBGVR2U3W0','3Q3K49H2WA60480OF2P1X3',-1),(981703504,'9HG','8F31236524808T183285P009I40D623H6J7U7',-1024582824),(981703505,'','3CVIL',4),(981703506,'BFIW60T61','5T5U7926',-84),(981703507,'','2OF5W64TIXV2BDT855PTG1LUPS175U47H23VRMAH1JLL9L44H',-732),(981703508,'N1GXWJER','U',-68),(981703509,'6W9DLU7LQG4HSCYAH28Y','04',-2061026024),(981703510,'FVO2C5D08M5UFTM71Y583E931913P5','P8YXPLP0402UU5VS0',-2003268925),(1196451870,'D61P9I1VDAL24U916C136','Y97',-7388),(1196451871,'6I979REB060A9KTNL76ZZGH60C438YIL96D1HE172QO2OZ4M89WV06T0I99','75F29L8352MD3I3T0X6R4Y6R',-429763710),(1196451872,'WE7A1H97VS','59P4CG9Z09J046928',-853558512),(1196451873,'4W3N11K5IUY4B057EKZM5F8FTI','PMIIH1SR',-1412180044),(1196451874,'LGH9K18527F8HG4CA520514IR','580CLD50158VVMU6S98CNN32X2G2ZDM5YHIMGC3Y02EEQL67RJXA4M3VEK40169IN',-35),(1196451875,'6DM1962A','WIR57CPJ',-1999204413),(1196451876,'','J15C',-36),(1293969623,'OAFZ1YYV4X9OYL8822G3V9M0E4W217D16AM00832LK6JU207','E3260AJ9L3M5EIXO2G4L74QLBGGHQB2800712ND8628S2N3LF3V83113Y21ZOZL2FLLSSEJ629826CQ0I0DC5O',-2043435242),(1293969624,'K763Q2U2Q77MX49W363L85XRDS','5VP99',-2146952640),(1293969625,'2893A12DL780B5HGV2RJ7957KY59LK54XRPR1YP6Z6CLI','Y9A',-9961),(1293969626,'J15VMF9163KRTP305','11XI50SZUK7EM4',-1774791888),(1293969627,'6F803Z','B96OS9995BDHH16D4',-210667877),(1293969628,'4GO22MQFL','6HDHSETOSF0M4LB40219T69S0V2347RH4RQG392C9NF8UNO40Q',-1536003352),(1508717989,'UT3','12794IP24E2VI',-788734362),(1508717990,'4MVBJ9S1NGTTX3RQP52J07GSCD7XD6D03E5Q1D8E8','P2JB4F94KXX4O2C0T',-1850817669),(1508717991,'O8RG28BDPEO07J27R4331Y9K04','1RNMOGOTOY67LT7S',-1398399118),(1508717992,'','23BC164I2E5Y87A5TRA9DEA',-595029235),(1508717993,'95RSA0Y81660SE3B820HZBSXQ762M11E9E41K842','S5I7AS0T5EDIG14J6UKO42BA2BG5',-1946466979),(1757283710,'56QS61ZTM4D3FVZ188306C221Z3I1IA9TAI5ZZZS8X90704ES30174P7PC4ZP90BO7B','Y7',-1067572609),(1757283711,'R2GC4WFR9910Q09KM42820749299269X5BBX1897YE7FC5X490UV06Z','1IB0MB1F66NW403M31BPMZR1CG176051GR6IJP9DV3A21VBA1OPYB38',-1355235286),(1757283712,'303B6831M','8V3BZ068T836281YBOF8T2XB3U07DJI069CMRBF',613),(1757283713,'J603DQQ5B867F1CG38U5P9QB4JE27D79711J1B68JUFUF','49183W5Z8LUM0C23PM0Z8EZVE8659355G7J11T2J7607K33UBY803E9Z4BXN17GI290',-1783798976),(1972032071,'NB4492VZX34G19428HPG5B84WIU6MW65DL9VOOQ1','2A0ZZ910W',-1573020550),(1972032072,'5B24PFMHVPZ746','X4IK1266QI120KIQ4ZI69JHAH8PI3834TY51MEG37870',-1577945972),(1972032073,'538P952RS53KGVQJ6724I87U047N3D5290K9Q8W355WEB826L687YPB3BIGBT8OR92EG703NO603N563DFFCY','X7T40WN6R1L2232V7KYTZ04D57L70IQU5KG956WZU9Q3L9',-1323537571),(1972032074,'90W2UZ9WA','O86M26468B7D3W3T6DRANL4M356EL',-1350848973),(1972032075,'72M3046A619O565IH083DJNA22D03I9VI','',-98),(2147483647,'672TO9NUHG9632F3JV13','K2UOCK',-2033894696);
/*!40000 ALTER TABLE `cb_cmall_category` ENABLE KEYS */;
UNLOCK TABLES;

--
-- Dumping data for table `cb_cmall_category_rel`
--

LOCK TABLES `cb_cmall_category_rel` WRITE;
/*!40000 ALTER TABLE `cb_cmall_category_rel` DISABLE KEYS */;
INSERT INTO `cb_cmall_category_rel` VALUES (1586507126,0,1176571559),(1828371137,1,18310096),(1371758763,2,1368021708),(258326417,3,233058464),(2147483647,214748366,635683268),(470141714,214748367,233058462),(43578051,214748368,850431636),(1828371140,214748369,635683271),(1027720248,560741247,1582770072),(1586507128,560741248,635683269),(1828371138,560741249,233058463),(684890082,560741250,961823196),(684890079,775489613,1368021707),(43578049,775489614,1582770073),(1586507129,775489615,1926094129),(1242468613,981703504,233058460),(43578047,981703505,2147483647),(1242468614,981703506,2140842489),(1242468615,981703507,2140842491),(1027720250,981703508,1926094130),(684890081,981703509,1368021709),(1586507131,981703510,233058465),(684890078,1196451870,1368021706),(43578048,1196451871,233058461),(43578050,1196451872,961823194),(684890080,1196451873,1176571560),(258326416,1196451874,2140842492),(1586507130,1196451875,1582770075),(43578052,1196451876,1176571561),(2043119498,1293969623,1926094125),(1371758761,1293969624,18310095),(1371758762,1293969625,2140842488),(1027720249,1293969626,1926094128),(258326415,1293969627,1582770074),(2043119501,1293969628,18310098),(258326413,1508717989,2140842487),(470141713,1508717990,850431634),(258326414,1508717991,1926094127),(2043119500,1508717992,2140842490),(1828371139,1508717993,1926094131),(1371758764,1757283710,850431635),(1242468616,1757283711,961823195),(1371758766,1757283712,1368021710),(470141716,1757283713,2140842493),(2043119499,1972032071,18310097),(470141715,1972032072,635683270),(1371758765,1972032073,18310099),(1027720251,1972032074,1582770076),(258326418,1972032075,1368021711),(1586507127,2147483647,1926094126);
/*!40000 ALTER TABLE `cb_cmall_category_rel` ENABLE KEYS */;
UNLOCK TABLES;

--
-- Dumping data for table `cb_cmall_demo_click_log`
--

LOCK TABLES `cb_cmall_demo_click_log` WRITE;
/*!40000 ALTER TABLE `cb_cmall_demo_click_log` DISABLE KEYS */;
INSERT INTO `cb_cmall_demo_click_log` VALUES (5059,233058461,'',163516667,NULL,'717255YHSPH8N24025LA804X4IDQ2','2'),(5060,18310097,'I5FJON6XG3BE1UH5SRR279KGJQJINKX86DOGVH95R06I972IMO',2045130311,'2008-09-01 07:14:31','',''),(5061,850431635,'2Z6501F',2045130310,'1970-01-01 00:00:03','12IRV66D2D7','8Z0K17K8DQ8C50'),(5062,18310098,'VBHX8SD83KDBFC',731982473,'1970-01-01 00:11:21','IQ5T99GZ9G',''),(5063,233058464,'5LHYMC5Q6285',731982473,'2016-05-25 13:09:56','9','E'),(5064,1368021711,'3690',1632238759,'1970-01-01 00:04:00','J49471DIN6729M0P7OZPHVZ888NHT8',''),(214753425,18310096,'',1014141186,NULL,'O59XD','SY82DZZ6SP3L9XUKEP1323D3WM55OY0U1238O511O'),(214753426,635683269,'96ZE7553MZ96WJ8SDQH15QF17H9W5EKF27E83QAC4O20G',517234106,'1980-07-02 19:15:19','902767','3RWT68KZL0U2XU'),(214753427,961823194,'',731982473,NULL,'I67P3J','9AR967DY47M5BY7AO'),(214753428,1368021709,'0GF3EQMZHKR2F',1417490393,'1986-11-21 10:48:47','GJ2TW','4RGM83J20H71K7171O1ES1I4P72C6JCX6S3DBI5IJ1WR706'),(214753429,1368021710,'MOJ2YR5',517234107,'1970-01-01 00:16:27','8W7N','M946099C936F1Y74O9A5VX'),(556918195,233058462,'2BRLI15DNR1893L771T0PY0609NH6RC26ADDG9I64K22VYC352',2147483647,'2009-08-03 09:35:25','BE','807L4985KCP3'),(556918196,850431636,'PW1A7BKGN2X4DP0S489AQU',378265030,'1995-10-05 06:57:48','M9YO47A460ZD4OK2A0H3','A1B0EX2C5X5ZYLWC2M64'),(771666560,233058460,'G32Z2EYML',1228889550,'2019-08-01 19:35:01','D51JHRO7BW0NV61EE6HX4ZLABC2PYRY','795V57954W8ZRW7TDU5B4S5W40OMJ6664A'),(771666561,233058463,'5KW21C77P3',1417490394,'2018-07-12 21:08:00','',''),(771666562,18310099,'',1417490393,NULL,'ST7CA','7792054C9917Y31LTRQ3K9X23F'),(1062121833,1582770073,'U7515HF3OOWN022IS792GIL8A00K24WIO9',378265033,'1970-01-01 00:00:02','89U','L19PK4GB4MF7W89N6R1T84Y88N09LZ1MLP10G3PPO59SK9AU834O6'),(1062121834,2140842490,'915AD631JRQ798GMAW6Y4FH9629JI246DG',517234109,'1970-01-01 00:01:26','HFJJ39K2EY0B82904AI6B46I936062M8318Z36LP2','OM09JW2'),(1062121835,635683270,'',1228889552,NULL,'K9WZ466BX94D62MP','253L04U6JAY08J35034NYW99THQ852J03402WAWCQE399'),(1062121836,635683271,'HTBNI8V',2045130310,'1970-01-01 00:15:30','72066X996VH29A88MK5T4P63P50TJ7QPV2KIN0J0O9BK4G','21T81C8JC2609259L9NG8V8U2281IDQO9DNNYUK95DDE3QY588V9PB509358XD6184526W15N96G129CC857E48V7T39C2V1JT5S1794'),(1276870199,1926094128,'',731982474,NULL,'E0','BAGST'),(1276870200,1582770074,'',1830381948,NULL,'8329Y9SL96','BV48V1K0J9'),(1276870201,961823195,'V19',1830381946,'1994-01-29 04:38:57','EE5558M9CM2XPPWG65P9QBPVE3F58H0OOVNY','48D3055CSXP197L64XNYI4TCF10V20RV3UW0A2E5DJU4B1L43982WD80N00KGW6WQ36A481MQ90JH8U4F4D'),(1303064850,1368021706,'2P',731982474,'1970-01-01 00:00:50','D904A6485S4VND1Z56049','L5GGIKR90FEEOHWM733WR992E7SK0547I34XV1754W35G499303KYW18JM3'),(1303064851,2140842488,'BS4486DU4II43C22YI18KL9MRN',1632238758,'1995-04-04 17:50:14','GJZG0AF0DW7JIH','E9VP8CS526516G904JB1H5RK7Y59'),(1303064852,2140842489,'62D643SO',731982471,'1983-06-02 18:21:10','1XE6YT','8SI3X'),(1303064853,1926094130,'127Z5H33XN06',1228889550,'2015-06-30 04:20:11','BXB9W36','F'),(1303064854,233058465,'12TUV9Z',1632238760,'1970-01-01 00:00:34','5E6IQ3TUX2H','0VNZ4M34M1QUMX0THDU556U4T7OD345TAB44SUMHLNUS11T6GT4OO7GPSBT7Z7639UE2617VS2XPRH9MO3OHP03B6OPQ3'),(1303064855,2140842493,'V9U3B8',1830381946,'1988-04-28 01:43:02','6SQQ73Y7MGK951A78DCR2DE1K','828YYV3V8G541ZM9GXO5R3M5DHU42X8H1G223'),(1517813216,1926094125,'6B80GP7S',1830381946,'1970-01-01 00:00:07','J928KFF459VO9X824651','YK'),(1517813217,1926094127,'L3',517234109,'1981-04-02 22:48:24','','RP2GVOIQ171O5G3'),(1517813218,2140842491,'86B',163516665,'1970-01-01 00:08:22','C706JR2U4D46XZ1OWO03R8H24BJ8TBYJ6WG04N1GXZ204785Q6','NEHOBAADTXAQ0K688B6A62D285'),(1517813219,2140842492,'4T0P0UFOX494Y394AI944NXPQ773U',378265034,'1970-01-01 00:00:08','YG98IPAPTG51','1NR39A6SY36T1XU8'),(1517813220,1176571561,'',378265030,NULL,'AOH','12RH34FPCAZ3KFR36'),(1517813221,961823196,'8AH3EL51P52',517234110,'1970-01-01 00:16:09','QTMY4A77S0X72GW2EAAM5AAYC',''),(1723322862,635683268,'93Q2A8DAACW3P',1632238760,'1970-01-01 00:00:01','QFN3Z0WNAGK69Z1224129G8U3E3581KQ8FEST2N9O','IN5'),(1723322863,18310095,'69P9Z',2045130307,'1974-03-16 13:06:26','CJ564820O30GN02Q26904O6I609J747AID0PDJ1OW49','R85E2Q6X7T450H1795HW2VM3'),(1723322864,850431634,'',378265032,NULL,'587B51X883TRHB7091892IVS','E4T3JYD5K2MGHNU36SV06201920CBQG994O85O8PGT0SYZLE02O3S742867Y78951J537JC56URHI'),(1723322865,1368021707,'1V17Z7F3O251RUD3OL8RMG128780S8',2045130307,'1985-06-19 02:26:44','6JGK',''),(1723322866,1926094129,'6',2045130305,'2005-12-08 05:05:31','754Q8',''),(1723322867,1926094131,'TY44C4MU6691185G184GFL6B6MO7O',1830381949,'1981-10-31 00:56:13','R','179922A02BA02001108J50'),(1723322868,1582770076,'4032O399I6M43CG876V6',1417490392,'1970-01-01 01:24:20','3W',''),(1938071223,2147483647,'81LK8O3Y5LY2Z',1830381948,'1996-09-10 14:11:27','0','08U9423RD9C6T36D6X8'),(1938071224,2140842487,'Q27',1830381948,'1970-01-01 00:00:08','5P7E6RS0OQ7182JS7396827ZR9A81658TD2UKH5LSTN17VNJO4','R591I1A8JVHIEXE20745XY4K4027SF3P'),(1938071225,1926094126,'T0Q',1830381946,'1970-01-01 00:15:42','89V0A2V2KEKO5425C5D368T8LDB1QLWS5','MC25XV5B9H81OCTHMIA50J1YJ37L6L9RG30'),(1938071226,1582770072,'9A3Q992KSA556',731982473,'1981-10-26 12:35:53','3NR6','OQBNV'),(1938071227,1368021708,'Y0T165GYP6S214R113KG',517234106,'1970-01-01 00:00:08','0L8TH0T8QU7J1K607B64EAU7Q91SH56A','407B066V'),(1938071228,1176571560,'A41IOP2I8A9463HN097UMHPEZM8H975F3JTU8',378265030,'1973-03-16 18:53:21','6W7I25R6CJP8','5X3C94B2FEC'),(1938071229,1582770075,'2X7BQB',1014141184,'1977-02-28 11:39:28','V6TQ5IZSOWPT37505',''),(2147483647,1176571559,'5PBFFE0788014463J58YM43',378265033,'1970-01-01 02:05:10','G14Y1QX738S1OZ','');
/*!40000 ALTER TABLE `cb_cmall_demo_click_log` ENABLE KEYS */;
UNLOCK TABLES;

--
-- Dumping data for table `cb_cmall_download_log`
--

LOCK TABLES `cb_cmall_download_log` WRITE;
/*!40000 ALTER TABLE `cb_cmall_download_log` DISABLE KEYS */;
INSERT INTO `cb_cmall_download_log` VALUES (941181,1368021706,105148073,1228889550,'2016-09-28 18:18:33','WQA2H32604J42OSK35G14','3',-1169217138),(941182,1582770072,1160385874,163516665,'1977-05-22 10:39:35','2','56COE4PN54VSD7PU8BPV4DXE82KO3MP',-782),(941183,18310096,1760444171,731982474,'1996-08-12 08:50:00','1X','414WTKTL',-745697179),(941184,1926094129,1387861147,2045130310,'1981-03-17 05:03:42','T9EMK7YH80N870NM957R8T68X52T7634L5D51','BE5',-522984686),(941185,233058464,1760444170,1632238759,'1970-01-01 00:00:09','BCRZ425CUX0R','QVM8F23I91U7',0),(215689547,2140842487,1602609511,2045130306,NULL,'','99079QLDMS1597QXW2U25V188S7H3FL9ZNW3LS606NH99309AR113DKBB7OJ69LO845RZLT6642VB02RAFUC3',1),(215689548,1368021707,319896437,1014141184,'1974-09-25 03:25:06','6L1TA4O5','FIQT6NA',-1865716711),(215689549,1926094128,945637509,1014141186,'1970-01-01 00:06:49','U','33W47F1Y9TY32G2PX04XDZZ',-2003819931),(215689550,1368021709,1760444169,1632238758,NULL,'','',-73),(215689551,2140842493,945637510,378265031,'1982-11-27 09:36:16','F8V44EK2Z2DOO1JKC1E3R8DD982686994CMO63ZSHJF91520W3','4O33579E7BLTU8LT61Q4',-1814300596),(546761409,635683268,105148072,1014141186,'2007-02-26 00:16:51','8W1TH458F8NBNF22R6CA7P4WN','TY429M71A673Z954ZQ3094TXGN5471N5755WSG2U0FP1Z0GJ4T1H371SYY4ZZ5S1H4L76EG33H62Z709UAG1CBS0904Y6',-2065320973),(546761410,2140842488,105148071,1228889551,'2017-02-05 19:59:52','5I9','',-90218918),(546761411,18310097,1602609513,1014141187,'1987-09-16 07:17:11','5E3R28Z75GVGBOCV','HMCA7Q15J55K46XWB2N',-1965288474),(546761412,635683270,1160385872,163516668,NULL,'','N6J6322A71Z8TLIF6R6CA2MG',-900344197),(546761413,850431636,1160385876,2045130310,'2007-06-02 09:47:06','K40E128TNJ6ST','',-1499210292),(546761414,1582770076,436048779,731982476,'1973-12-31 19:47:34','E9F93PEK7I','610T9ZA4TF05GF7PGXSYSDJ2R63',-680126064),(761509775,1926094126,650797146,1417490392,'1970-01-01 00:01:10','T06','',-2009044290),(761509776,233058462,650797145,1228889550,'1970-01-01 02:22:04','JR2HGTT8R','84AERHL4J04D787Y6DXM3H68',-847845085),(761509777,635683269,650797144,1417490395,'1970-01-01 00:00:03','9A5J2L6N87IX6K2T8YN4CP857EH5Q5K8LF6945Y0XKHR5CT509','3FK6R8KYP9223X8O9QV16IVHTYEPA39HMJ0W9QA',-274970287),(761509778,1926094131,650797146,517234108,'1988-07-20 06:39:18','KU6SN9D736608ZK4W49CWYK9YU727138QUQO97316030OLI53Y','K8044A40XU20NARTRT4K5I1',-947363727),(761509779,1176571561,945637506,1632238758,'1994-02-20 19:08:34','7V5','25RMZ',4),(761509780,1368021711,1602609513,517234107,'1983-03-14 20:25:43','0C3Y24T35I','62QG4G3513Y83T881JG5DHT0CV72YA064W0KF0PU607WPBLG16X91NWT5N0P3O2O1490YI36',-1786535732),(879161009,1176571559,1975192534,2045130310,'2006-08-22 08:02:33','I0','55L06X2J70I97',-9),(879161010,850431634,1160385874,163516668,'2007-09-22 03:17:23','F1176O4045MVKO968X9650ZA6YYTMJ32U','SN',-1592557939),(879161011,2140842489,319896436,2045130307,'1981-01-19 07:16:35','N6C09EG','0O61101CWYQU4815Y',-267915469),(879161012,1926094130,1602609513,2045130307,'2015-12-09 00:06:31','265HR','RXRZ26VNUCC4C9Z2EW20HT2LKZCBHJA3A9G3Y8IV340N25E08576U6TT3NDN37I44157',-1331840282),(879161013,1582770075,1160385875,2045130305,'1970-01-01 00:01:05','3BVM775','NMWK6AC4V17V0',-1833466112),(1093909375,18310095,945637510,731982473,'1970-01-01 01:41:43','Y595BIO3','0KH4D92ST',-1335672847),(1093909376,233058461,1760444171,163516668,'2019-11-11 13:10:33','J2Z927496G0S','',-210241311),(1093909377,1582770073,945637510,1830381945,'1970-01-01 01:00:46','PI8655BJTO55O49QSN3','7N20WPL0U2OB5BGN3HX59082X5VN0',-2140428830),(1093909378,2140842492,105148070,1228889551,NULL,'','UO27FL127ZVZ14V387GMLT',-804751623),(1093909379,18310099,650797146,517234110,'2003-01-28 12:47:02','6P82FKUB08E9A23S9T03F8L','245N3UXGQ1BK8D1UF0TK7R96PE94Z27P90H846ULU6M6VSW38ZHD34LE0DC8O8I9J2',-1655244554),(1449953765,961823194,1602609510,378265033,'1970-01-01 00:03:56','7P2CR2J68YE6D187YGA79AU356L9NKKZ3','H8PY2O294J5U04D3CQRM1C6I8V',9),(1449953766,1176571560,1160385874,1830381945,'1976-02-24 17:17:11','KW76EZ617MDK4HV989TXHAKU99HAOIS450D16VT1BO499M95','',-741),(1449953767,961823195,1760444170,1228889550,'1994-05-14 07:45:01','WR','83NP44V',-843871696),(1449953768,961823196,945637512,163516668,'1975-04-26 19:03:06','BB3361B92601G5','',48),(1664702130,2140842490,1760444171,163516667,NULL,'','QG43OTJ2B3A369NQS442H6RH1PD49266Z8',-767853542),(1664702131,2140842491,1387861149,2045130310,'1989-08-15 07:05:02','LKA','4Q9P4G28B513UA7',843),(1664702132,18310098,1602609513,163516667,'1970-01-01 00:01:23','X1BR6','FEEIHO0RIQ7OXN6OK70',-276664458),(1664702133,1368021710,1760444171,378265033,'1981-12-08 13:55:36','A7X3E23P48','U01VH0RM0N72V6N7991C14D9OBM',-711),(1916273606,1926094125,105148070,2045130305,'1987-09-05 09:34:34','1V23724O88WP5M5J94W80E836I2KU20H3ZR57473','J32HYJVUA4312N7FZD9ZIJ4NU4GO1KITL',6),(1916273607,233058463,650797146,1417490394,'1970-01-01 00:00:45','XBB17B5CROKHUG9W412VOT4CSS72U3HK9089FD9UO3EMKMAC7L','278NW',-1079),(1916273608,850431635,436048780,1632238758,'1970-01-01 02:38:11','54','3NXP35MR3LDGH5I9VVCGT1VQF8T6S9L98Z930H8464G0OHM16DU6O73B2P4433B1PE7Q8KGJ661A2X8MDQ3T',-826103663),(1916273609,233058465,945637505,1417490392,'1970-01-01 01:31:49','A1PZ44S9BG3VOS69CXBHM2BGNRKEP20PS334E9L1GMG4PQ3','H9EG62DH2C81AD2XCOR65L',-120022394),(2131021967,233058460,1760444172,1830381949,'2000-06-23 09:17:34','39Q8WXMU94UCK57ZOJF9O2OUO3GO85HR8X8YM','QT724E28V9',507),(2131021968,1926094127,1602609512,1632238759,'1970-01-01 00:02:57','M95DULQDKC','0GUW3533775AN7A53O4RJ4X7PA797UCW',-673106630),(2131021969,1368021708,1602609513,2045130306,'1990-11-22 19:38:33','T','TM9487QR4RKWVB5G',-2009197736),(2131021970,1582770074,319896438,1228889551,'1992-09-10 01:28:16','43','',-1824326153),(2131021971,635683271,1160385877,1830381946,'1996-01-18 00:55:46','UV174V9T05M5N6774L6KLPM2K849G7X6TB','',-1453054470),(2147483647,2147483647,650797144,1830381948,'1970-01-01 00:05:29','2Z3MX134G562X0','',-6417);
/*!40000 ALTER TABLE `cb_cmall_download_log` ENABLE KEYS */;
UNLOCK TABLES;

--
-- Dumping data for table `cb_cmall_item`
--

LOCK TABLES `cb_cmall_item` WRITE;
/*!40000 ALTER TABLE `cb_cmall_item` DISABLE KEYS */;
INSERT INTO `cb_cmall_item` VALUES (18310095,'HXI7JOPT9VEVR4KDGNO17782H6V47X80R','PJ6959YILY38YV6H8',-5,-6,93,-96,-16,51,'','','KT1',-13,-3182,'P4EMZIF4X0G2TASS7TT7L55E14LPK1G5K92BE9146JJ5C0UPP6E18','67S9HIL6FU1C8SX0T1YA2H2U4BA','','0YH7PY4UEXAOQA3CB5969','YIL042F3K555ES42AOZ7R0B5Q22E7BZ2XRW62M06YSY08JWFD','602C5J94K7V8NRH7BJQ6W48P754J682XTKC0QNF9OZ345C803G5YW83220953V40WGKCG30TZ48P44','T1Z41L8F04Z799GP11R9B8618N8NR3DZ80S2GZY','9Y0OTEFB13A82IN23HM01V5O','89VMN1M','1N9X0Y614JJGAF9F2X8731L7W0ZMGRSM6X2H2G0C',378265033,-32,'2012-12-01 11:18:07','1970-01-01 00:09:52',85,2,-619371279,-1693388489,-6.5,-725516634),(18310096,'8MA576639BL4089MBS7PEK96R5VJ82E9MUVUA410L1R167YRB0M62G3C9622Y960CYRI4LN7YK52NW08791O6YK3YS51AMUTD5','UA5TW0RLZ15B76111DJLP02U14791K2WCM89JABCO',-18,116,13,80,-32,40,'',NULL,NULL,41,884,'I954','PVT2XB39F456D2XN36LB95','C1PGNJ0DWFI9I49F3N032A878602338QD766B1H9Z3R5KZ5MEW0L2137IW30O','WO031V96P84D4YR2S439GD03MHI30H1EM5R27Z72NN36N5Z88137P8','53FMWCN438EP4I7V','BJ271','2LM6H059X77A664YTGJ086','2ZWQF6214L341MTUF2R3Q19PYV061989Y8HR362SKV71B05104Z519XJYBK7Q124E','S213M6WP20B3ZX12E9ZY2V9J89','7YSI46OH94365',517234106,-804,'2005-10-24 18:15:11','1970-01-01 00:03:01',-613224150,-1961,-542045897,-1611386544,-9.0,-533243544),(18310097,'209C57S458SW89Z5','110',-1073926869,48,-12,87,-72,-119,'37',NULL,'3O7A6Z3FLK20Y78',18,-451563865,'','87CK603','G2OATN0D7628DA7062U58E457877HWE833DF8525S1PDL006Q0UJK50728I592NTKQ3KU4V69NEVHX7S13718Z7UI030JLVMVF99IA9QONSIHFUF1762S0V6KT10UT66JP2RYRF8H2','57I6B76N8B5224I5R5O5NRJ0LWML3MMNL7','','68GRBU46U3JJ5WSJJT086PP171BVF9R71','UOU5MKD','SDH1J1QU505D5TK','A5','V003H4UP4HX2Q931OZ1H88IJ7FCZ3GH5CJTN78Z50GW7FN48VA9DP22M56N8G5GD55',731982471,-343637371,'1970-01-01 00:04:57','2002-01-24 16:08:57',-428624216,-508639449,-1706074963,-1842065627,-6.5,-1003022335),(18310098,'V76QZBM2DH84Q8D','',-927446001,74,47,88,-84,-69,'DF67L3SF9LWYN2OA6WY2AHK6H57TLOR9','434PI9Q6780HLV0MABCD43O29','1',45,656,'Q0N8207E','2TF0K9P3895EGO77KC1SC47F8117WY6IJ59AE','4QS0','','35KPAF8K032EVD6NX0U8S94X8DON','17M2NMM112Z67Z','ZQY5Z9','','0MDY847UD5SO1','9C2X96973YZL7PL92CW7I9W94FUOG',731982472,-142694857,'1986-02-10 08:33:06',NULL,-6661,-759311349,-1984146622,-1201578134,-9.0,-1709066252),(18310099,'','Y2H94568K3J45403Q1914XP6P7O33G1',-4,-101,-74,-122,-31,-45,'','','071RE9Z6D2N82G26Q8VUPRW3EJ8E',-118,-8231,'Q7OH90Z59S17Z53FPMH','Z2BPKW68135WDL2X1550ZNY778RWHGG87RDYFN833ACE2G5YQ5J66958VI80I','2KFD4687DRS2YOXXF5XU4O53XPB15L7944E4762IY9U0T99611U165T','R53WW3EMLW8P1CG438C48GDW5I18499B','BJ41PN46CRZRX4','TUEIM77CRI92NR0','2R14EAKOK8I929R7WI0T870','6K6673F589EV69UP454SF','','JON722X0',378265031,317,NULL,'1980-02-06 00:49:43',-394,-1479038469,-134234453,811,-1.0,-1577455016),(233058460,'Z2D9LZ20E12K0VOYM95I5UWF4V9A','BM94Z7V891',-2066418629,-41,-69,-98,69,68,'1242016KVI45O413H67462E5UX7P51KBSTA5W5IXFM07583',NULL,'3Z5Y08T89SDRAP7WVVZIY206DVI4F4GG6629O',72,-1096860386,'90BPQ2L53W3P5R2Z9FO2Z0S278B6R03FIF4JPR56731Q4M4G7105','8WVP0L0YXMRI77ECG5VRVYC','RQNMEADMMOK1HTFTFLS08W','9DX2Y7W5VL40528805G52Z5R97ONB57Y42Y7CUAS','3QVB5XGHVPZA6Q0B5V2HNLDK','','SKW4CGHZ6JIR4295','DM9830676SSUZQ958R88J6PF61NC068JDW8CS2WD8N44510LGGDG4WP75G99HLL','JBG3MXW8S1R4G6CQZY307L45N3GU800WV0N01265SF3Y4W3XGG49766W0211439DAM743VN612X4QT0BT5YU','K9SP0ZEK9UI57S1',163516669,-3710,'1988-03-27 12:13:57','2007-09-26 22:31:27',2449,-335669304,-1513594708,-544036465,-3.6,74),(233058461,'PR2MO207WN3CODB8J4EX2Z','0R6B92C3',-1615122310,53,-43,89,92,-57,'',NULL,'',9,-391,'UA8YK59701H6Y27FP9D8Q16DQLYKQ49K1HYE53IVF524','6C7GX149X495YWGZA87BNDQ6WF9','TQ0ZII88N1861030J9Z9161E665I062RVS7AYUA9127009V01EW5P5N33696K79Q3','3O43X','6TBB70IY12LT30W74R8AMTUX0OA','I6P','5524OO7DL4C4KK1AE611G5','DH44APO7F3ED3IAT7DN37HL','060','39',163516669,-1524911993,'2000-12-05 09:52:40','2019-06-28 17:09:25',8118,-1430791004,-2077788113,-925342531,0.0,-1920380596),(233058462,'VQYY4YQ044','2G2D44AZK2X1WZC30XUQ62U',1,40,31,-11,-28,-128,'38VCNEKR64GHCMWX8HZ56WN1408W1264ZMD8JQ0','14596T187HM2CV2FQKC8U3NN89KK65898963NLSR6NH56VPNT0RSI8Z89097CQ3QI8YQ5034N39272VDV','',-73,-559650603,'L9CTHJI','842568947786Q0GYPTHW842705','I27Q8W530','U8P2CD4YY7T6255905CJ86Q','M','Y4E05QG996TCBNYC0RU22H3J05YVFI9B3911HJW7Z2','398X95YW2729FJ1JU45XY97JW3035ET4412H938FY872','9VM1FQY4W5RI40928HWH','Y19RU92EF39HN9S2GJK3Q70O45643J46P','EZH34E',1632238760,-1438864957,'1974-06-10 11:54:17','1970-01-01 00:00:02',-550848250,-1157149912,-108410235,-1681463007,-8.6,-1107032132),(233058463,'Y9W8P','C49VNN3442B90NX9GU1664NXC6R269Y16ZYRC57PR28656QWU7K50SOHUZUDM7Q9Z698O8U',-808,41,-88,-49,15,-2,'LUQ48CMK5AW5PL18V2S72M4J1XSK3964S','01D8UPS8P4RL02KP34PX037H026VS60D','34HF69O2EG862D3A5NTRPN2ES7TA9075899U68A62NPXG8DZ33B70Q3QQ90H7464GKHU49THI3',-113,5,'19ZL','Y98685AE20B499I92GFL75M8','','','YRAFSQ6JW','S179','9AA4L8','0BG2','8CK63ME2W012175WMHMZOIA65OI4Z8NZQ28OM4BN3H1R4XG9WT','F6AP7BKBC712U9XI4122S9JA25G81PDYS129JSGNXD0IUPGK2925GZVNCLZ9D66U8A29SQ0TBJDF6359GKI9ODYJ102CXLR31MP4E6YEQ70',2147483647,-2061244588,'1970-01-01 00:01:03','1970-01-01 00:13:29',-977923646,-1129174,-796168375,-31,-1.2,-64438697),(233058464,'99UR1467O4V','NEVR117OC2E3174XJZMN6OXF3F9J85J8KY9O469QR2ZK2940030IT',6677,-3,-29,104,-52,21,'64KLL','69N46RBGGSVSV26SNQ7R','I24450W71VF2R0QLC54PP9J7363PPAE5JWC36RRI2ZD0XE2GKQ23Z4JH3BM3HT8L9984D34Z847CVL190HA5QAF614623FT0FTZ326BN',125,-54,'8F5N8S66Y4T38ETRR6TAY022VW4691N5S2M52D60','L1IUL7R27BXORP80APC','','OO6802LEU39LL86VM83DE2MX8YO589O01555APJMS5Y8YPB3599856FSLIOR65B86JX508XLYVM1VSSDQF3A','','XQHFLYB79NB719J4','R2WJZ4627O5W91','2H','880C33LFV722','74NT8FGCZ33',517234110,-2,'1970-01-01 00:00:30','1970-01-01 00:00:01',-40704222,41,-30668413,-2056202824,8.7,-353327019),(233058465,'','GOGL814H2ZT64H5749233D3N86KEX3I',-322788762,66,-43,-108,-8,-123,'4BRHTF','','Y4X69DS0Y0WJ',6,-456723436,'W94ZQ','V','45N7841IO','68LR2','5Z33TW8RG733492705I1JRUJU2TNIWI7M6AIH2','47GX6','11E516Q84AA773','','5457DBRN8Y80Z54S2E5H4','2GBC9X047D722A1L4X042Z7MI4S8HAV66J0FB4MN038BDGIY66C5KXBQPI86549II84R1GP0M89YS6IST5AP27JGI',163516668,-1602649893,NULL,'1990-09-28 23:51:49',-1139424528,-304081754,-92,-1,0.3,-95388662),(635683268,'53AT73133NY10VIMU','C1RS7Z4',-1091135660,-52,100,81,-44,74,'8WW35GRXFL7L8805768AD9ME5C',NULL,NULL,24,81,'840H0US44D728KT88Q1T5Z6K0GNT8G69O093WIAR3KPN4A9','J64K36RG21E77I00FZ','B6R6I50C2UH84GZ92TO2YJ09057OGU391I57','M6XJ5522U5GP3L34Q9','38','04J843W5ED66RD9B79PO16UM17XS3Z72JAK','SI5P029','Z649E54NMO50','7B','SA',1417490394,46,'2012-06-12 15:29:11','2016-12-19 08:50:46',-577838742,-224,-1235640934,-8,-3.7,-1983964460),(635683269,'6850NO66D7X1','1CCWX6DT51ASIWT4HS7VRKU43ENHRO2S8959QX2PW18UIF4OL4AD8AS72O',-135001016,101,-67,5,74,-97,'MQOR2N95FN4L25110BHT9BVA0','37N5B6LXQYV','789UVQDH',86,6,'1XQR70ST00XDCJ42UCXO3034JQSBK9NGH422914UIR51N3YBJZIRW8WGQUGB42QRD1P3J86Z5D','','20H4462N','A321','N074CI03','W54A7312BVN679IEET0NI','8E4XF2DWUZK44KMS8V7173JNE','6O92TD9AW7369X0VWQOEOG7759HW4RGLEC2E01Y0P5YT4L21XNPMYC7JPI97U','B881DD673X018M5FWNREH62NU','L46B',2045130305,-1508266432,'2007-05-29 12:21:33','1983-02-09 18:56:28',-9779,-774624748,-1718990195,-6284,6.1,-1602952809),(635683270,'','K6S4WQ3I4P2S3YAAX9CNZ427BC8SCAB82EENAI66',-2003956263,-33,-75,-7,-73,-75,'G50MUWXQ7699QNA382VDUP01CQ6IDG90E282L4128V3YBP6O0EV',NULL,'',58,-92668158,'','77FR7422N2X5DMW58Q5E5020LVQ313D5148UK4NCE8B0E1JT26046L','OFZ3736IG2Y995WV715V8B9AX876264BBDP1BC4','','550D92512W06PJ3','0394B03EQ90490R9IOOPHS00QZOH1650I76','K99T9734205744L','044C5P24','6APO613766F17PG7WK0XWZU0X8GOUN','EH99VRN0X1KB3T7P6738AQ6P9BP9780Y0A4SJL',517234110,-474850677,NULL,'2007-05-02 18:54:34',7,96,602,-135436036,-5.8,7),(635683271,'66464YG3RLC7R','LR',-74,-118,-4,87,-34,83,'N3Y90DF65T413Z32752','C9','5O73JD7PG93T7GAW7GV14T61CS1Y2Z2T3E1P9G0188A99J678FSF9K15886F9KA',119,-1821361425,'0G56M03A157HL1SPWNBU5105N0YL75G2OS65WC946P08CNH12DNI851DMTG36BM19IFBCZLUWAF73H3','0ZS72G92KIY4T3G3R6GB','875LPN4','Z','8H33SCYV886IQV07M6E9V37X3E5OQ','FMM3F2K9000GF2CO','2PL4089QU1BQG57A35E2W419G796W42PV0X7Z4SG692OJX7Z7VN28IYOC1G6HO7Q','6290M87U5E92TGPG8VZKJYZ1B8CT3RJA06165584PUO9RX4890G552E93A7Y74192RQ50WS2','A4S8K9','OD38P2',517234108,4226,'1972-07-05 15:25:39','1970-01-01 00:01:07',-1735339331,-1935082155,-535546926,-1969,3.2,-1705967816),(850431634,'1XSDO8XG3YT07TFYZ91ZP677P5WE6VS3NP45Q9X2AR689MY12PY378QM9','UK26448H7926A580FM1M0W3',-2011946369,11,3,-94,-104,-124,'','77C5B19CIB',NULL,81,-591765004,'G7OXY7JPSFNS0438UI5MS88847','T53Z7NG860SQM8YPV','2OF25A283Y8C0PBA71JQ7K29HF6Q9FC6545QANDO9UE85SW4S45C','3OMQ','4U5','UX06VV8K4D0279B8R83E9NJ3MJ2GN','D836H425799BV79051NDK0R07OCR5XWA','19HA9S1B69Z98X0TS796P0APCYGVHEYUEW6E0T13259YM6B5CWFKK0261F23','','GBID14HGZ53CX3Z8',1830381945,-542813800,'2008-01-25 05:39:12','1987-05-28 06:38:58',-58617641,-1721905129,914,-619924510,3.6,-1750953239),(850431635,'T5969','5S',-461637524,-11,-41,21,-58,63,'Y1LT2399311K162KSVA4W959QD9O16948X0X9A2','H0FZ51998G71K878WJ','KO791VX41SFO7I805C5066H02ZHLXXAJ9KT426EGN6100Q73E',67,-252,'81X917YYC26N5X20ZZ70U3CL9JRM8O0I600LNGTAF00X12V7XK77617WV2Z2K9P','B1LW','YP5272LJ29BMXU23XO86VUPJXY32248OV72TRXXZP','I4EC743SJFNYICYGU8V9L6','32RMJ5423BR9NROOVEW37JH7S6JN','5G15Z9V80Y2C3MG0I8XI06II8782J4MZF2YK','FN8','GI5VQ5941244KELEQ9O690WFT835A1242HVD35CLGE97R943K1IAEAEY1','XH','',1830381947,-966202657,'1990-11-12 02:50:37','1970-01-01 00:01:09',-241830054,-805119453,-1030275024,-5798,-9.0,-8),(850431636,'A39441EAH3G1I20GH933G4K0','',-1796192993,-8,-4,-127,83,-128,'','XCGG7A2PBT09JNRYR9WD0881CY3788W7C74K','A8LUQEL61LCHCFJPIGF6Q3NBVC2GTX2IZF872N7U57D008TB22GEK',23,-465709843,'5N','H43R37D','GJ5J09F3SM3VWZ1078T','195WO6F0QG04717ISIMX3I2F1L283E6TXTG5','DRS7R6KW913BQA27CAU8S4322SU05C7O45BMR65U6Y4R6JUO3HD169EM3VWWCDV4XC5N92OWIL37672340H7','07N624DRQOB57CS1958U','2I30L5K5OLB530C','','','D3G83U',2045130306,-192788619,'1970-01-01 00:01:39',NULL,-2114415731,-1498715485,-625199153,-116345789,-1.4,0),(961823194,'YQAV9','1Y49',-81,-32,41,-34,7,7,'2P10DR71QW1YW62NC3H079EDE5IU5','2P0VUL17R','',-125,-840362395,'01231XL42848NLWPVBIA2Y528T06EB620COIA11OEVO8CR07096OF660OH9B1620R4LHBJ4JA9CMYVU8K','G1EN','7T0TF1WWI22V','YSM2H2EVB8461B7IAJ2H09LECH81R28B2622QSWF33PIAMZVCQNE12','F7MA195QM15608L0P','E5O8Q96RKUG7RRD1VU9EJ8206HF8H8JA5M68LQJ7','QK7116W59482CB5055WH22923YZ1TT14','','56H0E3IN','Z',731982472,-1313783738,'2013-11-12 16:53:29','1981-11-25 12:28:04',-843642550,-90493933,-1,-501073867,8.8,-706709950),(961823195,'B748I5C','57486VD6L43RODC33',-1793436213,97,-26,-78,-51,-104,'','J6N091DV2101VJ8YWFP','X093VV78L0T43',72,-551183757,'7BQL9312AJ42XY292Q17V24Q','INW45M6LSULN78XMA798C4N20','P','745VV9R6NL58IT','IDPJELE057G3FDXTT75T5LY0J32ELD5068F3C4JAD6837WADF9KL2WZ7','8LZPX8W2D3HGG542229D40J47','2AO50530NNII44F36ED160J4OY55525LC9FUG5V2T3MYXX9IW2FYY3E','QTZ33VN5D0ODUL1XD6Q8E3H69Q7VOWZF2UX2KCPGHW25','95UV6WX','171',731982471,-772128507,'1984-06-29 00:40:27','1983-02-01 20:14:21',-16245418,8,-855,-1737166696,8.2,-1648793903),(961823196,'4E3G6E9288R895622B83N8HVXC3LA7FKJ2NLA0NXA3DY83XARS','P6979JGR2234RHA1Q5T8P3UF9N251',-1429652581,-92,-39,-1,-109,-73,NULL,'69IW65R230L8IPH9FOL26183VDU90HV','9TUIQ8UYU8FHEUG3I6516HPW10462N4RJ4EA39PSTZJ72MXG54M9I60ZX713691LD7Q29DH669E1D9H06H0626N23D',-109,-1141393786,'','1HK22','','X7PH8SJ3','O1JJMW','9S31TQFRS9GZ0376JKCIA0U8F5X','R246VD3T5','EET455IAL6J3','','R3G334328QNBZETBUH421R9L322XIUUNNV78U01GT91Z7P9N595GMF4664JYB60951IC1TOO235135A010SHP3AW2MO0D25',378265034,-879093040,'1970-01-01 02:39:47','1970-01-01 00:12:27',-7,-1668262527,-192992583,-245664719,-5.8,9),(1176571559,'07I95DS03A09YXYW43FYLD33DST07H51SKEBO7V','5HYEC29I7Z177',4424,31,-37,1,8,101,'O033VK','',NULL,-1,-1745209215,'525PN','','9ZW93PY6FLG1H7756OTA7VY5KI152DQ5RWV8O98I0WXZ4688J17DG0I4QWC46F9V8V4CU','OST1Y99077ZGOSC','LJ50C9DY04X29QVVJ00570S0D28N01B3C600T47O5R39Y8K02L8X0P4T3','33V13CZ41U6E20XL8RUR31QKJ419ZN9OUXBSG5LIJDQP180NLB91S05S4OBBY8RW2NNT3ECSEQPQ765R5TPZ658F7H74H9C65RRFXQMA746YWV','V84LW45','B8P2ND3K9A63X72317TO244NL0BYOAPHX1H5I9FT79MW78KT17U95441DIX9013SDXO6D32Z73JF59W','158','Y39O4ZQ0D3O63WE0W45VE6R96WJBR026HORT14KMXIAU9EZ',731982475,-1534277472,'2004-07-26 04:45:27','1970-01-01 00:00:45',-2099644358,-1,-1481374140,-1952286283,9.0,-66144608),(1176571560,'4WG666Q','KM660NXC9WF392KE6ZV6WE90O8Y710V8B9T53K493692SU',-890818015,100,89,2,-90,68,'9P507K4CLO2S6XKM9Y','9Z','CQ4A',1,-301280336,'AH225P44QGK0JYI','V6IA3FWC0GOE84I9','3950L2278KZ5743W87M5S83NO0NZP82IS4BC0YE6XI293071K25FS007533ZP2','1MR03877QD7272X','A27W576A5X1E21O8BC','3ZHB3181A212600QGI40J2YN02276D23HVY080C8006OW86F43E05C6W6QRM86BL9DG3437812OWNNI87F','IDUMOR0UBDHV8KR2V646113Q04H91M9P986G3TMR','2RT1PNBHX','PS63A42','83X62I96KX5',1417490393,7,'2019-10-20 04:51:12','1970-01-01 00:13:39',-1230311047,-334783393,6369,335,0.0,-269416245),(1176571561,'758E962Y5DGGRO5318Z796P38G22536V465XH','CCE5HTU3I6K2BMV3UOJIR7GN4K06L503QQ3E5S48A01VN16P8891367W6UIPS01G71SAO6',-803579037,-51,-50,-75,-126,-36,'G269FFMZVJVAP2Y1D7VP7900J9Z8THAG192ZDK4GZ07YMMB','','9DR4W9M',-114,-787778635,'8','Q','S','84A1P46','82UYDMS7BC1M741C28I','943J8WS64V6497JX73341HKQOV93H6GV','EL2GHGD8350FHZT8C4E8N8J44D1V0G20Q6DIVGN','7Q9YPQ79T7','3F6S','BJA4NZ1L4MW93JJYAJ374FV0T3F8E47149J01Q8K6WE',1228889551,-6,'1985-10-17 01:00:02','1985-06-14 11:33:46',-579107606,-681544793,-1208990803,213,-5.5,-1904291746),(1368021706,'567X828BP5Z0T1SHUKW39LN2XDN10VS408P5BDBJ','T8T8251',1,30,3,99,66,0,'2JC5FGZ5LS03T1JI98P',NULL,'',-111,99,'47W9C2OR5941XMY9X1NKNX9I83SSP3XQ1ZL5S0G6Z61198P','4WK8VS74QML76U5B804C11R1377TI7I6WE06O8VIK066Z8DKZ59NUO7IVYHA519C','945IS','X34I8692AE364R4L58Z7RM93163XHSG047G637','MV7JD89Q21JDLI7M6332WZO3ZYM0ER8J991A5L6X9GLLB7M02T8XYZ76B27U752A8X','5TR164I33VK5U14WPWUTDK7O6Q134LYFO957819NEJ1LT4GP1498L36VY1M81W11N2XSS83318V9','UUV169Y','OT','1IJR0YH4PU8MZ4O','B20AW4LAVB7NZ88A4EW61L57RRT4DK1HF6VFPN243039R24032',2045130310,220,'2009-07-10 02:42:04','1970-01-01 00:00:02',-95975232,-912020463,-1500222778,934,8.5,3555),(1368021707,'9ARK2D171Z044497RAR0WCQFH6W5M97N8DB1E38YT54SHG5T027E14739JSCR907KMFPM0Q1363W2445AU7HA8339649UKQWTOXM','YTSF8Z9BJ99846X5H04',-341,-37,-70,37,7,113,'M70H56Q4Q2KJW131Q4760U9','87T6443WF','',32,8455,'3','N69QA978Q70F5EFJ315ZS2B97','59X0340I88','','91Z066UQ43E6W8S6JNKN5C26B54GSGP','ZE6DH6M','6V5259BL05T8KVUM9T6Z8JVC496D2EZ048J795X70SZ4AUA8MS4Y37ZL8J9649Q8J2GDD230XI5E021','DUSOTDVXRO','','L04',1228889551,9,'1970-01-01 00:04:23','1970-01-01 00:56:56',-77,-969179272,122,-1794246639,-8.7,-1327457187),(1368021708,'92693','N8B4N5FT6G7YZ763ZY5',-1414730922,6,-3,-59,-61,-38,'8Y771814M4F1','0T34J4HH5WFHRQUS15634UY57UD45HMR780EX26Z3BY','',50,-1988,'ZRZ1HME6AZ7V7361PZ5','','2G7YB17471ZF46H25Q30T5HK','2663','P9RE750W95E2Z4U65HJ01N3489TS8CVG95018XX9KJ0069','2YQSC65MRU03H5X677G7ZK37Z7Z','','EN3V647QP74248S0078H46JCH5FX6L6O4N3VYEBQXZ59F1OR8E271','8ZH','M2R3',731982474,-700646729,'1974-02-28 22:30:58','2006-11-15 05:24:29',-184599935,-5353,-912582346,-1935978643,2.8,-126168114),(1368021709,'GC80IBFWPNLU42JOW5JX86RNH51R','POK19369QO72LWJRB85469ES7OX0Q2E8M4KEZ2SF33NG643N1W2U28SC9W11EM1Y53P25ARNHME2NO9PNL4225AZZMMSNF541',0,-32,-31,-1,86,66,'52Z2NU562T40NUIJP6','QCN291A92NPU2C5187N2','1KXHP8P6026R',-7,-512735965,'3V651R8046JOB769325RFLM3VI88NXV14','18V','26','E4DOPJS9','199351XXY','','W6OMD57CU9F0A629ZSXCYT3G0UN1ZC72ZH3FG0031O17HC9V2','74M23','V6Q67H13664G75LLEIGOA1U5','J76QXYO3D9AAR8X3M',378265032,-1443781299,'2010-10-16 00:09:19','1998-02-01 12:52:33',-1751584748,-268816680,-414918257,-768296228,-2.1,-1151287226),(1368021710,'F0A6254804E9S','',-753,47,45,-16,66,-116,'7W33D9HH799M6R9RWG8M07B425RQD4MF929X4J9F4AI3AD0M4WRC8188A7K938W6UXPB1MN13VODPR16X8DT307LH8202S514','4Z69X','Z3IQU',38,-2118217564,'GAT10','GQ2BO62HP7X87M799UNF90I9T4F79F3KQP27I8C7T4Y3','','0RHSQO99R52','G2MNKCN2841TATPYE8UF0ZR35FG49W6X0Z0','OM9K5T6ZTNM089A6T285U867737IJ5E3F54695PP545DT6A22WE','V3K39658G7032787AV31UVOBNXSDQ036','','3SDWISE6K44E9440CC5OG5KI67D8GUNMG','932NX82Y04L755XL32182083DJ616L3KTR3T5W31S2GI2R',1632238758,-907316608,'1978-05-12 23:21:22',NULL,-33801565,-2097820128,-869319556,8284,-2.7,-111996396),(1368021711,'','QN7427N4',-56894793,-28,38,67,-51,-13,NULL,'DLR8UHU0','QD072VLA7VFO9GEET97551P689AAZ0B',93,-341552687,'XK6O90AN5J56S16RXKZ3GK15X9U6C8P7NIJI557S4Y7PQ9OYF28922','T66FJZ5N84LLE97RSMA','','UA93NGQCJK875W6H14K1D6PD50Y758G7839W32TAMSLOQBT1M32N8865JY27CXC145376CV743RZI8C83D5YAX1782P','52DWOD2183','OV2KF097N1G9HA573P','','9L1E6I','Y0P4VQT38D1N942YM221343','E',378265034,342,NULL,'2002-10-04 05:43:16',-1408895729,-271515321,-2042294164,-236593109,-9.0,1415),(1582770072,'9KW','N2',3,1,-57,127,9,-42,NULL,'730S633XVNV6046V1M1','',-55,-8,'7336VJ9976F6P996NL066R0DT5CFGBDSX0JKIH94T7E3WA1HVG0L6G7892SQN5D21850748760W6U59DRQ0J3LL7G8FEFL6B2Q49','6L5','15A422443OLHUW4Z988DGZ1XFT8964Z185W6FH7385D6DPR','','Z0Y8WC850DE31CB987R2','CYQ','21','8S','7STPC78MFH42','JL91L2CKWI2L12519VP93CHHQ335SG4ER59PBHPB7N4AUGIXY061PC520Z5C85970P471CAC5RL82J1HDUKV30Z39HXS5HV60J',1417490392,-757380840,'2006-01-17 12:18:00','1970-01-01 00:00:04',177,-9740,-1555284004,-2092083422,-9.0,-1128405680),(1582770073,'3I8PAMA0D0E5051T39','Q289AXJ21F93WSAI9Y4',-60,-72,53,125,98,-104,'1','','C3ZXU843W91WPQY0B0N19T31VJ17R3C',42,-1421059650,'G','928D72SJS78O','ZJ56H88OA714','ZO6U87NZB16SP3782UZ27495Y8O5FY1IK9EU1KHGBVG0ZZ70OUVA','57U940','2EOS5EWE6Y2HA4PZEL','W7K5X3','9XX7275Y318MPUX5','18ST','XTO7Z3043K1R78Q8DLVMJ4W',731982475,-389821505,'1970-01-01 00:01:32','1970-01-01 00:10:02',-496283099,7788,-1969377879,352,-9.0,-1696938886),(1582770074,'PM1Y9839D6','EWFUB44QSLHUD33OQ34JE46ZJO539S23XMIEDU7T6S2538LC7R71D7NH3B6WM70XG46H5ZRNF208S39AR9',-1360428873,22,76,-63,6,2,'596X57R15',NULL,'7XNJV8Q0P412WQ6J2Z2CY400M289XHENJP',-49,-490842090,'1B7QGV274VEQ4GRW69OXJ5OFKSP904TZ7864469XE2958JS53UMGWREB218BT4311K8S25X73JJ24P','Y98G1MZ752X6','X955N926O6FMRP0VIU3BO4U1SFJK248C9239616D283WB5Z03D3QIPQ3279UX5Q21','2QA','12J1G1653M','W9FEJB972AIG','O0X4MZ8FH','66W6381B5KEQ2LYH694YFE8IJSR4O7OPYH1QHGP0P9A8TYC5498HQ48YJ6','7VNN5N','WO44',378265032,-4,'1970-01-01 00:00:07','2008-05-08 01:51:55',667,-3693252,-552590854,-399176828,-8.5,-1263992435),(1582770075,'5R8','TT2G2LN24M8JXEX5V8L61N55B74630LICU0Z38403BY1PG4625A553V',-836467662,-29,48,122,-73,-18,'K','','TV4B9S3ZC7PQ1AWS989E81B66N6ZD3YYS25909RQINT966PK9HV4Z02W8541118R1ASJQMXH0Z3U0OVJW09W2TBK57DJQ899IHU64B',46,77,'RH633','FIORQCTL3253Q4J44G0F38CC6PP44','41YH9N0N8OS091C23W1PJFYNTREWS84S59LRB7586X42095V1N2OC01894S85S5','609A47363403S98A504DNU65LVC9Z3ALK956','0SR22U4RDM35W','U1UHD5393V0349SX7R71Q14407EH684OSDZU903Q3V3IBF3Z3Z','E5BXC4R179UNG43DHR2K3TT905KAR2586XE935CQ65Q1BLJMXNM0277K51J13GG93LK079V','131MWZK55GPT67OX08632G4NB67J8LT65JND0Q507W4QXJ45Y73B','DJOM69MD40MS','',1417490394,-4002,'1996-07-07 01:06:54','1970-01-01 00:00:33',-74505786,-1085802388,-4195271,-3727,5.3,-541505958),(1582770076,'03I8WM','WM91JOYG9YU3E',249,-51,28,-37,-102,60,'SIZ0LM78038T1C','0I6Y3HI5S2XK512IGRY','8F0ENZU08SDSI80R04X2F7FW6OZ30GIRVUJ0L340',-7,-894601638,'185SHU8U7','7V11A4217ZPTQ3G0PR78D','2L12A4G85C28','U605XLZJFPW3M6R1V90JC544Z2','8','Q5W1W31KIC437OKOLMXH690MKSC7R09J691OWN970WA29M0188K0O3JQJ6H8C6FNRRNLI062R9NC03693297WC3J2H337QYLT12FR41N57F25NK6X2B1J26IM5INFL20R7481NHGC1MOO8K4QGXYUAE024IK1ER4355JA184N','6WXM80985B5S2CJ1U1560DGMGC71D588RWMF2S3J858A2IDPF4U7TI9E1D03451MV0TKZZR03OAE2KAOU','MD2181RN3NZIZFP','Y57','85U176RF7B6PA8D295HH307QJF7C5BY81YEC6HP',1830381944,-1647814443,'1970-01-01 00:00:07','1970-01-01 00:07:31',-1671063941,-1247981136,-59,-134891798,-6.5,-1181499220),(1926094125,'','IRII8SO0753T327FUR51I301VL',-293261454,-1,26,98,113,-74,NULL,'',NULL,36,-977237534,'K5678XJW4T72KRS9T0TA32J423A8107AL867FV0ZJV401H8R36P4QX7W78T9E42TU59172ZBM','N5A32O713BT15231FL12CRJZF3W18O1PEP478W54E594MG0CSNW0X6GS5DZY4','4E13UMVR54F42M1','756E','5F56QOYG2LD689U20RHI5ZO030OICRWU525KU166WE086Z4M0VYS2','1K3TYP0EI0WRE4255','60FN47J9NH66TB8FKRA06ME55F80998TK','ZMA3383VQ3OYF0YRB99FI57K1GUIOC6W37T160R7DLR5CSU4DL043O643JN70920U6T104S94YS2B79','782SJ68T4TCXA','HT7K08T7YNVM3B0NNHT29IDP254XDZ469NJV8N0U5EP8E4SV9643263',163516667,-1618548237,NULL,'2014-12-28 13:33:31',890,-4,-2092422422,-102150640,-1.3,-786126720),(1926094126,'GFX97A5V450A900B1H6Y6MF7525987HS9A48XV8EZ9U0R9S5SJXVCV','DDPI679',-73629475,0,-1,-39,0,38,NULL,'L72',NULL,76,322,'373VO6FXKON208EE18T99KL9Y47MV8Q483E72H539719M176UVA32M99DQ7FX9WC3KT8TCPAL61R8STL852196Q0HBNLVH94BXRN0K0GB11DEF5HF0YEM35','2M339G2W6SP37R9ZIG3','216GO3J754EPP100K','0L98A0V2UH67','','','G6EKAPNM1517S7R6NNA79X0A','I2GR08R86S95XU26H20U0LKK64NO5G2IU4ZRW13ML6NF','1Y0L1GRGK3O1','NX17LL6DV12E169DP4VU',2045130310,-703853582,'1980-04-18 01:27:25','2004-09-21 21:15:55',0,-1661250683,-1132074547,-214985767,0.1,-2114569878),(1926094127,'','98B',-406960806,35,46,77,-121,1,'91G54K015LOP1596738J98B6YA8BKPZ8X45','5194DGSV34KW757ESOIW48OL140XLMX77RC1D1X1O38ISXA9PF1OO3FG6M','',-55,-258650088,'IH38ZA','8U7O3K3R39G6M53DF32F450PTR3S227037031R3FQ2KDQ669337S3M78XJYQSXT778','34CY8Q0','','','2H23OTS8TYZ0','Q62C9O0J56Z','TJP','Q317ODR7ZFPBJQRPF4GXTNC826305C45E25IH5SY','5T0PY1M26Q87DQT3Q7HM5',163516669,-45247357,NULL,'2003-10-23 02:06:25',-1257271985,-1160129030,-350,520,0.0,-382744918),(1926094128,'FL1287','1535MDLS8ZKEIB94SUOP29C3UH92U78HUN5D1U39321',-73517892,116,75,-112,70,106,'5WF1CXCHNV1NS59195F334AT7','',NULL,-16,6287,'2K7RT','6K2545RJ2DLOJBQHWSC1JA3N0E3S51L8BB1L3V2R5QU3X9XS9IF29L0A5IA9H3BOE682P5YRE7K7IQG082C56CSFSIN883CCG6ACK4','4776221','NU0Y0Z883GW8C35X','RWLEOSI3W6Z284HXU6','NF20A153K0N4D975D8N588I22S26741U','P46N3DQ07RWCH0ZFG8CT731W0XF60330ZT710F2ERVOR15547V22UAB10381G9ZM141','330L0KP1VV2O8XJ9Y36','1HDE12KM12D6W84TZ0PT306C6D89XHG378C5SO1JZPN1MT','VPA8JJ64951ZT97R8U942T5036HI82559G2YDZO',1417490392,7,'1970-01-01 00:14:55','2019-01-27 02:08:14',-5800,-1244801521,-1660957754,-758270718,5.4,44),(1926094129,'XVPDQIC6SH336N245E63NO5VA76B95UL70LTKMD4P6GDZ7QK','HB4A1JXBW1RPTOE1C26DTS062N82',6804,-85,99,-33,-4,-42,'46E7U1IR191MG005B959H','UF','67TKD0AS6Z3F613121625TFA8Q7BV87YL4V6RI6FOPW9B2L9ZEJU3K748L8K361NB10XTL2US6V8T89',78,-7,'DHP7Q4HCJVVNXWMMTC8R1','NMWA39K5M3OR0071280ODE09E6076LAKDARZ55838F21J1TU433943NAB9YY77R','Y4V72DE3VCC3YS636N8Y00Z2EXG08HK862265LP3L5302','7N','T9C6MSL1ALKI5F8T771CA6P5F169486D6D1LKI8Q','AN0G4U60BI24Y9Y020JO9C0K','0QOJS19SO723LC837S66JLB822268388B','5MRJI','13BI5OBV0R5AIE1623','ARN063RCA93F63IE90X066SPQRIGA0610C9867A8G945PV759B93983T123187844Y5R04F25QQ8OGE218UQ8963ZOG7E32A1XWTCXQLN59XU4',1632238759,-2101299514,'1970-01-01 00:12:07','2017-08-27 07:06:43',-2,-155600763,-1737096550,83,7.7,-1453567097),(1926094130,'0G68987YDN28GDX6BRU22UF','Q96ICN83394CWQHC9MEP9144Z643P62IQR74J30R3IJTGZWXGV3I511S78AN5W0N579477',-587367603,-46,-126,-114,11,-128,NULL,NULL,'178F6YFX55L2W0G52',59,-327626431,'5C8JV3NNT0AW136O3EY0J13REGNH5223H622022RM5X637','','','A4P61J8OO1SB6Y8966Z7QZJ06R7E422RGK8I9D1961LT7UX44RAS2BING94M6535JUM3ZS','8','1IN075','X8PAO53VL0FBPR646P6EJ5E45555GHMTJ4V2RJI44XXZ8Q5CM18Q2RYP1','1B22Z0246GEQ','V7ZI8V0K','43N5A59N3B6OPM1AWTQ665RPN',163516668,-1897475145,'1984-03-18 19:57:05','2004-09-03 02:26:37',-1626670595,-798643462,-988818403,-1891193854,1.6,-3861),(1926094131,'36CP4916112WONNNGC35407H8S7N780E1OV6Q6N1418T54781F47WBF','QNN569HS60XD5Q9AEU835OY58O9P2CKPT425XI',3238,-90,-64,-87,-51,-21,NULL,'C77X0UNA9XXAGB7AI29BA1TQ4SKP45PV','',-7,-54542974,'RD5F67F2J2','4N82','665NIP3TEM8941JTPDR1785LH7Z166BH0','KV7JL4K7S69DF1PO1VQZD3633WVLGXVX1X460Q35E0VD2UR59XXF4G76Z5DTEM87S598C4VGAY7PB40D8WP146Y9UV2NP4LR','ET0VK1Z854MT34EZNS8C27WM3Z3E0SJDPY5K86H2QIWQ66W5JN86','','21CLC4M6S49PAETLM3Z9QDY0','8ZCBL04HS9SY97MUUSW25KA','GHABER2G1V06Y7XV1F0Z9G6VOZ9BMSX','W',1830381946,2,'1970-01-01 00:00:53','1972-07-19 00:00:13',29,-901774599,-717277686,-154027159,-1.0,-636894619),(2140842487,'379Y1OMF7313O0242I2MPBUP','H9BQ4P',-203846197,113,-118,60,-110,-104,NULL,'0Q970XS08PNPFNV0PX4N',NULL,-53,-1219099204,'43LBB7QU4UOII991U0U','GRH054','551D9Z5Z7P53N3L4L11LMT4K24UP1X0K11ZUNNW910Q06O7B94TWN98KC3ILM116071M953TKZJTM4ST0K83P9WQ49A11D8TN0UFI0M','50L522R2J4PV5L17K40O093XD462S96H6MB0D0RGBI6G668U0ZAC91DO99KY3','7904L61F2C','JE3OV922F1IC','QIXGF1JL87L54Z3R264QFQ19','99TLFO3K','4JHF39X634YSA192240WXHA63Z4H','1YJONWY4I406U44I158V39WZ1TY9H23',2147483647,-95,'2012-07-03 17:33:28','1986-12-24 22:06:23',8718,-140,-535925153,-2000396945,-9.0,-868166305),(2140842488,'','IC9YF34GH1R717D7B3Q2G57GWU78S9Z01XU1F6142U7J',6238,-54,37,122,99,-49,'Y96QO9HI65JSPZL6D4Y1H5JTQVGJQOUT46P3','P7H450ILHDXZWIW51YCJ','7DP34RM2JE3KE2PU9D8',24,-8015,'BJASY36OSZ5718671782JC5JXBE215MHI8CS51T42J8P6C6A7XM1O4NO26BL3QPURSE56D69','7P01XDV6XNQ7469XC3Z629D4GW46G11T2A5I97RX7ZB9NK65329L742OURUNNV6','MU47Y7Y140','','593Z1','2YNF3E3K950J492','7HVI1ZVQ8I563E','','','811PZCOI7BH1ROOZ3V732DE2X',517234109,-316,NULL,'1970-01-01 00:01:03',634,-2109223231,-1201852941,-422425513,-4.2,-1790481732),(2140842489,'H4O6','321BTGLP63F7EY46',-182200955,-26,84,62,86,15,'HR83N474DZ8J2930JMN361DOSXSSBFSE3K8XUNIW158X82SI2V0C','',NULL,-33,-1177313280,'75D5XH6P1O14L3B3IMXO1U89SH3WRB8','Z627T0A7I77Q','WC9CKCGGO446KH4S83','4FNSG','2EX35636W9986L4H839CP9API53SS4F29','9491X98Q746C69E6A4I9','VQO','IOQ3F946QM9779B21C188988M5CF','7G74L1JMI84IJP5G08724B259LP','88VA1848M895H36UPZV94B2SZQ590R8O0R3QZ1L6L4MP4Q8FQ29L1K2UH53I11GZ9F50941IM00Q69UI2GDSL9G8SA38X5YQZJGVQL5R5NL8K5790X74',731982476,-879963597,'1997-05-02 07:01:40','2003-11-14 04:05:13',-403388416,-209336479,-1853908224,-1669657910,6.0,-1000393617),(2140842490,'0J56102HTF27243','',-1251788555,88,-92,59,95,-111,'76N9ZD0841UR5Q3367795GN2S7FR48HAUCZN090GAM48ZMJ2V52GZ3CFX17A8RRAEIJ60APY1W6E8JB70Z3069','07DI2SW79TW3W018NB5707HWE1GLCT1EY9B',NULL,-45,-957271433,'04633L4EWBE90PN0GC22M8204V0','J10PX9B68B7IWP73N911195','5FWF1683M','','664QC4I79','2ZO20FCIPPP41I8181V8','4','','L7B0O0OROK0GJ8','8B2HZDL75X67N41',1417490393,-684464573,'1970-01-01 00:00:49',NULL,50,8204,-412825761,872,3.5,-927275757),(2140842491,'UIXF24712499AK189KQ6S4524IFD2G4O4N34UD3G8L6XEHSIF77WY5IE3','',-1407703639,57,44,-126,55,29,'8X6W1138M50505Q6OEB7Y7XMTU982Y6PZ3SYYMR','U5375NI9F0P95418DGN8QD6Y5BVJTVQNK4KEK6B','KM4GGI1122TK7QPD317NX57',110,-1916865238,'2FR1JL27MZBDQ46614715478RWX','11POB5TY241RYG60I99T6C65','93369M119GE7M14F','','0YB7664R6B0I199BIOT353TBBMP40B3MH33060EJ1L3BQMVV0B8','2LV8847','','','','86NNBNRB737N08I5S3X4378HD0PDMWVUR177P036YFQYCW5D1NB17LFD8A619O91Q3H2HIE653MCF08V2V83PQ6W78490B64PT9O8JVHI17QH35146N',163516669,-1164721018,'1970-01-01 00:00:51',NULL,9979,-1789,-383342615,-2032964317,-9.0,-95),(2140842492,'J80128','E46O946X20G0P',-1933332022,-112,-74,3,2,-102,NULL,NULL,'94QB',14,-235134114,'9EBOP6Q223037','KU61D','K82U932MPV','O2C6W5QR4MRIV18C7DF91NO81C9CW7ATBAN133PT9','278M18T47OK07','','','I2YE6O2S0JKH89J7','A3DF57Z5Y9Z6OFBL6QC76186L8393126ASE10FYX898X9','NK2S72SWNHDV261KHFYE92MZ5T78KK6UB67I128PI759S2RL5LKRK3058KZ488F90O08NC211SJ747M2AJ1ZUO4D8N6X7GPLM1KB917J26',378265034,-1746939610,'2013-05-18 03:35:28','1972-02-26 04:21:23',-3,-770,-2118902111,-1110297310,8.2,-1549348774),(2140842493,'651','215UEGVB826N1Q8664J',-993746814,48,-33,-89,-96,109,NULL,'GXHGYY702WO973NKY','173KN',3,-2026731832,'4485C','','','M','9O41B51','829E82T7W1D9T06PJ9RYQ5557MCQ0XZ7RZ51RVMLLQ5XL5D7J018T83I7JI71Q8D54QAHC59Z65FF579C7T5A181PB48B6PBO53374I1V6N61A60F3IH4DCF207','H6W1ZM','7L4DIMDCXU7LDTF9XB52800H328EOHA7431KMD2TN6908K8T89UEA98247BSL6VY967079H1ZL','E2P19F6GT429133DRZ38LG81M8292S','ZCOHV41MC3GOWNTM7KZ40H2L808VZ9452UZ9J2M',1417490395,-980074877,'2002-07-24 08:10:54','2000-10-13 16:45:17',-817953920,-227519128,-1067264623,-1553265899,-2.8,-122231188),(2147483647,'3HN401R3KRD66H8CI15H7A','0U57324KW6NV9X1S260HQH50277L2KS01TM584JCM0LR58778749UP9Y82LKGZRO',-1617809896,8,81,26,85,-101,'D','XA81WI','3',-93,-1743194214,'E6AZUWD7KXXAV1586E','T2','W0ZH33RA91T0YUO0PU22S07AM72U4586GV6G40TZF8A18989CQN349UBQ65UD6A77T5M124S2149QF93KRCJ3E50Y9591','','','RSF','190S5WBN87E4L18VF3','9Y3F88293BM5W09LM5','G2C414XCEW8RB5V02HSSDCL5R1Y64E5O690IRG6Z80F','',163516665,-117380770,'1970-01-01 00:00:37','2003-03-07 23:38:41',-1322262880,-1111797213,-1895659471,-690865879,1.8,-661275249);
/*!40000 ALTER TABLE `cb_cmall_item` ENABLE KEYS */;
UNLOCK TABLES;

--
-- Dumping data for table `cb_cmall_item_detail`
--

LOCK TABLES `cb_cmall_item_detail` WRITE;
/*!40000 ALTER TABLE `cb_cmall_item_detail` DISABLE KEYS */;
INSERT INTO `cb_cmall_item_detail` VALUES (105148070,635683268,517234110,'IC8W9U67SIBY8R1H5XZJ822CND031QUU1H5VB8TK2H2B85R5W0XU6QC386I3992I7YD',-455564609,'J','V99796R480U160X2DP687688XFN5585Z4W0A5NL55FXK7Q1SAN1',1246,-924976914,'5',69,'1977-10-05 04:18:17','L142E9256',-33),(105148071,635683269,731982474,'Y0S5DI0X4P1HPY2',84,'IJ87RT','60RADA85DGGBW7N44RLE7ROT2D9NZ',-766274211,-4,'VQ9',-6,'1970-01-01 00:00:08','78RHZC593',75),(105148072,1582770074,1228889550,'2PRH6SOZQ8O7U',-232347567,'BKH6N5CVO45T1BSC7864RJT23P4EA3M50E75PW01U2157DIVZ','1LMZV0W4K34N',-1585614115,-2003601211,'',62,'2009-10-17 16:05:34','',-47),(105148073,1368021711,378265034,'3J44Z2PETILA',-34,'BB0X50M976W874WX58U8VA67DVNM1J58BD806DDV365149NJ0V','G8',-387086336,-1200829216,'UZO2H3XIDE',6,'1971-09-16 15:24:38','21N329MWZ',22),(319896436,2140842489,1417490394,'TZJ9ANZP0C9041A5FI51P8NS34KIMA31Q58LIMM55Z6D524JQP',-1888108865,'757EPY4','T71PDTOSGGVALNY0VLQRF5IKV5F7ZY63J',-525,-720914898,'YAW',-2,'2020-02-24 22:05:06','3X30N3W',-74),(319896437,233058463,2045130311,'26S4UI9BYZDBE4HNJ27',-362044372,'6T6M80E2J49A7ECX76X5EF67N4','WY444468B3QVR005I83NDBDU937G86N5P877322K20DC1H348KA2WWAN26Y60046LU0LH82T842WEA8MEV7210NM73URKEEQG2B',-39,-1394215907,'GD476',37,'1990-02-24 06:14:27','9K676BCDU2XY4HQ2G',-31),(319896438,2140842493,1830381946,'35972Y5PM02TE7D3BE75N6U5633H52O4X9499Y7Y9Y',-1572476382,'57U4733X8','',-847525714,-1759278508,'',123,'1970-01-01 01:30:52','X',27),(436048779,2140842487,2045130306,'HW7B9VQ1I7HE0861SC47IV8R369QGXJLD9WHF',-1449991153,'IL26XUBMICTZ404MSKQGH650SZD96960005UVE4VL73X3OJ9MS1291791LX85425N4I40875B98Q9K28W9','F638H3GEKA596TH76SKNL87RUK8H107885VRM81E1K',7,-1825857807,'3Q2',-53,'1985-09-21 09:47:15','657U95S9152N260F3013Y3L29',78),(436048780,1368021707,731982475,'76WW82EYRA9I8T72F7V90KN4I80',-99986348,'01B','HWH2SA0455SP90NP3E24QFUDF',-774059236,-1715706812,'8B5X',113,'2019-12-05 10:23:55','',-9),(436048781,233058465,731982476,'BI18GF359TK3S266K5X3VW',-9274,'V4YTSO9XBG2S9Z7N8T092','861KO0878R0181',-1054488620,-1428365309,'9',-102,'2004-03-24 07:23:35','KOG058Q74XKX1Q9965ERYS0BX4JD1',100),(650797144,2147483647,1830381947,'303ZW7Z',-944158523,'55H6031586UABZ37202EHA03O0N6','7B8CPG19T8K8356Q9FE5AN7DB6NR296921V4X8DPEI508YB3PE',-658,-1803321646,'0',-62,'1980-08-15 20:01:47','7JV1G2K0BQ29XS',69),(650797145,1926094126,1014141186,'27758T3O620832R24Z1EB5',7,'VZN2G76R986','FW858L4K721EDVNBGL04Z5677KXB193D173S9647685LW2WUNBGB0D4JB90CG3QVDWCBE9J2Q05V0WT3S7UAZQB',-859479288,678,'58YD4',-69,'1990-09-17 08:17:37','L8WT',7),(650797146,1926094129,731982474,'P1',-9,'9699B9E9OE4WMP3KMEOFJDHM9K8K','486L2303TQKX9C7K71VC524197Q2O02H352864KQH7D2L8V3S06W55O9897DC4A9GM594B',-1647885225,-38,'Q88NSEC',2,'1979-06-17 13:53:14','QL1U8NMJ4BSWD000392TM37109R8',-87),(945637505,233058460,731982474,'9992PZ101GQNO2KQ4821RFK7199265W279A0PL50C3',-929160329,'','GGQJ9I35D3131',-1476185432,-1703855892,'',-87,'1970-01-01 00:09:25','1UX2723OR448XU',45),(945637506,233058462,378265034,'W11LL01U78SCKC7XG2',-514819067,'5EM19Z7O7L80P42O29838H170FRS9ZW79302T3A4PO14KZ5J84Q8','X3ZG54E4ZH6XV',1154,-1208350118,'UTK5UXM',-120,'1970-01-01 00:00:02','Y',63),(945637507,2140842490,378265030,'Q19M2343M09E94DKVL9U47NW092RDLGDJ1O',-1304713045,'S23E93WR6IJER0E6954C84H1QOTC28OLX2SP','8H2V86HHG68OUGI7YJ20O2866D58J1B934450IZB',-130162181,-294902718,'242IG',10,'2017-01-15 04:45:53','76WY',-84),(945637508,961823194,1830381946,'T1Q6M4',667,'HM4236LPQG1439ENZKL452E1R93839L66AZ435E1M5KY897G7D5KAK9I6ALD37S1','GGHA4ZK8L365',-2001428282,-8,'P',76,'1970-01-01 00:00:09','PHZP23DOI5B8',-55),(945637509,635683270,1830381948,'',6855,'D075VOIU9125FD020954RKVEVV25J7005E819318','51P4L1BPK4LX74F',-1980121496,-1521261726,'',-18,NULL,'8',-57),(945637510,1368021709,163516666,'K7P5Q30X3HO',-1568078653,'9UAK2B08S44S597U','0K441V33I1PG7',220,7480,'I4DCP4K8TU',23,'1970-01-01 00:00:07','',-36),(945637511,233058464,1014141186,'536BE8EI7Q8V5746CQ19CVGM',-51,'','F2P67FW7FXDLE8WT28V1JC8FXP9TF8190AK',-259881153,210,'3S45295SKX',-16,'2001-11-10 13:52:46','',-86),(945637512,1176571561,163516666,'B77CA9156INE',-831000991,'F5CM5R90717SMF3','6A6',-1900301551,-550,'PU4',113,'2005-02-07 10:02:19','T335GZ57TAT4535FG7',54),(1160385871,1368021706,1830381947,'',-918559819,'6N6F7PMZ39E','3NJGHL028JW1V71I14789Z1682LNSJ81TD0BH',-1112479155,-1056273176,'WU',-121,NULL,'TV44T563KVH2NM0PVIEPV101V3A3P7393YE3',4),(1160385872,1926094127,163516668,'SUMF68749P40442Z0I',7,'','WYU5RBPTRD65AV0Z30S9ENE12S7AXRSPZ7SFW6S',-5,6,'',80,'1970-01-01 00:01:03','5844U4OI2L6L431SW',-44),(1160385873,850431635,1830381944,'959J6GW56QV76XKN77Y2C5IUBGKZ011YD2Q3ULCRJ0UNX33KFMNDI0ZI67S097KD3I1U93ICD2NJ32J1',391,'D584','462GZ8X2Q8UV9M898SL320B0M5W9NE023BDA9566JL9Y1030O',-1728209883,-2046595696,'QR2',1,'1992-07-22 02:53:08','077E4K2RT00P7',-109),(1160385874,2140842491,1417490394,'',-1603202933,'05WKTW1ZQSG68LR0HC98B170UKW4','3IJF',-1173662238,78,'3JTF',78,NULL,'6J9',43),(1160385875,1926094131,731982471,'J',5075,'4','0E2',-89,-427106956,'0SR27Z286P',63,'2009-07-15 17:28:21','5',-119),(1160385876,961823195,2147483647,'6DUP26QBQQZ7B8M219C2445Y217W2TDF3C4S24485OXEK990D1BJ18GAV105T19701A13B8K1WDJ3J9B732UHEVXTXTP32736124Q5A6OQOQ7E8LN0AO687D9PL87728HOA5BWN4T6RW78LY1P6SICFAF',-31087814,'91Z980MJKVBUK8VV','RQ987950J7HUO2SZ4V8334703YK5N48ZQGNE5KBUX7G0TDSLYGT050N060E85W36T0D4H38643313K4KA5061295AIOUJ8C9Q93H38794587ON4YNC23MREK40',-1421198821,-101,'3E2D719',56,'1970-01-01 02:17:54','9IC2D02G86Z3419',6),(1160385877,18310099,517234110,'0KRZ320NP5Z2VNR5IXR6LVD1MBK9R62ZB5Q23XJUZ65B1ZA5Y',6969,'7L65P1T72PT1DW29M6110F','',-1271645830,-1892746399,'3',113,'1991-07-23 08:47:32','17E2DY4P6A',86),(1160385878,1368021710,163516669,'T37T34MS',-131373590,'N3G','NB1A3BWYAURH5JT48WM7O6EF7A4T3S5O68KKW10IV6WT17FIE1MK1V1GF34',-732744404,-368139075,'8',102,'1970-01-01 01:15:27','X9G4Y',23),(1387861145,1926094125,2045130310,'824',-1472301386,'1Q6890DEVJ6H','Y6',-1480523073,-337536938,'',16,'1985-01-03 21:36:07','G61ALHS80D58Z8F6LHJOOW97184018N598EY98P664',72),(1387861146,1582770073,2045130305,'SSJ958Z3UN2794NAAW650STEQ58XBIVQ29W',-1140476573,'VM3VICK8N39W4984QP0J2J3K0049IG','014JV6K9OR9Z4W5J9F5VQO987NXAPYS3DO',-1974638417,-880197410,'9',-74,'1997-09-10 13:50:11','GX2T4FMM91YZN25571Z2ZEF7Y7438K2',41),(1387861147,1176571560,2045130308,'',-1261013048,'JN5H7EIVP374A','9MQXW587TP6CQYJ',-1867453855,-84715109,'17KXU',-47,NULL,'38315HXUTX28LYOFV945X0J28R214FEJLDI07CB83846DFD2N3',115),(1387861148,18310098,1228889551,'M7CCOXZ',-713137306,'JO684J','A5BV9C',-624052283,-359,'5QQ0',16,'1996-10-21 20:13:00','6N574E3BVX9N7M2',68),(1387861149,1582770076,517234108,'T4X7861',-407946866,'191964JEJEC4IDLV0Y26H75K79C6OLGZ07','',605,-47,'WM3HKQ0F9F',43,'1997-05-08 08:47:10','G6IFUY',14),(1602609510,1176571559,163516667,'NJ7CW6V9TH2D0U00M8BJ1RTG89961',-948595869,'402KB4K3E','P139X282OTJ27NUGZUR',6826,-359,'QMSVE',78,'1992-09-18 21:13:29','UQDQLD84JRO0HU4EH6',12),(1602609511,18310095,163516668,'83W4G7JQ8X4HX9DX8P15BD7W9DG0Z0R59T0D2Y916H66',-8,'505EEU5225446L5A4O57Z8DB258A35L036H8B849VGI5Q23KDVH','V1GKK7B2MK5NQYOJH9136EP585RU9K2',-316453803,-9,'47N',-80,'1970-01-01 00:00:02','F5I4X49V2HBC428LLQME36FM8FLEIR01ILAKE5C4IG1L',-50),(1602609512,1926094128,1830381946,'',-853480151,'48701','Z0867A8842MXER9JRJDP2GYRXE67U01X6M72UE509KVJREC1204A4A241X4SFF53X9Y5OS6K3EB1AJQIB59ARK1IQVWAG2',-266673057,-1862310596,'91T',-105,NULL,'68M6U35781Z4E0B5CTOF9O5VGF05R63890674SBW3TC6',11),(1602609513,1926094130,2045130311,'36HID1W2A7EE715AF',-772201943,'62GUY6SV5YF3FZ1','R219T655W',-446255035,9008,'',38,'2006-06-10 19:16:52','6IH3DL00F0',7),(1602609514,635683271,517234107,'B993B8SJ899692BA32F29',1526,'BPPH97F097I3YUX4WW','97S63E1RK580C45YVFD44AA4H5Q0E5S10F4545WAP8GO9JETL8MHU1WD6430VV04Q6BPX93',-555396541,421,'5',79,'2017-05-14 20:00:51','',90),(1602609515,961823196,378265030,'648K7760A0J52KPP25V3N0MM8422SC0L780JECQS68KZ830Z09EQ2IS366ZK8MU1',-1437148732,'7R69OA4XPR4AF7C0GKEMQ7DW3E2FYUBX019KZWEENQOZ9Z1NF2EY9YSS38N9P96QW7197F67YMS25I55WI5R6504HVJ543766Z2XUJKN','445630PC9OJ7827966885MBYG548UOH9313R5MK6FIWPUQ7CCS401730IOP1S2JZA5',-767,-44,'XTLDG',34,'1983-02-19 08:30:22','',68),(1760444169,1582770072,1417490395,'PSDO407AL9GI9605PD78249SM6AXI7ZNYNZK0G8F83QBL86TPZ7238HXZP387KN7846TAWP03B505E03I1',-296222881,'9M14','84RZBG3OX0E7DWU3H1R0NOPSWPS77H3JIWTLN0',-4,579,'01',64,'1970-01-01 00:00:07','P344D2D83N61V1Z1OY1R',-87),(1760444170,2140842488,731982472,'VB4ETXXVQD64GQ094ZO689G401H1X3549E8099Z153N0EVZJ33AX370M45934227',6,'5QAS9E5','6YMVHV32R7ROE2JA98Z6099UK273T',882,-96665788,'',-64,'1986-03-03 00:58:43','66291F8A71EXQ9Q5RL2TN74O28120SSP3BPZ0BOMJ4B1UH7DN8',76),(1760444171,18310097,163516665,'H9',-1298583416,'20M6UB892L07W2P1','0SHN8672VB7T45X78AM4B8LJQPQ3O',5,63,'8A',0,'1970-01-01 00:00:32','16O',8),(1760444172,2140842492,1228889550,'L8ZHN4',-728373177,'X0T7E080','88DR2EC1U8P263P323VHUH91J7XAWSE1V9IMML',-1298571044,-7419,'6G9W4',36,'2018-05-19 20:36:56','2F9PH1X77K523XO4IVV4PB12',-96),(1760444173,850431636,2045130307,'NO4SIQB9908B63C95X89F22Y8GM1243M8Q49ZZ044FW1G74IE5BFO21G8HD4YU185Z7IGH5Q2D5X81TS7GH519IH8KVLP950X6V1REJXA177TFE020K9L6KO8P0',-539503373,'294P9RC33EUY74VB920WH29152K1TP0SC94CP3L9O47','95RL13M946MJB',-424116120,-1369501121,'',-88,'1997-12-18 06:13:43','22J19TH3II5G8PBLTJQW543P039O1IQ3R7R71E2T61W1F58510',-9),(1975192531,233058461,163516669,'WKMAFO425A2Q769CM84HV9R657T66P591156W55VZ71SVKXZ2W4H84U1P2',-2008918332,'4FG45735E175P4DJP05T2JDEJ13YVA385WXAFG9MSUR957503F','3WZ3K2BAWB6FS774ZMCLI907UQ6CX9113J1M9P21VUXHF0WH51N',-528,-1837531116,'',-25,'1997-01-14 00:12:05','3L6C7JB9PQQOE05TMMS4VMS46V80809168KQT',95),(1975192532,18310096,1417490394,'53',-1241244103,'3TP93GX','4NVG4154S14YLE2Y1FA47Q23E05Y',60,-6297,'2C9C675',-74,'1970-01-01 00:01:36','',-50),(1975192533,1368021708,2045130306,'U0X3R3FM06S87RODH6Y50GM5ZE61CPVE',-61764836,'8QQ3VXJF8CAD','SS',562,81,'809',-46,'1970-01-01 00:00:05','U42W9OW1BJXW812Q3353U5R7ENS6',-119),(1975192534,1582770075,517234108,'U5HG1C75K6H0RI9',-1555396279,'F','65Z8XLM63292G4M991E34X63775',-2053667043,-1475652336,'5',-111,'1988-02-26 05:03:48','76',11),(2147483647,850431634,163516666,'H08MPQ5Q1727G2B905439U8WL',-216893045,'DBR13','YLA0139S30XB93230CWO4C3O64013P403C1L23OH',4,-170611721,'EV53X',36,'1991-02-05 01:32:02','520M0Y40GZ',-123);
/*!40000 ALTER TABLE `cb_cmall_item_detail` ENABLE KEYS */;
UNLOCK TABLES;

--
-- Dumping data for table `cb_cmall_item_history`
--

LOCK TABLES `cb_cmall_item_history` WRITE;
/*!40000 ALTER TABLE `cb_cmall_item_history` DISABLE KEYS */;
INSERT INTO `cb_cmall_item_history` VALUES (62512764,2147483647,1632238759,'K6KJ18PSZL1MH96E13099UWUAGTV549WO4N72Y1K0T5L1AS4N8P721320TMD5T5X0Q302A4QQ5QX5FZ3OW2J37IFXPCR','5JNL5140ZVUQBVR3GI96F3TL0B50050G',-92,'J2Q','1970-01-01 01:53:24'),(62512765,1926094125,2045130308,'9NP13GI3H1FN0VO407KU7RG5T34H7VM6F4R5YK1R','4O4XT735XZ0R52EAA',-24,'CGXFI82','2011-01-03 07:14:35'),(62512766,233058461,1830381944,'','9PNA8C',-107,'0S84Y084YI33869H958',NULL),(62512767,1368021709,1417490392,'O91OX92432AH4','W417',14,'5P208O3L438','1970-01-01 01:41:23'),(62512768,233058464,1632238758,'E8R7ALO19D8X89TCYQLSL2EXCW50YGXS51X06','',-126,'4WSCGL1E437A6U','1970-01-01 00:00:01'),(277261130,635683268,1228889551,'B8C5B4ACP3SD66VK307LOIV712AS','UNJ31JX8V427QD54T44EBPCW44FZIQ10WJJ5NU2Q2D8H21FFY849E8CJ28NUVEKW26LFYT6R9Q4XAT2',-106,'GC1NHEZ2RC5XCJO5DRW85','1994-03-25 10:33:52'),(277261131,18310095,731982475,'KW48FRCC7SDV2MQ99ZGO17D8W75HTFD5CY94YPYY7A2C7L',NULL,-79,'0','2005-04-13 21:12:38'),(277261132,2140842490,2045130309,'C26D3H','12',88,'','1970-01-01 00:00:08'),(277261133,1582770075,731982473,'899A9544CJZ5D28EB1RY665O24WG0U58V1Q4249EE62R83GZ7KO36D','R8XE79X79R70PL',0,'44X3I2N5RZ0LHLAB4LBSY4XJ8S96G676B6N7B','2013-09-09 16:49:01'),(512668475,1926094126,163516668,'','DI3619N7RB7WKZB0DX030BD83U842AJZUQ81',50,'61Z',NULL),(512668476,1368021707,1228889550,'U','8O188T9EBDRC394681490XG2SMR0OSTBO0T3C979L97KN61Z0HG5',-83,'K0ABC2Z7E8F197UMQL9IG56KM7K5SAC','1981-10-07 20:36:13'),(512668477,1926094127,163516666,'6MBC3S1QXQ1Q77X50',NULL,5,'D3IIL5525ZH15Y885055RI242N7R','1995-06-18 20:36:07'),(512668478,1582770074,1014141186,'FSQBMKV','VE647WNQ2M5Z',-106,'7X4636J78X5','2010-10-14 01:54:08'),(512668479,2140842492,1830381949,'C9','',-44,'29H5B600972939JA49BB0H4217I58V','1970-01-01 00:09:40'),(512668480,1176571561,517234106,'3N4WV8QZ95CWDK188A944M4JNO0LWZLL7E5L','NQ51QE9SBJKJ0Z',-55,'79UO2XZ5PHZ904W5028IQ5B21O4Y','1976-08-02 10:16:17'),(727416841,850431634,517234111,'','097PD5QN18',-44,'89JG92VS',NULL),(727416842,2140842488,1228889550,'',NULL,56,'56C316GLDS7LTZL52YOMC6874P8H9J1K3FY9',NULL),(727416843,233058463,163516667,'F72C70','ZK5JN0OV8LIT1IMIZ8O25GV03MHD3Z25FT9R6UEBF8JGN874OAJ9SV2F4YE55CSN2Y',-31,'27','1970-06-11 18:53:17'),(727416844,1926094130,1632238758,'J29WF0DUP0738TK9E0EEH962TWLG','D3H81Y9H5S1R7F3GV64524G4HNUM',-71,'R0MMKV70D9462N1I1NK1','2006-08-08 14:59:54'),(727416845,1926094131,1830381949,'7PALA9SK6CKWN0929BR4BK62918QQ1Y1G','',64,'6M36PLN7PM70WDMCIU0O2','2003-10-12 11:38:42'),(1011825064,1176571559,378265033,'C7B60T',NULL,-110,'7QB84N863X3J5YER0ZLNO5240I60B','1970-01-01 02:45:46'),(1011825065,18310097,378265031,'0860Y1B3IOD9K5YCDZNSR9Y0KH07CV21458T','6VFKKG64BXJ24T8BXL6F2832N890F0262E081UT487AMB7FY420638EUBKYTP529CRM846932MFR4IYC91307772PCBMO3Z19LCQL87L4ATJ3V79Y',-47,'XLXH57SVMX12155E2J6NH7FA3X48G7555Q01','1970-01-01 00:00:06'),(1011825066,1176571560,1228889552,'I6268HW','2HX76',58,'614F740S','1975-11-20 14:48:55'),(1011825067,18310099,1014141186,'3W1C8WI6JSX1367E090RVB4HS2105F','93GHT0HL2Y0UNCU',-13,'05','1978-02-25 16:18:38'),(1011825068,635683271,1830381949,'N8H21NT73274ZMVS','F494H671U756P8K29O9OZ3Z',80,'4HD5J','1992-10-18 21:43:05'),(1011825069,1368021711,2147483647,'W5KES4M6FRTDKW1X7D9','87N4LO97M784F94A6T3EBD619W2M91',-36,'94283M398UVJJ69X1W6EYX7OH0L4A5YA38792PB965RC461LWW','1988-11-22 07:17:16'),(1226573430,2140842487,1632238759,'6WU8T3TZ0P01AK94YCIC51F8PJ5','118S',-7,'F4750E561DJ718L','1970-01-01 00:04:10'),(1226573431,961823194,1417490395,'UX1I8C7781VUS618CR236VFY78PPWR558XNJHTNDMX23177JB4E','CQN524PLNU638A1OY8A203B33R7A0VA8E32Q56V8EO6A28559GOMO7W3WC7ESZEY9HT4WPJRE7331RA0SOJFIUF7HJB',63,'96078695G755G51CJ8P7614RDB75DPVN840J463Q6I906TK666','1970-01-01 00:00:53'),(1226573432,18310098,378265034,'78NI2H3N62VRX1T',NULL,-93,'6ID6L0','2002-04-28 14:37:51'),(1226573433,233058465,2045130308,'','',-26,'LR20WH13O508D32D',NULL),(1226573434,1368021710,1417490393,'','0Q3PD2C0MAC33LEC254J7HPAA96JYOK13J1T4HFUKA57919YT6M9Q7O3M02HM14MOJG95O',104,'17I270',NULL),(1226573435,961823196,1830381946,'5OU7SV94KDP7771Q1EB606','D9BNX847IO7775G233M9F426IDT21DBVPJ715HZZC4X2U0',-30,'L62450FE4861WFQ22Y0806','1981-12-05 16:46:19'),(1466056149,233058462,1228889551,'','7841N0JH59NFRS3FTPA',13,'IJ56',NULL),(1466056150,1582770073,163516666,'9Z3WOFP8W2C4K69318EU90856ENTZ2FBKRYSXA1B','3',-1,'56N77D54Q7930J6WWI828','2013-06-12 23:52:54'),(1466056151,1926094128,1830381947,'HIOP6','PC75FJVRCRZOH69Y',116,'9URT','2015-08-18 13:40:58'),(1466056152,850431635,163516669,'C7J','RNB2C4RC0R1',14,'','1995-03-12 20:03:52'),(1680804514,233058460,2045130308,'F378US2O18FJN6TY8DNZZQBI8N2XY9GN11DW43EEUP17V6F241USABGZ415664Q2D748',NULL,93,'8M5QG9361UX8','1974-03-30 21:07:19'),(1680804515,635683269,2045130305,'','',-31,'7W2WRNECFZ93N',NULL),(1680804516,1368021708,731982474,'OMUGR7YF1IZ5I','S2511XKI7WJEUV85824754ZQBAR',-3,'A9XE36O5W44','1996-06-20 15:50:15'),(1680804517,1926094129,1014141184,'FA31LHN7NRN6NJ1ZLBUMO7C117','JRVNRKM90FVGN5FTK13J0IDPPD18H7V0IMLKXB9TE2N291W75L0PH7QD6Q4T2Q23S1',-80,'1V67MI1UT17WGO72HH7197915O41C8GLX3','1975-05-28 09:49:54'),(1680804518,1582770076,731982472,'5','6QF1FQ49K9J5',-100,'71LUAI5C3','1974-07-29 01:06:37'),(1848346638,1582770072,517234108,'','I',58,'K7CRII8FAS5Q78L96S7YX2WRMG',NULL),(1848346639,2140842489,1014141186,'','6R5ZMVIC5',-41,'Q013V1N2N09ZZ8WHNP6FM2F',NULL),(1848346640,635683270,731982473,'QM962J',NULL,18,'X2OUED1LHPPKCG','1970-01-01 00:01:21'),(1848346641,961823195,1228889552,'MDAFE3W2',NULL,123,'5Q03MG5MK8C07NTCE80W7Z2J','2007-05-03 03:03:09'),(2063095000,18310096,163516668,'Z3O3T2GVP13WN',NULL,-125,'PY16D4T','1975-06-11 06:07:45'),(2063095001,2140842491,1632238759,'K82413','VW7',61,'9M7QR','1970-01-01 00:05:19'),(2063095002,850431636,731982473,'9HX6A','531Y5V',6,'K738I07TNH8EL46AC382KH','1984-09-25 15:40:43'),(2063095003,2140842493,378265033,'1L2D31HU5PF47E69562RGC6225M836T68VLGF5','1004J4S10336W45S6846C9I6P3K22S1MJVH82H8E1BX7QZ5UP4W695C3S4W16375V47SPT0J7CVZW87BDG0CVB7P5LQZ343U15E232Z9211Q28OP0J24812V7LPIWYRSIBG6X8R96U4FQVX6JB9U40LD87A',-98,'J35C6R0566PA14A3UG64B45194443V1','2007-06-16 18:21:26'),(2147483647,1368021706,1632238758,'2R7NRTXC4OW63INW6Q820MQQ6J7IQG008WSN097J3CZM8U6B93270QHX',NULL,8,'0C62IEPDKX6CZZ363Z052JF9W','2012-02-22 11:19:58');
/*!40000 ALTER TABLE `cb_cmall_item_history` ENABLE KEYS */;
UNLOCK TABLES;

--
-- Dumping data for table `cb_cmall_item_meta`
--

LOCK TABLES `cb_cmall_item_meta` WRITE;
/*!40000 ALTER TABLE `cb_cmall_item_meta` DISABLE KEYS */;
INSERT INTO `cb_cmall_item_meta` VALUES (18310095,'67W640X19Y69C46DT6OY2Y3VP8R828H0859W3W11N485YWRX88WPE414S061V026ZS6JAFU4906H335R2HU1V80M5Y83ASO2LALG','JKW3'),(18310096,'S4Y1MACKM65KR5548J5UW21120V43E37O37W7H793JL6SJES650H94PS2QH7NU73UJ59E37E7',''),(18310097,'','7154H21S00PI'),(18310098,'WJMK208WQ818VWF4IWQIO1ZJ3VR5D6W4',''),(18310099,'SQJN08667H9OWL',NULL),(233058460,'227S1CG42326B4423Z32740951Y490G9',NULL),(233058461,'',NULL),(233058462,'300E0','3KVV'),(233058463,'','T28Y4ANT3VCR9804TAN2S5791QVB274WF18P1276B864Q128'),(233058464,'5A94628JW15YXMR104G1VA379A9Y32AF9IV634UQ42S00BMLD5X0U5EA12L8IAJ5Z6G0X74U9TNI6TW7CH065D3SEIHEU5LCJ27J','J5W7620U9L2NJF558U07UB0QCRVXVV0B4NZJM7G0B860'),(233058465,'8XBE','468FW1D49209B1G3EZD4389OG6TBSUM8E3G17821YQSK436'),(635683268,'LYEZ967CP9956298N1P78297',''),(635683269,'O03182P','28EWYQ24DNCP8VB68QC596K03704'),(635683270,'YM8P23JOP','14AC42WOR3465F7T8331892XT4PVMOP'),(635683271,'5HV21N8',NULL),(850431634,'C8W3EJ46','JN3359NK6AD9IDU21'),(850431635,'','5UB'),(850431636,'IY7P84OE818OIR34U074PNMCPV7AO','HW'),(961823194,'ZN2','55942EBSL57SIE'),(961823195,'PJD7CT0O66O8V','938Y9KQVHE804P7Y63JZ0'),(961823196,'SH4GN3K6PYB1L52Q4ZP14I1M54E65XN9G362AS9SRV1KP9DAV3ZT5JIB261F07W6A6QZ5007066C7T1JIE91E70RSJ29EZN98JB4',NULL),(1176571559,'2827Q4G5ZTL74C6CYY768E6PC2711R7XSJW2','09DS1JJ3H57GUIB6PS28P9AV7966C5D77LYRGTD551PG29603DIWO3CX07YCBAH8MB'),(1176571560,'5CS8J63EJ5SU700WCCP6LB58OF1R07TTX5R7V1HSN78H64F07625I08L7X3Y1983G4KQ5FV2GM19R',NULL),(1176571561,'8Z88W4C115Z04O3LBHL6SQQXDC3BCXL74SFTF4UBW5','WI'),(1368021706,'LXPXM9J31F2R0T4F990ULG741NI7G8AP9620','807QB3'),(1368021707,'3AG1P462N8K0T466559O73V3LVX7X3UDQYLW23W5T8HHT8D8S55R4R6P0M52X1D8HO7O5C8','1NI84Q04L5948T64460754YBPO2K23B7L13R4YV84F14QT545D'),(1368021708,'V50Z29V7655GAG640W5N374HNX95','6WK70CI1PJC9281015'),(1368021709,'P5413EV70NDI30M429SI45FNSN1715QL8V2ERZ37K877G3XS18K8RF445K0981L83CHZ4W56977C3B87WFHYH60FJ2L23','0FZW1W433GL'),(1368021710,'PD',NULL),(1368021711,'8R59I','3Y7Z4B432GP6MOQDUBNL8ZNR3UN37AGQOH1'),(1582770072,'R6SAYM8XKMV14U2PA852882013T5RX','7324FUZ24RCKCU54D284X6G1XG39X08Q6JQ2K7P1T6NLN2057US327C40H59'),(1582770073,'PW7E8R2W42','FCX4T'),(1582770074,'830K05U',NULL),(1582770075,'N7TZJGFF13DI6DON17',''),(1582770076,'F02L319LZJ8F61F935E0WOMF6C495O9XQGHFM2241IXAL0M9LF2Z0Y67IRZ4S9X92186GP1C8E1MC88V24625ZHRKRU969LA3Z33','QSZ0L501EWERB2'),(1926094125,'ST0',NULL),(1926094126,'9JS9BLL7O3P9OV9RLB105Z5QVQ26X3SZ6JSI85BG8BCM24C058PNL8K30XIWD1652NW5QBF97O032QF067','5C7F0AE8BZ0YC3MKRKE98DUFZNQ5P9B80OOVV01IZ877POG946LW9TUTH87I701E6HW4GRNRUUTQ30I8Y3IM8Z93A9YZ0ITB89644116513ECLN49Q15Y1T7861Q423IMX452T'),(1926094127,'IKT16Y3CR49282E6IV8O',''),(1926094128,'','23K650D3B4V111LIA90QGZ841HYPO34131A3XL1R87C6I5XY53E5R30MZB17HNA9MG5EG3O'),(1926094129,'7RY0P','B7SH9A03B465N1A46168OHBC2K'),(1926094130,'3S9S01FLNEUY1E9134K8A2HMQ7U2E8QRD3DLG1ZC2O2LYX373001A1ZX328987E57WS3Y2T02QZEJ8','33144P7F25J82C0NWX6J6Q9Z710BR8Z71E52ET59902TJ006SO453N5OY7BG2BPSW394LMYB75RU'),(1926094131,'9','70W3P94VZ'),(2140842487,'E5934WAA1MHJC9XUHPT03I86F82ZTF5PWEDKPO',NULL),(2140842488,'51Y78FRGPJ0FTUD99DRHWV11ZNACF28872537NJ22G853ZNAA6G88V3591FWMKU1S040QB4','2G'),(2140842489,'','C2CA5Y6LM632MP78X61B11NT8QTM'),(2140842490,'3T30V52UOK416VB8V7TF98NT61X75ZQ147JOO1EDKZ708Z81W09VC9BH93O07PY65D77','BDF4SQL78N13ZANL57BY79X1EID7MJYV1IH837124GQ2CGV90Y98'),(2140842491,'R67P766591U4R504B30W2P3A20F4RHIR54MY8ES11CNNQAFSRYD0R00IW3E264','5RG1D167241A3BA9IL98'),(2140842492,'TZCX325LP9D087','U34HL'),(2140842493,'X89E620','062O9DH54HNJQD1NI57ESA08487X4120412Z1I5778'),(2147483647,'NZ8DA1038STN','883JI5AP7U4Q035H5796377Z81B730GXR967WTH36HL2L97UC8D36HTY7V13KQJ');
/*!40000 ALTER TABLE `cb_cmall_item_meta` ENABLE KEYS */;
UNLOCK TABLES;

--
-- Dumping data for table `cb_cmall_order`
--

LOCK TABLES `cb_cmall_order` WRITE;
/*!40000 ALTER TABLE `cb_cmall_order` DISABLE KEYS */;
INSERT INTO `cb_cmall_order` VALUES (892928680076278124,1830381944,'A2K064WFKAK2K1KGL882EM71','','','',NULL,5,-1425374829,-1407586324,-922942006,'GA7CU16XTDDUIKM2EK','URTCT48BH1O6Z20MX61585D7E8HER6L7469R213Q','8AGZQ0538KP8522UG3370823DI8E4','Y9M7465T2W47V','OL5A866ZI9828G1NB5X54ZA50UEDXQ193','','0000ED032928191U4R25R5ZMB0QV8T1N','1970-01-01 00:00:14',NULL,'9','9CS277894',-75,NULL,'','KUG904B5KPE71RMG5',82,'ZG0UK3INDCM9VV5'),(892928680076278125,378265033,'M2FH3795996JG346','401H40C5JC9007Y5TX2','8H21J57GX7ZMR9PCFI558','250W6R','',-501,-604240458,-1411929822,-5888,'','Q28Q5B92377B1JCZB9LEMPTLB4263O2P7Z','3291T6V','7S57T3X3JZZ1U0LU55891','','795W5I0Q5ELL833O8OK38VE4Z1FVEDHG7KMFI671D8500X016L','183519W95F68JZHO924WO1HZR9G2PMZ4J02U5U8Z83T4BLEG19M4835986EF68L2V0D2816C8UB0','1970-01-01 00:31:50','1981-01-03 16:44:40','2C6IZPS25R1E4X4DZOND7FSKKLR641348131EO6C14S94X0I1','152P83165',55,'1970-01-01 00:00:30','6','TF5O2Z4OI1AF3',183,''),(892928680076278126,517234109,'RKN6LS46N0J','2R2BEQ8','PG','LL0S46730YE79B7NOH82MS53RG3LPA38F2XO5D3','4CXNWO8MB3CKUNB9OQ9',94,-5,-1373695952,-910073879,'2P342148Q93Z99W8Y7ENDBV4982C5H07RHHN8','UAQC58QL9I1D22Q64MYIB7H9B28TR2C2J3HYZOI69F6OQ81U88S36DAXBPQ8C300W77R37S','VCLKARE8350S95PKNXIG7CL53W26R227H0','14CAS4567C2T2URD4070HF1XVGSYDS8YQJW274XC','GW02J0N0TA35','C055X6KHM7D7KV9LZI49I6I3C0TBLQ1DFM1UZTRBP2BHQ4397U700EX1G5DGO7L3944TJN55','3U','1988-06-11 13:14:33','1998-10-22 08:06:47','19URX1B5NM','OB7IQF2',122,'1970-01-01 00:00:26','E','6ADYF6G551712',-985260640,'48X8OZKO'),(892928680076278127,731982476,'J5O0BND9LS140B1J56DUYV292UAWFP63KJH6984W6RJ782RJ1HU72B39QJCD3E59H33KB5K4HU9MD0RHZRI5Q7GVF5V2NF5WUQ07','FA5OMKD47HUX32D9X6S8U','95IJACJQKE2366TI8','','X9D8I5OQAU87L8DB8N0A3H763MHJ4YO57R2HW',-7,-1408819377,2,-84669238,NULL,'11Y2MJ28U31ZZN8403Z05S01W4W4O68IQHG1L0L53BGS480QMY12719','961MMP0VN60','O','00XKM2NRK0N7I4U997YA7Y394CQVGX02J8P998MU1SW','W890C1Y67R9QW','23H16','1970-01-01 00:12:22','1991-10-02 16:37:05','EP041C2OW6I8','4Z6371MU5BB17K9NCI1P',0,'1970-01-01 00:00:03','5','',-524645897,''),(1815265883761755705,378265031,'PO89M9071LY9','U09E4Z26W493Z9L986V65A1726ODU1','6LD47MZPC12','DS015JY526I292540A0OGIVHMFS5QG32G6W36UE933COH3643Y6365W0CVUN26SL7TIA5RY98179DQT868MP51RTRE4IZ',NULL,-1838770269,-162198765,-70697207,36,'ZWF5YE5ZW812','Q1A443Q45E03X1JL0126HE2IPQ3683Z655HF4CV3W843T88JCL655GNLL2HF9S7V6CMURZ2G07L7T0U2PE55A4862AUIH26KG99W','Q562FXQN4R8VL4ZWS54BVTIRL0Z583LBW977TE8X54EE4I45DH85','5MZ55PDUZ3AZ93X5I81BU42036MLHL2B27NBL58MYDJA21CGP1','YZXY1107S246F174QLFZGH61TU13ERRC49UH70JB64N04W98VKQ9NP41O6T0X37EP59','52ZA8X','794TDO','1998-07-17 19:37:01','1985-04-29 11:28:09','','JF12I0MT33PYRHC9M2D81R7QC44ND31MO',35,'2017-04-08 15:28:04','8','E69SU59IHYZ3CM',-1574935194,'ZI9C01J47A6N7H4QHS5B03WA9H5I77R76FU351T3QR4RQ900C692499587903JZIW1K54H46G0US1L2'),(1815265883761755706,1014141185,'J01','WY8D0X34KIN73A826YC','2O13HE','9M2XBDTHD4M5222314R3PGE4K6RW32WN7Z4AO',NULL,851,-15215558,-1236454169,-8,'PIOJYQ82DXZ6343352749M4IAOS','4CZL9A406485GYTFZ','A694C572VSX0A11AX','811R8F61VPD5Q90V3962LOCQ7Y84W6L4XD5751K2P86YSO05L9T1Y05E9X9','FQ15J66V752','J23ZH3066R7SUBL32PF48W49K7D48EZ44R10PAYDO938D91K5','US25JOOD0Y9QFXT60M79WQ','1996-01-04 00:41:03','1985-04-18 15:33:52','XXBTK421D8K6LONKRPXRV9034IBRN26K4K50TO3U9SBYH8F19R','PS8HL02477KS5P2',4,'1991-10-20 02:37:50','M','E',-609,'81J71PNP81F14FA8726T41L1DH745JT7219LJSJ1P75RB41N71Z924413QB127E5192YB36N042C436SSON7Z74L4TSZ809XLNIC40557LMQ629J169997H'),(1815265883761755707,2045130307,'99J9AFI6U9R65S61A1662722LZI','07C364S3EG0L3D5835411N9JGJH1V27RGB4EN6WA5QNO7X6H6ORGGG93D5QI2OZ1833Y902K40QK','RF78I3','9ZD5LH660A01H3U9H7','JJQP9KWQYG0AP0VQO82',65,-41509260,-332781761,-810560588,NULL,'XKK6504981UK6OG4G3DOTBR8KI','2E7KW4JCH0X2','C202KW522TNB9H2032XTVA','','G','G51O2EJ0ZC91PTINZHY50','1978-09-10 00:28:23','1991-09-20 01:32:12','9L93Y8D1C6F86311R6XREYSEV454563Q4EAQ','W',34,'2002-01-12 16:05:41','4','X7O324I4D61CMCSVK19CANZ4AI891H8GIMD9653XI20E73TIEH003KERT64AQKOK40WPIXYX6ABGO34ENHI4D9DL56J7YYC161W45THL2OO5O6I71Y5S7433691NP88UWB00RIT7716KR6C9QHUGCIBFZ201QI40Q1215GABJ75201R22085VYBWX76528NJ',-322374344,'J8IK6Q6I56EZ7009'),(1815265883761755708,1830381948,'SR47F4U3ZBFE37SVU6','1374631VJ8WLWLI34B7TZWIO582A22BKI7R','805264E73672I19733XROP551UO9J68TW3','1L0EUAP6117CM','2G924868QZO',-462432452,-467136845,-1246416905,-12,'','A20R8E53N012TC3EO212SN6C91PKQ47A','','SAP461UGL0','1U0A6OJ9BD','04JB2U8WT1IH613NP39R30325D6584TNX573Y2135O575N3V66Y97980T25J50','0QKB0HX3R','1970-01-01 00:00:01','1972-08-30 06:58:45','627OC58FKM9KZ6G6M0F8O598I','1QLL21Q9C171SU7JXT',23,'1978-11-08 20:39:12','I','2MV6B6U8D',-2030401358,'7GOKQCY49L0P75KAYR17'),(1815265883761755709,2045130311,'U87FRC3I9H4DVKX9VVGL7T5WX90QO1AVR9KI8LP8MEAI6B6O7341M552G6Q1XB1E7G77616RLPVYPY35P9EH4912ZBF1J2','1940R447T03694PE13COL048321513EMJJT','714968A25802N2Y1J41LH97KNJ887H1H','ND8YA39HX1G4B7GH2E2','',-274786313,-1327786019,-896770358,-1318987938,'ALYVONLK','38SZHO2LRBVR564729E505O8TN45I96MXCX0F4PD6HQJWB66F2KJ9O7N4AX6RPKJ1TVIJR489RI4I3AXB9','O32','8L3H8GY5ZO48RX1TLYQ79ECIYUI913UP','2D4L3N9KYA36336A3SG4UI02JIZK','8ZS3W','SCR30NQ5','2017-05-15 22:41:41','2013-03-17 05:30:23','E86UKMA8V35','971XI',66,'1971-08-22 10:56:55','7','6QD0RU25LOBHW89Y2KDQ4G5U6ZPBFLM5139354T3AS8O',-5570,'100H32N634D1'),(2248251043088417140,1014141184,'','T9S54','V','1C267','003IW0K8TF0B31W508',-1628540433,-877091586,-1352017985,-129199987,NULL,'6I1760A82HKV53G323885V1568AC898C9QDNKX8D944','N5J4TG8J5W43ON3F8001N679318X1W0S72XZ1A9998P1OXTH03286SE50HE6DMR9','8751BLS5QO5OIEMGCTTM472CR','85P0Y6H05X58LDX3D3P3W5CYQG8T8JDLHBV00W1','R36MB1G252Z1FW8MXQ6JQ4988660QA59S837ZL2H83CBL6IN0EEFZ23LK0J1K8FA1AU868J8L13Z23J4','5HI342GWZPO24L66R17X8745FC3',NULL,'1970-01-01 00:00:43','96AEDOP63IY29','0I0NM71OF90PPK88K',39,'1970-01-01 00:01:27','N','',-2088011261,NULL),(2248251043088417141,1228889551,'4DH2VWS4JMF88MKACB7ZV2G327ZJM78H807X900G','187711SRO7N874Z078641072B31R27K70K9T8I0UG7712F29ZT','4UK','4Y',NULL,-903,-337558538,86,-353707953,'8J59324N7SPS','W7OTPD7TR94D1RL015EKTZV83Y28I4F1H6Y','W8S3719K99FD04QLCPBF3MK6635D36X7KRZ84LQT698WCA7VB34LC1VNMT8','RD0PG5P6RS6D80','','8NR06RM368826G3G59H','0909SR04C8IQGTA1165','1970-01-01 02:30:38','2013-08-04 21:29:10','4','H28452E51SG5H9KC8X50WGYTOEKOK2O8OC90HZPY42HXY0G2NLQ2B78B28MW0580236XJV5YD8JF76JE4LO46W1603R31XW5483NXZD98S1G83314668',-90,'1970-01-01 00:00:09','5','J90TNB1E15I4XMD8WBJ3',-163158902,'50U1KM27S4'),(2248251043088417142,163516667,'VUY9DVM5B9068Y','336K2Z163UQO','TZ15RC2N5O08434','XPF360Y27LQITRN95D0JY9Q56H8BX794638XV49NMQ411CPUE819ETD78B8QTZR0N6XB9V87T8381S5V69J482M7388G','8A224C3N4BBHC',-1546779686,3230,-985018367,-1777879531,NULL,'3M6','OC6EDNFKG7084T9JM6322J4TY7Q','S5JJ2277I103RP53','AWLE31L8S9497LGJ5VP8D3IK','7H0NBN6V9OFC3397190W5K982GNH276C6WD2','GHZXJ840FFDI2RFKVQ911F3','2016-07-31 04:12:00','1980-12-19 17:27:00','7H653Z91CLQ4QRGT73F21504H08RVPO2SOW3A22YMQ9VD4904H','7B4I6FTTD1ALZHKM332NDL8GQJ4SGLQH00Q494YZT3JYS0C',-112,'1995-06-29 14:09:30','','98IYM398COZ',-101,''),(2248251043088417143,731982475,'VSX77W5506AMUTXPC23','H1X6G6101X9486ARC58D46G2YW2HC3Y5OKA35JJZS860AQY1062Q1K6','JI7551','LTT0QTR60C1BS0GE8ZIJ54BF70J1Z9600KL3V3','8EBI0V02Q',-917127146,-1502337591,-1698694502,-302920171,'BDY56E8E1','1X90I4N5OJILSM73SLKQQCF85Y924QYM0137H3WG023N8KOV4','','0WHB4W3D','7QK90H867L4K','BTP67NY32XR32J2G31F6736897K14AZ3Z9O62',NULL,'2002-10-09 09:33:32','1970-01-01 00:00:07','JL59F4JRP8I8R4321WVRRAZ','V72I1K5U9U4NX1J9NIY02E8SLK4CS35',-37,'2011-06-24 03:51:11','G','6256D5P6A19043M1UD32L4TC5',-1110485279,'8VNJUF87OL28L'),(2248251043088417144,1830381949,'NU888Z3SVN9C27UJ07PTZ4T','97Z48E68299106KQ9C01GL','3G92CKP651Z8T265N50572TV2YH2Q1J20AQ9','89V2UC8L6M517B60ZU','',-2075167044,-213,48,-1688034614,NULL,'G3UUKG','G80LU2H79D28N70C5C38RCRQ','7BLGWRTJ6CV8E2428YU','UC5YK44HK4','DH7997KWW896U7VS72D963QD869','3UQT7RYXM36C','1972-01-03 20:53:01','1970-01-01 00:35:33','25YGT2P9M7D0V3QEG3712MH0ZJL002W97Y40E08Z497W1M297W','NFYRI71',81,'1970-01-01 00:00:05','F','DF0V978EFPR9270333AB2',-2033751386,NULL),(3170588246773894721,1632238758,'4K94R1D715','W6JJKB7MU11Q84HK','','CK6XUD78L6I94915','P1',-316891386,-1633703519,421,-9335,'PX0L688Q7GR2R9A64T','9Y3','6I67S89WK5984ZWP1SB553','8R8EY6UL7Q19S10B4OS4RA9R5KB8F3RIE23BAS7K8PSZF','JYFML3F67W47DB6T317D89TIFOA6J5Q264G00C86MANMK0QW','XK2NSG33838OC',NULL,'1990-12-16 11:34:03','1970-01-01 00:00:58','26RGUDZ10J88A26U90ZA8WQGN5KND1W','WE0KNLRY739BPL97W77MIGU3G973ANG661OC3S7A060D874B6',-112,NULL,'0','U2T36SD49XBS8',-1289172624,'0M4277HX0D54U8913G9776N046Q434025Y85F2Y64W4JU93R3'),(3170588246773894722,1228889550,'','8Z57374LT9ATTQYL2N2836SU8','5I17D0RN','1728L91P6T7RAHJX2B12FXS45FT8IYI29U1F723N','G1K8097KV8W',-1535633802,-402767009,-727239113,-594,'21M','ZH4W','E47SR9MIN51BD2I7V8R8R3YGYDMO0X08J8451A9H','U','6P101D2IJD1MIVJB3S6SV022Z829720D5U956NHX7262RE93KR3F6IP965TQ5LG80G9EZKCDIEJM34RMD31DESV','W2494AI551DQ1K6530R3O9E92B0P0SQSJ8487QK4884V1X2N233BFP1LQP9YW','G4K79NR8X845DP5S8HTWX196',NULL,'2010-08-12 10:06:31','L62QU0003','4DV6GG85W6J0JRL01T5Y006NMV4SCYY3GPB073IPKZ93V5X9B5ANK7',70,'1979-12-13 13:58:17','9','N',4929,''),(3170588246773894723,731982472,'738D578DPBE4Y92796','P323W032P569TH9A2B','EZA9H','X0C217GLPEL1Q7J1Q31O1261SV9YFPSO27K25X0P46I4DHN93E25336358RBHIN5Y91HB394EBS0I8058O1T','7A7',-65803369,-5,-313836163,-220310891,NULL,'P251W300QUIC7GOIC1J652PWSUF0A9Y8PU68P6GGHR64FF6150Z4Y6MBHV2SHH73OX313E4187RKNILL472W4H6','87','91D3UG2MA4E881CY8157088F0CQ5JJN912NX5ZR','762A4CCY0Z9NQV6IT5I','282489J3G44P4PID55259NQTDN2','H5JXUFT2B33OU101T13GNPJ739XVZ1PKYMHDA','1983-05-15 20:44:26','2005-03-26 04:03:51','504G3K26K1R8HL8NGI48UX08DS3JYF2690HOT8G607SZ','531J8I10NP1A1Z77O70716T32174AY75M2ZF96D4HU14G40UR3JCGT20G0T4LZ9XG',55,'1984-10-31 08:15:16','D','XR639RB8T',-561868957,NULL),(3170588246773894724,1632238760,'NWWRT32DKJ82N2652J756S5M43M','1A046LJ33404W9N4OES705U99','88O317','SER2E6N4TVD50',NULL,-559683531,0,8872,68,'','37C2PG7D9','0VO4V4M3PPD1095HDF9DGJXQJ979Z','8T490LIQ8N0EUOJO733','25ATKMWCR5AUH788OH1V5IJ2N2Z06675WN94FPLDZ3G5I4Q60NGN6Q1','N2V856RW642',NULL,'1974-07-08 01:07:32','1970-01-01 00:28:03','','A5839NRUBXC35976B7YOD7LN8SZ0ZR6738O9ASSX7IVQ',-97,'2004-12-03 16:23:48','2','67KQ9GTT2HJEH9345C',-300224657,'00KXA54SQS7D644IMD42PIN3GO8BQ5L129BQSV6EF23E'),(3170588246773894725,517234110,'6F4R3P20F15IN1G1XAQJWHY9UG1CN2UZ04C0','','','H04F603','664KTL6KA82R79Z0N4LWNRO4U5XBX49W',-2087131944,-7654,8650,-77,NULL,'47AU01U2F9K485RR784V82JRA3GQOP5658','3RBZ8IV7PT1T39GC056P023R07Q325MKE74025V2EC01U46H9D6OD75N96687IDD4SFFJ','X27Q698EVWE025CY66VP817G406YA5881338RN7LF9KMZ0N7KT26921VBUI864PQBHNFD190034V1KR97D1MB7VPY1993CW3Q1XU80','OT3DZIM894ZZB5Q8EA014YTR80TRP26M8197M7PJ9W837068YQ4P4CQ0O0IFWJTZY011OJEBL7OT1O9HRE6ITMU784DN3U340V7B041HWZP9QERA12DSM089QHKI0RNJ8S43QFO737','8CA99DCO','3T05C4Q6Z9YI33209MSR298347D2750','1987-06-23 10:44:35',NULL,'','WCM51XLNDY7E87KD7Z1502P80W2PJ2',61,NULL,'T','061AJ90YL2I1G',-37,'3D1U76PQ5O'),(4383812608629589753,1417490392,'QR8','I8GFVX3V6W880E187R080C75E4Z8C27KT9S','1BI8L17XCMDI92T66U8CC627P','KE','385B8NZAE',-888499120,-523,-1085667961,-410099874,'3E760U3LR45ZYEZ15EL29HM5WO0W2LFB98W34T7L06NSK37Q','262L98','336N7VTHJ7IOHOD29G9E86OYBV0ZTA1Z4L9Z4','KCP47T1E9JPQ440T7HE6','0X6ZYU8N9X8','',NULL,'1973-08-10 07:39:07','1970-12-21 19:14:09','247R68JA8','8I8LF7DVZ1K3PKF3KX4ONBDO6A5L90UXUO67VY04UWY0YJHAICLCY2VBTZ296921C3',62,'2008-11-07 13:47:22','U','XUT67MC9UPN0PAB6A5TJMB9FQ0QT7O0TGP2244C5048J2XIS550',513,'JCP7A8P129WF2C7548M66K54M5L9257UC6F73HH26S9KRW92JT602FLU38'),(4383812608629589754,517234106,'Z6MA3Q312S97IC42A5665M664Y9','1CVZ4JUCRRWVE5N691J6','7R1039KV84T1M8L6YF8610MM1RI144477','H0G9BRUV3LM953E641678N19C2S4R23KI8R0A4PVGKN6IQYRMBTXWH6','',-1068804547,-873419170,-996321101,-820957823,'GY9714OYOYQ4H1TJA2WQ2H383872TC6824M8J8HC0U14BY0VFXK8HVR1QSA2','LOPG35701D0T653R85C8L0U012Z5ID50LY5V11I','A54D9M40AB49QYDRBLUQ26XN5OY9EI17514','5L6G6X056J58BF71ML9UN7SCA738988QN103Y95U1P016831149ZL2UU57INVA45DDQVVDE8','2IC178I3I0G0A4UJ31GOD994K8N3O4SD44EXY426G9UMT0QGM','J','1OE6RCS','1970-01-01 00:00:10','1994-01-22 00:59:13','0Z9LH03A377G22','FRC0HMDD0959O183O0895F683GC5095C77I62452KU4V7XV8W1PDJ0M5ZFN4S5MICVK97EP71457P8LCRJHXD462717WU',-92,'1988-09-09 18:27:52','T','K',4,'0G13'),(4383812608629589755,2045130306,'N9FEUDUZKHMK6FZ46NDBJZ9NZ13ZM52N0376P0HS356','','CW1E73','CAQ3DM','AH1G0WWFT099D3B41ZOZ2VHG85JC',0,-962075500,-1095492617,-1332201748,'','J6395J6MD6P4993BXUM098G','1BH962M668XS677HAMO179ZLM3YL72D900M7MPIU5SW0024SH9TM9WI38AW9555W513089310T8R1138FHG94309P5W7L','357GOZAV1GZ37451D','9G2RNAL2DC05VZUG3556MF204Z2A9PN87T','5D44FTEXJWTBYN23CNW4P95YB49YI3','P6N232HF9MZ8OHZUY1HC4KPHH9M3Q3','1970-01-01 00:00:01',NULL,'738V34780J1SZ7B127','672KBC5YSDM8H5ODFP3LHTC8O14',8,'1972-07-19 11:38:05','K','K93E96J77F2B65YY4240V4TJIY61QO36VO638J3',-414965613,'227'),(4383812608629589756,517234107,'P43441P7E6M6DK86EEHHRM3L5F4DWU9T79LF6YKQ','0Z5NX6DZY3ET22T67606852530QB770R83UX3A376996','7CE5BTGQW2U782G876','P9KPYY9QU53IN3751B9J2N2T36QM499R8912X9S9955DG853',NULL,4535,-668,-436554803,-571482692,'V5KH28Q4692C6WF9YBNI31','89ITKI8Q2G85XNR1E7RHD9N489Q2FC17D9X6FUA9NQQ830K3P1','V57E3833MZ5607W09250B1','WO4J8M254FO9497T3868KIXE2','AW69O5045RT606N0MO','YR44R53F9A7RS224WXMY95MYI39','598V61H3SI5I9','1996-09-13 15:41:30','1982-01-03 12:18:56','S3M9H8VGAYJ44L60T31B6O58A67N00XF52421WY3Y75FD44U03','M8L346T24R098',-126,'1970-01-01 00:01:29','2','8C8S3S',-6710,''),(4383812608629589757,1417490394,'0D67695YWD','9N93P629RXV0O22XKQH9B7AAB2R2GAE1XJM65P9SZN6KGB27J4A01NH14M18IA91Z4E1Y1CO0300AH53','J8D6GJQWH','7M67QTJ174LMA66TWAB4Q56U9X240DJ75VA6YEE49N9XX8J8','771RG4MP4ZDF009VDXH6Y5376A8YC7WG1JZFPL7N44PBCBHU15EW4WGT72X9',-451011568,-878522082,-333260502,-1935482569,'','','YO','365SW5D7ME','84HR3KPDIV43M4QOVE7J3ZP4V30XN5I2FA554NZT99DFXJ07S0813GW00SKS','5UO55042M3481CJ50C50OI5FC8L93T',NULL,'1970-01-01 00:00:06','2007-05-13 03:49:27','Z9RF8V','L372LUO70YF090P966F91W922R374T4U1F6N',29,'1988-08-19 03:40:57','1','794F5OA7V586S0H738WVX8Y4X5G833L47RM4211TW2S694RE932C4DH2L8Z9C8HT1B52I495B',299,NULL),(4383812608629589758,1830381947,'O3U7061GR726Q86OQZ2CUJ7528ROI2FN','','11D45M1A7R8199R9XYF7YZQHW9NN6XBA','TEB1','',-410474460,7821,-1234321543,-1101805103,NULL,'1','OV9EI0N7V13BD2Y075','Z36YYSLOJ3J82K905S','H3FCYKTGF6T','N59JA16EQ355','','1970-01-01 00:01:26',NULL,'4JUI1EQZ4F','5GL14919E0N0K807LB401XX449V1J21206ED364TPZE6L3983DX',-105,'1975-01-04 17:05:10','','775J9GP93BF7N6S4K2ZW079IMM5TC6813F258X0FA07MX1G9Y8ZLC49O79C3V20250GU18XSZ259V3H6Y977IN3QAQ7926BQ',-4,'0WUA65R'),(5306149812315067334,2147483647,'MS6Y597LIG64XSVM596C36Q05O5M0F1S65A729070BY070761F2NS4D20DI3M4R8YU3LA40I856JD0O227J81PBQ5R','','411U3B11CKB','266UJ3U8FD481S9L8020E359W3YZE1SELQ03AH9Y7796479UV0747RDX0W','K2FXY9RV96ALRPC377V17NI47SQVB',-1673082263,5792,-266851631,-1777615476,'2WX0C2V8817WWO7TQ5H82B3R04Q0M2P9FMWY69G','URZDSS1GOXDPN46B6E5PA61S9W7PQ11ZK','91878L505ZNTO0549FJ5X38Q5VDN2BB2A','','ZGC3DN2VZRSS0C5738QVZOD4OLM2','TM2XRKJ8ZP059MIF8HT2OUE24FC594DN43ML4Z4D7N4T468B7VJRTES33V612EW71B','6C8','1974-12-14 08:59:25',NULL,'','5LO5354TIQVA537UU0G1Z15E79JB702UH6NH776DBP9JZ66T73783BG3XHD2B7RCL824P41D415WEC',36,'2002-07-10 10:45:51','','RXD3696MIRWXZMGQ8BKJ',-2137452348,''),(5306149812315067335,163516665,'M4D15SRE258HDNQTR06T2MX73GH3823B29E124081Q26CZF795949P4JVYYYQI0A05994M6A786W4H6YJ3L0OR664U8Q7ADE2C23','0B08823MUD593','DV18','C2ZM7O06VODAF593','',-1197451167,-40963295,-1439584081,-566054166,'SDA7WZ9S69JV3QQ71L8TB8SM0081U1','C29E8118','','7U2Q8WEL9','AD1Z7XHF7RM775W05O169N09P13W931G5JW8DD8QG1','MJ25U8CV0LKT9F804NW7DT4CL','SXJ4','1971-02-15 11:18:38','1996-12-16 15:15:59','','088SL5P',-36,'2017-04-09 11:21:22','V','6PZUI',-2945,'5'),(5306149812315067336,163516666,'71L7OJ1YBME0H6M97RC4078779BQ72RR0JRH','W3E6TZW683LW7E8222A02U2GC50RS6VMA1U39ZL089T235V0MWHL','EWGTF50FU76O445678HDNZ53APIG1R516C93J6CM1DV69073073R1I18','T39X','LWL0OBURX',135,-1682,-2,23,'U2655K7V337W997I238M24FZWVOW08SKV1U08478PW0NNHPB1RK3W','Y20ZO4UC2AGM2UQFR5E9LGUEQ56C40Y4SC5','TCW','VIHTGV93P98ONSX279X0','4JGJ3KA9569Y5ZB4X64037F81','C2T28869W','H0250KSCWR3CG646RCAVJ24BG6L396','2012-01-07 18:48:18','1997-01-01 01:59:42','3D3PA3TL61MQVNZ588N70DQ0W','3JCS3O597JRJ1118STWRA4C',-58,'1970-01-01 00:11:17','N','PTAC1N6ZABE99NFOWPX4LS5E9KU0W2L4FN459053Q36M4294Y32QR',794,NULL),(5306149812315067337,378265032,'RZXNSSN082Q0X6B0IV5SX2T140DC1H3ZAQ5CUAKC6EVCM7Y458H6JL48VBXU9','908LXPX8I98EB7366CL','44N','A87UG87LS802F78OH52R3IRV1ZH83HT3ML47HP5QZ1KF338408AZ156JTDYLD18303ES5IJNJF5UPA8UAY071MW7',NULL,-1695066119,-184632593,0,36,'49','CE26PMH8745O06L36K7F50RLVW07M7YQ8FW','E7OPD2UPCW8416X0NWC0F86','08AP14A70L25','65UU0RT2GG90J8QG8W','69SMNA4868Q4RQ32MTMP','71','1970-01-01 00:01:21','1970-01-01 00:08:26','YB98J0N63S85FZD7UTDN701CG','3W24',11,'1970-01-01 00:03:21','M','',-2030151219,NULL),(5306149812315067338,1830381945,'MT141F7M6FHED6XS8DIYGZ03975QWZ728BNI3113667J33AKM89527HZ12T2Q7C8UGL562AG6M609M29H8L','1A6BJ0XGBICMT478','7S88W4C62JGC98468092O7P1','II945','CO1Q',-1651088809,6345,-679967005,-1686715066,'','L4NI3','QR','N4SV5NZ2JDX8D113Z13KQ64R58T0571VDD3NZK3C6SM901406KQ1775CI90FYKNN39ZGD5ZV9140X00V2GA','670I2473020RMLELVK8HDFNN38769I7USV26I8AMAUA88SN53JEOEMWT73X44P59WGUAA7E1GSO2KPU14','0PYM6JS7L06E7UDLEP6BQ1P767036EJBAW21','24VU146VJZH572IK6IYF5S8J5414C5L','1993-04-24 05:26:43','1970-01-01 00:01:04','Y3309ZH9L29DG0BTP53ESZ8ZVI8089J72YO8P82KO35N55UAVN','D488O',-25,'2004-01-08 05:45:54','6','257P17M36N666M8FL5WMX7I2CUF9TB7E3AM1KPI72TM8XP8EKS8098S629827ZRS',-2037600277,'111SHCDX1YQGV385R16M94QFP5'),(5306149812315067339,731982473,'422IQ3VT5D0AHP47LQO24','6J0YT7J9023HM6Y642R5SIX','8Z4473K7B8899A06204C157OLWQF4TI67PTO','1VJ6TSD1H8T9G1','',-203302246,-627760000,-218772448,-1949081761,'34XWKO3L2J296L263ZY6HSBF52373IQ38Z0V49Z5AP1BOZ5PN048V07W4061NT3M00HP1RH87D3CE70S77751447QD6ZV18U60267Q1L240949NFZ3V4JY36V7V5JMHGHSD9B43','G439','','2J96A4','','87U2C98I1532LH4Q9X',NULL,'1970-01-29 23:41:06','1970-01-01 00:01:36','H61704CG1IK4Z33S9B82YKT2MP76T2CEPV','1E123ZJ09Y6',-61,'2010-02-23 17:03:04','','',-1011815055,'3HP86H9AL9NHK3JZ212'),(5819483482978278141,378265030,'21','4N383R','','XF','N2457N5Y6OU2RNRC54F0G23NE8T513719225AV4Q8335KCY4542MP6R7',-118589414,-525,-1606087018,-733945933,'','0QP905EQ3QB53VPF6L5RKQ391LT99H32Y51W468S5J4VK48C578TCD9Q7BFYD6526DCP676CRVFZEAK1IY9390M95DGWZ89PG29L','PH9NUXW1','6073SMQIZ5Y7','AYD957ECME186KSHN531','I31A77VL888516',NULL,'1970-01-01 01:34:23','1970-01-01 00:01:19','Y69W0L5HQR1996M2JENQ','7A5RVW7YK52O8N006BD58OF28710V35FL964',-39,NULL,'9','P2E0Y',-1522006222,'YG8UR3OYO0K2I5IA760U339'),(5819483482978278142,1417490393,'494JUTYJ2JPZ5T15930R5R3HK3V8U96D3493R362R1IZS96M45KQ7A358XCW6F413S30GH0Z54841379H9W9I6VW09Y983LWBTZ5','','4WPE7','WEHO8ZG01R1Z76J2E109U3IU6D','',-553021650,-1080757810,2524,-546156986,'43P00J0K9TDR6RR8220L','90F1H3QMH4K5H044737W0NRUGQ41C0J769A9AU0J0539UC0KLD7N35ZY5U','HXPD3P60GEZ8W778NN42ZTGE1AQ','2CR6U9K93Y4ISOZ53ZE44DWZA7UW','0029PMB6HQ244472OFGCIL81EW39UVP93Q6708OQJ','6HY4DFO8W9UE3V7VL9492955K1T76466LGDB9S9E9F6A6F16S8N74655TMU4R1059O9Q0A47W3HZR753JN','0E4XK','1970-01-01 01:23:31',NULL,'052A16RP63PO3FG37IQ4FJ538KM77P8W27AB2D2MHCU5JZ4NGV','028GF9DQV384J7086YSO60Y0Z097MC12AL256508R3F839LY76AWE4QBKF593GUH7W4986T2',-42,'1988-06-01 14:20:11','2','J3VRIYMMI9N6RWD390Y6YIIV',-16968773,'41S711HE2K0A0IMK4D686CO9JO25JK07F5641365190379X963Z74P353GG26AAZLWBD33BH3Y'),(5819483482978278143,163516668,'58Z227NEHL1459ET69G7R66W6GIX66PK70RNZR','65E38074TE00R45A4POU63M76S1ESO3RV64923S892D46WI8H8CF9UTMN4FKSLY84OO7087V','311QDEX3N02I0KE8','9A3FWH2RSQ0','56COV9ON72089W1G3T2038C357EEG8WR05865AC',8072,-72,-2140871728,-1365975994,NULL,'O3MVB6S334','L4FW','9S58BN17X32VF2436R96I1F45669','IB86H83CPZHZBDVI68G6112488961','63NWV02HW483P02GQ7Y45K63167FEVTX1Z8LO90U93R5J57858UR04APEDY6IA1LJ0IVC716M71H9PPN03F70A6102483EPW9MF35J4N','0','1970-01-01 00:00:01','1988-07-13 10:21:53','OT2K90X84522O138U2B91Y2WB2N6YM2I2R3ZS7H8Q0BJYBV','2X',50,'2016-08-20 06:35:09','2','',-801438462,NULL),(5819483482978278144,517234108,'2N3Z15M9L10L2C7SP93O2E','36S9O1U17JM4BXF30X6350XNA0KKJ3G63P5D3BE33YF14S464ZI055Q3W02A67485ZEPS9SA8N0H8SY','','023KR26L50H3Y431K4K5','',-5662,-1886022544,-1782717259,-1198190365,'5Q1T47VWZZD8A73OXO7T9X','','477SW','9S51BMWTBT8ETH7KK2V9J87J7','67WBTNV3','A3R9EAHV3VNWA702LFW64',NULL,'1975-04-02 23:46:01','2013-11-29 05:47:58','6TSR6T7PS38','M7HHFG4702P3136T0U3BA52ITD476U5ZI0S2JI',-127,NULL,'P','V8JASPO7TW89F5TP8QV6I1U8YEQ5YB',-750037804,'G4WUGM7JT23Z7GTKOSIW6968'),(5819483482978278145,163516669,'32CUR5CPR24NS7Q307S82K4Y','','T6NXVRZ88AGMAA','C0709Q59M1R1SJND7O0747439AQRQJL06C853CDXW600NOQU360AG68CM62554VM88H49I4TXQZXN6W5RN9A617E289144BM6737J16JV3M9OM3096F565EK96',NULL,-262635665,951,-1569235929,-756497598,'03','FYE45O752M32D50SWS9W','','2J73604G95C261H43','LYW72Q966LB29INUML6KNU4MT4N04D9W6863YI400I2L1LH2W333Q1067YR498PQ156N7JIBOL09J57D5L45LV52K60QXG52V8RU7GERA6NT6GKY7552BM33267','1I321LE31Y7331OPQ48TX8RKGH9PION3F30B9T82B72W4201O98MF0S22EF7J77XDVWI0JCR08','7Z127P3WG2W60G01OB102','1970-01-01 00:14:51',NULL,'70065D8JB60C2','39Z0P6GO29C00DI0QN8OD87607SMGOGF9UIN4FU53715HW908K592S13780W7678B',-18,'2008-04-13 13:27:38','9','Q3HJ18UJX279KA29V34AMPO7A8B35MRT2F98Q74S',-1590631620,''),(6741820686663755723,2045130305,'438V','976P9126','55U0F3ZY00K9RD','','0S262MBHRC54933O',-1679590522,-1283383638,-525624935,-1508122986,'B','WY2KE8U2H87WUOYZ921ZHP7R1521Y0K48395P99F706Z7VLN475','GVF5J7676G7A2HFT','S4RAPG','','1URS47X5MV79N4P22G46P203I3XXXY','51JZ1','1996-05-18 04:51:58','1970-01-01 00:12:04','POR9S','0RQ20882JJ60N8ZX73AK64R28FS9LKGX1ZZA9',90,'1970-01-01 00:00:18','F','KU2FM4Z20137203',5,NULL),(6741820686663755724,1830381946,'YR3MEF023DQ299QOX00XGZTAZH36NL770EGKWGNY0','5ZFYR5SJEQ80U6GW3I','T1NG23A9RDAK620AHFBQS7E4','C622NZ01XM0EV9G5EIN6MDWWW7J2D',NULL,-1583841921,-1144417270,-1953089892,-2034340039,'GNE2UUH5J3UHTZ79C','F5QV7U7B718N79R4YJ72NY6MU002ZEFBM5WOXIJJ','T50O18N5HY63HNQ58LK4','','6B817KUFHVE215UB3Y535','','HD8KLK3ZC1V68SZF9367C01','1985-05-05 15:25:07','2018-08-28 02:47:43','7U','1VH8NMD7B2H',-64,'1992-04-09 05:48:28','Z','248B35P14M6R40G4PG81I3I8D',673,'98M2YR61K67Q6449LJ7K9M1'),(6741820686663755725,1228889552,'HK9YTRS3637K7S7P3I9W3KJ07PJ3P00ZBOVS3W9M938AQ2HEISVSOK0SWXRY03506L','','UV2T84CQS1','GCJYITL86HUB6YD5','KBQRWN43E87L18J3',-298156997,-1719549292,-874178391,-76614656,'1Z7Q3A9W37I6J458F7I2V0911J6GVY38DY37N9112HZBOD4ZL4WJHT1','S19O78N10430ABDUAHA0TKU915','TCHO90JL944M0K00UCP2073OB82','','RSXTCP1I3Y42DMMDGX0JK6Q92E5UXR9XF6PW66WG','JF39Q02D3D0M07GY98J85CM9O0023WX6940WS4K8O3TFI506XBZZJ','6T0HO8B9','1970-01-01 00:00:07',NULL,'15NN8ATE0P56FQL871SH3O0M1K2G8989D8W066Z52001P17I0','V9771WFQO3',38,'2012-07-08 11:43:39','','W5H1Q6OAUQ6KY827ODJ16266',-1688758883,'H952Y0ED625609D30A5E651E0V11WEA4V88FB79M7D7'),(6741820686663755726,2045130309,'2IS','','F1O3F68XM','723WW6X9TP7ICO69DL451KL6664FIEQ0074YZO9R28315Z4N9U4P3C2S9X398JO4ZN352','8I69T8PR86PU0KT7VWBW',-2129528446,-303411836,-67,-946145910,'P713Q0X65D62WB074HTAZSMR8E6H9PC090282Q182V5XM7B60H6F46U98W6RHKCX2KN3I8G819AJ93VZ276E1263R6373YAW9D5946WRR6','BRJKODHLPY2XY7S9TR34G0AE28H572','2MH9W22U8H','NQ732VFA87ENANS2O63CY','CKZYW0288UR53W8BO7LT67XTYF','V02CD3E3JG70PB7E7MNQG5U8Z81223850PKQUUGM6S8R4Q708CMD84','7N7A70T9VS1DB7J2U1ZI4TQ404E','2000-11-13 11:39:47',NULL,'Z37DM9H8KAHN980Z9LD9','I0F48TFZX5FYTR0685',-124,'2011-01-18 16:20:45','R','V25ZNLU5',-788877338,'CUB3W22'),(6741820686663755727,1014141187,'49M93670B','V91Q877N8QB2DIA2579','','93J','',-89,-146259537,-1043033478,-168937576,'UP0QU422WMFGJ19UQ2W26486478H6RYNSU38K0147E9G0WG2978B1A3X91RN9DYG3HQ8X36F','54031A5L54FVQH089T2E6','37','Z6B8L','O0R685CA58QGPWR','073J16JEX6Z805IWWQ7TIJOUC9B64GU1P7323Y6HY59T03L','','1981-02-19 21:24:20','1998-12-31 17:08:19','CV118','HX80YX968N02R1O1Z7S0VNN4RZJZ57U17MZ',-17,NULL,'4','M218210K7B38S2',-1500204721,''),(7420365328602184593,1632238759,'5LW2AZ8','K9P28V6E4Q562114TV9VU57J9I8A','V3Z53RZ5CK0G79NN8RY286P45B452QE0BF00US59XIQ63RIF5','80X58Q6AZ9AZ3E6E5E8H2037V0UIV8ML8K1','71VY501H9F9FSQMQJ926WP5F',-1443993087,-1558808606,-473574629,-1096665921,'5WHZU08Q7736TT8M','3587V9R1CM0G539B16','0CSMA0ND177G','V3HQJB0D4HI779G4G90J4G03384G8X3887221MT56H390B88RS48VLHN7NGQ32FZ24','UNAMYZA844AW','D7V1MV55MU7956681A486406D6WP75627',NULL,'1998-09-25 00:56:32','1970-01-01 02:07:35','W2147RZASL89G879CX52834034P6F2QS152','1R5NN7Z7JKX6T18E49O817',77,'1999-12-16 20:49:19','T','E4ZUG904HY1Z8G5T241C5KQF35VUO6SOC7MC93W00XHR9H03SR0IJP7',-827006450,''),(7420365328602184594,2045130308,'78YW55PF605Z','10I','39R','PPVJ9T8','6169WMYVN9BJYJO',-1178534107,6,-1608896265,-233397801,'9517R6ZE31O1','YX5X91J2X67H291VXH','LM7P1X21C0UZWEISUOBF1U2OCKA01VQBPI5Z8E65901YG2T6BW23V2D347GJJE1E32OJL5P2H7A99WO304G88U4','P992D7','H4CW07U8SPBDQC8T047U78114ATJ0O59INHN10606RB3O','Z1KE6059F7281',NULL,'1991-06-26 03:29:35','1970-01-01 01:51:24','5','P73S5',56,'1971-01-22 05:13:43','S','X7D9747RWO71W15Y78UO5A9QE727Z3P1UJWAQ932XYX4FV2H9022UDX9',-1171642730,'FH1W7'),(7420365328602184595,2045130310,'D','5FL24SWU6T4R','3RUZ717YWS144043T2YZY538TOXCJH7A2U','K24C086654ABTX4970TJG1YD','QT9PQ7ULTM92KU',-1362963724,-955915642,-830620615,-2131935079,NULL,'CR3NLD75YC1W6Y5M015E025LJVJB7ED02VH2I2J0JTKP144HVXJ259YC6NZS9EHTKW7BGB8A2481IR9M607472509F8Y663466VY','C3L','27QYF4EOH25G2DWH8Z708L219M0','1RU','XN7MZOY1USGNA44I','71CT6V1S0C0FTLXMK4T8C86TJHEI10H','1973-09-14 16:05:08','2002-06-17 03:20:06','UTL8V','9UU494A19',-98,'1981-11-08 22:13:12','9','7U9Y1X5VYW23781JDD8BU7481T4W43P85Y2K674D93T6ICV',-717123079,'9HSVB8P1B2J00I9F62VH'),(7420365328602184596,517234111,'70T3','660E66J517','82X95','ZXA48KNI','14QU4BS44YH1TP8JB5A6B35B785CAQGF1255WYU6199HUMPYW',3,-1902162011,-1208684762,83,'6VAO647RU6I447I443V138513O03463EAQ40F8CGDA8NU9','M9N7CQY772671AYA8CU71CF9JDI76E3','D9','0TCUB2R0T7297XZR92C9J4WCDM35PZUVFM4','PG9A685MN3LKP1UGSH0M8PTV9TA80R21E0T27GH8UK','0X7D9FVX302J36N','','1988-02-26 18:11:11','1999-06-03 22:32:09','0SHFDPXK7C7QITF2MRO2Q','0W1V4J8P',111,'1970-05-27 14:58:35','2','60Q3U9G7BJBH',-1618785774,'RB5Y89'),(8342702532287662170,1014141186,'8ONYX736JD71K6PNR3SERNRZ38O78PTNDL5797V624L','11603D009U8HJP','1LNIQSV7205VO4Z8VL7Z33Z44FZRXZCRW08C','','976341ADPEE3DYSSQ953Y63717MIA0C5Y96XQYTHJS17CS450Y9TF3H129UUE674RV',-1992414960,426,-1628710716,6,'','ZJU2MCWN8EAZIB','2QZ6','IH4D7','KQNXRG80PHVI87KJOQ35U2DU6P26WMJTP6JC8NIH1G07T011VSJDN83AJ92461DPI558','2M97','AN','1980-02-15 22:00:57','2012-01-12 22:49:49','131FJ9','6H98IQ9MZ82007BS3OG3K6G880',-103,'2004-06-20 09:24:23','J','W36J1OHT7T29KEJ74081969SG95S47UK40I4F0',-1372995621,NULL),(8342702532287662171,378265034,'WPF15AJ6EKAV4CKI25C4SIVK75753QYQ7U7FG','314WH','644YS362H1EB1FM48NBUD8XLVA447SX38Q70OY707M90135RPM439G','7TDGQOG9NSK38H7Y8II6N90O',NULL,-719334654,-526745459,-835108569,-2012107139,'1NGO2V4MHCE45X1LM16J399UI62827045T7QIAPCL35OMLK71CWJ','','3V199BF55FMK8C0T7044PYEWJ60838','70Z4VN75SB3ZHL61W8HNZQ912MPNIM8','08','71M8HRQK81EGA','RVVH627Z5X9RYEXZ0Q6','1970-01-01 00:00:46','1970-01-01 00:01:33','F79DGB403022BO9DJIOR','A04N9HEEC4Z35HI',-121,'2005-02-02 21:05:08','U','BOM2XM3EWC3SXA2R9218T254OIY21ZI97J0S0O73PJ4ZT',-2094303678,''),(8342702532287662172,731982474,'','','020853N4NFNR','8U7VD7PI0L5R1293J0M3BV4W0UV98UY8K23WOWM3YEC6OAW40OPSB077TK0713C56LY6EOT7L885','V44C92387750201X45RXY2S2B3E939R7W2',0,-1920134656,-1742187190,-391040117,'','08K645M3U06SX7U5A3V3','X477L0QJ25JZU06769060MUJT4L','Q6XE03788V6QYSDNX4Q','2560VR760TVO3PSK13KPP1X72KIA2G6','BMP28K','6ZNTYVCYOF',NULL,NULL,'N','K1PM6DEWBWHBU3RIT472G0FK',-68,'1975-10-20 22:14:51','7','',-1187376691,NULL),(8342702532287662173,1417490395,'PXC62U5G9NK58K01E99A611WYZDEPPX4541D2LC7310','VE607A0DI7S1X','4RL2HP05577NFFI24ZV6CNI457N05258XKN27M9B2JOTMDU6P6E0XI967J0K','8G472RKWS2S01ID32J5A8L2K','QO9TYI0JCCYHLFM30587X549VQE955LDO',-271857267,-1449782671,-344,-1658149832,'Z0','','B2B5594AW92R3F3H0W55IB4ZHBW6P9KIN726IS2G','R','6ZX8','4TP5C6635JK75EZ405Z57','S94OK9KSZ8R3GUR','1995-07-20 17:22:09','2015-01-19 03:39:39','372Z5YO1FSLO0IOL','3VYL9U7',13,'1970-01-01 00:57:27','8','G6D62K3VQQBHE97W6AEM85444R9O1654370BKO7HD40XF',-688591589,'3G860YWC0W6J21G2VNUIBP2PERBA6043D33I1SC6Z412K9GBI'),(9223372036854775807,731982471,'K1LV6SLF6','B7EO1H97BGQ8WQL1BCT0Z9','N7CY37305JQLT1272LX3MCKDZGI61F413W3V828904RJB908I76Y4ITGNB87PF66EX9X5I38389VSQ80K12Q47YB','X79MLATZ0T8BRNJBNN0S5NUWI75D6TCX5ZX9VGWAB296P003EEUPE97TXCDH0T2IY127VPF2KZM733M8','85YDY435M9884647AV2EM5020',-190,-1534756665,2903,-997743051,'03Z3FL8F8214YKV154E1613B0J7WK06B22P','7YI5IOX81Y09E807M06346N1N9X9R4T3S4568R72EC6BX5','MTVKEJ628K01D9XR4XXSD54214Y53FM0M0FN52ST791M6D6132JN9I7NX9VAP0SP','C4TT1E10UKT11HCSE27B6R5HV6959086NYC1241625BCW1J285C5XM253T19Q88E6080235','254W5N2NZM0Q2LF2DYPWCEP6O3V78890K2V32D47Q8HGK29','8JDAPC','','2009-02-19 06:51:03','1970-01-01 00:00:33','2XX41','981J7J92J90',38,'2009-09-11 07:51:08','6','Y2R',-497565148,'ZWI9MC9GMRPK5830WB06AT9YSEG2D7257');
/*!40000 ALTER TABLE `cb_cmall_order` ENABLE KEYS */;
UNLOCK TABLES;

--
-- Dumping data for table `cb_cmall_order_detail`
--

LOCK TABLES `cb_cmall_order_detail` WRITE;
/*!40000 ALTER TABLE `cb_cmall_order_detail` DISABLE KEYS */;
INSERT INTO `cb_cmall_order_detail` VALUES (46709870,6741820686663755723,378265033,233058461,945637506,-223732341,-1559766000,'TH'),(46709871,8342702532287662171,731982473,233058460,1602609514,-585697493,964,'6H0400G1X7I07DY96KPI6LN49JL12Z9499JW99ECD0JP69JEL5'),(46709872,4383812608629589757,731982475,1926094125,1975192532,2670,-1713576792,'PK8058AH38'),(46709873,1815265883761755707,1830381944,1926094131,650797146,-713496921,-1592850992,'0686B21FY8Z6K520'),(46709874,892928680076278127,731982474,2140842488,1160385873,-2147161716,-1177603473,'85IZ9MP87J7Y5W168SH58Z2KDPQLA55XBQ36S844DVU61F303U'),(261458236,5819483482978278145,163516665,233058463,1975192531,-990317551,-5824,'131J43A05R92Q00F46FT21Z530L5J801TFEOOMT22Z9'),(261458237,6741820686663755726,163516669,1926094126,1760444173,-470307755,360,'M8O3G5VMKX1076'),(261458238,7420365328602184595,1830381947,1176571559,1160385874,-1141695537,-247523419,'7B190J1KJ52T80L'),(261458239,2248251043088417144,731982471,1582770072,1160385876,-943401106,-1118469798,'SHNDL5M'),(592100021,6741820686663755727,1014141184,635683268,1602609512,-1395677955,-1799152283,'ZU79UV4N56J9PZI86V5R9PK93R5KJ8H6CXAJR42DO5022'),(592100022,5819483482978278143,1417490393,2147483647,1160385877,-712298754,-1,'OUMJ'),(592100023,4383812608629589756,2045130310,635683270,1602609514,-313,-1450219181,'U25TL3MY4DQ5AL99Q241IQ5BJ92M6F33K564B'),(592100024,7420365328602184594,2045130309,18310098,1160385876,-1681011198,-1509424171,'M2286'),(592100025,2248251043088417141,163516667,635683268,105148071,-344750772,-394091991,'71AQQIXL1FPRM5W52S'),(806848387,4383812608629589753,1830381945,1582770072,945637509,31,-48682751,'2G7G332YHZ5P1FS4V6C1PEUHCS8F3136NM27U6VIFXAZ3V84NO'),(806848388,3170588246773894724,517234106,961823196,650797144,-286586334,93,''),(806848389,3170588246773894725,1830381949,233058462,105148073,-1624823217,-4328,'2G130N'),(806848390,2248251043088417140,1228889550,18310099,1760444171,-96541070,-2070655661,''),(806848391,5306149812315067334,1417490394,18310098,1602609510,-1102969403,-1877268095,'YY44C3A8XD7TG'),(1045353773,7420365328602184596,2045130311,233058463,1602609514,-5764,-660785835,'7K6092O46OD5B6Q2CW5'),(1045353774,1815265883761755709,1417490395,1176571561,1387861148,-52,-179934501,''),(1045353775,5306149812315067337,1632238759,2147483647,436048781,-7,-1892025593,'04FULZ434Y5XQ59KQ8GUVG5037PE03K'),(1045353776,1815265883761755706,1014141186,1926094128,319896437,0,-1837750111,'R9UX2UF'),(1260102139,5306149812315067336,2147483647,2140842490,1602609515,-534769461,-1665798190,'89SP'),(1260102140,8342702532287662170,1014141187,2140842488,1387861147,-5657519,-1573685139,'1B96HM81602'),(1260102141,892928680076278126,378265031,2140842491,1602609513,9656,-494958417,'V31NRX'),(1294722387,6741820686663755724,1830381948,635683271,650797144,91,-1493570788,'NWR4N7O7'),(1294722388,2248251043088417143,517234107,1582770075,650797146,-2627,-901899865,'3T5G'),(1294722389,2248251043088417142,1014141185,850431636,1602609511,8694,-6824314,'0C0'),(1294722390,3170588246773894721,2045130306,1176571559,1975192532,-1856968183,260,''),(1294722391,8342702532287662173,1228889551,1582770075,945637510,-113414543,-200496778,'WC760RQX7299XZ356M'),(1294722392,1815265883761755705,517234111,1926094131,1602609512,-1471684171,-214157491,'A41O4NTDQBR'),(1509470752,3170588246773894723,378265030,233058460,1602609513,-74,-328325941,'I3284XSSA8BHHAD8SJ123'),(1509470753,9223372036854775807,2045130307,1582770074,1160385878,-892178501,-530089320,'7I12'),(1509470754,4383812608629589755,731982472,1176571560,1387861149,-1759423062,-72,'4023F037LHU3BV0BDHY270SA36CABN7J2E54Q92B18B45TMG0C'),(1509470755,4383812608629589758,1228889552,1176571561,650797146,808,-2119281455,'Y6QS'),(1509470756,6741820686663755725,163516668,635683269,1760444171,-1401090877,-2061830567,'23SE'),(1509470757,1815265883761755708,731982476,961823194,1760444169,3,-93,'E43C50'),(1509470758,5306149812315067339,378265034,2140842487,436048779,-2042283198,-1938148345,''),(1848681037,5819483482978278141,378265032,1926094129,945637508,-1846835055,-4,'6O88N72884E0MTZ58TU5C1O4Y4JUAI46Z0153U6YPT53NZ3V04'),(1848681038,5819483482978278144,1417490392,2140842493,945637508,29,-1391738016,'1LU'),(1848681039,3170588246773894722,1632238758,233058461,1160385873,-104928651,-1249418825,'OY4Y81607BZJR2WMC0U6US'),(1848681040,5819483482978278142,1632238760,850431636,1602609513,-2028020706,-1780121170,'0ZGLA09TF2O'),(1848681041,4383812608629589754,517234110,1582770072,945637507,-528,114,'0GO7EAP0ER35IRC05YHQ5L89084'),(2063429398,5306149812315067338,517234109,1368021709,319896438,-2138997756,57,'3LMDN0'),(2063429399,7420365328602184593,1830381946,233058462,945637511,-577901399,-1180836911,'4L826DPA4F1'),(2063429400,892928680076278125,2045130305,850431636,2147483647,-1742863590,-274631265,''),(2063429401,8342702532287662172,517234108,635683269,1160385873,-1106801218,-1493107202,'9230M589STK10E56LAT094V09R4F9OADHJF'),(2063429402,5306149812315067335,163516666,1582770074,436048781,-1209740061,-453,'475AGNLZ6DXS95VTH1'),(2147483647,892928680076278124,2045130308,1176571559,105148071,-397189663,-1919426278,'');
/*!40000 ALTER TABLE `cb_cmall_order_detail` ENABLE KEYS */;
UNLOCK TABLES;

--
-- Dumping data for table `cb_cmall_qna`
--

LOCK TABLES `cb_cmall_qna` WRITE;
/*!40000 ALTER TABLE `cb_cmall_qna` DISABLE KEYS */;
INSERT INTO `cb_cmall_qna` VALUES (94,2147483647,'JRTL32A28J9KU31EWZLO8MT9O8TF3A1A',NULL,-16,'TY7HOL4V67217DW4A8',37,1830381946,-34,31,-82,'1970-01-01 01:23:26','B45E7X6411G82','1983-02-06 00:25:55',1285309861,'1NNEG0081K174RF56A7J2A94L'),(95,18310095,'F061OA1ZLC62T44A8C1N207QLYQTYLK7','E9QYVUY57E138IW',119,'V1Y89WZ5C2VMUF6EOI48T083X871G7ASJ6187DG6CHA5',90,2045130308,9,15,-2,'2001-12-23 20:54:20','B7O0HAVJ3PD','1992-10-07 05:37:59',5088,'6L217A'),(96,2140842488,'3U907J709D077','M6U0D2002TN2OKB58XP8640PEOT63SKLL4NK1O818IX94',-117,'',-122,517234107,-4,-3,-59,'2009-12-14 05:17:18','','1998-11-15 10:54:18',689900550,'HAG4J969HLX28A5'),(97,1926094129,'SD8UA6X2206A671U2I7X','N83G9X248DKO8G',59,'V97DJAW22K414',-75,1830381946,103,-114,61,'1982-05-31 14:39:35','1IHU627P9G330736','2008-04-04 03:37:27',1088632398,'8764'),(98,18310098,'9O','6957N9U5133SW396968086676PXPB5S1Z81B7I815KB0TE',112,'GAXLW',-43,1830381944,70,39,59,'2000-03-16 20:34:00','082QLYC2Z86202VWBDOCEHSJB6G5N0J2N80L92C77J7E97540K','1970-01-01 00:00:04',881066240,'O5CO04PV21CD5149AIXE3RJ99506V0940PZB91BWR347'),(99,1582770076,'HB5','XB4T28PU87ZP153',45,'X5G8GT38QX',-103,2147483647,125,96,44,'1970-01-01 00:01:35','3FFR8','2016-09-18 08:06:23',1731071257,'HVE2T8R23YBJ4XS8'),(214748460,635683268,'5M599B2BZFB','LI7YL8A03A',-1,'',-56,378265032,-115,66,123,'1972-06-18 23:07:34','','1970-01-01 01:58:51',280797071,'TSM5246ZO24I647PB6OC8FB45N1OAE3RV0A8J2H9'),(214748461,850431634,'','',-40,'B3KCTZPHZ51W4B50J1OB9G1I747SAQ04B9D08WHF25R3B91IS7MR073R0L98',-38,2045130309,83,72,-38,NULL,'W6KOW','1984-03-22 06:42:24',7130,'610917D8RG4'),(214748462,233058463,'K9T4A1GP7TB2K2G1LLA77I28B0QU09','',-9,'6GI6GK4ZQ9PUI08GMQZ28ZX32O22054A71073B3U377C3X4',21,517234111,-86,-111,-110,'1970-01-01 00:00:04','VPGB31CZV1','1970-01-01 00:12:37',1091234653,'RU864O48T'),(214748463,2140842491,'K6G7OMLF586209IIJJAV',NULL,-3,'',54,163516666,53,41,-2,'1970-01-01 00:00:10','6OSHU73F','1970-01-01 00:00:40',756,'4532C1C20WP6P'),(214748464,961823195,'870','',-9,'HA4619X2',95,517234110,-74,-41,111,'1988-09-30 00:23:27','X','1990-08-22 17:24:43',65,'3YW31EVKCE69J39EKQTY5UJW6'),(507221816,1926094125,'9VWL2F20IJXL3H5QFA5WN6594AK5O5JMU7C18ZL0DYE1W','H53F54FHG3E2AOB8S2S5TP71F2Q84Z6TFY0284Z21ZS96U454077Y82RA4',96,'C02DKP1FFAK66L15AS16JZT510QDSP31S5',-7,1014141185,47,-69,26,'1970-01-01 00:06:39','Y1T7402X9Q07M3429V7J6ST9653OQ0KCE2Z2NU806','2018-07-04 01:23:41',541592503,'M7SU588ZK0G'),(507221817,18310096,'50L3279VN1TV8',NULL,-38,'28L',62,517234110,87,-120,-102,'1980-02-14 15:50:44','5DMWB',NULL,1138320062,'BEQ601H5B26JD1R0REO7B208612W'),(507221818,1582770073,'D00J4ZF5R1J7Z7GDBF9U8180LG2U52IG199LU88NT8L7905IS7RV449D4I344HKRG565D359XG702OZ72CF7O01P1WMVYK3R8HL3CK57B5F7BJO',NULL,-6,'',-7,1417490395,11,-39,5,'1983-09-02 05:32:36','O3OPD605VR35MK4A3M6TS7AX1PPI36J1','2001-09-20 11:53:54',1359952505,'Q68AC9PNK6022QS4ZM3Z28C1I2927JMMZMG52IKN8JZQ5V0YWC'),(507221819,961823194,'L8G45I','3ACO13',99,NULL,-15,1830381949,-64,120,-13,'1970-01-01 00:00:05','1F920BD49N','2009-01-31 01:36:52',349578865,'K30A6M'),(507221820,635683271,'L04','092J460T3663QI91RIB848T',-79,'F22BLLRAVPRUM465',43,2045130306,-63,-4,21,'1989-09-08 02:47:16','630U7VTCBN662696BYSN03U91H56WC','1988-11-27 22:27:40',1587847595,'DA3DW4GT6YEE3ZO8N6'),(721970182,1582770072,'S1941R12GL3500NWC','',-33,'E90JZ5WMB2Y0CN94H0061543UMBD5M9Y8I',10,1830381948,-92,-105,-117,'1970-01-09 05:08:16','025VW1S2J64E3HSG1NMH8XAI5W82GFU5W15963R909S50Q1Q1Q','1980-04-08 23:42:57',39,'AUV18'),(721970183,18310097,'30LPEQ7X6R1AWA71777S96','SKQ998XA374WCGT73LG',-75,'',-53,517234109,95,73,-67,'1970-01-01 01:04:03','0','1992-07-17 00:37:22',1321301835,'3NCJDCK08PDJ8WR4ZJ474GXEY123X1EJ63557V3N755G9IH57V'),(721970184,1926094128,'','4RH9I4O1D9EI4459CX0LNDP25KL',-109,'5YD9R16',7,2045130306,87,62,28,NULL,'E4340026QI09W4Q9WNZ7AXKDJ4TBK56A17W0F9G495MQ444474','2003-07-23 14:10:46',804222740,'51J8F317O01N0'),(721970185,233058464,'2HXXP1S53','',-60,'WH',3,1228889550,1,0,65,'2006-08-04 01:46:50','629Y1C3E67QX','1970-01-01 00:01:20',622839312,'HFN936I17MHFQ11IDK2232W696AQ663018358YH9KT468G4UR6'),(721970186,961823196,'9',NULL,-105,NULL,103,731982476,115,-73,-50,'2011-09-05 02:18:07','KZ8B','2013-05-26 02:16:44',1373497575,'GH5NN60007R1JBVQ8F1M3QICU5E3EB1MC2Z057W5IG70FL7T3B'),(1033828195,850431635,'8OV7J02U4CEH46D5GJ688K2347KKFV1N1F23M','1CVLQ',-81,'UXS8ALE92X3746250N238UQ7',100,1417490392,-86,3,-1,'1970-01-01 00:20:56','048H','2009-12-17 17:04:58',597406052,'5JWPQ489164TV3WJJ1Z0378058GDE57X0F57Z5A900Q71G6AAE'),(1033828196,1926094130,'U46C4K27V5675U6Q36C1NGM8792S99OHM2',NULL,-49,'K4ZL63W1EIP',47,163516665,97,-92,14,'1983-09-12 17:20:18','SV0QV3LSL79362V8',NULL,1794527882,'9O537K66ISS8Y918PQ82P6TS'),(1033828197,1368021710,'MR0Q9YBGG2ZN81TMJV70QGY6Q8M','39ZU0PJ1MEUO2UG',95,NULL,97,1417490392,98,111,66,'1982-11-01 00:33:07','2507GJN514','1992-05-11 14:19:17',683597025,'C089ARE0W2V62S6HET3978GL3LWVD0W8UEDTN763UO417828ID'),(1248576560,233058460,'BN170461R','',111,'5R4AKI4QP5FV',40,517234106,-116,-97,-13,'1989-04-05 14:04:34','','2017-05-08 08:40:05',1358648307,''),(1248576561,1582770074,'2A4SW2CYHIX9Y2KNF81U5CIWIM9LX119SJ3FOZ1817','',11,'P8',-89,2045130307,-97,-11,96,'1973-04-02 12:28:32','93','1983-04-02 17:43:10',123300391,''),(1248576562,1368021709,'',NULL,47,NULL,-120,517234110,123,-58,91,NULL,'V695LOJM2',NULL,1203610632,'3JKW'),(1421311201,2140842487,'4','Q63MZ28U292WF5J2F5X81I1N5C6D13L4YPT8N11H4GUEZFSMXF3W7MTF9P4XO2629409OXX3',-65,'452P8E3O0L5VA51QTW969M427X9UF3T9I14U0908',82,2045130311,0,62,-72,'1970-01-01 00:00:04','HR','1970-01-01 00:01:06',3,'JA6I90556F9R5MT5QJ80V'),(1421311202,233058461,'6','8CSSU1EM2622O6W8Z8CU11B08KPXN86UC4G2DDGN3D261OI198KJ75Q6S481',45,NULL,3,731982474,-96,83,-86,'1970-01-01 00:06:08','T608T','1970-01-01 00:00:04',3,''),(1421311203,635683269,'59YI5AFPI6KYU9T65R5068M33E6JE29N9EPDT5Q74I38ZZ5RTKCQA40FKH06WZ09H37','9V27X1C09Y3SK',72,NULL,-92,517234109,69,26,-114,'1993-10-14 19:03:28','N395E3I4RF90JHI586LG42','1992-05-24 15:54:41',712144164,'P42JJK44160118QVS2Z11839I7193FF2Q1RJYNO82RJ40'),(1421311204,2140842492,'WL5T0W89X7UIST5T7WWS61R','38SFG',-6,'T71YO730JMPLLN0GQ569S6B8A1MCBRM3Y981974586MZ7EAWZIMR9Y6G5V',38,517234110,-26,88,127,'1970-01-01 02:38:58','ZBS35NO5Y13JA4825','1970-01-01 02:10:37',79,'7H7IN1MH16'),(1421311205,18310099,'6FJP9C78W3M93BR8ER72C0OBT723U95616S43','278L112XL',33,'221H19L89RF',-125,2045130307,-97,100,-89,'1970-01-01 00:09:50','XADFK63AN0R27T3P','1982-01-13 20:39:53',75324163,''),(1421311206,1368021711,'4C05RM69H8E552SS0M0I9','0NS0P7QZ99L9YW3IY4P2JUVBYUPXYN0C962A3P55L574FS64L3BQ7V7ZS7QCORHX85H46X0P0QK2T35172EB0C3OJ64N',1,'',-29,1014141185,-15,63,-60,'1988-01-04 01:54:35','O600','2012-04-08 13:09:32',1968419171,'60AH77'),(1636059567,1368021707,'','',-126,'1L95',-65,1228889552,-3,82,84,NULL,'D','1972-09-30 13:55:50',1925106102,'7A4'),(1636059568,233058462,'81U86K7621LG25VAXP3422V8','',-22,'BN31R8S2N786B1AU7Q366M2AH48',-44,2045130307,-98,-7,82,'1970-01-01 00:15:09','24XN','1970-01-01 01:25:31',1308555743,'9061DQBO447G03T9'),(1636059569,1368021708,'OY46JWK','4Z72',-75,'',7,731982476,-128,-122,-7,'1970-01-01 00:00:02','7AT6265A3C631JKI702G7D4HUC8R20G17B48H','1974-05-07 05:29:50',875703431,'U7B88536'),(1636059570,850431636,'1782D993EIW78ZZQ41BS254Q6H1145F3I6PE8W3124IF7880J95VWXM8498AXY37011C0G980P049TU','01U5AO9U85NOG03438F1',-74,'92BN4S2403X9RQAIO0V9V673C2DDMCSOQVHDYMLNQ8ZOO97LN8KAS287W8M1GGOJKG9YF48DF84K3235L63F1D43F42340XOELL4665BJO99YO1P5P53JHWOWSF923FC2458796U0N8AWG063529F75XQM1',-110,517234108,-87,92,114,'2013-03-06 15:47:53','678FG71','1997-12-18 07:13:51',43,'GQL'),(1636059571,2140842493,'WE5AO93Z183A633ZC26V1PFRNY60D17V128W3X1U8WR','',78,NULL,-92,2045130307,-44,-82,-41,'1979-10-30 04:48:30','07Y304V2','1971-03-20 21:03:18',47976228,'5YA69ZW5FTLFA69B04FHLJ1T7T73M1O'),(1925654746,1176571559,'B7PUA1SMF8SONR84DCTN8IF5K3HQXWY55D5F0535EK0Z0YO8G7KUHFHJB1FX5','96',68,'A',-13,163516668,127,-50,9,'2008-04-16 23:04:27','','1978-09-26 13:27:38',7861,'3TGPY3EVKF812HEY03'),(1925654747,1926094127,'6O92UE1YJ27H0W0TMD3E50319SYD5333U7KQQ09GY9P3E1Q03K6CSOTE23H1A6079FA69JPOW1RX47V3K4MH3025Q4I3LD47195690J37L2V43NS9L705UEU7E2517IN0GYIQRB301TVY14Q63VVVVAS94P9Q46KSG37G10T081Y61376X4G3TDHWOQ19Z25390UU6E','7IEE9FL4Y8',5,'H532V217V0WMR0OF4F7A64C5R390U8570R7BY977QB25',46,1632238759,52,46,-30,'1970-01-01 00:00:59','7PAP109HL3A56R4750R34MX5TU5I4LL95R9JSX0G3R4RH612WM','1970-01-01 00:00:44',61,'N6EJ29'),(1925654748,2140842490,'9U1CX2X',NULL,24,'',-80,1632238760,-105,-105,114,'1970-01-01 00:01:03','TFUJ','1996-07-13 07:49:45',1317711102,'421S2436VN8S8180P32PMT98YIK'),(1925654749,635683270,'9VMN74R9O','D71N',106,'7CG4L17638IK',-33,2045130306,-64,-90,5,'2014-03-31 09:06:24','B1TT15CM924461F','1970-01-01 00:01:02',7836,'SLR9YM27D6G6VJ574721848WO8Z6D3AYJI61XG690UVQJ260'),(1925654750,1582770075,'554BI8JWZF3L114QT6ENITP',NULL,50,'',-16,1014141187,-76,41,-28,'2007-05-21 05:12:35','7RCC782P9NYYKJ0JKY43J9H1','1991-07-15 20:04:01',5130,'I29H4R2F02XPYSOKU2Z6'),(1925654751,1176571561,'JC672XF8X0XD54B450R5ZDS',NULL,57,'',47,1632238760,-1,123,2,'1986-09-12 06:17:11','OMR0M5806','2008-06-03 09:35:10',27019916,''),(2140403108,1926094126,'PLP','A5DQ1DIQY2B70OG1',-7,NULL,65,163516667,69,-75,89,'1992-08-02 23:53:52','W79ONJ44CC5SYRI58HX6VONV337961','1970-01-01 00:00:07',6,'QCXHWKA4R4'),(2140403109,2140842489,'C371N47B5371HINQ693','6WJD38LR199U',-12,NULL,121,163516669,57,118,-79,'2005-02-11 01:40:42','8LI5Q1L','2018-01-03 06:11:39',1844945913,'927113C1399Z8X0E59A609Z1'),(2140403110,1176571560,'J872974Q218H29AQZL81O22CG1694AX42MH3CR0J30O95O2EM15YOC059E3FSP170YL8EBEX7YO1627N8281T','69HH',-33,'OW4H6RU1B1R3V1HXRZ44R5P7S163B0V7R7X2D0EUBRKK40963J636',52,1830381949,-48,-105,95,'1970-01-01 00:00:04','U879W9SL17KMSHPJAAK5','2009-04-02 18:14:37',1084792356,'DAJV3H59S9G7IU4BEUQLD'),(2140403111,1926094131,'59F3J8LG9S50CE148M0MF0183QGXMCT8YJ2M6QA6998O9B2YFC1OCASF1F25PE','I38D',32,'8KVD9A6XI8EAGZMPIPWATD7',65,2045130305,-3,31,32,'2015-08-05 19:43:35','AJ2UJ2AES8R98NTX1YJP6Q26I1N59272C8NT44L2L9PX281Y97','2012-09-02 02:01:16',1814089824,'M05T486789RM940106Q'),(2140403112,233058465,'','CDH2OM0TB40',-45,NULL,-45,1417490393,-104,-68,109,NULL,'5721','1994-04-08 19:54:05',1830603603,'23N7F5L566JJJIG4119Y1A2K6D'),(2147483647,1368021706,'73KF68SU0945TR6400VXL78J3904','CHAE57OL21XKU370VF5Z57',-56,'P09349K99XS30N44FM34',3,1014141187,-28,-9,-106,'1980-07-08 16:45:47','R56EU0EF8M74X99D2I3847N7W94PL3O0C4RJKVNV0BNE2QRDGN','1978-02-22 04:40:24',62,'PT5M433GM14J9HZE66DFDL77J050');
/*!40000 ALTER TABLE `cb_cmall_qna` ENABLE KEYS */;
UNLOCK TABLES;

--
-- Dumping data for table `cb_cmall_review`
--

LOCK TABLES `cb_cmall_review` WRITE;
/*!40000 ALTER TABLE `cb_cmall_review` DISABLE KEYS */;
INSERT INTO `cb_cmall_review` VALUES (318,233058460,'I2VG625489325A4H683OIDJ811','XJ3Q72XHNH58E9EWWUH52ZW65G9AXHZ6L66B751C5R2QAHK6KNCYEG69P236HQVP0H0R4FQ7532KD87Q960',0,1014141186,-58,'1970-01-01 00:00:04','780284AT5O69NHEPYBIM6GSPYZ788M728T1Q6',0,'DYTUB28N8422'),(319,1926094126,'YEW30PSW6H0VHEDC21T42WU6MUZS1F7SD7L70IIBP033A72A8N39BHF74QKL0A744FE8O0KW71T9IG7XYB39N1K8KQ4GPI55462QBV3EOWESY8787L50822','',-44,1417490393,8,'1970-01-01 00:07:23','17N4G',121,'DU73B3R0ENUKT33C32EQDMK2E1O9I3351372TDJPX2H88Q48I8148OVIZ551DI4IQS71VBE764176NV02LH77872522T6XWRP9289W707OSVL3Z8QG2R7K9E7W367K7P54N845I4211I2F632807O0NQSY32418LN0G280BS404NM13KEDUIHQE15L4QM473TJQ55LVOJZ3EG7R8Z66Y3OHSJ706W1309X4XQ8DJ6AK725X4QK7H229ZAD52E3G'),(320,2140842489,'UWQ4YG','',-64,1417490395,16,'1998-11-01 10:13:55','',18,NULL),(321,850431635,'R89M7BE26NR735O5097Q5FJ9J131OT2LJ4G8HX7','GSD2',95,731982476,-9,'2015-05-14 11:52:11','XNV1C1J9',-73,NULL),(322,18310098,'80GY58OV2S1H1X0A14CPP55JL243C42XW0J9V','YOV348BAE1DY72WH5WC19Z710QF2CK9IUX5AD526KFIL3XLP',-79,1417490394,-34,'1979-08-14 19:31:24','WP3I25DR5O34R6CYE',-25,'1A73HD9IK5M2YXBM6GX0H7CZRIYGNBR69HW6N6H3'),(214748684,1368021706,'J81FF87U4I','BR1Y1DQPWQ2',-55,1014141185,104,'1970-01-01 00:01:11','8Y4LD731Y3',99,NULL),(214748685,850431634,'15U6615P3N0R1OL9821B511PO4PJI3456C65Q9M',NULL,68,1417490395,71,'2004-05-03 11:51:11','5716FB3N05BQ6V9SITX7',45,'U1C9FD8137BJCPH1P07R13OB8O3TE7C001U4UW0E7T343T5FG'),(214748686,2140842490,'KBI7','7N255O060IYMD0EKFI4QZU5M91POBMRB962L0YV290FWRXZY943Y2GTJ8ET15',-44,517234107,52,'2005-09-29 00:52:33','WPOC85KX4713D164C1LA7Y9PQ3JPP1IE48B7KT9L23KBZ',9,NULL),(214748687,1926094131,'U0764EKLCM79VXZB99FA612XT09K13DQY7IW9493ERB917O0','J3220UK31UDDXF35Q43L5NX976M92PYXR50AV31',-115,2045130308,-71,'1999-04-09 12:37:46','853756802E',4,'SA5RR7339L'),(448756271,18310095,'','3B',116,1417490392,126,NULL,'E58H6FR165O1E7JC5',-125,NULL),(448756272,18310096,'01RA04L5546A6711G','8',-69,517234108,65,'2001-10-30 05:39:26','38WY7NX6',-40,''),(448756273,1926094127,'35GHMKD7A','485AM31KXMA96252IAT3',34,163516668,-125,'1970-01-01 00:08:25','2',112,'W07FW5YT1N7SB08UP891QS5A2'),(448756274,1926094129,'56G12J802K987B05HJ','F9A1YUVB27DO4N0300O773N5XX541PNQ260FLIT7G2EIQ917KO2QPG6C9Y2O2YK0',-50,1830381946,-105,'2019-04-23 08:27:36','9BHM322OVT699OY90343431D890NXXF05SW4424EUSD680VL11',-68,'1DEYUOY042AGY633U'),(448756275,1582770075,'34V9TEI1R9V04C84NS1CL12NXP28G7L4ZP19C2USF82MEPOE9669AQ0UL6718RV0IDE5Q6TT73257813PGE6YI7SW2VJ7DE99OP',NULL,58,2045130305,24,'1970-01-01 00:00:06','10S0847R043I4',30,'56B1C2SOP8DWR70U95693JN1XMZ2XVIFJ5'),(448756276,961823195,'4GPY868H5V21B','0N85X308A4RFI1686KJ43CYYQ4T73ISEA9KBQ4C0Q5ANG9HDUI91R1',52,378265031,-80,'1970-01-01 00:01:12','82WB26HWDB6FH4X97Y7U0W37007IXN',6,'PD08B5SFV79C61WQAZGH2E9430L8437DL479FU0S7LO71P957A0074'),(448756277,1176571561,'M','778BL3G7QZ3B7U2Q2J',-35,731982472,110,'1976-02-27 21:09:16','2R7552H',-50,'2LZ8FB1T656UMPBT99JY90QQDB4FIZ108Z3J2W5Y530F900GR7382TCY7EHC3'),(448756278,1582770076,'732',NULL,-3,1014141185,11,'1970-01-01 00:05:19','',-18,'D01ZI19U92I465393'),(663504637,1582770072,'9K','5AH51D34',9,517234107,-41,'2001-05-18 12:08:19','330TR32ST72',-34,'2J33KKGY24DX8H8ZO3080A40'),(663504638,233058462,'29883BU182',NULL,44,378265032,-41,'1970-01-01 00:00:47','EU4X8TBDTXUKD686PAV3V569KWAT98T1CH',36,'SE39I1C424MLA300461772087N7191382UPZCO86XQYV0N4Y58S29B7E'),(663504639,1926094128,'L5','',-89,731982475,-62,'1970-01-01 00:10:24','S18624PV519P4Y7RZN74KF',102,'N8VJEXMIM708'),(663504640,1926094130,'LF2VF','AJWUGIVC0',86,378265032,-21,'1974-09-22 02:30:54','B20',-113,'CEM8XB'),(663504641,850431636,'4OE25G87H7SK9LZ3H1IU1CX68I694I0AN619Z305094IO7','',56,1632238760,83,'1972-09-30 13:28:26','RK5MU6NH71V85I',48,''),(663504642,18310099,'5A2OZ8H2SFO3B2FQ264FN21Z51P0LX4B8W5J498MD','',118,1830381946,40,'1973-02-12 05:16:05','W2C',-76,''),(663504643,635683271,'776SL6N6OB',NULL,50,2045130308,40,'1982-08-21 02:05:15','J1R778Z',7,'78'),(663504644,961823196,'3A17S988GPCKXG1AEQ2M75MWKU09GN90KF5LO2G7AGDB73XQ0ZU80I1B6978B93FHOWNHU00L94831PER12CGRX9J5R3R654HK6VZZ1091MN0CM4POAMF2K62XR42JED3X21W214323272QK20W7TUL4R2LAC',NULL,11,2045130309,18,'1977-02-14 05:00:58','65BC99O958YF75519HT4812J174EFTS020O84B4V347DB1RH4T',114,'O9514F0Y41FJX75CE3S5V51EMS0X492SAMTQX01AY3WHU3N7D72X8DDHU928843A'),(1026979213,1926094125,'9LC','',-45,1632238760,-109,'2008-04-20 14:48:33','O9A14VZ1ZV66',87,'D835O0HB1680CV2'),(1026979214,2140842488,'RB27327XWRQO05HU','50YLMBILE',41,163516668,-60,'2001-03-31 10:06:24','4AIDKCNJ08202YGUS99R6K33X0G00FMCR44KW54OSRQJE5J8YF',85,NULL),(1026979215,233058463,'V3Z9K1E5YWA55H3KR0811YVBLK2NSX1370151PVKF291GPC10','8MV19FE57660Y32737AG7P80U4S1UP',118,731982472,45,'2018-08-18 16:45:44','',-9,'395M21O46'),(1026979216,2140842492,'90S521118AK95FN44Z','PQEJBLLM619OZ1RGAUX9288681G97749BVE1AZEEX96LGF5MG7ILTS1VJEKD4MT01W51WLRUG17VAR1823DG3QS7ILV01HT66K3V3W7TH3357CM392E3M148D0B16A3932',-55,163516668,3,'1992-12-11 19:30:18','4E5',119,'46IF3ML83962GLFG4V6EK'),(1026979217,2140842493,'5069RBE7ZGS4K3XC6K9054VUW1SG4W23JLEMPVY12UN117924OO67HDXAH0TSI66A0QLZ9KQR55B2K79UCEC1WJ0HRP3TL14U920X0L68H6A7GSO49Q5UK183R9J332MI996N6967YT93ZE9A7504SET47Q985N4N776',NULL,-60,1417490394,-45,'1974-02-09 13:28:01','K57H63O3N229W244',7,'KLN70TAI79DH3WPF63803E5G0C7AEI218ZGX9FNX45B0N94DO2YQ2G42C710956513I24IJ5MUO6WYH6XH36D8FUCI96HBBV7W5C44O7H8N1O8OH84'),(1241727579,1368021707,'D2CMA2XT7YX3DBM825','',58,1417490394,-110,'1971-04-21 18:54:29','',58,NULL),(1241727580,635683269,'22C559P8W','JYHVS04',-78,378265033,-1,'1970-01-01 00:00:08','0751R34VCO2',-79,''),(1241727581,1176571560,'GTF13629BSXB016XM1Q476177730Q9HV71JIL562LQVX03GN04L32','',-11,1417490394,-50,'1992-11-25 00:02:15','2168724T3O3Z1',18,'4Q51Y0361NP1BRFB26Q40HBL1CDH'),(1241727582,233058464,'','T4Y3OQDR4GAOOZ25TKF9E5S90',-117,731982476,14,NULL,'40669B3CX2310580OR7WXAKZ2AN539E6U9989',120,''),(1325307254,2140842487,'ZVND4B677302AIUS8RUU3TA91V49','VP2X989RX06',6,2045130305,45,'1991-11-09 23:00:45','H61WX31AF5SX3814O3CW0XO809P30T443P5H697SU8HD6X329S',58,'U81KLEK52P99967N7Y37Q7OER5R2UKEXDMW97M787842EO5L'),(1540055620,1368021709,'ZO680132O6J37124748V',NULL,-18,2045130311,-119,'1993-06-13 02:38:19','XCPB3G2RC2VZ07148OZL08',-87,'15B1HWMCQ6XYV0RW6INFU0Q18D'),(1883169390,2147483647,'I8K17647JG5',NULL,-99,2045130311,-75,'1970-01-01 00:16:31','NZM3OEMN7S36YYTU9GY19WYQS64O867AS9V61R5AI1YGY',-102,'282542P902X868401084WDAS'),(1883169391,233058461,'05737BOL1HETZ','',65,1830381946,-34,'2007-04-15 11:37:52','',5,NULL),(1883169392,1582770073,'0JBKMGJ12LQM005I522P8VBDT4BJTL331','WT00K784Q8PWPDH22T1TF7KJ99Y52CI67N54N5',12,517234107,-70,'1981-06-19 00:38:50','BO',-61,'3U26'),(1883169393,1582770074,'S567UW1XSM77SQTVD18078382LT2LU19BZ3Y3KPMX0R','BB7QR7T1LH12JJNPK27N8',38,731982473,-121,'2019-07-19 19:47:14','1',59,'4E99Y8ROE0881WQD4BSE66U5'),(1883169394,2140842491,'6LY73H7M2TU3PPL2T4Z5YLC57F9VGYGO0G57H1X8A3I6302R15ZG184',NULL,-50,517234108,-2,'1991-09-28 02:28:07','D4G855P',-39,'92'),(1883169395,233058465,'9A2UB79624Q9MJI','AUMPV35686ANL7UY321HW',-14,378265034,11,'1970-01-01 00:00:02','1',-24,'T313X'),(1883169396,1368021711,'D70M9173BR8Z8','BA8I5',-82,2147483647,-20,'1982-03-13 12:04:51','QF8',9,'8H39JAS58937S536WESPV1D9238264FG5VAA55QA'),(2097917752,635683268,'V480D7D36X40LAG','1U81JC9S5',-15,517234111,-92,'1985-11-02 01:33:15','FJ05EOD7',-32,''),(2097917753,18310097,'KEZE78YA71TB72103BJ8A74','Y6VUDL7N0MYB895G1',-43,1417490394,-3,'1993-03-05 06:12:36','2WC8CV2DY5BUN',-85,'1Z3G697'),(2097917754,1368021708,'56','9AR448C934Z4947KZ15Z950PJK2J264PTI55348STCUNO7B9E501X3',-128,378265034,4,'2010-10-19 06:55:07','TS5N465JO7K6X8CXNX414RHCYYNIMC838POH4F3BNWDN7P94S9',-42,'55SIU5VY765P'),(2097917755,961823194,'HT39418M6N97R40Z5MEW6TH7JI49K8','ZP',-81,2045130306,-95,'2002-06-27 14:59:18','NV6KH5JW9X2ZC7K3433R49B2VN1XE2635R4R5BQ23M7WW0',7,NULL),(2097917756,635683270,'J4PP2571048547R0EIBR2WO','G',-101,1417490394,39,'1997-12-23 10:48:04','6X0JYA',-64,NULL),(2097917757,1368021710,'4RRU93FQXNF48P89HOTL980ZMR9JE82KN4EKFCK2MFG0BFB62BW4966','',88,2045130310,-68,'1970-01-01 00:01:38','357A2WMRK8Y7LS63UU734XA30D9TZ4GTPTLKW024DV7OM7M6',-99,'X27H6N0DE7'),(2147483647,1176571559,'','5VTNSPI389T009',109,731982474,22,NULL,'TM26PR1VS7MY9B4988NA9RSMHR7P',1,'');
/*!40000 ALTER TABLE `cb_cmall_review` ENABLE KEYS */;
UNLOCK TABLES;

--
-- Dumping data for table `cb_cmall_wishlist`
--

LOCK TABLES `cb_cmall_wishlist` WRITE;
/*!40000 ALTER TABLE `cb_cmall_wishlist` DISABLE KEYS */;
INSERT INTO `cb_cmall_wishlist` VALUES (81,850431634,731982474,NULL,''),(82,635683269,1632238759,'1996-07-04 10:34:41','124BZ1143I1E770'),(83,2140842491,517234108,'1970-01-01 00:04:25','CGFD7HJ'),(84,1926094131,1830381947,'2016-04-08 20:26:06','C6Q2C69234226Q00ALQ22S9'),(85,233058465,731982472,'1974-05-23 22:54:39','L15Q3H7T8PW15R68042T'),(214748447,2140842488,2045130306,'2008-03-10 14:49:47','XQF'),(214748448,1582770074,378265030,NULL,''),(214748449,2140842492,378265034,'2010-07-19 20:36:27','C7C877V9A24412J9624D7X'),(214748450,18310099,1417490393,'1978-02-09 15:24:49','668JO1'),(444933227,2147483647,731982471,'1998-10-21 13:14:01','P1WH4C722R9I'),(444933228,1926094126,1014141184,'2005-09-20 05:09:46','TTH9C5M7'),(444933229,233058462,163516669,'2006-02-13 04:01:17','6I'),(444933230,1926094128,1417490392,'1979-10-16 21:20:32','2'),(444933231,961823196,1417490394,'1972-03-15 17:41:03','5S6565373QDXI'),(659681592,1176571559,1417490394,NULL,''),(659681593,18310095,378265031,'1970-01-01 00:00:05','RX4'),(659681594,233058461,731982472,'1977-03-25 22:05:25','JFJJ78K0B6SV917779843KK9THFW9DW'),(659681595,1368021708,731982475,'1970-01-01 00:01:19','NNZ3UA12W1HZD4Q8CY8WO66087ZOO3CS23059H4XM6X4Z1SE70'),(659681596,850431636,378265030,'1970-01-01 00:00:05','5D8I4B6HZNC4G5L062MG8Z7B4JH5'),(892649289,1582770072,163516665,'2007-11-07 18:33:11','L'),(892649290,850431635,1228889551,'2009-05-16 06:53:16','197'),(892649291,1926094130,163516669,'1991-02-06 20:28:39','5'),(892649292,1368021709,163516667,'1970-01-01 00:01:51','731U626'),(892649293,961823195,731982472,'1970-01-01 00:01:40','4QV9F4G13GHL2'),(1107397654,635683268,163516669,'1987-12-12 18:00:08','0HH4'),(1107397655,2140842490,1632238760,'1970-01-01 00:00:03','XVW951SQ4HI5KAT'),(1107397656,1176571560,2147483647,'1970-01-01 00:01:53','08931DPIZWY37214M86'),(1107397657,18310098,2147483647,'1999-11-22 14:33:27','944F7'),(1107397658,1582770075,2147483647,'1970-01-01 00:00:19','56B63C8C70F3MLN6WRCCP8F49UT'),(1107397659,1582770076,163516668,'1970-01-01 00:01:22','3AEJ43OK4G'),(1334404049,233058460,1830381947,'1971-10-06 21:11:25','Z05L5F179E'),(1334404050,1582770073,378265032,'1970-01-01 00:05:09','6F'),(1334404051,635683270,378265034,'2011-02-07 04:31:05','K0RKF584SW9F22BK02XF85K16V3R753'),(1334404052,1368021710,378265030,'1970-01-01 01:55:43','7ZWSAIR7RD8Y0Z'),(1549152415,1926094125,1228889550,'1973-10-09 02:57:28','ULX9728771G'),(1549152416,1926094129,731982471,'1995-02-03 01:16:01','4T8Y53550X5W34T35V6UF3SLBQ41ABPP98R4G82734'),(1549152417,233058464,163516669,NULL,''),(1549152418,1368021711,517234111,'1970-01-01 00:15:45','POG0R6225EL332ABJ7M'),(1849208542,1368021706,2045130311,'1970-01-01 00:00:40','25'),(1849208543,18310096,517234109,'2012-05-15 20:21:01','L'),(1849208544,18310097,1830381944,'2000-08-31 12:01:23','41308UG50ZN9N220P5V97C6GYH1PAU'),(1849208545,233058463,163516669,'2004-03-15 01:55:22','CHMG3283002C7'),(1849208546,1176571561,2045130309,'1970-01-01 00:00:10','025N49XNSRICAM0OW0V810BMCOYQ99R970A'),(1849208547,2140842493,163516668,'1974-10-09 10:33:46','95HU81C15M83'),(2063956904,1368021707,731982472,'1970-01-01 00:16:16','9N0'),(2063956905,1926094127,378265034,'1992-03-07 17:58:30','3KU2SA455L310W2316Z8E26K330JV647X'),(2063956906,2140842489,1228889551,'1970-01-01 00:00:06','6N9K1'),(2063956907,961823194,1632238759,'1984-05-11 12:26:41','ICZE73O9'),(2063956908,635683271,1417490392,'2002-05-21 04:31:34','FU4EO5Z18JCL705JUTFQ1F1D7'),(2147483647,2140842487,163516665,'1990-01-28 11:09:02','Q6W8Q30TYGK5EXHBE166176H291DG304R0W0EIA3Q5AHWO08KP');
/*!40000 ALTER TABLE `cb_cmall_wishlist` ENABLE KEYS */;
UNLOCK TABLES;

--
-- Dumping data for table `cb_comment`
--

LOCK TABLES `cb_comment` WRITE;
/*!40000 ALTER TABLE `cb_comment` DISABLE KEYS */;
INSERT INTO `cb_comment` VALUES (133549414,1689177195,59379382,913556529,1474687329,-1418073771,'',-31,-105,NULL,2045130309,'P8U1C3290DHKH06137R37146P0P67R6A7O3A77C64P1SEI8VTQ2GQD7WC7XNFQ0ZK0887IHB61E1BYCDIB5231E794876W407W0VVY7896X06Q0YR7NFRO42KC4YZ40VX076QKSVL5','6908NXET066U8M7S4','5LEQDV479','OP93L8P6W350T812O5ST','L0','D09',NULL,'1970-01-01 00:00:06','4J3IV89O4TMQ37I61QL9L50TR113ZY175DY5S480H4UISP29U1',9,-1066292215,-6989,'L6D1W494J6',-37),(133549415,983508058,1828036707,493687963,1975861393,-524252260,'73',75,-10,NULL,1228889552,'0H935YSFGHIK','Z3','7746469W7L25B8ZQ3ZS0D882D4T6575I89XN9IW1632A0P6Q318D2DQ17T8T2E2U81T27L368BI6G005546KRTFX9RFK54GPB1Y6','FTEQ9SS38IJ6566HSZE14IG0HKJ','821887FN33KX7XH94TW1N1XF3X5Z6R554DN33JP7833982Z','23E8FPV7O43NBC751U7482LS4L29D5ELUQ169DREFO70','1970-01-01 00:01:17',NULL,'T07W7K7R1EZ',-1487771342,750,1658,'6',-45),(133549416,1198256420,1208941473,1829376542,809660222,-33,'HQ0632SS425L',-18,-80,'Z56SH89K1P8QXU1XE957D7J53L6EJ40Y232QTVG2X997YK',378265034,'213AE2HT5FP9GNCWJAIEGKJF12W9445I7O1SHFC1J84SJ75327F00GA3K88LIQZ3PE125RR2YJ8W8TD35AIIUKCB7','SU2Z2E4','TX49777B8P1KX1ZJMNDPI12E','VPXY2EI6V0327OE','96FL1STI9F48Z67647N8A972D13SV3R7T08706','MI5DQ','1977-06-23 03:30:11','1976-11-06 06:32:10','5D9V5OW307UXU3V24OO64W9FL486635J60HN964510ITCY55HV',-1327648943,-1063208153,-42,'G3T24',50),(133549417,711947044,1828036706,1829376543,1474687333,-18,'89',124,95,'D1Z3W7XI03541UAU20WK08R23WBN7',1417490395,'N1Y661Q5SPG79374753543QP6124X67RT4997J83ZD4U10YQ8R2TMANK9C40E1MS13616O59F8S498LH8UBAKJA618FPU263ECG2AIE29DP5ZY5Z7Q1253CEHEO0T34K4492ZL132R73ZG','S','3902DH9HZ26VVZOR19A5M','Z5LND9H23J078C2716EW73581VI4AUY2S2V6057PR92E0F','','ZZSQBG33WFVWX6887FCKQT077D077O2VD2348R93','2004-11-07 12:24:04','1984-04-05 02:58:53','IAT9N5I6VHID218S4E6OGQSH1O54651AB7DB9U18I2560UABM9',-1874982518,-905424275,-7019012,'JI4',67),(348297779,144514030,1828036711,425670688,1689435693,-40,'4958Z56J7',0,55,'N97EUHDW4Y55AZ',378265031,'4S7EAY1H3G77W1','8XLUR40UQ05QB76QO601F9D2A8P993I','P5N05SKN142WZ1H65205AC7CAF08P63F8STJ5JQ54YZ','L1','G45F00YWAI0EGZ1','S6','1970-11-02 19:33:10','1988-02-24 17:34:20','47R5U1I1XVN87U21M3PRETW0',-356897591,-1987384232,600,'L7Q328S91',118),(348297780,359262398,59379385,1501997973,73545307,-1212633687,'N48H',38,-93,'6XFB',1014141185,'M1GOVE969','2903Y','SD8Y7RCLCWBA16MJ15O5Y988B00P7TKT34C4ZD9088ZM377873LSH1NN9J079C1KN1PW7C6BY','','BL9A5TZ9O','E946T519MK8DH5RDQ846VT4891NG572G5M7IZY7TRB70K','1974-01-27 11:15:47','1974-01-25 01:09:31','1YR',-1242738955,-1125628266,3107658,'H5',-45),(348297781,1968583229,59379381,1128304895,288293673,-7814,'WW',124,109,'SV6DXX2FPWH1CM1B4O6YVBV3EE5YRG6K9A',1632238759,'','LHZ3396717R2F80X1','RACN1U','MOLE643B5053K8WTE7M8O72D6E','6XK2RU4B0E7087LY5SZQ2141X8CKQ99S411GX21QUGQ7WXL1DJXWCC54H18LI29G84DWF9D5QYS9113H4WTQ1E5YI64171I1','47W1JPBD48V3F55S0W2PA35U7M8CB','1992-12-20 20:53:46','1970-01-01 00:00:03','29C',8,-777050773,-530,'00CUA',-23),(348297782,497198680,59379383,1716746341,1689435698,-1402768021,'7',3,29,'51C627AJHOSLQ8D',1632238760,'7LZL23SO8542D7','7E2JH5VVS8L6L9LLA9VPI1L6HJ58L496H8','AY928XA0CUMFY645567667YCF45LN53SR3FFHM739YM0HE68P475L0YP5I5K07QX6H67W2O63VP','H','1MU7UT6W3GCA671','790G0HCQX94O223WS','2002-01-28 08:54:15','2009-03-01 04:08:47','PM4AB40M716948C2N1QSTWDCOBN4PXUWDKL36X8V29Q31MKX51',-1893580586,4331,1,'O9Z2',-58),(348297783,1968583231,1828036709,493687966,288293674,52,'E83K7E',-120,75,'33P222',163516667,'V4','RI2JX1X9X0X1Y','W','G952T6VP0A995S4159C','ETSNQSPR5943TS8I6I942OJY2',NULL,'1998-07-13 18:26:04','2019-08-05 11:58:52','GQ4',291,-152535940,-3085718,'8ORN',21),(607212329,711947043,2042785069,493687961,1474687328,-496527621,'KWP',119,9,'74NT6A919588X546O4M',1228889551,'Q8C02ZSX4D56QJ7G44H','POLNK5Z1V9Q7585HD20G21GZ7521BQB2536588OON5ZJ3S91C3PB3R1B43C','4DX4A98XLQ2F995BNK9809G41UQN','','I46828S8AA3VIHAE48IT','3XV38ZJ','1970-01-01 00:01:35','1974-03-08 18:01:28','QQ7XVH43XY9Z0I36TH6FO',-1718303964,-274699391,2921604,'F77Z',55),(607212330,1474428829,2042785068,425670690,1474687330,-1192206138,'L09',0,-77,'08XFJI4GV44',378265034,'','','U4L84VV8FP90T33I','1PBD5Z32DJ9A23','GRL1EL3T545V4UB7','C698UWNW764011182UP13FD15BN3E8TI22RF242','1990-11-30 06:17:21','1995-08-31 08:17:16','62Y3N2QAS025JN99P7WBML4R9FA2I6ITN88U4',-15416319,-1910858042,-3757560,'8',48),(607212331,497198677,605458536,425670691,1012693349,-456400226,'H',123,96,'LGM',2045130308,'357B32W439CPJXU73FPYN75O7Q7B3SW4W2KF69E1VTIHSAPB6M9EGNWXFI7U','1THPINLBA17VNK1Q6SKM66RN4847YO3UOO96','979S1511Z8U1I5Q51O3U2V2WMQKM892GJUR8O58RM1M8ASVK301F7721X5Z9XGDWA1HUUS4H7GI01Z222QSPN89M01','','BMH02B9XIHF3M66CH6E0685A325L0HNWHB7TKC7CR72D7V4765D9EQO03BP0K51L8ER8288E','','1985-04-05 01:57:02','1970-01-01 02:11:12','IA',-563449723,-1595050531,3,'356',-41),(607212332,1474428827,274127749,708436329,1227441715,-396124803,'0P',117,-12,'J',1228889550,'B7X7B8MBD1659WSE','3ZZ03XF68799M9Q','','V8M8ZE854A','','AS8','1970-01-01 00:01:03','1978-02-08 03:34:17','3IS75843',6,-1881906461,58,'933I7J',-6),(607212333,1753834868,1328345733,425670692,1975861394,-5336,'',-6,107,'G3J435',517234106,'OY468I22351L7UE21JEA','21C16T00KSO45','IAO0FI6D48L67Z18R36SC0S371PCK0EK0R85491263HU32O68V','QO60ERL553DT','H92077','',NULL,'1974-03-12 19:39:04','',-760746849,-583,131680,'0',29),(607212334,1689177193,820206901,2044124904,1761113035,-2129070245,'J',-53,-8,NULL,517234108,'PM7FY8OD32MMX1780195Q4XU97IIU6XPBDMYLK56VDUNQO7CP2TO4MS19WZ7J45GFYE6MXQ290JR6RZZV93ENEYG4O2EC7','QR466B2Y6MR05BRF070X6','612E','','D39JA9E1VQ2700W','','1994-12-10 23:52:11',NULL,'78F',-119743102,-1612896816,-2974615,'X7',-97),(821960695,1198256421,2042785071,425670689,1227441713,-1308159454,'U',102,127,'',517234107,'08GP22ZIWY73GANXS6U','70CBB7AY2RY804','920172MD4QD84HBL78IU2HUJ0422UDMLO627IML3VG63NP72U453DB9S5AE99C1UW7EV11VU03A0A1831N2YX3O6K4VEV9997G91','J99DB51Z0HB514Z8N9G4O','7P469O8JH6Z06','W43303','1970-01-01 01:28:22','2012-12-11 12:05:14','BF5',-1980511919,-1410310799,-1832025,'R4Z',-12),(821960696,497198681,1543094100,210922325,1689435696,-453576071,'',-22,39,'2OE13F',1417490395,'048RAHP2LAI7TO5E6JY3PMEOM2NT80G753NXW9C1O0618JHZ1DLNA576J0G84C47W0L4IG27US23XC319D69TLY1724YSG9TZE430R9H5UI82CM0TC','1X5WU25219Z50L7898U3066V72HF2','15VB122FZV7CZE5Y66850H5L63','BNRH8814JP8TENWL5876WVKQ5I3W2E4GO3ZBVM1GIW98EL1U673050AI','20054D326H782MUDWK1OK5966J313X3RSFF92WV5','V862478A',NULL,'1970-01-01 00:00:10','',-1611051374,-295580013,6063722,'37',56),(821960697,711947041,1828036712,2044124902,1474687331,-324827139,'EA',-66,73,'J3J',1228889551,'Q0298IV613Z16IL61B9ML39781G596','I0TMDKS9Y1DI8R6560U7R592D71H996687PF8T1T2FTVP3897R4I99877PX344IMV0C','0OX91NX0ZJ4B36D4J69TH','M43','','X19OW5JCU0J1K68SYOIP','1970-01-01 01:56:30','1974-07-17 23:20:30','0',-66,-1751234210,68,'R9L9',-6),(821960698,983508056,605458535,1128304896,1761113032,-2012895379,'8V',-124,2,'',1228889552,'H06M28880AALF2XBLLSNY6','IP','96893Y68P6','WX1D3DLKHFB892UCHGC676A517N8O4MO02','Y40485','L1CC6N86X0Q1770ES4754B4W9N3','2011-04-27 16:24:05','2019-12-17 12:08:56','HANYOW550JC0OQZQ7',-1336586829,21,3268258,'L54',-124),(821960699,711947046,1208941475,210922328,1761113034,-1158874272,'6',25,116,'OS5O342VP',1417490394,'97H0E427S01NEA5DY8IYO1Q','Z5D9','813T07ZUTVGV61H00573FC472EF','','A04HXKTV5J6ZK',NULL,'2005-02-13 09:30:08','2006-01-27 07:35:11','1Z8SOP09E42Q5YY8IXZ6ON5',-954869855,-460802378,-1903157,'00Z',-113),(821960700,144514031,605458532,1128304898,1012693352,718,'AF24T41Q',3,73,'',2045130310,'24N5SICX3KUI1','0UQ32AJH43WL564JV','EAB89LAU9EK3J1077IC9YW39CLLUPM2K468MMZ55061AE6X128DQP18VF3P','4WYTP','UVS0Z','AU47','1970-01-01 00:15:20','1970-01-01 00:00:07','738L09A0D80D307F15UK420989A8A',2,-1700026904,3,'X',64),(1029168085,983508053,1828036708,1501997971,2147483647,-1661068249,'R',113,-42,'S86',731982475,'H5SYF3106F7YQ76P0UEOI19EB1A7G45IDQ25G','5DBFBXF','OA13WD113V75XOSRD803SMBW58IS8K9T3','4','9V928338VWES5A',NULL,'2009-04-13 18:33:59','1973-04-10 12:29:30','WIF0F85',-362447742,-2123689321,-899415,'009V',96),(1029168086,1198256422,2042785072,1716746339,1012693348,-76,'L6H',-29,6,'',2045130306,'943U253I1L6YF9BXO53S6R353425Z5LF27X2I70DXS52P81EG','65G73R502RB0VRKUJ0Y0U2B','K5TB4UT7','BXQ27E08FKG7JL4UCOHUJ9BNBN21KBO10941L01B330H911U2SC556M85835JV4','O3PGEN4U3UXS572326VQYS',NULL,'2006-03-06 08:04:49','1970-01-01 01:44:32','S279IY38I6DTK2NS033XG09ZH7ZA9MUNN0L06U23RZ0S3IVAL0',-450379765,-181958396,-29,'3ZHOE',-45),(1029168087,1753834870,994193109,210922326,1761113031,-1741286451,'038HE5F',55,-30,'6HP5NK',517234110,'J0R01','04EP30GI7VHCC2F9A952JNI','DR23H1283GM7X9900FG4M5186XIQL192GPQ2554UK6DXAER689O5KS4961TR16NS61BJKW9J203P20YWYBRBKR171POTSH60P909','069N8D1IE2NQ3367WMA0N77B91U372T51421KP99W9B1G86H9FBKB','YRA1C2RGY7GX3W3A4I4B113HLR950EC1O6I3AU8I31JD','4013ZC0','1970-01-01 00:01:15','1988-07-27 20:10:10','582L6',-2066919029,-549478842,3,'548VI4',-77),(1029168088,144514033,274127748,913556531,594911858,-810582503,'NYK',1,47,'6R389G3PW0T5Y0ETN8DB88K6',378265032,'H0W190VOG1X81CG3','97F0Z9YU3JA0769L60SMY013488DRMK17WVUX76W91JKZ31I0719V577LV0980','','F12','2IQU2R179U5Z1615EHKMM1FJN8FLV234D2H63V0Y630IBY',NULL,'2017-09-29 00:08:28','1980-04-10 18:13:54','93F36SMO3',-9,-1581887477,0,'CU',-72),(1029168089,359262399,605458533,1128304897,1012693351,-2072139898,'',74,124,NULL,517234108,'I57KAH5S390IPYHD9PQ970RTC2P2Q63','8Y0XFS21C889OVM1J7MT3KDROA4','79GLPVXTE3BS52L68OEZ8U785C4L51PSPG9X7G3G18','6T34O9EY','R112XV',NULL,NULL,NULL,'9W2OI33S8',-1523444367,46,2507276,'2X5BEF4Y8A',-88),(1029168090,497198676,994193107,708436331,809660224,-1527670387,'3D1063592',-45,-119,'7C0XL321NZ31TY298KR0I92U59U5F6NF017S0BN0L49N1NJ891C98TQ065',378265032,'Z4G6','Z2OLU5','G5QB6','','JI31LL2GXR5Y91682S395EN58089','335583U6Q4B474FD6N9','1970-01-01 00:00:04','2009-02-24 04:28:32','K9251A',-1,-1202,746,'NUZ7',90),(1243916450,497198675,994193110,2147483647,1012693347,-1323487656,'YJ',-103,-29,NULL,163516667,'N9503UVTV274V7BG9T2','61PZ9TVV27M9B94847032HJ30GDD10944UL34223D74FZF15502K27IEQ534J19B4UB6CBD70NN413067T372QOVF8G086NWO481','3O74','IPCX063DB4872FU84I9059T8','XSVA8C0G01B1BBT9188E33O0JG1394468U7MS5K76Q88L78O1DW','YTW190YKA22GJS232BXV1GIG6S04670878J3','1977-04-18 10:58:54',NULL,'',-2145483746,-1950322472,-819124,'TM7',-106),(1243916451,1198256419,2147483647,1716746337,73545306,-304823619,'',-9,-74,NULL,1228889550,'5N5Z64MN7NQ4MK9C0022235LDWK7A6K652PI','F12Q6234GE5H7E19329336PUGWQU857056B583','2NBY87QWLTVCA8204KZ0195I','4TIZQ89Y3L3GFPX6CEX39NM7HY91R6S4A40DAM74V71545X09SSVE3GZBGO409289RR1V5CG142T52MY9CG703','C01KFGHU2','',NULL,NULL,'0QJNP7B0OY8483T1TW',8069,-2000156076,-9,'L5',8),(1243916452,1968583228,820206900,1501997974,1227441714,-1966395395,'XHZ4Q',7,-94,'',1228889552,'4CG7428ER834EP2L8384Y8MS46Y5S90BU874Z8S0BJ8E0NWWW6RU5BEM2G8HU212X8FZQ3B630TA512288FP3G10M1A304V8ABVZ5PG9M85BU72K0','1APO0UKF856RI9EP5I57RX97','75L8L4244RZ9F5T','','23GY07VL','778M75','1970-01-01 00:00:01','1970-01-01 02:11:12','323URPUR5ML692F374V8U26M2ZI0IZD3FK57Z215IBL',-712608203,-1890630543,-1287599,'285X',123),(1243916453,359262396,820206899,708436330,809660223,-654763441,'4',-47,117,'JDQ98UP',517234106,'Y5VQRLQ2EJOJ1','1T6NF6U66','4I6PX5U9YD4Q0KORQ4T7S872F85E3P95MZ60T2X3J53I','V7ZEN27WJ88BONRG4VAZ8RHX6U2075B460IMZKYW5R1PUW22QD8KO77CS7HA8MQZYLHC3GN1F972T758DTPVQJ4V78H8Y9SD9I3V','XG5Q3X59T8Q11JVG34V18KJ20VSS58D5K3TNS2P9Q6O5EA9R27A193A7039D43FSI6XA56UVEJPA6BY465GOC4KFKGS0OE51F7SYN7S601Z6Z','853NB','1993-04-17 17:18:03','2000-10-18 17:18:29','ZTA324238U3AEIY8J60R8NAX4032AQ662W5Q7E7MR99K7541W8',-1715688804,9667,-985,'32MJD9J',5),(1243916454,1968583232,274127751,425670693,1975861395,-1682052948,'IL7',45,4,'H40U0U7P862PC537190O72M041E26KYZZE3ZSR39QPIMY9S3NS2ECCJ',163516668,'H36745U60','CA828M73WTKTVAA3S7C7084MF1EOTLF0SEI','J5CN6H298UE7NHD4LIAK65QO0620655V','L81','','','1970-01-01 00:00:07','1970-07-09 00:08:40','4YGOP869FM',-1235822792,-2001481880,-4055679,'34V',-48),(1243916455,1198256423,1208941472,493687965,73545308,17,'8',44,73,'MFXHC4',517234106,'8X451CRD39DM69','SEX7N2IO9','548794165K2','1VQ5VM5T8FENI01I4I4QWVQ740Q6P9K7PFQ461NTZBI27639PNQ542632T4WIUFS55628Y0FOIEUS280AC0J599L24X436LFJ13J','L','3V2CTH','1970-01-01 00:00:04','1989-01-09 20:06:52','24O7',5,-1965344931,1333143,'5',-114),(1314560369,1753834869,274127747,210922323,1689435694,-1719285061,'18',-27,-77,'',1417490394,'2XQ46HFD611RS1V8T2','R','KIQQF6VGLFBLR7634X9KK802CCPCA7Q5NUB6X','6R1490D135H813D9S4W9P24PS17W4ZWTEDEBJ8348J4N5OWUZ848PAP9F362Y217BC826IAW4S25CHU','75A8Z9UYIHTS145Y98','63WKP796XV','1970-01-01 00:07:03','2010-07-08 06:56:03','H016VR8112F0HIA4',-1700,7,5630986,'Z96',-29),(1314560370,983508054,2042785070,1501997972,809660221,-507806929,'6P83XDGX',94,-64,'35',2147483647,'QOT3S5YG3R5390UM2015C7SXI6C37KF992','G2J3WTAE7Y122','9XY3VE4DHHMU5ZMA5DV9BV01VPQ54V1NE6XG0AII0Q3D1895ZS4H5CVZ1U5927577IMM237E2B061BMTA922JKT7FO5138Z5FU5C','80EIARCC8MD2R','V402WGK7O8YTFH9120BH39S892177C0P5R5IEX5S8GQ5QRXROPRA7ACS8XJZIU0D','P3WR9B46P','1988-02-26 11:38:57','1997-04-11 06:14:00','67JBRTBR54',-1180483253,-629415140,3,'P2',59),(1314560371,497198679,274127750,1829376541,1689435697,-276289763,'ZO8',-53,-84,'',1830381949,'126K49JA5TC81V3AA','39PP0HZY932T93SQG4KL3U97IM1I745X4O32A76','27X5LC531VG48U17F87Q86GQ8O3L0TVEF9TB660591N38AJ00FKC1QY4FR1CF15SB71PZ7SHJ74J660M320XH67NL8OWM258T4L0','','414C285N5016M4JDOO65WI5A7CF63YV37D9B2X269U8',NULL,'2008-12-21 18:59:56','1970-10-30 08:09:28','77U15ZR65X5V',3801,-1359306483,919187,'P',43),(1314560372,359262397,605458534,1716746340,594911857,4615,'IZ32QUYR',-126,-86,'74602NI0DU10E8Y5K5M9',1228889551,'T5D7C296304P15Q1CQ017D7HU7592X68','','6HF4483MT44RL','273L2GS11D0ODT0','0W3MI9WO891ZN0R58FV3EUOI33I7105','9LHCD85QO3O3689131Q7IHZ4RZ00XZ5DK1A6X6CSTUIQ8M20IAC7E5064JLDAJJU49X5637EI1NU307332X7XY1873429Q','1970-01-01 00:00:06','1975-08-30 21:46:40','QF52IC4IO6OVHSGL8AS143V2N5640',-10361422,-30551126,6248,'37',-65),(1314560373,1474428828,820206898,913556532,1975861396,-858056956,'1T',-16,-11,'2122443L4778T30E',731982471,'10109T3OH3SGXY3FO6EO14LVGC04F0C2','4C8TI5VZDNB45V6TUH87HA5LUJG5X7995FU50O89QZ6QP3NGWT5OFV1R11BM9R41K614A9A7B7YT4I7245MQ9F3640HV','Q23X7E1K196K47R6YXH3','IBJR4A2QV8993W2484U22SRQDF1B0SU3975PCR','8S3EZCDPI9M6V57V384QLOV2MC5S','JC303571R3IYM118I325JIOF8E970PU7WDFX9K8Z93SZ2G0A4CXL5QGQPO9EK06ULXU3UEH1YA0F6S8GOY1V7808H04','1970-01-01 00:00:17','2008-06-09 18:41:10','5S1MV2166Z9HBT5JCH50810JRI0YP2A6B6S7530HB9157FJGZ6',-906616178,-1804832542,6224,'32FGY1',-85),(1529308735,1689177196,994193108,708436327,809660220,-672767293,'Y6W3',-87,-53,'',378265032,'3N89J78C0W0CJ48V1Q4905703FLIORP','','IX41P','87BIX68E3','1XYTXH',NULL,'1999-05-30 00:56:39','1981-07-10 13:35:00','9A302P5AFMK5VJM4SE5',-7777,-1350064384,7636686,'',51),(1529308736,1968583230,59379386,210922324,1975861392,-86,'V1VN',-22,-86,'28P43847BP0TS01EVO119517J',1632238759,'K53QL50G6YJFZ5HG42I894V869G2OT52PC0I6J7XCDKW8FGZKYMK681H01UZSOAKA','3489H58SGULB6M79ZSLS162NX82V737G16I4E3417H610NFW1DV58E873TS6SV5G68LE19QP9937008AGWMNK5G9P89LFYN8SI5D','217K0D1','HF87Z0O1D1XM1DS8NU66R5969S5Y78HROB46J','','7M3U9H01VV2GF4G298ME145Y93HQ9Y7U6','2002-09-20 06:44:36','1970-01-01 00:00:03','9PA8L61MD1Z129BK093IJ18KK5829JS6',-1403758030,-503589913,-6516528,'1',-93),(1529308737,497198678,59379387,2044124903,1474687332,-221,'D',72,-93,'LNOQE151R65GOOM9I88PIAJL5LBGII7D6O6V997T95572AC72HDC3N49H3G0ZWDO2VZ4649',378265034,'0','Z97M6YS4P5W7','4DUMK01YM31AZKEUDJ7Y728NCPC16','163Z9BHMLKOZ77S5LMII421N9VQX','1M9E1E6','E8FF1169B2','1970-01-01 00:01:05','2008-11-30 21:46:51','60YOXBDKTS87TZGME0PE0X1VHF57O55P7E2P762RA379P1H',6,37,-4796933,'0',86),(1529308738,2147483647,1328345734,210922327,1761113033,-1896430706,'WGZ31',57,-72,NULL,163516665,'6TT30P5FOE7L1MEK6K3898W18U56CUN8JIOMD403','0CT3G65BI7FG8','F058AE','D0H1444C3I','35639YKS48510V','M429838GO838721B6','1970-01-01 00:01:03',NULL,'',-526287634,-642357796,-3192679,'536',99),(1897640050,1474428830,1208941474,493687962,1761113030,-1547935269,'',60,35,NULL,1228889550,'MXFZQ9DC0F7','7UTDX7O9YZ380QHRNO9TUMZ1RM6O4V0EIE01G9YUBFN965L800OYTOB61THO','DF4E6QLBX2UXKG41CX6DK9L4W3A8JW','VMRE4T9519E2025','','62RIQRX6D36A8OPSU',NULL,NULL,'',-1611738241,3,-4913732,'',29),(1897640051,144514032,1208941476,1829376540,1689435695,9,'',75,30,'0GIF42X5F41H2HQZ',2045130309,'8508KR52X2459Y73D3O40J3Y','9ODW5SK8D8Z244SD3W5TF392MKL5XTWT067OBYA0JGH45J2X8PH0A8Z5D0DHTK30647382T8M','','L1X0N5Q5NHH5O3ZV2ECB1EPFA6KP3T1A7U1JZH31R55R0TNLGL6KRNA4I959FPZ','39XH1075EF166XZK6R7SI834AWO2','Q9NFZ85I8RFZ22J8DVJ9YTG92',NULL,'1982-07-28 10:08:24','',9,-1599909923,-922633,'7P',-11),(1897640052,711947042,2042785074,493687964,1012693350,-1012762075,'72VJ',-5,-31,NULL,517234111,'R5CJR2Y4J8R15CZZ5YFU63RED1S8H045H7M','4EE839MDP11PFRD61160406GY6JH66U41746K','G4W82Z5F3G2','6JXWS9UP3Z5PG911MO7V14C010Y8FB6QW1E29','708429J44AQDV1M7JOD70E4BGI01O33936GMKM9N51O52WPEUSG8VCWVHG5N2',NULL,'1971-07-23 13:12:21','1970-01-01 00:00:10','0C2C2E92I57HNCNH58QW5696Q9PZ21C639DXI243',-48,-1152903208,-2060874,'6',88),(1897640053,1753834867,2042785073,1501997976,1227441717,-1409433519,'268V',-40,-21,'9DP5L1CA7CO1KIJ27R',1632238758,'2C8UQ0Q12U295','','5XUY7M3TAVLY11JR0EP283','6HF58R6','D45F32D1YGOC15OD451',NULL,'1991-11-07 10:08:40','2013-10-07 10:51:16','B1HQ8IEDKF6R69J731N',-989484501,-109525534,5635672,'F7V',-54),(2112388412,1689177194,1828036710,708436328,594911855,-93,'7H',113,-1,NULL,731982473,'','7RU3Z26RZD7TYMW10P6','X6UZ1M4DF8HW088D8SO202K0OLZ96KC312FS8NDTASNNP7NBXOP2P','OVYH86ITL8MZZOD0V7F69','4HXJC9413MI172G5970BXMP4F3PHO4NJLV70QO4P','R7IG','1970-01-01 00:00:04',NULL,'3R8NAJV4O3O',-1350608908,-723641109,768,'Q7D',-124),(2112388413,983508057,274127752,913556530,594911856,481,'Q1',-47,91,'JT5X60XK73I35MXM3CWQ2IP44PVA5963C',1830381946,'TOAU138ZU2V554612725YJAIMA7231428OZHX','','8LN11DD11','5R','X2AERY00NR6I14','8BV64ZV5E298SN5SE6XYMW0E75QWYL747B20S8I474','1970-01-01 00:04:55','1970-01-01 00:01:11','O8G6N12FFB',-547368396,-2129190200,-4541615,'FB7J3PGL19',73),(2112388414,983508055,1543094099,1501997975,1227441716,-1330013758,'A',3,-4,'6YN5ZX1DI8V6',517234110,'WA55O78FP73US2F2Q30GWS6EQ8WT5UB0YMZ1G74BQ6I249N01ME8M5V','','1PSCSLELTAG0','AD4H94S9Z','2S34HS8HG19OLZ4454','','1970-01-01 00:00:02','2015-10-22 00:10:49','2D3A18VT',6210,-2025933600,941,'Q37',123),(2147483647,711947045,59379384,1716746338,288293672,-56,'U',-78,92,'3M9H213N5',517234109,'I48MC78QD0R49P6162PI1PWH8S6RDG3O86AH8UP8E83I1YXRF3ZCV7A0','6Q5RY9V4','8','ZK83YCPL5RF82W4F493Y50SDC8XDBO1KUMR6AR3D1277R54MBCT1UWOZ7Y57LM9EJKH125UFLF8I58179K6FAAO0V22290D197WE','8S142C','70G25D4NTJ87DN3N8','2014-01-05 03:58:11','1970-01-01 00:00:05','',-1476639480,-1392287273,5627057,'EE1C',54);
/*!40000 ALTER TABLE `cb_comment` ENABLE KEYS */;
UNLOCK TABLES;

--
-- Dumping data for table `cb_comment_meta`
--

LOCK TABLES `cb_comment_meta` WRITE;
/*!40000 ALTER TABLE `cb_comment_meta` DISABLE KEYS */;
INSERT INTO `cb_comment_meta` VALUES (133549414,2147483647,125648696,'N078L4LT5L631','V'),(133549415,1470951724,2005181447,'UH0',''),(133549416,1470951721,2147483647,'','KA5UR53'),(133549417,263025711,1260680022,'1K8Y0TM8NM25W702N16LOWBJZEAMGO3FIM8QRP0G59955D8953LT7J86R7YNB65075I','1Z941MCHC8SQ7657SAA3O23R92H49GMNJQFJF4AD2I0O5'),(348297779,1858836020,1260680024,'',''),(348297780,946794730,432180577,'2BTT82B3I5N29PI755216EE28M92E','62P8381O19302M8P36P2D2KF7KUK10YKI0B6740V95353J9V70W0IMV3273F4Q67J'),(348297781,48277350,1443641072,'00HH',NULL),(348297782,1685700091,432180574,'876O20W7I57L8Q4PE3R6QU7Q9S4T74008MIFY781T1','OONAXD172T457339FBMA1RG2S5J044CE9M3DTXI9YUDG2230'),(348297783,760453410,340397060,'5L12HCV1247','C884769B2CER3FE'),(607212329,1161543091,1443641070,'O4F3DSJI52SN9','297KQUI'),(607212330,946794725,432180573,'EJ39D1EXI0D8NLC04OAH0SR79NEN3ZR3CG7DS8Z3OAG9O4EMPN3Y36H7313ESJ8H3L2UCU669Q814','2O2VX2114N295776E29B86K20Y288V2H7680NRYW06B5AX2ZC0GKK033P0HHT067S7HT'),(607212331,263025714,1045931660,'','621NZ0NY0'),(607212332,946794728,1790433089,'6L31X060D','UKZ6DN4868MT3'),(607212333,760453411,1045931656,'68POC7N4MT4M83153N1','XI7J31YL56K6R29833BS4P84D8KFK30C00298E9PSQBTZ96324FUO1GKXSZ6C18'),(607212334,1161543093,1658389437,'3N0',NULL),(821960695,760453412,340397062,'05KQUALJVSO878L79552P711909Q2W','1U4'),(821960696,760453414,646928941,'P0208QF1Z4P2U30I9C2V07QAP01','N86'),(821960697,1685700089,340397061,'',NULL),(821960698,946794727,2005181448,'EOHK1IG6293','0W7BIQ0'),(821960699,263025715,340397064,'55W838YNQ642','A232HNELKT96UA5V629WF10S6465I53T4Y5IS5G63G6YK07DM75K9BN6L682274'),(821960700,1161543095,646928942,'0XJVOMM795YX25T580LJ1T79JW345HZ9XF381C31E69D12ICO96JJAD5FUFZ8AQ9572DFIWM93UM61L8SIC6U0KGYYSOM19','HQCXO5CA2JT39DYMW817OGS50'),(1029168085,545705045,1260680021,'SRIT2R5Z483731D',''),(1029168086,760453413,2005181449,'QE0L0X3U6ZU8SOEB8IPRB6C3R4E6TQNULO0EG1AC1K3SKP0368MXG57L9099CXZF','J6727OH5'),(1029168087,545705048,1045931659,'Y577IKH47B51K4UQH63H37P7P915Y8',NULL),(1029168088,1685700090,1790433088,'F','87EMW3IX2G5EN2U86666129UTL37K3XWW991LLG86699PU2G8D36C7QDUVV43BLZ'),(1029168089,1470951722,1658389435,'702JPYA3686B2L3SO8','AC001V3G636I507I8S9X0I0C29LX6IFE016374T59092L02W8N'),(1029168090,545705047,1790433087,'80214HD7WM571ZA7K6G3JVG26PFKEIG9XI811FM9K3557P06P373F6','5R4O2PS3087X610KUZO6V513027VNA258VU'),(1243916450,1470951725,2005181450,'66RQ4O7','U9MIZIQ1CF6PS3QZ6VG5R6Q7QC7'),(1243916451,1858836021,125648698,'OXD4F771ZZM3565',''),(1243916452,263025712,1045931658,'DLTMXG402T12QC0569V71Q','P'),(1243916453,2073584381,1443641071,'Z69S1I','43'),(1243916454,1470951726,1260680025,'QO941VP5N10H20',''),(1243916455,2073584382,340397063,'4S1H02Q8ZSYI0X711WA6516K676O7AC5JWYBC9BG8L4Y21B178P163E9R1H12NVR366',NULL),(1314560369,1858836019,1658389436,'64','6420TFNO3NDHF94'),(1314560370,946794729,432180576,'5U4619U5833QU5X63IJXS4171F98U895F9LWOQ61W9X6Z6LOP09576R308PU26322',NULL),(1314560371,1685700088,2005181446,'0H0G5GJME125R46LCF5YPF044','23L2CO505JF9JW7Q9908IOZB'),(1314560372,48277349,1260680026,'V1V47EZY',NULL),(1314560373,48277346,1790433085,'VU6B28A77ZNY7GCCN16VH26L313U92ES02M7236ZK95FP9U0UF','7S28Q9758MD4E0W6090M95828M344161UG001T08S1QPJEN'),(1529308735,263025713,646928939,'','036OE144T89YD0LT71O17'),(1529308736,48277348,646928940,'782UC48VRYQMPZ96M4A','GF5Q1EEK99XB14Y6L'),(1529308737,1858836022,1790433090,'93037KTN7938C054KQ04B14VYIP0Y4308YD6K1BH43B08','GYYROJ133'),(1529308738,2073584380,1260680023,'1N',''),(1897640050,1161543092,1790433086,'V4V7Y0C0K',NULL),(1897640051,48277347,125648697,'4ZOM9APV7E1C8526QS88210N67CHD90T812Q98551K25P87WX7759S9DUD02KO9DWUXO7EH5DO2R90J83V3XVD272N5JT12XF1X8',NULL),(1897640052,1161543094,2005181451,'76Y8NTX80W53KVL1F7092G81W6JFRF6JNO7870411MEP899914U3Z5D7I5KLG4K2F47Q572P1V24ABW42B8071FW53ME84DSK9','ZA20Q7I988IX2P3JZV96JY85CU3NX55XL6WM54ZWPH352W68Z05Z4MX'),(1897640053,946794726,1045931657,'9F5VBW1G0R914',''),(2112388412,1685700087,1045931655,'92S10V66N3F13PW92','85H88'),(2112388413,2073584383,432180575,'98V449VL6','77F83EL'),(2112388414,1470951723,125648695,'VJ41M98E8EE12UDY4',NULL),(2147483647,545705046,646928938,'','EY2G0');
/*!40000 ALTER TABLE `cb_comment_meta` ENABLE KEYS */;
UNLOCK TABLES;

--
-- Dumping data for table `cb_config`
--

LOCK TABLES `cb_config` WRITE;
/*!40000 ALTER TABLE `cb_config` DISABLE KEYS */;
INSERT INTO `cb_config` VALUES ('I','W6WELLS8556U25D1UG1G3091FQ3E03260C34W3RO'),('1551WM06F2Y',NULL),('OAHQB9BD82GK00ZX7IBS8OQKX6JAPKYX45T6FWCC66J16QZ8Y00',''),('1QSX9V8WF92680H610JVO65963SVPPO2XW07VG47H30575505DG','T540W07ZGS2WD6887IA33GAM1C3F572CJK2Z9D047FHT5W88J1C5526N91H01Z2638K8U5HEITQ562UYK90S0W0G4W3Y8124C138'),('T6S90340OK4','I3F32O8S0VNO119VVI518P8QV48Z1SXD7EQHV5K66644MZ9GBTV'),('3W922UU7D829ZF2','PO161FJK843OX1905NZGD1252434JDWKDHUVC46M570R7H96TVOUCK08WY46T7YCC5P22AS2G34N2YU5H364Y2NJ43HU3UMVA8CDG38SC4'),('0F46V9F4',NULL),('4X295R1RK2','80VS60WCZ044G80Y8T6D64157694KW1IC3'),('80RAEE3S900ZK7RY4ZO8ZGM4F',''),('Z48852ORQ393MS17','36I7704E0'),('','7UIFB8NUJIKK73QR1'),('45QS',NULL),('','PY867LSBAZ6Q4LM9EO389S6Z650ACH1L28V9'),('A',NULL),('6','BZUP3O33K739J1B77382RG6852B2AQ8PHK23F1IE6826H2950HJ61QFI83V59299R4083C84R9606452M6MEE2WM2608STMN10F5T1'),('L0TTIZM601K54975CV00VSFKHJP5BVC3',''),('IU2KVB0S261V5JOZNVJ4BL04995JT3245BSIUO710T7B0','8NL8U283V714O'),('W773Z9ZJ9NPTOWM9R3CK5D53F8X3BMW2KN7134153MN5N0T0TX484I23T529SWSJ4617FWCE0HI3KABU6FBMZEY95936240JOC5Q',''),('2RJLP159J1RJZ7L','AZ897HP5T8EML71195'),('N34FZKYORLSLC79VZ017W','J99HA3GHOKZD37H3QU90WU21631'),('PA1TOA3C8N57OP7GK9P7ZK','86'),('1C3BRB0FO1Z09D9Y9JG8JE610Q767R92P3','26T76M'),('3F155O587','945L5Q68CK71631853H2KHV8'),('R5JUM529','84W89QI'),('H05CW27',NULL),('R4FY9VH80X64ITDX3934K049KJ0P7Q03NRJ163IFHM04DL1G2B8V9BI0CRQ3H459I5N1BGE89GMBE191037H7O385H0GQI91UMGP','G9'),('SKTT27QN0085OX70BG7C2Q6BSO9871U2MP71R99',NULL),('','9D706474R2X023F7T'),('9XVSL6IWE20GDY5HAVF020OAPZ935RXGE8R9','4Q1503XZM71UA3BLU713001HA1K4LYSCLG5ZNYY2'),('81XUJF333V8ZQFW169SHRUUNS5OARD121K670FZ1','I7M765EKX'),('Z5GOV528P0061S7M2NEB3DC4F0ADR58QKGC701R3R',NULL),('LN218VN5KB055028AE3NBX5UAGGI76V8082VGV0O5XL2EDZ05050N',''),('','EKW02'),('EJ02Q7R6QM38GD8JEOP36D9ODR5C5K17ST06MY012',''),('R78G','665CP28F597985Q6C8OKUHX'),('D67YKJ9IB488N5K84U6Y','8T464XFB'),('357Y7F39XV8AT5RDJFQ348IQA2HS3T6Y16I4MAFI1E4F003430DM5E41759AC3X9Q0EVP91U4U7ZL9','KV54YLZK84T9QM235D5C6NRW6V20123C'),('',NULL),('136136BGC',NULL),('',''),('','4093D0'),('8MD34SZ93Q074','80PN24DV4V2G3647721880KPGVYD5Q8IVM65GA4I7K44V'),('9J52W195','ZUL4C72IRH5J70X15TBZZMK29TLJXPTIB28YC55M6OWODRV0LV7JD98K4B5G84A4U7L6F6LII6JQJMP'),('P0L6',NULL),('89T08AXGDK4Y88FYSWB7YC3','K8'),('','3VQ3T70UMSQ59306J2JQ4N8L3T55L66XF17X6T6D6L4D'),('B386F46E9L3U6A626P2P239','HLO230JO9K2KI029XO'),('5PS51GVZ115828R',''),('D0T9',''),('68YU5PP2ZR32I5E6913VO344EMN60FWG110X1743G5','44O');
/*!40000 ALTER TABLE `cb_config` ENABLE KEYS */;
UNLOCK TABLES;

--
-- Dumping data for table `cb_currentvisitor`
--

LOCK TABLES `cb_currentvisitor` WRITE;
/*!40000 ALTER TABLE `cb_currentvisitor` DISABLE KEYS */;
INSERT INTO `cb_currentvisitor` VALUES ('',378265034,'F4B','1997-07-25 06:00:45','0G00','L24K9J7DK8QCZIBOW8XLIU44HG19A5H60O50FI14956W1K5L7P5P5DD2KFL92JPJPGH6CB887N70S','W1Q','5L1401T0UZE1O22O5JOS6ZJC5B2N88D293S9K7YR9P8J4T7AE'),('01E9X0N36PCN4W03Q7X45G',731982475,'R1O0LP','1973-04-11 23:00:00','','','29XN41GCBFJ04GKB7UBJN2','59C201H6GYW768CQ'),('04638OM031L2HN41KEY4C99M4',378265033,'193L5903052H7231','1980-03-23 14:30:15','962DS2JQXOJTQ8PEBTA48W7FZQQ71DO05H0MC3O0775X6E3383Y211D5K4YE8G6','3FIV','428N5536QHB1','N0ND1B31BFNP4SXI4O7NT91Y8D283'),('09YV8H834N35A330C4C59781M650KBX07EE666Z459L0W22752',1417490395,'5WIX3F57UW9U3BB5YW2KQ4I7AJHX44P5021EH9LN04L6R6BGGD9387O814G4Q19161Z6','1970-11-14 07:56:43',NULL,'','5D','7G70K88606H4ZO07B4I6Y6'),('0O7VNG0G33Z4E',2147483647,'U3UOZJ729Y3P1O18IZNW27T3639J86855G0534I502MQ7T5S6G4OWK02634TC8T5GD73Q3ZLS03S00EP5','1976-05-21 07:38:44','VZ53CS3DXWO6','','5G7MWU81ZBW7P8U0WA4AEEE9D72V8D5U','JZ666A336B4DWI'),('0V819AO0MVPWD9YG',2045130311,'9OW9FN3','2010-02-08 12:02:36','N71','',NULL,'6833KTJ21VKSM89R25'),('129M8M1L4AN10708',1632238760,'5M40H','1970-01-01 02:05:52','QBPU4K0E5905OL','880MTLY2BXTU7J8Q4JW8RVAQ1NB8GX015F09A07Y8A63EH8JLW100E','3E6T080S6QS1ESCZ69','ORGQ2K8C9917169369H8MA28W90S3Z'),('1E8773SY0C4BQDM5EW43M23F3P',731982473,'4O0D86O93CKY3P98SWIBYO6','1988-08-02 19:01:17','','JBGR3D165V9M620T6W4Z2E4349HT8WN3S5630R6765',NULL,''),('1GE2LIUN73500LRA893HQEQA45TAL13I670UIKCOY69A63SOV6',1830381945,'N','1970-01-01 00:00:02','1N','58O2LZVU',NULL,'IDBM03Q71E18PT7575328M9UH1235I9'),('1T3E8691652B',163516667,'O7E9K4W15UKS2A4949UH7K53W36SR338ZTUQB35Q6IJ7200018P6T211OVH45OQ5XR94M576N1P28185MJ9HLG9Q6Z1K93YQ6S52O081Y0746Y545X59N379PTF63N84R','1987-09-13 02:33:07','Q','0MGI99C92R37B88Q3044UC4960H5311I3XVOCQJ506W14IKB7N5424482345','FY7Z6ZP24','A9'),('2BVYC',1830381944,'CZR04P05962YBQT37W4E',NULL,NULL,'','3R4IHJ81LIH537V58Z728M4E5GM360D049FR9SG3F95UP69GNK','17312193P47J1AFEMI0BQPG9W'),('2EWMBM6YQ7909I2902CFP0L2VAY82272T25O0C77JC546DGCRT',1830381946,'07QV80Z74JE7','1970-01-01 01:12:16','0XX9Y71C3P6XAWVC2RB1LOIC0L2QB0I18YFAY5JWTY',NULL,'LS04R1','K2831Q8QE'),('2FY8ECE625N528DHLHX466',378265030,'1306NW0RT9ZA31QB7IHA9',NULL,'','8O67',NULL,'7GJQ'),('2OLAVMW19P5U24IAY49H3RQ66BM6R08GAV6XD0982540QJO23Z',2045130309,'L9ZV42G484V618NH','1977-10-17 12:50:23','','N24DVC014GZ9GM52EP1','JT97ZN88QI5JX4O468SQ8I','2D1'),('2Z43FR074D8Y56V2G01GRHI914',378265031,'KQA30AV0I7FX9KP7N55G','1970-01-01 00:00:38',NULL,'CSIAC6F3A51YT8Z7VPV4NA2O2KHAF3V660CI7V3N18Q9B86WKUJ64Q',NULL,'043963A707ALO935'),('341',1632238760,'6V3AL0C5R76T4','2012-01-29 12:15:32','U64433RJ0H1C1G3V57G6K9RZ1X2T9P3U0495H90892YCCJ8EI7ZLH4',NULL,'42OQ8','R08O0S6A2YE3YX62NYGPMM1HT50ND975WF132W94P5RLWR9L0Q6A11JE48D5414413GRS1YH52024G5Y0FX45'),('34GFBN8RZHSEF9P25X748J122WC6774G01BCJ',163516666,'1T9TASIEWV2P','2001-02-13 06:27:41','7A4F36CAO94KVS3JP1O4KY6T15L11Q049R5841CP2V8V45XQDBAU32719J56N0','','T50Y8Q749978T0DX22','4MB97740J308O4Q011DJ4UF609BGX2PD9K'),('3J34EH5PLK1ZVLE',1830381949,'3IS2N','1994-06-19 22:39:47',NULL,NULL,'8','M6J6U42FD9F4CTE76L60ZV425LU9237PDX'),('3RKO4I52SR3S51DVYE124097P62N',2045130305,'0V20IFKR6Q4667X295F9011PD7J2R4319IX2X2I950IEQ30FHOKO68H75ATENGRM4RUZ7','1970-01-01 02:24:09','',NULL,'PG372PFVGZ71752H739D93KOE51LSBLCFOR8U25SGM675RHF888X','0KQF8J13H065RNGI0S4W4ZT04O84Q5N8S91J9Z05O7G903NK74Y'),('47KRTY0038L39669W21HFP468H70KR0ZQ2GR6B94',731982476,'','1970-01-01 00:00:05','','03F2FZSI866ZEFKK68I60HP1U','JE8ESE9J2Z5235C791VD2060R5B7','2P6XED94M517W451Y6K6HYC842'),('47SB7U',378265034,'44XB4Y3YED66P47LSMQQ','2014-02-12 20:38:29',NULL,'3EB86B9M273O8','XW3',''),('4F4E53S8PO46T1NMV62758E5UIZ2X90W131M1337D6EKHSV2EY',163516665,'3T3O28XU91996RV581','2013-03-31 00:39:15','169O466A14HKJEDMO1Z6TO7X70CJF3UZ16F453R','EK4E159RF','AJ','17P'),('4QO',517234107,'090QCT1SPKJEPP81X3BR1X991VT1WW71GZ55F9L','1972-06-10 23:46:34','VOHK2WN7DQW8KNE81FZ66ZD1Y6HE','HZNW0U09',NULL,'2BMN7732E352I'),('65D2',1830381949,'RF','2004-07-28 07:49:06','','4M1E29FO2YV1745WLGL01I','PT6004N7BOG8068G5P994C42Q365R676YY89701FV6','2IE773NRDM9'),('6E5596946FA1S1IB48SD',2045130307,'','1973-07-16 02:43:47','5X0J72JW7B78L1H3H82Q2988F38V83S','WVDE',NULL,''),('726HK8',2045130308,'9J06081H2ZA5VHHXFI5AA4U4X9VXANGZS38IO6AR3TY1PW39Z9RYCK06Z','2018-08-29 00:55:58',NULL,NULL,'Q2AQ1V','990L8440CG'),('8476KAEP3N7KW8W',1830381948,'U495Z9ZDNCK045SZ0ST61RKEZ3IJ1OUX14WP5OUH6PC6HIH182W83CHPJ4VY','1985-05-27 19:56:24','68Q0I4T8QM13G52386ICG8LEOXL','VNF045YMD7G3B22LKN63A5R0JOC03PZR258AQ3LT48KAJ5810KF','','540B5352GN74781'),('87KYCW31999R',1014141186,'','1970-01-01 00:13:54','7KK50LD7PPD5Q43HTB11AF5Z','496HK61QEWOV44RQ8LEB0W4LS397DM4UWD50JIF7LIQ3ZG275MX2ZR1H986G6T94239I209M02DZW30Y22VOJ87Z140Y2HP515T0GB56MM1F120WAYX59ZX8N12SS0TH0P8NEN4TE5LIIR925WKVP2DZ429CQU8H8H1V8','G29822AB4LU01','N30X1NFALR'),('9T1F61MS271A3KT1I8ZH71951C8SJZ5OUM1I4CI9PC5LS5T0V6',378265034,'3T8R34Q0E48BJG89Z91129EB13HJSXO0X8E4KKIK3100F729N945GOGTLI03SA560M2882D9EZZ53K72Z0GC29BC4577T0E440ZQRWZJH24','1995-07-11 15:39:25',NULL,NULL,'9VM53I7SOQV8G5GW0643B8D3Y1H18083Q9MQI','5210N58IMOI00'),('9U31QOVL891YKC1U8518F7C6',163516665,'033MIQAZ817','1970-01-01 01:07:27',NULL,'BJ078O6IX2EN6XX0LG594K71DTL5Q9QV1G2','MU','7I8D1KYE1C9J291F24K77UF80DBG2VH18IQM2'),('BNVKB7U4',517234107,'595JFCBB4VRB2ALA54FZX8','1973-12-06 14:54:02','0',NULL,'YL47H790','K'),('DG3MWA2U9VE',378265032,'2F8994484914J7J43QLK945SM7FS','2019-06-21 20:18:20','KR8QA24797V1HJ503V3','8',NULL,'853'),('E15SEXN717QI',2045130307,'G',NULL,NULL,'BX26P1PHUMUVVWLG5YE7Y','113J45',''),('F6',2045130308,'8L894JI661KZ2CB569','1970-01-01 00:00:02','UL948','J8AN89GK8TXR530URWOOQY8U99484DC9A59PTY8N24K0ZNG79H497TD793IDC10Y7IXF33JN5RU2413S727H41HCBSP1B433RNFO23Y72I11S6B9ZE28H0120398','461YTN680YCP46M1A2XQYROGYQ2147VE','7'),('GCCBX904RLD3LWX5OB0K2ZQ40V37',1830381944,'578BGC81V5NB0JBO0I8JV08Z2EZ2',NULL,'','','','RQG7A5L5A5292233S2N12I9S2G5BRP22151K6'),('GI5MZ',1830381947,'Z','1982-03-26 10:06:07','NE3849LB0290JL2M39E343CP3W9M0TS216L8M0841VT98AN615981JJWJ74I66O1UX095VF9PXY47V','36NQ','86CR9OVM287410M73990T4CX52W34GA3IFITBM3','SB2846B91DUBV83N78PPO1290ES2VLVK3KV2C19ZY92K98X6L1'),('I3C',163516668,'5AJ8EVZGI69D','1983-08-01 03:16:17','RI46109Y30998PPXMY08','7032MAGF88','CCHHO547AJ880A94E9FD80150URH3Y5U319B9970UB5PE86FEE73XB018352LLAF37MQUS9IF893C4F3Y084O7','72PX9'),('I9KW3C0ZDS92X7931JM4K2F17GBEM',517234110,'CW8','2016-06-05 12:27:55','4KW1881UNWC7UAMROPM','','M8K70V78CGC7OOX22IP','8G1YX8I382FE67M6Z6Y'),('KG1WP2MYRYBOWDL71JHHMPM0S7',163516669,'19I8O0DN8VS7J07FX92YBO5VJR6ZO99Y2X7F78IGN','1970-01-01 00:05:22','','991OK93IX03717W2ZWG8D148509A','','U22M2G60NZ'),('M38K297C3',731982472,'3127I6QP735HT9RRF0R959C6K37','1970-01-01 00:00:08','34M2604G9I65I1RCX','','N7GP2SS82CXC393BI7RN7U3SAK',''),('O7NHM8F5D0DUF338KHV4EI2503XR4HX607',1417490393,'','1988-12-25 11:35:17','SU4FUZM665L2G553G28','R5JH254F745D7R8SVAP9MW917L9K2I4PJZ0U40K4362QL3142',NULL,'325Y9304'),('P3967UW972A',1830381944,'X8D52PP754512X0MTEV','2017-08-14 18:33:57','02T5473XAFQF33V4JGW4Y5KIE098F68OP','','HVO89V4JPV813YL1Q36OEVW00QGZ785000WI5R908CFS',''),('SFO6JWS15U2OW19U07Q12',517234110,'ZG89399WWYR','1982-10-10 19:33:40','23Y3H83015WV2Q75PP598JIK0AV1SR8',NULL,'AA3IY2SP21U4NI2DR8V8NG255NP00ZXUPC91T8Z397401O3O7Q030','RON14712K45DP7T0JQ1RPV77K4WJVAL69'),('SIYKAJF4RDYX',1014141185,'6N3443426GC498510YZ2HPEW2DH45J0G61807F166NO8G5CQ9466ZI9ZOL','1990-07-31 16:38:12','88KV86SND1BBWN3RQ',NULL,'968Y0MO','DD6C0XK6J60'),('V6Z6PDX4522I34',2045130310,'C3KUUP','1998-10-02 02:08:19','YL22T9184X9K13LJVB68N6W5B80X74I1916N690B5EV29W00TRW5CP0700K6SY350J719KTV1','2T056G33Z8B2','0M0UX3168W32UEXQ6I01GPYT3IA83N75Y5R4AWJ16S6164746A0CJO8S336Z8P37A55W3528QK27DSAFCW848017','2GA3'),('V9N72DDGO35VNVFA8B0D1R8MB8728JR2133R8PT7184L6W8409',731982471,'26UE3623K0MT3EP84SBI4U2J99ZTQT2R240R85E','1970-01-01 00:01:32','598VQCVA4S5F35853MTK8Z1FJCL667LF9U8SS','J4H1447CFGY26J0I2U92L50Z49JSFB1P6TMB1MO979NTD469C52I5R4C6S4S7UW87',NULL,'ZGVZ6O3890Y1ALCPG2WD'),('VLAI2C086288X5A54GDV725CYNV',378265031,'',NULL,'','SSY64Q0QC4QRURDH78394E098TF','9049','35532W1R'),('VNP9F6NN6K725V4M69E1U43MF47H5P',517234108,'G3OPNI691T','1996-01-30 20:11:24',NULL,NULL,'','Q9NTQE'),('Y0859HNQ',517234107,'2H6AR030IB2R04Z97V120022F01Y1FD50F0ZL4CV14096H1A2T83C5ZARIM47OB2PGGI9IQHTYDPQXGR6J7MF20ULUTW8','2006-11-12 22:29:31','BUX906C95733BPQA3U6216IV92NJ3PG4205G68IV86X1EFO04','Q8YJG522TW1','H70YU1685MW37L54F72364GW9R2OYJFW463N7ZLUVUUQXA3SRC1ARFI5Q4IRM','6'),('Z86R',1830381947,'BOEI1I40E82ERPXH2JF98VM847J50G3SB6W01U3BWQC89V9YSL51XTBM8PIZBIK3QXHT4R5584AEYPA232K3Z64WZN40BIUG9JH4JE4M0K697','1970-01-01 00:00:03','501PKZZY89QCTL1YZ3J68X','Q2NES9XIYGFBC9L1YWS8RPNOGI35O298D27N3WEK6','','EQ89525813Z9898NEA451KSP7PVZA64823738JG0Y632DUQ47315P65993BST4544H41D4G6KNNR3S21VYRSXK7F4XZHGX56NYXVS5O');
/*!40000 ALTER TABLE `cb_currentvisitor` ENABLE KEYS */;
UNLOCK TABLES;

--
-- Dumping data for table `cb_deposit`
--

LOCK TABLES `cb_deposit` WRITE;
/*!40000 ALTER TABLE `cb_deposit` DISABLE KEYS */;
INSERT INTO `cb_deposit` VALUES (364299843156584761,2045130305,'3TX3Y1PA7NU','DR6T25074H2331MY415AYO9','6RMO500N125631M','NRJ37XFA46','T651OL35JMD768MU66DREZ2482YFAQ14G9ECD94B03Q5N4VP0K50R17E','199DQ20L',-123,-101,-1339492172,-1068217243,-2012127598,-634572786,'B06I3K849NOC7','JD137FOY102X0B9MS982NIYX47732GJQUM5YY3W565EOHPZNGQYJ5TO6X392GF9O1','RV05812RPS97NY1NL1IJY6T5O68IBP60A28STTYR2437Q38Q7X9H29IPG9T78Q6IA7WH2UG7M1','09OJY0FBD92H549MZBK559084PH03','','FNV6KRT7QED5P3378T3O1M9612Y19K53217A2I29030M6E','13C69M8745PB61032','1970-01-01 00:16:27','1970-01-01 00:01:23','9LWPNV51KF40E899580ZGXMC41U5U5N1J0I6F4640PC3MT8JW7','V6354J43H904261851',77,'2018-02-07 01:31:06','6','QN1XI2',91,'X8BLISK9RF9UH06S61X9TAOYP2634699JP28Y20YD6'),(364299843156584762,378265031,'','IOTJK','','X89DZ','3MIC4648LL0AIICV923Z76Z80D5FZ9980CXU4296F4Y3647W7N99TPV301FX4928JF087DSM8QRG1UMMVZ016Y5JC9J0OZ15745I','26Z6F0G',-68,-5,-1552487868,-1969134370,-438,-763475009,'Z2VUITK2BVI0T0D5IDY3SGOGDNM9Y5F5G4B943BJA3273P29DVQKR1GAYF3VUU49NY8SDK8SWQNW1Y35','LIAFPL18051KQCSB099U57475MS5RL4GA180803457C86','E5554A3A36G1W3UDVB5','YOIXOZM5AV5N4B729WF994EY631DLNW7R97P4','5D1U0947','A7OTX16GEC1S98AVA32317','',NULL,'1970-01-01 00:08:42','F','4S',-68,NULL,'F','62ZC41273B8378T2X8RP2QJURY605A',42,NULL),(364299843156584763,1228889550,'L5D7R6Z9IZ2CJ8S7940UNC47LE7VZE6GMVC09U1OOZ','','','9E54F365LJU1MIN8I1R487HJB7HO01A191JSIXT83272C65US95WT0ZQG8VPMCXF21N399417636196GVTW1H4KIJ9J3M08YM63912KA3H8279JRF5UE96H6ZM2VNFSHF47555G69WJ368','3MZ943D3K23DGSLJ3G','E14137WJ1X84GYT1653GV8D190D7TB3VWD8ML383M',-608619035,-1699060175,-1659730037,-1514801115,-372119157,-1681461552,'UT1FZK5ZTIOWZ213I86RB','6A9ETXKG2KQ3F89','0BX4Y16','77GL','CH7','',NULL,'2005-02-13 02:27:25',NULL,'85Z979CJU5Q2L055V9HW','HLU7P817568',64,NULL,'','1227FN3D2571RM7YZ6LO0M5W514321CNNBN4NG61SKQ8W',-250808781,NULL),(364299843156584764,2045130308,'518U4A37H55M7110A6S98V92P617481335X802JYI481T','1G9N833779U564B4UA09VJVPBUSD988NMK99','YC9P3679','34JOBCX5UGXVMF','','',-474994060,-2138491656,-1939798844,-1651548750,-2116976354,-1352719747,'QV64DXU8U3GBL','63VQWF3700A6Y1RM2G16TA0VDU96WB52SYSD3GP5NXM99C10HF','','','9841V53Z773A62TGE49OHFW80Y4ZVK0BW7O38HA837J29M5LU8GN6OH2D48I27INYWWYG8HQU1XWTRTXS25VI9NZ5F67JKMJXIP89NERS3J459','XCI','7S4JPXF8763B1H2O5KP1K3UKROG758D5MY2','1978-12-04 23:25:38','2017-11-22 10:34:38','1B116QLB65C','Z1T4AI66CDXAY12G8528P9B841P8H446YMW08TESX',3,'1977-02-25 12:16:49','1','460ZOJ65B',-4867317,'1Q2GYCPWF1497TZ9PMM178J1PUX46'),(364299843156584765,2045130309,'J0E86NKF81WX28V668463H272YF2Y0VR5HTVWYBMOKAP33549','BN','LJVS405G','','16PL0M8FI81CF2PMLI9GPJE9S4T24CV74KGBT23C597R3','09C707QN',28,-1154508268,41,-1974774318,-1946157884,658,'98Y45Z0B88UL468H46BUGX6WREJ78I5Z019YE89NNB83GJPT0SRS2683V','4U2459236422XRHF53J506OX0TQ4562IH545576S8959A1L139O8SUA1Q','QC3F69ZHFV440B31F5MHMRAX055FAF9Z4OPIB9N8NXK','8H97BF8F9K5X2E5J370L9BY2E','J68P38W1A542F6NWN193X0903888Q5NCF1A96YMZZTN3M5YW7041161UUYB07AF66G35Q043J1O15T423091B','2M6N822N788','','1982-08-10 03:08:48','1981-07-19 03:19:25','46A116623MRX4X3','HD76NJYW140W5P2ZPXRE1600639Q1629',62,'1979-05-30 02:41:29','3','3R2F7',996,''),(364299843156584766,1830381948,'NI3JF0W25WD5G082E814GZD0F5S87GPR567QY499LR2T59X5G5','MUD6Z0S1826OQ1L61234757F67Q48U71AQ5F4W1','44W5UHW846QDOKAL956GUZG7KFK223UU187N26AJDG4IV3A21D97MK087QZ1S4378Q2','7KP0F3P8JFP7N5P42THJI21KWK0ZP682KYU','E847D','06154U90749RW6T8PM01300Z2',-869293490,-1832939506,-155176213,-1104286870,-1532448025,-969935144,'B17299XBSCV70HCA376QOA9746RGDNYZI','','95I0NEMKOK8BSQ5UJZIS275JEA294HR5G5S643R1E0SC7384OT4XKQCO9DK23N','7R51','8','005Y2F3UL','8LY667Q2I','2012-03-24 17:19:26','2013-08-28 09:46:29','JXA5V97J6N5R98P4320KO496F7B12A1005PLVZ1DP174','GH1G6TVP85L004NE46VC73WMX4324SA0UE9JHNQ1GM9J1340NJ7BK6CYOC3085UG5T571L94045',-34,'1970-01-01 00:00:24','Q','W8',-1400501862,''),(364299843156584767,2045130311,'QF0X6KZMFX4Q','','','T8','7','14KK',-735836006,-1419812086,-2103788166,43,-1155025039,-1763784467,'4349666C5Q7TH2R0J3J86BX9696T09FS8X3F7378DS91ZBMQOZ6K9SI5GCCKED7F9097S0ND7097MJF6LM5M149KNI0892I3V4JQ1H750I51ZCZ0N7HZ9YK7B2F11AHW2S1KWYKC639IO1J','G5O4B9EDWJ1','0GWO9PQ3253Q18PNJ','098CZ9QCI4O52LEI42','C7SUOF3IHTV11G3GWZ12G3STSF6C9H0WB7S','6ID3QF3A0QL70Q3M0I2T07WM2FXSOL7ZU1O6T0KB5JG5JA9LX6J49VH3PJMFARO','0Q2MNVXG63','2013-11-06 20:04:56',NULL,'042QL7I90P1PDWMD2259906K4T92BQ4WJ6C8LC4N669A2G296X','1',26,NULL,'P','M9DQ52322R94V0ZO24BJOXJMCDV5TUVQ41F7587TNIAW770R2PW31K592UOV3176Y8046TB',-544725192,'Z0HR'),(1286637046842062343,517234106,'AC32M2NH6QTT8Z352N2Z363699CF020P312IS916Q778C469584OQB860J9','G','81X20CSEDNU9F03NGN5Q379HK7X7X1O8A42ZXK31AQWV2AWW1173P2SHWD6F17','B2MGHKPB1BP1FGWJ4U120163L9AH47FHV5C449BAEY0PFV','','UD4PKK5D5A33QQ1WY3MRVLC24ZM3T885QU',-1899580027,-465291863,-467365233,-1899782128,-1873255680,-1599373218,'I27I698O','9577O7K','3566P6G','87MOT10X4LPOD6LNO4','589835NZN5','E','Z02F44MI','2014-10-16 09:20:13','2017-08-19 16:40:15','','3GL2342629753YBHEL58NF70B8022JE8UYZ2BL2O2YDCR17D7PI874MR4X90FX13SXN7NB3',90,'1970-01-01 00:00:07','9','6T42RB',-473870916,'VH0038NUXP651ZGCBT59VC11Y740H3M17PFPF2KPQF580X9TD281S34VIF'),(1286637046842062344,1014141184,'Q2FIGY8FG1CKG48FK10GRUSF0429GZ51E07Y3N6119OA7J','E42K6I4U021H6030','NN3013QK23VH0E2164U2HZCY6LL4W','8X5LJKG2Y1VZGJ15DK50705ER0A9JAE9C7IB7JCTQS8HN','','49BUT59063W8325137K8P1947O041',-2135373238,-28,-79341492,-1342091785,-7,-790829998,'','8S','174V9S6D65JW5M9RH1SHU91N8Q353LS17','6UQE747PWXU23U0607IINZGA1N34UF18','M2','6F340E2J0M71D430SMY18K7LNG8X63I22946WLGB','H6','2004-08-14 16:11:30','1970-01-01 00:00:34','R7G3W13QXKUJ2NI2TO','BXK5W',104,'1970-01-01 00:05:36','','3AMC4L44D',-364676030,''),(1286637046842062345,378265034,'9Z8WTB0FR','75FQM8R9G1K9D175751ZG6E','77W5X6H1HHHNA10LVW95V1S0QV','Y96E2NA5S629R603Y30BN8D49I','45IGY9','G30X42R5B2IDN8V9685L5F8A6FZLDTMV790',-1220878540,275,-76114112,-789399391,-84,-1506966330,'U49JB6F3VJ04OHM0Q9J7W6D','MST3','L6R81Z86117RI5195C','1E1277M521B9814BYYJ8G4','OUI59Z3M1L3933YQW2EPDYH4FA1CQ624HC6B150FS0PO5K8599YACMNI','ZDL056','HOKM1E358YM051TDL9OMO6DKC8I69W1212','1974-04-19 16:24:45','1970-01-01 00:07:01','LX1','U5',8,'1970-01-01 00:01:45','Z','324E7C8ECE16RCSX4T2K52661Y9872XK9LA59M',-1329032679,'DK5XXYVO9M19IYJX9PD6LRR82V2D67JRUOOM48LCT4X'),(1286637046842062346,731982474,'FV2GAGYTDRWX3Y439K465Y235E8086484O07I1JDH9878V1YUKYY','AY','ZUY','068532AP3680F0GXZOMTQF9ACD1F31HU81','R57P','Q40GD2711XQC77FMM77HH4F7U9N',-1628292713,-1727340850,-202016098,-1031965864,-931682789,-285089778,'AX353','JEA24243OVYMG0581PXW5VO5Q65149S','F1820SI8209TXR630AR6H7405808','ZE521859AK13FZ','PT09E9S5V78AMK0D07EJ64G5R18GTSV66O559T75Q16YB24L','K1457FPW65X1C6O1757318TY8Q381R59Z217001W769RMFG5','U374LW5146S19SOS2QLH99ECWE846EA5507498W8822JAU0RFHR394DDU51','2017-10-25 18:44:24','1970-01-01 00:00:02','4QU330GC1J','776902SW03724V0R1TCQ',-55,'1996-04-13 17:22:10','T','W5QIVD5W7R',-589553278,'U0ELJI06R896OZC1121ET0FL3B4TUZ81591B3F6ZONZ3'),(1286637046842062347,731982475,'6215T486TN3DR5EJ2R7TT6269APUN84N049RN68P4X97YJTUJIKAN6ZNBWET1F3O174PB78WR5Z924J','B80J2','CQJ56OW00ZA2X73IA7AU2P8H5W76SJCJ','K775N3Z8','6U5','I0',-1942594689,-1489941522,6,656,-1045783018,-232110423,'3RW676MGS04KVU4DH84NM3','DKL10JDG8YI35O0N7M70RNM7','9T23JBC3EG60BB8I86RLZAL8704RJR20IV1E5W6G3N577031RHW3C34O9W52O7BBV58Q546A440Z31699','455K68AZ7RI9GT5','2N0UM6YR0B','DOTRTYXQ451BJ0FD89M0KUMCVQLUB2806C9F57176D750N7GYGP5G49ONEGGI6638124Y0','M90CX3124H0257WGA28','1996-03-27 16:54:23','2014-11-21 13:53:43','0N58D3WT2J16K','P89G61Q9B12I178J87J55OBM95FN4GK50711DI9695B00622GRN0Z89OB3V301G364F5',-2,'1988-03-15 22:08:40','A','HDVH73S69G76NDX9T9JMOTETG1T40V8K161F2DO039XIIROT98I3F9OHA7SYX75Y11E750L',-346,'Y7AP99R367WB845273HL0GMMFB3'),(1286637046842062348,1830381949,'GB9R','3YUJBO5GJOKX','WF19ETFMVW593IF135866ZTYR','U164U0YU228FL308C3289NAW152SG33TL60PYI0Z88Q3TJN24XOD0XL887Z67545O50NC2UU85IUD0I8F11240UZ8ZLCN338R8YAT08GVP7G2RW7RTJV22X4F43O032038LWJY4V9I53UQN1BN1T48CH65E31J8HZ5PFF76A18','09','G4283K81D',-514351696,55,-27,0,-575318076,-1729093519,'9ZWVW14WHT9O99K5JPOVQ5548D838GXZ3NC75KIURVM4W85YWNJ','7','1TZA98M61R3M4VAKV3P74T8W9A285L9HC','7T347O851V43FQT0SI27M9MW9','3234UXFLI1EJFW','8ER13ID7B792108N230MI9MD','IS1Y','1992-10-15 14:26:36','2000-11-07 15:24:09','C9D43RR','VRI19X8X548',48,'2005-07-02 08:49:16','B','F6T5NESX',-1446015608,NULL),(2221975039289335517,2045130306,'90VLTUWCB1JPOJAFM7UV8D7KHWM31DPX3UA03CXU50A012129VKG2885M3NLBME61J031E7682V1Q4S708','GT65RAM2M','9','P0S641696Q58F8GWZG6P','A5XTM3L7O6537U762T0I327P7M861456E4T9472F4','560D17KUKD7CPG8UH3',-1206634539,0,-33,-1098138440,-1646890865,-2012883693,'2428WF4MKOB4LG6F9K','1H0O8S6WHMQBVA4012X853G8YQ954F8NE2D6A3CC995J3EP40Q73AB220GR3700840G2ERO9C2VM7O3787KHFHG2HKF8W51245','6G67254JZN139KF1J6KV4','ELJR7MYE34X31FL3UMWA7','7M0ITDBT003PK9605G5G007M715U5AH8T699HMC67CIHNVHZ6ML87MK125D2RCL680O53EQ4M8T81O9W','2W7BNG7R','47ERDS5138','1985-07-22 14:15:41','1970-01-01 00:00:04','Q801DL6Q58T9P00U20WN0B5Z1OU6R4AZK8823','V0VZF7RS7VM2',85,'1970-01-01 00:04:39','G','SM11QZKFH3302H46I92F331U8Q2C5GVBG307G89U01W050',-1765177891,''),(2221975039289335518,1632238759,'F641BZD182938DD0O2U0SC7MQ784S27UBUNH6FY8I6W35BN13JR18J4VZ00Q7C4MV3841B107Y2H9TD3XE51631YW0XONBFYFGM8','811NZ4W2L6E50WJ532FS29C279','8QVIW07EDE8NCKS713L57D61471U6S717MN2V','D2XXK922XXE6WF07L5ALU6HZGH2297','W9PRHIX80BK8N24SPX97QDZ7LE7V957DZJRS790039IW21K3JP8S180H28YB7BXLW784P4B64732F4RSM2G26BFA4DL652KLX8M0','EEQM5KZ4BJ0',-2003073836,-1251853812,238,-1518779318,-1403003596,-4945,'GBZGUF00A4YKTMH3F','Q64YBZSE17MX1P7C4L8X786AT7X0323XALRG3988R4','PFE87J24CN8O07G03YN6','L','55GZRW2TPO','IR31G00V32729DQ','A9107CU955','1970-01-01 00:01:28','1970-01-01 00:04:41','CIW5929','Y2E60211H8DMJ92J0W5N4UO87USP4BQ8H29FY9473P196771P8C0KCR9Q6E6KF1L3LQ5AU6GN9C14SYQ24QCCYUKIB7GN',35,'2004-09-25 13:00:12','C','',-7487,NULL),(2221975039289335519,1632238760,'661O7375JQ57TJ2P1F3U32948MH39E7YSWHU8Y147X','18FPHG82','219Q8FIA38130M936769X6VVD9GQSQ9R18FG9B8S248K156729I9KSF7A7','P7U8RD8G4YO','6J7ZSLRU56','1E8M47VZ00M0SD1570X1N3114J4F64VY6X5R',-18474084,-618748438,-1683141145,-278817853,-134,-1014752904,'1Z9204T3ZKJT59M6I7U7G8HL942042AKFTRGBY5YX6IS8G815CGV1B81129PBVD','H','OM3ES941','9A279OAK56SH9VA6','C37S1IFLZ','J8LJK2PI36W6P4UDHVW2LH','RK','1992-03-08 14:57:19','1970-01-01 00:00:08','76V7O10','GKM72NTK84MTR8ZD53T4837882RA1SJZCO47PT375FQ7J2T43HM7JTV313B',111,'2011-03-24 12:34:50','F','C38GYA930C262MP',-620176529,'22DLY2QKE7F44H491S'),(2221975039289335520,1830381947,'L','S12B8CLW14NN32618034TDDKV8K3P3TOOKS0CW8326U71','7M991ZW3H1J0896XW2L9XY92OW5THNQB4X23MY5TI8TE500ZADICTJJ88764O13C01NHBS1HIMI0GS3EGOT1331Z2E4VBW94U02QNM501M','1UAP7R','','BCB8JO52',-677083369,-1590280972,-532624435,-1031473520,-1535645817,-883595064,'0WL1968875L0OK0J943BA2J7LA8PN6X7W4R9FYUU46E7VH5DXKVW021YI4WWO064TV6G717I3Y30W1HHR3ON','1VYET4562M53X27122P72R0A','A1OM9307WG9RZ5DNJ9UKF7YZ57725M6KZJWXX1KD7W19','T3V2','7Z9','1QC6E70WE1YG4NLB5Z40KD650D6J4D33AASUTHQH2NY57O',NULL,'1970-01-01 00:00:03','2012-04-19 09:55:55','DC0YQPJZ4','9W2',2,'2006-01-12 19:58:32','F','8MR6961F42B24G2L55E3D9E',-85,''),(2221975039289335521,731982476,'3468B5D16HB98K6OREN4KLD4RNPIY76W688N595O44464YOK4O9T9YZZ8Q5D42N7B','J7GMJKJS626P2931F467FN6IFAOZ2LX51LC8DJO5649E68IZYM1I392Q91H819CTF4O32','','HP55QS42R0T7PQN1P609L45','5QRS9T5M','F19ERW569TSJ6TP0DN109O76OV5107',-41887423,-240182812,-1636815743,-885965027,-428170730,-972954470,'LAW294689W32J45S27056','B6B71PH6K6073A8W3E9ONVEX','39VRH0Y9BARTQS77J8B5L8OR684TI372R77XHO0T755H417RMVM1Y1E23E','6L26XWSM15575T4S5','0HF72697','RY75X8MT51D66G5D3426Z9Z1X',NULL,'2010-06-27 04:19:02','1970-01-01 00:00:06','0MAH93R6G299843','RAF6AF42QVOM1CSW6937INE48X3L',-63,NULL,'8','1643WTS1',-67,NULL),(3144312242974813098,378265030,'65VH6YWL0179W4SQW9P05488X3','K9CAF','00AUOROS','','28BD09476VB2WU850MDX227R41U64NI0ARP4X9M92CGMEU10ZQFQ3ZI317I36G8G3ASX7Z2T0B52LG383M390540BZWRME5G8J43','83Z35LXROF472QG6H868WRDS684ON83WD07DU9Q33766',-611980113,6,-1351907185,-8538,-1275230122,-2,'WR82P49UJM030O7F4959DDFIJQ60QALYM93RO2B4','RUO8XC97946037744180343WF2PN23IFRURK66B67J576X9Q49KY36D9TKWP5144B4QH5USG8G62NQA0','N6O4JDFU51BFDB','43IUKES102','6L0TY6N93VZ2KI1HIXZPZ8RBWGI23087VP42','CTC6HG4KWN27IIK71RD3C7604LWJA74L10B06L3PT1WKTCN3221M1R85E60W13YKY','','1977-05-11 23:07:17','1973-04-12 23:26:39','3X5U88T3B10J6204','L27W1EOX5BT3Y9DOM5H799QW4I2QD350YG933',100,'2011-05-02 11:34:52','0','70UM',-1940598526,'X3A17400B72809ZRD213U5'),(3144312242974813099,1228889551,'XE1PR250UL3X','AVT472JW16VJTHY477019T6LBV92B3QF0N887CEE9Z68K613MX8Z9HPTG2RUQ0M561GR1BD99H0K8X956MUZ3Y9E00162DA','6YR822833B','1','146Q4X829CNL2','5UQX0HN32J447F',22,-1396363849,2775,-1493332384,-654432256,-1377065960,'8DI8PBQGVUA2J3K3960G25U1F','36581LHQ7FGZ0VB0A2WW846O1HLFAIX1MN7TXUQ59','82X43YKYY4D8D7Q960LO017Y6767772425T5651SNHHU0O','3T797TQZ358YYN','6C9A585X8O5GDD6IGR5S92W','T35X8F195B',NULL,'1970-01-01 00:11:29','1990-03-26 08:00:30','5DX','1B3I',22,'1999-06-04 14:05:01','U','888242NYPWX5W0S87',-1177759998,''),(3144312242974813100,517234107,'17334ZZO03CB5P0','29GL5N5G32Q4454YXQ8698K6BX9580S','BZM7G6K6HL0WJ83V','746GBZF47GJ777Z973657T0AM91H567V2N349B04QR4MO9083PLHF810ZEKI2T08','9R0AC1Y027WU89QZ45XF60934C2S5Z889NUQ15LDD97CZ07E8OD4U006OJD3K2T','8B0XBX4JQ21HK03R714LK9O1',-1853935470,-803,-6,-346004422,4,8,'8U845EU9432Z9286','8GAK7298PBPFKZL9H6DJDB7Y860B8XR9CK27F6VJ0VB18Z2ZH738QRFP2OL5E0CN61CF1PBBK','9CBQA6878P58Q9SE9Q','ZFI445A2YF941ZKMNP98Q4HKXFDI6RE0','732HHF35LDDOU7QU7C4','','7J100P7HL037T21814CFWL35V9G9V45J22','1982-06-20 21:42:37','2008-03-15 23:29:57','3N0M43JY','YK44RN74CA2U71922035B8',-82,'2009-11-11 01:16:17','4','43OFEL0I4QF43',-610192821,NULL),(3144312242974813101,731982473,'','5VZFQBY','CY58D2696W0F477A276','4L7Q47F5J','','19E8WAXNKKY43F66DCEL648OT116B3',-1474886991,-2028433711,-7832,35,-452562122,-535018991,'Z120M0Z','0G','6G4RH1D19G6R3AH4944N7NAT','PM7R889EJBT3GN6502Q7SX6','','','QBX6I54',NULL,'2014-05-15 21:14:45','V5849111','4DQ1UJP5CE48A0V3',50,'2002-08-31 15:20:54','7','23E99X6LRNS9NA47EVQ02TFJ',-1199531861,'SOO'),(3144312242974813102,1014141187,'83X691R3256X9H30RM5Y516V88EL5Q3G81UEGUDDS835EL1NEF1224O80UU3YF413J0O2K6L2E5H77QI554E3HKNP5GPG1','DI1ZZHGKE9A71','','H20GDY9G1','BUZ7VJ3R','QD1H61P2T390CO62OW8G',76,-4,-948702864,-742958092,-5219,-1816750225,'OLG4Z2N07A0C41P','36NJ2RYH2U3P09P1Y06NOO691','S43BH4702G297XGU531J5H6F8C04H322377T73K5H7R2E','ED93YHC3KQ0CF6DPA11GA2F8IS3TB3Y74Q63US3R3U85Y4TJN7','4V67371E4VV8P','',NULL,'1970-01-01 00:20:37','2014-08-06 02:01:05','6N','J23G9JYM3O6C',8,NULL,'6','23TM20JJ467G23Q669WZ96T6DAJ7',-1974919062,'6R9C6X62'),(3830087554225042100,2147483647,'4CY','LBYF9C','LQR2S2WU69BU280M6S9L2D2A6Z6NC30G02J9810I','TW8HO3NB9F9GBO4','WMK48OA42KW88U','1DZ4XZ2',-1336849827,-4146863,746,-1429919717,-8929,-1790532690,'87R19O5NEA1PZ1T7EN2U4FQ42U13USYQV4TZGLC6R6EEJ59JSE919845118UXFZQT0G83TAE70F4EATZXSO65DT8M7KIIO4B65R3EBK78TS0E4T4Q5L8','','','','6T5CO372H48N6D2UPA27Q0GX9QMVLVFDT6','1NPTP2SD4GDP14J3H6GWJ8F9UX','ZH67L314OM8T0G23EE7061N','1997-03-17 08:20:23','2003-10-29 09:26:20','75QNP07Z92OL09G235X473AL607I84EBH','QL9ACT7K7CO0RH658C',-116,'1970-01-01 00:10:48','9','',-890255731,''),(3830087554225042101,163516666,'','LE','74Y3K715118','B7GF40V924R','12V7TC55ZSQ325Z4NH7Q82RL3YSPBCPD','CFR8QHD8736JNUN81B27U2N03IH3Y0BT',-1198559295,8245,-1995862006,-392,-95654840,-2069950353,'LR5','VXBXK9H4849GBWI1G924VCR855OJ27','50BS0D774X','95KHF2GL','KVA476L21M4M291CS18K3W5DXO0IK5','9127H3H','',NULL,'1970-01-01 00:00:08','A12','RZXDVC',78,'1986-04-02 20:21:33','8','9RGSAHDOUXEY7MQ944SO1WT',-1573192341,'69862U2679V3K0QFX612ST9'),(3830087554225042102,378265033,'28NF41VQXL2B740S8H1300DJ2XT50FEM86G42472','67S1PA78I031SLP330VMP4I718ZWB5T81S8','','30N495099060F4406T','3KQFT9Q2W90L87P','',-1365808799,-167,-776127069,2,3,-1817686592,'6WO6QDPRB4XLWKN3GFECEST0UARY9','3ZGCGQC7E44DCUJXWUO','92L766E8114D0G8Z81WSGJ9U7','M4','R51YU56PUM12L676','755UDS1SMYO76','4R18FJ133JB65T8S80H0MM89YW8IHNCW3RE0XN1098SL','2017-08-23 15:24:06','1970-01-01 00:00:28','47B5','0I26JMY03L7M48WORL61V72K8PGS36456N2X38GU2JS21T9LA8764X0Y8104KK49K05A54FSSL5185IMSJN064I1L7EBSX',4,NULL,'3','Q77TA942U756A',-417826657,'O0QRU5'),(3830087554225042103,517234108,'MHAVD7UG9VK9E','SUFITW2GK31842X5','614KW','D2Q4WVQ','A4TZ0C82P0446865ND9M9Z','0Z5OY8',-283420938,3,-2109683279,-1327141489,-1136046779,-1288801908,'78I69U12II945JRG048S1HYEQFPRD2T12B95O22725026SBTHL080CSM6J0TNRQ','110SXC17C6','37PW6VNI53N6468V513253U9IB9H','3T890D7S77111263P1WW221ZDO6XZ6VG84TWG1W724','SL23G470JTZDU79O9410GMBAU9PXD79093WW693G4CS0OWIS2F6I7Q27X562WUOG19OPH','94WNNA1V4M','HE19P708RW7SIVC6YR6Q1898D082B97J94G05R2H49HSB4K6QYEQN71993IHCNRL32H4O1B','1981-08-07 12:21:09','1983-10-17 02:41:21','9J3W6U2DDDW6XH2F60P973C1U1BWE433937H7H0D3BG3N4GH51','7RKH36293CUP5401BO2P2KIF9256F0500',123,'2014-12-28 10:24:47','B','4U9ITDBO1M5N4P48NZQ90504458C3PILH51T73EZ3H31VE4732M2Z',-1665062436,'FESLK'),(4752424757910519682,1417490392,'1932NO4196045R','I41','NTLR7D86793539985P277D03GMTODN3','877LP8G8C0VKX01TB1B945H5','H31ZR35ZODN9ZJQDW783926','',-1399607177,-1709330909,-785374055,-864199837,-1083083696,-213255322,'BEOE2I251CDTOBR','KH21','1LNP8W20JGLO23SP04GF622','883IXX49D','92PF1C6VNRD70V58003W51G1C3K424G8481XME28E3P','7',NULL,'1970-01-01 00:02:35','2002-07-16 17:50:35','0314Q454O0VIO355628009H','5T3P9DYS9U75QD7F41N0V6G2X6134224GZ0ZSQ3S9MTGZN4QZR3XC590QYUQ74CX7403S5G3SO237J812P4Z30UEGO4YT3CP5A7NX5222U72TF8B859636UBY1XO71X0NA8YTOJL306S3BJVR',-30,'1990-04-24 20:32:00','6','C28ORFKPU4MU54NB4C4',-34,'7H904CPHWQ9L91E'),(4752424757910519683,378265032,'LM5MGK1GLCYEJPS13XP7N9J1VU48428P4SVPZE4SI799BS6HD118YGZ75Y955EKTE39Q5G72X37171','440Z91T','S6J46T106754','GB731V54M9348C775587V050601GFEB2EUZP1860HT0DIQLPA1HA3U4OHQ38KQL2PZ51WZD68U3AKXUD2','NOF88TK617N4XZ2','E8LV7N54K41H6651U9646CMSI2XTQQ50605F5L2UPI2I9XT31JN4O580DZ',-461934059,-7,-40144069,8424,-901106034,-578885179,'J3D3CO55HUB905XQF0V22SBV3N8I7KU30Q','L','D9B66749D8189T6OY00KYX415F4','','IUZ92S155N6W','','90482U53N51N','1981-09-29 05:36:35','2001-01-19 23:01:59','U0G7L86','1RQZ27XDR',-8,'1986-08-05 06:39:24','6','8311G499YZ4PW370QDPK2Z02KE2SJOKZRP99DW4JCXQ6625C3ISX6409GM49I337M51Q7S6TV4136G66ZP52HB09FVG6VS588ENP31TP61B46YA',0,''),(4752424757910519684,1830381946,'B128S03PF4YJF0A14A47S5KX49408MJW587800OW8E6ODGF','9N4OY9V4E8DA47J7','E13E9','KL0KG','505','GCU40R',-967637388,-174834225,-1529514709,-537211614,-2119033418,-29997552,'JX0Q8B2W03ZM6F7AFA','1XQHKN0V4','117D3U5LAP371587I9CHEIX3KLX2VJS427','2F63E9ZD50QV381A6WS37WD55','','G9IU312HV4I58SE4CM9C87AP9O3C1','','1970-01-01 00:00:03','1985-01-05 10:52:54','J','7JB4V9254I4',-12,'2009-07-13 09:47:29','L','58A5849B91RB21573H5M1C88OJRC6WU63QD07G9UF92KM28PKY7NBFK7H4Z1H8ZO8109BI8Q18YMLZ9MFKHVQW8A986G999A50Q56UY03RP4P4IY0447W17U1QM49S35ARE',-505785704,'F8080M764X30X11070S374F0'),(4752424757910519685,517234111,'4LS4','GRD762VYJX26Y256EAG7RXA8ZZTB0HR3187KPWS6','23330','GN1K9U766556P8D875OU7','','32YF5DQ0I87TRA756UP1E7A6CBS',-1379733276,11,-195320281,-1442618466,11,-1548820322,'3Z0N47B3XOY2G449T9KQ50JGP8F465TX4QMB8QQB4GVI1320734357B13KSD6HSM40W2334RS5R5XNU88IW2V06JX5405KFF9676','86H6FGWL12A6J','TOKA75QON8','2K5W','9YZO9WC64PZZ1F633V7Y','',NULL,'1970-01-01 00:22:26','1979-12-24 04:43:52','7C5995PM4C4T2G6T14LYN941O017R2M831ZGD1O8PX6A5J1376','U58828ME6W9GIP68R4JLZKY',12,'1992-07-17 11:03:03','7','54LM0IU3Z',-1389769352,'3T'),(6428094369398835723,1417490393,'119JNIY6ZSY90I43RV2CD4F7V4HY3M3ORMD667I09G0UM63VD030PKY48X6','065081','634EPT','01K53OLR8L3ELR16YC94K8E2W9U0190KHV3D279Z8YX675UNZ0747BE4X29L872E2LG54P091L20B66P6HHH9LX1F61PCB','8K371198811WOMVIK1V07ZSV7A3B2PAR85PZ99GD942D5177C179K5645MMDD','K4VHY9G5R5LZ4VX355524KIBDR',-7,-1827332880,-559368423,-1189157917,-4504511,-7874,'G7571I93J792EGT0KN7HC63Y1','9','13PH','RMVA90ZP6O2M6G306X05RG29UVG9672959YWQY3B4BY3B73AV23PZ7FEV6AH7NK02O9P961','','2W35977RILJ1YQX59SLC12UAPG509F62XZ45JNQU5V91641WWAGMEO1T0V3M4NV0IHA5I8EIQ1Q2','','1970-01-01 00:00:01','1976-05-10 05:06:30','H9Z77O39HI','5N9X92511HU5RB85MSPYIPT05R',5,'1983-08-31 21:54:19','1','E57V8GGS6926O44SW56CGJS2VJ',705,'HK'),(6428094369398835724,731982472,'33R5X','68092A8GDM50S63O4X85L1QTD3O8YI662ZMD1OQ7P2WGC52EP3MZ265JED7G5PYY8W86QNYB12AX7913057XJ7X702H','5Z422N16Y2A2818KM285C25233EC0CL90N30','3ES3EVXOF92526459N9GI1E30F','4B87GVVS84','',-98,-159020168,-320237866,26,-848,-1046888767,'','G70NZI2M0OTUNZH55QGV640HVL','6MB8O','NW55Z8D03C85E44N6J94P01A50243L9KT5YP8NBMI4S2ZZ63C4','F5HZ','0O919I3X42833','487K9','2011-02-25 10:31:17','1981-04-29 12:36:44','9F7','JJT3KZIH499JC',95,'2014-08-14 18:27:35','6','TI9B',-76381062,'UFR3H4890B'),(6428094369398835725,1417490394,'','J6781985','','0W2OY4I17974I4O45X','965PGL699690ZOV952KYNFOE4Z6152E29IY99','A',-1245137204,-379746072,-874134417,-1812801795,-1582289512,-411047909,'11B3D87VC2C4DWL23ZERCI565749D6U7','2T','89W7YX7ZN298O2YAUN396','3W3M9T87','RT0475Z71S03509B','GCW6AHM71O56HQ03Q6AEE','47K',NULL,'1970-01-01 00:06:09','25L2M0M23','',-84,NULL,'6','12L76',6,NULL),(6428094369398835726,163516669,'1ZD7WDWNPRBP','OV','','27Q3P8H7DRB2N3B0452LPNI369','V70R8G383572D5P5316RB36D1F','2J2S72C1M1A945V1K5030T6LY1339II985OI61U3GHH36FD243W',2,-1757805046,63,-895,-2,-1667176480,'A996N9560H','3','70YH56GJVZY5AX9DV3OP09S9S2WYYR7Z39TU','C2K4DXJ59F4GC7Z5A13JA5566WFXBZ1AHTZ','3I91751CI2QABKZMZ9GND','SV','HNVK0CD78G8UW','1998-07-21 09:51:05','1979-09-09 04:09:03','5TKYGHE4EBQ7141ZQGP3JF2IV0GC8FOV','9978P8CJPK5',21,NULL,'W','',5998,'HBYJ287A8NAYZ2BFO32S64I2J'),(7350431573084313304,1632238758,'667V878155534ENZD2P7N8Z5L2XHS9A1WT1ZT0','XEOUB8128Z85352206E5E93B950A4U27C921IP8MNWRSVS7V925G','SWI3HBAGD8C9474OHBMI19DG9QA79ZRV26R7P6G0VR7D81','7JX3VX9Y870E5','W433O0BI891688P42G2413ZG9KY832XAKAVJG80C9LAAXTSLP2043Q2X8395Z2EUKSB0236NLPIW6521','',-479577770,-426432119,-420303041,9,-946283429,-789926105,'7F1E985PP163TAE6D310QKSQ379P18FT587ZCPT60611G92AT5413W9T847D932T567H63R30H66J9XMTJ2MEP4K23Y418Y56','ZXMLT3205CU4H04O88MRP9YFT13W843LW72O96L0Y9K7F5560TXL0B1L313P2Y8','LNK5FPC9Y82QLV0TJTOSK0OZ931G','28ZWPS','IAFUI2PN07A4104034PMP9DA8P8HT6DV23','W46P447ZPX0',NULL,'1979-12-19 13:06:49','1970-01-01 00:00:04','9YAIA869X108B6C9MU46E55V55YS7BS3CUY9D3ZRM8B8','76GE',-54,'1970-01-01 00:01:15','F','404B1800TAQ2ON6P95DK7KL58G61DN',-2131702805,'3Q19F9N8KHW5'),(7350431573084313305,1014141186,'WHA405VC96513T20B7BCUZC55QG854622A6T71PU54E64069XV417WM87NP23G1','H43MW3HC6Q516RRVOG9QK9IIP9259EFR72K','ZI0ROA963PIQ8119342G59Y','','TW9G5UE2461WZ7J','5D464TEC',8771,0,-1835443597,-1528462725,-1611565543,-1558464860,'64W7E1CRS719WJC','1601SUXZ7B70531XB7YE8Q5DTJ8A9CP2K64LOO518CE','0Y9ZLSB8DALMC3J7NTL907HSLDE9102KNFQG7IJC4E87RR1D2QVY97PB034Z9','SLH51RT6UGV7X4S5FY4BQFO4I0X31101V666Y0PT0XD165D','3R05','L7JA','','1995-02-19 03:56:37','1970-01-01 00:00:01','NL1Y45TE99T','V9I134T91U30Z282I9D47093769NIY25U9NCWMET24F7D4B21',33,'1978-10-09 04:00:06','','9NQ9LDWA18L6XTMZY52I5E43RCW7R7XFU4Z5LP263BH',-94223196,NULL),(7350431573084313306,1830381945,'767PBWN','M1YI7N2G4885R09T23W3ID2Y163X0VB','7L21G57KZKRAFM12E9HJB3','U78SE13','QY9Z1LP20GS6F53KX7623DOD976QMB5Z3VQ1A5W44S4G1AK','H8E3YX592B1L',-335040601,3,-2083410827,-2084327038,65,-584428010,'D15P56W30507E8CA5W7IT17R88V19','B2QBP3135T0SD2TUL659IDMT7TVVC','1A22168EP78MTPOPH90FR6A41T60NML306OPTPXZ73KXVB7ZJ9E7I8B622G0AG50A3UO33588Z','KD9T7U24376V395369H7287F151KSDPZJIPVN6XWS50F7ATNCI0X60X9BC7B11W25Y125H025XB9U','7FXL1V9BEBS01G741NS71F28F2609KHJ5880EN0SK9L7VIDZ9OE1FGX1W','6046X','D8398','2003-06-12 05:11:59','2016-03-24 15:49:36','W0U','8MUF6',39,'1991-11-11 01:32:25','2','38UB32058GTWC8VZ8LA6W5D8S92987',0,'5EW6SP6514013WVI9DHSA0MLVVQ07Q7T1F8SI951GAPB91058XF1CLY7QD5'),(7350431573084313307,163516668,'','N30XW532QKP987','NEP46Z5UD99IXEO7J5OCV0Z3SMWR9VB22F83D0D6','F5RO184','HHV62KP348G1CRI9194EOKH','2KHF',-4,7,-1675345164,-1683356951,-335911898,-732177855,'X1UDA375UG390M79H70Y3631CS1Q1U8117IS5TEWM244830NTZ3Y432II4A4PR6TF3C571H14E5185D9INL1D10H0TI5BPH03U3U7FKC3RPBML159NFQ68181993FG293O25W4EN4A189','S3ZXN15','C4009CE25LB85Y79Q41TA9Z145RMC015H48SZ2M3F234KF0KR4R361X','X56','T1J','MP7JO8Z2',NULL,NULL,'2007-01-04 18:39:37','88S36E0L41B06L53345F03N351M3A','59433BQJ437H317T0JE2B1AKR87UT9WKU0YQ5YTM0M9A266RK2V2I93N5AT0U5CX85GXY8W7V',-27,'2001-09-11 23:49:52','7','49C233J78ZQQUO77J2WW69X3TEIZA',-415668482,'UR2V4'),(7350431573084313308,2045130310,'','X9HX42CP17AS006W378FOD341W43ERSB0BB88VNCZC6YZ97UD5142F4FJH7A4Z6T32K1WX7N0DSEI32','VSEZT5UC7S','8F781O397XRW396B0783ZI85','S83803TKB8F99E07QM2AWI4G7IS370286EP3HZU83','4907DUSFY07',-53663437,-1068916444,-2084169451,-951938811,-684710155,-843398823,'AUBT5X5657175','714','U6GXP93T4UQIO3','2Q95PMO5062KJ4JM1U9B11AYJTP191MF495K867Y37W0K84M2147','HQ043','E39IVP9WU459XM0RWF9548V1792PPEHEG6TR06MN3O574ECNHZYV','P',NULL,'2004-10-16 18:32:12','ZG77ELYZ41MVQ9','9NBY9NX7',-77,'2003-02-05 04:01:09','3','52PLGE2',44,NULL),(8146232901866240640,1830381944,'38PM19YZ8493BHQ14J88GAV69LWH0H00G341DUV9M41439MIO342R295DA93UYY519','2X08A12AJ22GT340A4B4','A8J980T0790593PN596J6U055PW2KYD','YPC7AKFOZC25TQ5R8ZL','Q54E','31XD87580',-797690541,78,-10,-2140207789,-1216546681,82,'38DO5HCA57','D3UF6','FZO76PT990P6764RKVD','02M60S0DH2KNI21CU1EX6FG14IHMXTD201YCKK63IY3FB2B65MZFE6V1C821','9S2233FI1SOPK1NAS5913K4U282O70LG1XQ5U7QXD6','L2XC9G40C','K91M18103U9VXSSAPWE6LOUA96T37P70MH6SM56E3W62EV17Z449656TPEV9FA0354508K27114Q7Q83E85A0M407LD20A56KLAV8GO1DZY91','1970-01-01 00:07:47','1970-01-01 00:12:29','8983N7149S5I82OZW9XKP78','SW1N',-4,'1970-01-01 00:00:05','4','42K25LG479SUC',-722794685,'8QE30O1D68SCIBKQOMST6DI'),(8146232901866240641,163516667,'T10N07P9G7NV8471ZCQEO8P7BPWOA273LL34RCI76YLDJ','JXC3GW','','7441M51A29Z19','AU13P5R7M','DX9K72M4QP06338P20H',-1973370921,-3,-1138931133,-1927086947,-992171655,-322337265,'VW7H187','I01753','T8M2','66VT5HVB83T84SZN94N','H8322G09AN7G65BR868D16AC8FNL2532972R','16JE2KDI2','','1970-01-01 00:00:03','1970-01-01 00:01:42','U0XGZS77H49D5BXQKH68H7AK1','6M82AN0C2ACULDH0W554KX8QN',-1,NULL,'O','',86,NULL),(8146232901866240642,1228889552,'924QE7A5A3567U9RA2V47ULT0I6Z2W1HNK125292Z675QQY1RFO40832X8W26079ZS7H1T551ZCE77J4Y0FX939498SOF5OK2COC','NZ480460W6CR380FJMO112U78KO3FH0GPJUG0719A49GA68DG60W1Q5V7442W2T4GFY3VN','8W','56ID67Q338S06AH1X324KQ6X1293W','8HX9D17CO8F627Q71061V077MSLXPCW77RI13931W822','9JW9W87EIYT4CKOPV5PUT68Q2RE',-65,-1952835024,-203053464,-456178846,6,-1780820739,'9SX','086641K78C24M0VDJMR03TN6LUBSO3VUH19150IEP89MKV86C1102EH06','','YD5ZW517ECGDS1K88524','BO','QIB9IK527C6N6D5F36W53FDE868HLQI','5CM375G3T9OQ7X29UF','1970-01-01 00:12:47','1983-06-04 08:03:05','M','1TL86CTKGLM02T2P',95,'2000-08-17 21:52:31','0','29I6358C07Z03QY50FA86GRX7Y',-1134531521,'6E1OI5C56TL6Q88BV9MTOO6100S398ONG1RHS28P4IF2'),(8146232901866240643,517234110,'EP66ZNOQ84DQ20338Q2N27D35V0CEP726O661LL5061OMJK87J8DECR12ZH4','84658I0DM2X5W8','5NLHA9S59J8WVK880XQ3U9JQJC748','Z025R63HOJ7BP97YG2OJJ42PO70S76A594T0PML4XI841X8D3ZY','A411S3MGN0HP','QMBW1UOO38B7CPY29Z2D8DYNV87CL9W729F2N43KCR0388NNS6MWH22I88162ZM274R4304B86W7OZU62O22AO014IW7583GL233',-134,3392,-1434505183,-978491769,-1543715343,-5687,'09R3H73697SWD56SZ5951EL5D2CY6G774J58X3A1VS34JCXJ','BGZD9F43LU1S33J2R7LDYQ4473G85U14K77N0BZFJ3WVRU7VD8GQ863WG3KJD05JIDA54CV38U44V5S45EFGCXUNA6T1K3K7A89M','01WRK2J3W8464G2I5BRV41V7Y0T4201Y3D4550UPJPP15GIP','','E5YW7','HA9X9BG6CP','A15W05R621SX40FDU62150N09M5O3A9J5M35088TN','1972-04-16 05:45:31','1970-01-01 00:01:30','D27S9K3JZ7MZ2LMCLB1P1V831S8K875225','M6J30',-39,'1995-04-12 05:09:02','6','2V',-2019757096,''),(9068570105551718217,731982471,'T7WX33TY6152IY13RYTC75G8WLDDQ0AZFKTN01EDZK5UR981GPV2WX11KGYUY24B3MS182EBI5R64KW','2115URL2D7V6F46PISIT134680RLT06BC56RO8D1070E9EQ82T243X6GBBG6O00312UB4A56L834U7M11K3F07BHJ7LG7UGQ7F5B','JN30DBQ1E9TB32R6M0H','1WDS6JC0779G2S327X4DR04AB21J14','AUJIJ69SKLR8IZ75031EA','AECLS572CIJU0DO970SNZ58R22SWKJ',8,-2117970801,-597103169,448,-1387408107,-541,'03GA610XM099H','1E7K630C0JKM17IJ454BLSV74I','VR100746TH7E81ZVMOFMIONZEC61H5F39W7RVRBSV2UHYUDF0P38RY','5H5685279LWBH10R0F462A7GJZYG10E22ESEA1BPEF9WVR2XK78P','903O9K9B75HSG969X2NZG4JE93Z','MS59MC1JX2ETH31CHKF','FH567515BRYMH8I3H2YT3R5OUW145M323M6QM','1988-08-05 19:42:21','1970-01-01 02:13:55','P3Q0W61KSBOJ2R3H0L','853VXHD04B53435ND1T3EGEHTY8P5OQ2JZ23K4',62,'2010-10-31 19:21:27','V','OG0A4LTO8ILG065VL5ZW84IF403M7070RLK831KU7N492F8J8YB6DP872J92863G4Z9WWM192P256UE2LL31B22459BYD9F',-893880765,'48H4XBXBR077O0X14WM'),(9068570105551718218,1014141185,'5116781','39','373F6C4GY19J59N27Y85','20DD7159F5343RA840UQ462QK70C033H6WI73SU3G7JH3OT81X4WXWBRC','L96168755P5GZOFG2FA28589VT380483KN4DF2385QIS1L5J0MK4359908MB8LVCLD6','AO5Y4C425V85OYTD72N325VE2HOPD5R5',-910289696,-550352450,-1174150479,4,-460182231,-967331829,'EIM2LIGP5343BBYHPD99C4X9M7I2K8N49PLX582ZD48C73MQ9WEWOJUH10U508F3TR32P0M4OLC7Q8O15','574H4E53506WM6X03Q5LQ9R17QO0V58ZV2B2ZQ5I5YM79W72OOQ4V1545','Q','H','7','D9325256TKFMY37060K8YKR4982167P91A3V1P66AWXB4L21Z75D919RUEH55AEOD19AYN7279C46AMA7A63050H9D6XZIUMPC363','R266A88UZ189522I791XH20JAS02DB16F15F2RBXG5O5ER3I72180D06YWUA55L8UX0F1944130Q46I10R77343CE00TXVTJ013110N1T1F','1970-01-01 00:00:08','1970-01-01 00:02:48','MA0AK','P53HUVMMHDTXG8943E',19,'1979-03-12 12:15:15','','30O7DL630',-1423406256,''),(9068570105551718219,2045130307,'3SO7Y6','GG6C9XA','','87M6725Z0XDHHRESDY7F380EA1XDA4ME34WPVHUGD25Z','UYXI','09ER94E',-984021490,-1946057237,-1177965075,-2032739475,-1214527629,-67,'Q3607777E3UCOAU29349826A54OWU8B08W57210IB713DVH3P5RA46199C7FR6L8N47S9FO6GE07CR50E','H8O434J5M8QJJ94KU77WN41Z4G83E5NZ0ESSX36W31R','SDC45TFGLV335Y0D87O8IFKIM835H7LH','WD6083C8572VU4GH640M29I6VXZ2L0H5RH839XT53GAIJ56D7G8118AHU4578YI056VWREYYAUA59','','18C26Q40AAD372TD8REIL1','C957743PT4CSVCQ39232AY7EVSJ8DVF2611THKKEWAUED6T0AZ','2009-09-30 09:02:17','1986-09-14 07:29:43','L7','FV16V0R41S30E6Z1M30M84Y',62,NULL,'','IS626RL7EV2EZ',-451,'RYGD2R1J3TNV09WGNH4'),(9068570105551718220,517234109,'25S3K6DFRM0MK8VJ04I83QIJ4A97D19P11T5Q097QN3910O1186EZZZ02K24JW2VIDIR4Y5J2895TQM24II61H7CI53QSKO26S6G','2SZ0M76U','01F78BQO714Y1672J9016XWM','4X2KQ15W4WLQT4GYURX436468G8P69K2NY273YY5G2W8FLZKM7829Z50Y','4P06W88D7QZEMSZ1BY0VW4142O66M7W2','6ML96ZM9QLT929J77M8IM7NFGQ55IG2W',-1,-891723981,-1690066451,-35,-672055461,-3001,'O5JWWM7K4NN3A0REIG','C7P9CQ29T988440873TVD5O398P6R37RS713YR7','0D8YM7545S086W4YZ7GVVXC332F2640Z2T6SG1PKQ2LO032P365SI9VCL7506P8LA5ZPNX37QYCSGYQLV8NANN2','','CM088U','EC','S5HRPPFGIK9ALG0NR2HS1','1981-05-12 10:24:44','1972-08-21 04:53:13','414R8FMPGJMUS93A8Z8','F66QU6L59E150J6DYFFM4R04368Z0',19,'1989-02-20 05:26:34','3','H9E',-1570492355,'WMZ607P135P3C'),(9068570105551718221,1417490395,'Q99J0H1XXR9390EK','47S74ML730KE5XOFZ1V7G8P0Z5SJCWT0N02','TZ06739GINXC2CJSUR0TFP9APZ6T','CQ31YMNIO2D305DV5OQ86YF7BCC5YR20U392252E5G48Z5OZ9A65C6M9ZVS04T8XNLW18P1U3M0795JWD6UU2E2NLC8SK03F0HTRZ0V0EW79IW5750X9AU529MEMT7Z99G688JRFZ5E','MCA47W54QR60V21G7I6D4YK37Q9WA4953XASPP9J2720QCI66EVNB7ASOCH6ML1IST','3KP1MOPLSY6U6BXYS574I760J3',-1394436159,-913,787,-633245077,-1811170481,-841612238,'R167145XYI4M537','VR5RC35CZ22WFL526N5662DF8W1TKFQBR639051D7G9B6052E19F66XWR22204D3YCT42L1AER629I6QS59H8LG4','5210B','0S24L9KQTK9W189A2Q400LI','V2L76I36G4V7K82436I1272D6YM63M398GXTZV889E28BIN0TW3Q1DNHOEQAV1WB8NO09YWJQ2JB945A7HE4F','33P7Y6TO597940G2C02ZV1N73AG9',NULL,'1991-03-11 01:16:44','1970-01-01 02:32:14','5XN6R81JJ3C8ES0288BD42W9M69PLS','WI',65,'1970-01-01 00:01:19','Y','U6OW43W',2,'37A6WDPZ2C8FA8AD2RT7'),(9223372036854775807,163516665,'','84MAR0','M8','5NGI203R63E29K7AQ6LDWY75AP9O1','NG6WAM','2GHKYJ5EZ5K7Y325UHK09DT720R36J66249',-436077930,-1833347014,-1083132451,-14,-148792050,-1774755,'RMN7851P5P','199XHP','D75WUAGQWL5713X1HHS3RT3','0Q7HL6VVKFJ41AXLN0DGTG098O1Z210B57Z9L9GHDPQ77F7Q7L72F3F','S7LQ2B','D88EU44714B5244Z0SG21N359P7ZJ916789K50U6O6HRJUHY732SQAJSBABUU87QNW902641TL73K037M7W57W0X0UM5QBJD6CJ7JUPL7','510EBUA9PSL41GLY2QB0280782B3324M4784771T45YOT8OGO7N6ENQ1FB',NULL,'1977-08-31 13:19:09','6UE73PUE46N0YC','8163ECPI97K',22,'1970-01-01 00:00:28','S','1OJO68B3O8NDFJ323X7PB7U197G5YU',-229757846,'6SC485CYXDX6A708LEIS830O');
/*!40000 ALTER TABLE `cb_deposit` ENABLE KEYS */;
UNLOCK TABLES;

--
-- Dumping data for table `cb_document`
--

LOCK TABLES `cb_document` WRITE;
/*!40000 ALTER TABLE `cb_document` DISABLE KEYS */;
INSERT INTO `cb_document` VALUES (67210607,'T12L8SR3I3G79907FX080535MGO5VHN3TY28C68H03VWZXF4CA878Y561BDVGMH89FP95DX342AH2O4R0Y9850N55Z3V','8214UY6MKQ3482E81X66CION','698F089T','SD92Q1576P8YXER8P0WG3F1P467O4PY2PAO74G32T28LI6P8',-121,'T29449S4TW34N4NP','820G16JLDYND4B12QH023Z1J85172QN0N84GX2I44L747L91GQ4V58TQA1H6D7CTFQO1T',52,3,'Y4T28L','',-1199404015,1014141184,'1970-01-01 01:33:22',1141078911,'1991-05-25 09:45:46'),(67210608,'K74XF62IE0XNXO6J2656UEEUWS30U6M1DVNMJ6DS88','5FB6DGXA95J60173T1ZZN1M',NULL,NULL,9,'O84DU','',95,-8,'','T28',-677604541,731982475,'1986-02-17 05:03:25',1795378012,'1983-03-24 11:15:54'),(67210609,'','F09',NULL,'HT2',79,'NPD282A02PRGSMJV6O7WRPDR97M8WI05ZNF889U3W233BB3B8WCJEEM3F','08',27,47,'7D8ZH45MN67UE25I9V2M1455Q','YA7S9IE03F7',-758217192,517234106,NULL,1101219202,'2018-07-16 20:02:50'),(67210610,'4V0U2YVR72D4NKT','J1V405','Q7VEZFQ3YF9Q4NV6W5YG1M1','S53UD147BZJ486F',-60,'B60VH','537YTXT5GC08OND2813O9FR1359QAT671263Q5AA4R2NEMG4L5RH692W246QP992PNC14O27N8L9OH9LH18UCIX3N8ZD9374CCN5NXTGS1YM42QV320DQD4S6G3AT2ZB3I08L1AQ4UXZFE28PW21ZDJ7J8S79SS9P91IRIN8',94,-115,'','N7EZQ44FTCLQT7AS0Q3GXCZ744J97U85',-1698579454,2045130305,'2005-03-05 14:57:41',22,'1997-03-22 22:59:23'),(281958972,'2TAT50J48U45GGT1G0U0PEM2180ZI0K70GC0Y9XK190H037SRRDV59504S9X2','1H334K1V6QQ7G6NW0Y868T83','25VS9OYYNFE55U297E0HC0V749196R3N023YBG07GO4V4HA868Z3BH6R916E163AZN26V',NULL,-57,'','5631V69FG211M0A2LN67Z2DR68H616',-27,-51,'29','3BW2FF4JXB4D70R3JJTD4',-1214386762,378265031,'2007-10-30 09:10:21',1683311449,'2017-10-16 18:06:59'),(281958973,'OK0F','096V2TBL3F729L7TQ7PUE25496O5V','5H89H118SU80QFWVK3997NST2SUDGDV7Y524XBB2JSP9NMQN9F438155U5YL09',NULL,121,'6LO73N216691KIGGGZH76Y55T1QW1IWKO43I61C','F6B40H97IJ5KSB44K8V447',-111,-111,'841722MEGN7693318Q2MIE7','BPK10H9421TAMU4KPF73550000',-39,1417490392,'2016-10-16 11:44:59',990923540,'1978-01-17 22:34:49'),(281958974,'N680AG426PF8D52NV961C1E36C30484FRG446N','2','7R1ZQ7X1BHW97W4LS5BBFD45701',NULL,3,'F7BA77Z64IB1C0V','2916AP9ZZQH53B3C99MI3Q3S5XAB7H8S876CWR4E7',41,117,'','6QL2546JPI4WM717GE3F1AR974A295P8YJ69ET582B1F4',-1339124451,1830381944,'1970-01-01 00:14:23',2083632955,'1990-10-07 18:24:23'),(281958975,'7X3T1IO89Q2AM72UTFD0CQ5YMU9P23S46802SANW70N0H9R819P3U5700E71EL96138MV66WW0L2HK8I5Q79MKC67076ZYQTP5O','OALVRN2A5S48CI76EM0K67OVPG4O035XH02KLS1VQU64JDDZE3AWGVE8J','59555F191D03T3585UL76LWOF39S93A506W36G9U5WPLW15JD90344S767GMI4D1387GAQWUF785VCC5O2F8J03UL879U8G470X0IB44KCJ3U90Y350U0','',102,'','91L8334K7PT323766495N1S5',-126,28,'93479Y80','E3YMVK35XHMZ3A17P',-1475358960,1228889551,'2018-07-21 00:31:42',698651136,'1987-01-27 05:36:43'),(588233383,'','Y9VNZL1JN0T1S07U52B3269EY2AOKZ6437VPFL39H523NS','825T186Z5','',72,'DFZ052GV9NOJ194U1HL7KODXJYIW425TV28XZP47JYT22L0Z3RFMJ9W0','',-80,103,'6Q371D3F51B2E1Z7GUOMD4','ZY10AY452EJN6Z',-9,517234111,NULL,2003523991,'1970-01-01 00:16:05'),(588233384,'6RTTXJ0I62','30MM074PO3I6638E851AOHII0K0O7U8DB8C5RK3939929U474485C00821F9W0D781621','','6J2XEW3ZZM76E151N92MSR38YV4244PM7N0VP5U6627Z05CO6953734WXVWQNSB20U9IOY04F9YT4307235TDG3Z66',105,'N','53U2M59NH8590',-100,55,'XYKU6U0US','ZXCXS16LS47BKP97V8VW68K',-701207761,163516667,'1974-12-04 12:18:08',728123558,'1970-01-01 00:08:01'),(588233385,'','U1','K145345','',115,'','4',64,5,'L','50D4F6H9S66846EUY0YDDN087T28COI347EF17S1Q86R61S5SIQ3Y3ERT36Q2QEHV387F808YE0B63O7W400L2R25E839AW5GIL33SPUV63266QADR1V550U278BM61Z81W71CC8R3R6IC4G0UHRVW1RGZV0',-755158305,1830381949,NULL,670677019,'2016-02-25 21:11:26'),(588233386,'W80T46P3K8F1Q8A859','','67B628S',NULL,-2,'14U76RUHA8Z2MXK2WA815Q3Z94P943K','6S25KX9N6D4J8YP7DFYROHMN6I4IGE8981R32U6',-105,53,'233S5','49X2M4G44',-1055793160,731982473,'1979-05-18 05:34:50',1740659303,NULL),(588233387,'81','2642H476I54P2YVXC095A6194O80PHA','22499K0A2YVHN4XHH018Q77176F1DR0R40',NULL,-33,'238B92SE99','',-19,5,'Y582LL8PI5TQ193EC07KD694WPV6V47SR6707O8G85TYM3L6JVUSI1GTD502RN8ST5JXQ0243Q05LHJ428K644D','770P00F7B3A496M5I9P8296U82J02O',-749114661,1417490393,'1992-05-18 15:02:07',2023363437,'1970-01-01 01:39:56'),(588233388,'QHZ8ZEYSP43210SY0SY279N6030085K3','6M3RAL9567601LHB6L6J5OH4634B5R8K3447V2A0','16672496977J48K4ZK7L9TT3AM3J5MDDFBH38784N5JD5X9F80V0WWXJ1R2378S3697E8B13X70U5QXLI78S788','',101,'72I15YF8DRJH3E22LJJ8Y','NI4V58M17O106D4AQ3N8DGM979089QW036M5XM8YVE3R2A19V28OYSQYEFZ44D55Y9YXW23OE4Y5',30,66,'','S470519XYRP5F659DL6Y396V7JO',-1456633796,517234107,'1972-07-12 06:12:57',1203545977,'2011-11-25 06:20:05'),(802981749,'QOM69876KJD7V','ZK9VG95R31PZ',NULL,'20137W27050XA81YZK9NZO61K34MS8TWBT9AQ678RX75682J8242S5E1M3H90LZ5T329X9QG16E6598P57HFK48A3D31784F3D2F76Z8MZW8CQZW5V1286DB62Y48266I',-58,'T4ZZMF9XQ4A','L3358DJ836',-53,-9,'FE661FZN11FHG68','',-627937337,2045130308,'1979-05-04 13:15:25',323074194,'1984-09-30 02:39:43'),(802981750,'Y4S001D51PBEQOT3','4KKTWS247Q26352X5QH6X39113QBIP8A05XGW97UYER3S61QKX184524L4T6041QJK2CFO9I42EGLG1L2DT71V7G731HB5P93918WPL2ZU1C6H53VP3W2QDSHI772ZREGMS8QN586JMIP74B67FJU6Y4M964W200F5P4457DS','74H6QJ6O2M42344H792CRJ6RJX46591035475Z2L5KA2JC34N3P9G5DF1342WE1X97EB3Y3M842YW9519U2XK6G54L','F87I2HUOO0T971457WK3QNXEDG5Z7V0',-62,'6','A2BG374065YHNU3665NQA2H65A84692Q6153O7P88I30415L8QYSOTG2IIK5Z25RL091OY767MP1',56,24,'SXCA8WTHGX974F78M3PQE6N0','4RFC628575PM0P26',-734901856,1830381946,'2011-02-20 19:09:10',8,'1974-01-27 21:11:44'),(802981751,'956','8FK286L9NZ5QH0','','',-53,'AQC50Z3S0Q5904380FY48A7V987','88PX',-55,-19,'6935','ZI8V20KS908I86W73DKSH22K2AJH7Q9S0VIX9KK69',-18,378265032,'1980-08-13 12:28:57',650,'1970-01-01 00:14:50'),(802981752,'E043LPU5835','64PDO267VJ31A7VL7VM98M45MEX4','KUT72O88837T52RGEZK25','VW446Y0',-123,'K80UV102408JY95C01ZMK3Y9V9E6E47SDC2792E8HM2S9400','F3VE2WAY26SN176',103,-116,'24CN4PR7EE1LQBZR45D91748PD376LEGNWFG7IMU0013I505SZ29B2E919A17IX63','70BD457AH106MI419SEUJ',-599,1417490394,'2001-12-23 17:37:04',244801543,'2007-02-10 10:49:45'),(802981753,'I8C7D8A6A4CN1L0110626IO3JD300ZM63AK5QEGRT36BUX0','0NJMZ','7J5LZH6ECYZ70Y0S1882628T8KAR3DIKGW98MLE18805Z62P863C6765083TE11WVN788N72ZYLG','12YCB44Z9039SBW59GG7S38E3T88Z7X2BI114W45717C2V8',-51,'9RFTBY9RA','13057Z1O142QGH1B2I907511F562X6W',-33,-50,'VK64C','S4319',-807379888,163516667,'1970-01-01 00:08:52',2293,'1982-02-14 11:10:27'),(802981754,'P8RL3C3XK9FJHEH42635V864Q3N20A5DD8577HUXZ10092HET0Q2O9N758E4Z1ZRO3KGMS1028BW77UIV7MM21I126T0YK3DD8YW','8I8P2S29138GB8V679',NULL,'762',11,'B03MYD2J7JU','02F31E5P61WLEO7769WY35CGD76CG0847NI1MQ284HZ78D3Q35DIMI2U0C6818P2X13EDF34KO',-86,13,'4CKCWG75H9P254H6LGWM8Q871K0FL','21Z1U12UJRPD79Q66E54102',-418466472,2045130309,'1970-01-01 00:16:27',1785014239,'1970-09-20 04:47:38'),(930899550,'','GH0XMY6565690R','W4CI8S97W3Z7S7S30','423O7AH8W7664',-36,'45M5D1C7G86NOIQLIN06E37DM2I6419M54','',121,1,'10442T7DK15O3ZO1S980E54UNUBU61ZWS02RWOP8W7P2YH1W3B837712CT0Y61R338CZ37HYE4970XBEJ8P2C34E861','0086',-241004096,1417490395,NULL,1829449051,'1988-05-24 10:16:55'),(1145647915,'','GQ5',NULL,'9OH1SF79RZ',-11,'DZY4J9342UH38XUWYOY49WFWG4944','FE5B16ZL6Y500IRD2994I6VW3G3727BG9C202972I07P1ERX7487',-18,-24,'UC75Z6NRS0','S50316VO7PQ',-8,2045130305,NULL,1847631180,'1970-01-01 00:05:12'),(1145647916,'9T7Z8VTLH8YZJ0O8QQ6L50KAO340P80BC3ECX0A8D2666581NC9SWZ2LWK95LI8F7W2X373ZGPQGE64TJJRC29','31VN0Q10K',NULL,'6YJS9E9TAA9XYTVBI',127,'47O7F7S94ME8AU3D1O7AX5B0D35WO6N7L84BE15R8I49JA920Y6U79BXTR3','XWX',35,-67,'53BS88S4UNYL9OMWYT781V5X158UP6W1WI9L7','YL161G2WXHWUZR5OVI4I5041OKI3R5GO5PYZSBF6MG78RD3A1D91WV8IF',-21,1830381949,'2016-11-09 13:07:50',1888352960,'1976-09-01 07:18:43'),(1350502200,'Q7CFS674ZLVAM65419101LK8DNBMDA5D101','B829','',NULL,94,'4AOE4H10S8755VRT80Z702PL4MTF27894I62DKJBJA261L2MJ2MA65PN0KN3YF0ORZ2EK73','',107,85,'5SG8','F',99,1830381948,'2006-03-05 12:29:16',1116112894,'1970-01-01 00:00:10'),(1350502201,'','13O1E7II29S61V5JCS5OHZN1HS838818LAQMI56B81LGGQ206QU7S5YA61V5K7W3WL77MX62I4P27RC4H7H5005H6ZYXZYA7Z66Q657S7I8K6M4F931K050Y10921','K1V623Y6JZNO','Y1ZLIK7S14YRC15RQ47429196717604Z03VTB5FI6CS2O1NBAKC623VG3Y28F78H467B3ZBECE7488Q94HFL88GBFCA60Q307MIK',-123,'86Y662KY5091A6845DH0F3F7Y0','FB403U26VJ608527EQ69DC2',59,111,'2DQ722MFS2591DMV79S0R815X6N41UE309WU221ELSIS36LGY138I9A2R6T1R6AZD9P4311B4','X166K138WU85J7328VO036X7770B8A1IW5ATP7LLI9J38SCUGJ0QL0VK52C5890',-192620194,1830381945,NULL,1451210728,'1970-01-01 00:06:33'),(1350502202,'4336EA1K6A5761H17C2Z0V9CY4H6A610974V00C24','1SU11EGJ07K14BU62B808M84PEI80HZ2T2V5A46A7NGY8688E67428AJE5B1CM8YX900W4596','5DY430N974T23971YWJ9KC39ER002V08AW3T315FTG2U3',NULL,-2,'3PAZ06JIP5G53','UW87DTPE2',-8,-89,'8K5','G09GBO43KJ6YX95047248N9QJM9KW7882KDB5WUUO70XF438P',-1502714713,1014141184,'1994-07-11 05:47:38',2103128711,'2015-10-11 15:47:44'),(1350502203,'R54JF9U6VSXI10JK4R5F1PP3ILB4','007','8M2UOTGH96AUSMI6GAF1JCL20H10N282FGG881722II673N635B3FX352K313955X1N163FZMSB011AW3W595Z31T','K62I9XZU6A',3,'VFMK57252QM','E4Y4K2BHDY25I53Q',-45,-128,'M6FAMA2QO67L1T322I2QI2PN4606NW04X516XAC65G8469I56CYU1TRM6494A73ELQ159JF51PT66K455V8578S0KRYO774K16181389P98J3562RY30WU9S1R2','1A92SRB365045',-1439964513,517234107,'2012-06-14 22:46:51',582438702,'1999-12-22 17:37:44'),(1350502204,'9890U','7HN6YLW38Y9108AM22OND99GG47','0N8K1T4113MYBO2HP3SM5Q1','Q',-102,'D4XW189X78G66B1108CKORXWWB24LW3L6G199X7JJSW2','38D4SE1D824B766EVL4MI19G2U6C4',118,97,'G536SC115K','JU6F7UQFH3H44YHS8XR762TR2QH01472LE5JK0669O4LT3JR280366X831Z1PVMBQ4UZTQ712T3WBUWL4XNYC0LK38MJ3K0YOS5MEL14QH96W8KY59YQ05YKXG7084',-1540086109,2045130309,'2000-01-28 02:08:41',1857225502,'1970-01-01 00:03:40'),(1565250565,'9HKG15R413610E8LYH3FUF79UU28XPJ18K606HVA38HCPY78Y15K0UC7UZ9Q394X3CDI9S6EL8W26','9T4V4W92910PYE697UUGZ398MQ45YR9Q9UNO2FI7875RS3LL97HM4IMJ3G0NGJG7J49K47','T56V6133QFS0O9MRDV6XM4Q5I9095KST1H7GDC63811R2EA','NIMAW1D0SX0EF2FO67JZKSH95Z78X3X76750YLIA2GS2XV76Y3N7KG64VW382KM6IY90YS7E3A3989X8B43J315F6',-60,'57XUVX4P9','3183KQTO5',-37,23,'543U07K0HO1O5','HPS7P4R985J85YA8UX4H4ML2SG7LJR4P912A3HXZXIO82940V54822R25C61UG15W5V90ID366GT52AIFO66O9E5ZJ17LA7C6',-7377,1632238759,'1980-05-04 03:29:27',722820974,'1970-01-01 02:02:58'),(1565250566,'','','10YOSF6NM7HK7711VOYU15HR2P979VZ2RY4996G075A58Q0GYF13GU64T1G9H1514Y1S3ZN145SCINOC','A40T09D2XL6',-45,'TE','1K2FHO2AF18W6628A4358UE8SWMAB4I385VY40FC8460T24X6WQ9JW925754JDC5TG887FWLU0',-68,-25,'','SYU22KOWO795G7765KC1CHP6OA4HP38U4O6E3T46T5QJ2O83Y9W2P306YG0121ARB7',-480,163516669,NULL,1583233399,NULL),(1565250567,'K3','FWXT43FS2F','LLLBIRNK32','H6KD604B659OY950159IBV245IYLG3W44BDK17KH2480663892O7BXWDVC14P568G255PT4DA411962554Z9B3UGVQZ5517LE7600D54YINE99135F0735FB718AI1VC544N70Z',-109,'07Y6EX8A8E6Q4K','62SJYE6JA434783H99T309D1PY3A8K444H28WB9FZW0S9I13602Q9',-8,-88,'N1050','U1863770H3VMUBHVTWC2KNFG',-31,1830381949,'1972-08-26 21:03:17',8,'1983-08-18 16:56:33'),(1565250568,'G3428JH07Q95PKHZ35YF399EGIN91SL009826SCQT11549FK4GJKQ8996XJ14SVWN9O1Z30MFTSCX91T','08HN0608','T59A6','',1,'09TI9703A','0X9BO6UQY9MT0R5JV8384',-4,-82,'8J1KG59909','2169GZH0K6WKZHI2MF173CW6BIL698429IME4801059Z2N',-80,731982475,'1976-04-20 16:21:04',551,'2013-01-23 21:58:13'),(1565250569,'30399T69QJC934EWS77I901HF433','QB2Q0Q2FNL3KOAPRGKM23LY9U1TY03I26544817SNN8','','WO6RZVK771',8,'','99Y32P5C',-107,-67,'840GVX62G5D67Z0PYD72OU78BQ6TIVJPCVYN3YNB778HG1JS57ZC95SB0F6UE0H6D4921HS0W024Y059X16064D88','RPBHRHFSC90DGUJ02IF9TQ7',-5,378265031,'1979-08-21 18:21:46',400010458,'1988-11-07 17:29:50'),(1565250570,'2H','0842B6H',NULL,'4Z6P09SAJLID8JFZJ4L8',-3,'2Y31MMT5V0QGGFD893BJ85GV69RC1B4II699RE25S5MSU1C5','P80CT984TOK74D6875H5NAZI74KRZE3UTUMK6ZU28CVN4LQMGMOVH2HRBS54Q99F423854NOSA4D5PT12AAN0160775Z366S249K99G27ANW71I9FD6GD4609IDS4NTX7PELIO3USVWQD6DQ7H2U',38,66,'YQ576780LHK63PZVGZ58M3Q','4X13U0I',-895343906,731982476,'2001-07-08 10:38:17',6,'2015-03-08 09:18:43'),(1878669984,'','5D6S2ZNX8IA28304W','TDFAKV','O9I755LY48660N5XCS507X56K680PJNLBO71MJ4QA0IMYX153XU4BDMB06306',63,'G83WU1CB9R7ZH7KB04D41IR4','9M9L45247632TPD3S974GQU47K33DNOU1Y64136TD164',34,17,'8ZVI4VO31CZJIB6MD','16HL771QI4OOWCG4F02R5G7TL1MQQIG83HK',-152698718,1417490393,NULL,51,'1993-12-12 04:51:09'),(1878669985,'','4RB7',NULL,'TZ08739CHII1UI11F984EY',-77,'CLEPU636O9YA','2NZ1EJ7IUL97ISP3K0',13,-123,'','33M06S1VDU753438HF55695JRI3RF1S02088ENOAH3EYP93411LQ3329SKPN4Q3',-1540196279,1417490392,NULL,617027924,'1974-05-17 02:19:25'),(1878669986,'E5SN77893FWKVE0I3ZXX1971U67YAA93L0103','956ET0S7K26DPJ831E2FM','','',60,'KWV9267NVV1EGE61663IGK7QZI67OHC87V00K4EYX1N5H9CXW4C9ERF','87G5Z4',-57,99,'ICWY','FEI02041JVABG2RB64018',-609727600,1830381949,'2007-03-09 13:07:48',3,'2010-11-19 08:47:14'),(1878669987,'','EO7P9U95V57Q5GK0B8MH1I3S73I95U90K9OB53F8','0R4AF796RP1R','JDXP6BZ73',-52,'JU333UTFKB1','Y1055354G45YI',87,87,'W348V8U7S6JC39UU6KA8UDMY7E25','7B51VD70651GY6HZF0669649B9L6872VMDNB1V2G8SO94Y2WAQC938K6UYMW7L88Q958DD11994J1I33',-1961476353,163516667,NULL,3614,'1981-02-14 01:29:39'),(1878669988,'C5V47','BZ4RCM947506WX43P3G2','44LF21Q22RD6JJI2D',NULL,-9,'YW4O7L03','J5QY48Y7V38B68996LD4R88I38B8Y3HSR087494Q0',-99,-109,'2C40L','3555914NFO834',-1863173047,517234109,'1970-01-01 00:03:30',1496758623,'1970-01-01 00:03:07'),(1878669989,'E71XO63DLKO2','O3','9DSU020M819H569MJ20AW56PKN251PA0008J9YD2J4UAG4L14848R6Z8GUC502C7BXI5','JL2962MOO73934GICS8PI0M37S1Q79Q6G067X56ZQ875B21E85',-99,'6','J7Q3N26GL630410Q',-118,-69,'0B0PWXN809Y8KX9Y9PGJ','',-1267667590,1830381946,'1984-11-24 10:49:01',880086978,'2015-10-07 21:17:32'),(1878669990,'KL6A53LX1I','IGPX2OHWX6R8I66I5PC7U7SGH6','58RHFW279566Q5','0M8J14PS07M7FOYA9V552P8S8AM52XMQTX37Z0R3J78EC0533S',88,'8','0YJCC647VDCZS6VQ1958V7DU3107P746TJ262IY36NG0GM91PUI3',43,-126,'N113856XOFLN86LX92365J8I0661H1','2OV3IN900HVMP6SP735',-744497522,378265033,'1970-01-01 00:01:08',1015078101,'1977-08-05 13:28:47'),(1878669991,'22WI9L4D0JUIIWSUK0O','QL054KSQ53TZW2',NULL,'Y930134',-82,'','46RB3U531915AJVW00EP9V2P6K9SLKWY4J8J1625ZBP67U58O99736G20',-111,-27,'MRP376175C9J370LA44','8ETP04F9843622V020A5J609O6XY19A76H47G56P2N',-1985834219,1228889550,'1970-01-01 00:00:32',1844830131,'1970-01-01 00:09:09'),(2093418346,'XV8YB5AUACQP7B9U0O4W5P66QWC96B94JIMLHTQRP378GF76Z','8E22WF96ON722D634010D258B1Q081S7SVN2P4U6LRKW715O31P546AV0DU62M52DDJ5RQOA','R0D0L9V01Q','7PKA311UR5O',-7,'K65','74JWHAT2E1N6N55K1M9U',-7,45,'072SC4875H8H1O30WI19N2','W50Q9SH2287',-7,1830381946,'2014-07-16 14:16:20',355,'1970-01-01 00:12:31'),(2093418347,'NX6V0V65VP7KKX57L47TL0X','6SAQ4140XOPE',NULL,NULL,1,'4MJ245BEKC9248RY7F7OYP24R33ZQ','TJ3089IF781V',-30,-1,'UM','8',8,1417490394,'1970-01-01 00:00:08',3602,'1970-01-01 00:00:09'),(2093418348,'44NTXBBIWIV9822R7G42OTFU311310E230P3KD028CRNQ1BM0SC19W','','41N0Z49','',-82,'','UM22G',16,18,'34XD59ZZ244','0Y7421F30HL606F90V289L6WET3',-613611178,517234107,'1970-01-01 02:31:08',476489699,NULL),(2093418349,'G86QI2KV4WP4DTN00ZSCJ9D802DJO28542X76GPB8','MHS2LOP','22R31R0I0940F93CIEL1W9768631597Q6W7YUQ6EY5VP06B3PI13XKHNWE31F025H673G8Z5OJ0D6D70UV633JXE8DN5P2IW32N3IHA6SD418C','HLVG5H5I17A2R3',45,'96AG27I550','47EFE5ABB7XJAJ5S2C7C6L6W5Z1OJ5',77,-115,'B6N3029314MT320UZ','Q3J82002185KM3EIA52H00H6',-2088239111,1830381949,'1980-07-21 11:44:38',305261232,'2012-02-03 15:24:36'),(2093418350,'6Z9XM','B1U5N1J5EO5Z6B3583303O30','','U8E5050R71R',76,'H5','MIXIU3S68C0X02X8B5F69D85YW4ZB718M688Z6WERQKE7HF2CNLO1D164JFJ87O9',120,106,'6ZMY938LMDIMZ84ZX9OW8SVWORQLAYS16C7KGM344X670S77426X3O4I5YTEAA63R8L8717EZ2839K2M6DK22','R568B0T6F57TI17026MFR9I1Q9H364ZYN549B0MQF5318K89X',-1080837683,1014141186,'1970-04-16 10:24:58',1346020745,'1989-08-13 00:23:29'),(2093418351,'ZQ0LXH4XGA22OL5','V66Z336M6QOE2USO0P71ED1R5E5LIAMO34O2BMLH','7JGY9JWLAVJO09B748HH2JFX25EC9PKBQ220','',-60,'L71CNE46T380','',21,85,'JN2','B1QF2OR54J617DGX58C5105T3COY61CR29CGER7P37U',-1430341880,1014141187,'1988-03-21 10:04:22',4,'2019-05-13 17:40:16'),(2093418352,'RNCJF699DI72XV6FX9','42E6E030P2E','','',-54,'EN04MOYC197IN2RQ5H27Y95456F658666K8L9E4H8XSV062HL56MO6I5SPITC91I1','',-5,-57,'XJ9PL5M569IKWQBQJU9CE75908C73R6P','A2Z2PIDY484U1F2ASWL28R2N6UFW',-388913417,1417490393,'2006-01-20 06:15:32',5,'1970-01-01 00:13:23'),(2147483647,'W0M3R3FY542N9F4463826CJ0F0R192UPK6NDWYNW1CM310WU4429ZP4R','72F8N','28O3P4WYY8','611NL7DHICNOVDK9N6XWH61M0047H2V0K5I784O32',62,'6944X2M6P1918','KVF9O5R9K87N',84,38,'45ONSXA','00G50N5LD8R52C32N3Q3194S2T3PM6R46T56452VG613R074123EA7X7LJ0T0I7130NXC0REKBPUHTOEI6Z3O9L',-906223012,1228889551,'2016-10-18 09:11:56',1245075047,'1994-07-03 23:37:55');
/*!40000 ALTER TABLE `cb_document` ENABLE KEYS */;
UNLOCK TABLES;

--
-- Dumping data for table `cb_editor_image`
--

LOCK TABLES `cb_editor_image` WRITE;
/*!40000 ALTER TABLE `cb_editor_image` DISABLE KEYS */;
INSERT INTO `cb_editor_image` VALUES (41942654,378265031,'KP604DHS2864S06XVYX00N45O42E255E9JEAG8B755SWXG0X','MJZEX1Z62XM6F229R2F',-386123920,5,8140656,'','1970-01-01 00:00:06','DT7B7N198Q019Z31V3D796TS'),(41942655,1417490393,'2QO672QW21O9UG0K5OXPY7KW1EOX2JQG70B5','8P7D35NK08',-88,-19,-88,'N5','1970-01-01 00:00:54','227D698ROCWBYSQL1QZV44X6NS746J7'),(41942656,517234108,'N856T8OA3JNO','8Q6UC',-5,-1387581,-5,'BR','2011-12-06 20:35:14','X38Q1OIO1'),(41942657,1830381948,'ZI9297L','707I1L4932B92HNES9UE7J8267CF62ILDT9Q75E88KKVET457R8WWM3SU4AARD1C2Q1SJPTDRHR22UB9E8RWN7I7500PB115O0P1HQNMBUZO4261GQC91V8P1TN18Z61CVL3Z1N8543TGWU8JF6C55HC2JH1ZIU7DTP95B',-260,4519570,-260,'KO','2010-10-30 15:31:00','699CQGKF719KI594N63I9QDXDL57XHL'),(41942658,731982476,'TBJ4IIC51KQVB2FM6C6S67PC5VT849X1Y7T6V6I90Q43GF51','VO44CC478VS686',3,2992612,3,'3U5626QFNX','1991-01-22 04:30:12','169F7O653Q7O3N'),(256691020,1830381944,'1V3LG','4ZIN',-61,7086767,-61,'1','1970-01-01 00:00:08','LRD1P'),(256691021,163516668,'9E98G1Y','81T3PW',-482320525,-84266,-4169869,'','1997-04-27 04:12:11','6V5IQZ945FSHU83OB7843Y1V'),(256691022,731982475,'71D6168V4DQ3QGW89L6H43Q4P0V6L8','44P5Z6Z',-651,13,-651,'92O4','1970-01-01 00:01:15','PO3K5UL6E7U205M0430'),(256691023,2045130310,'UVO33S10UJUS9CG7YF2Y31S7Y3T963SN5BKW5W22H620145B0Y210A51M6O03RMR','R',-137706269,-960607,4900067,'6P9DZ35','1990-06-27 06:21:58','YFC'),(539026453,1417490392,'0TS8A12FQVN6426505','XJ2J7G7ZB8WROR64Z1D3R807QW013CBWI3',25,-6394593,25,'621B1','1970-01-01 00:00:02','7XY9831FQ986921LN3TC4'),(539026454,378265032,'59NNT6SW6WD2A0TB7HA7227X','04T5ATL5208',2843,76,2843,'955','1985-07-04 12:40:48','CW45R7U029ZKG44'),(539026455,517234107,'OC307YSFB889L91EB4','M0X58Y11OMV9308DXJ3GYJIKFP7Q05D599LG6M343F1LKEAT7OJ8CUDY323LMNNY8RN3SQT6ER07WX7KVT2E4IKY3272286WS',-651,79,-651,'86','1970-01-01 00:00:08','C6IG'),(539026456,378265033,'W5314Z3CM4KAV9YG69FRVQDRNGL1','KT88BRY960M01ZK7C7IOXK939MU582DA7K1266YUE1F1',-564023410,-276,-1986674,'ON2II6','2014-02-10 06:41:01',''),(753774819,378265030,'0VHQ6T31M4A','',-37,-6243129,-37,'E69H','2011-07-25 03:18:37','25R4TIL30Y311F4K0RM5PZ40E4H8J29QXE8L79'),(753774820,1228889551,'856YLQ4EO603P6XN8','VH006580AL771I397V3JTI7',-4929,927,-4929,'','1970-01-01 00:01:33','59894Z9L10DG45T6QRP41XJ2MPU8J4OD91187Y05P42G'),(753774821,1417490394,'Q','',-831516420,7708396,-1044228,'49S','1981-02-10 06:07:59',''),(753774822,1830381947,'1ZUZX346IJ3HNYZT48XUP2CR97O1RBH90J65D05Y4564MZ1G47541KZ2KK','A64',-29928952,3723678,-4763128,'928N2T8296','1970-01-01 00:03:16','JO8R33K60T2P7890'),(865000928,1014141184,'7U966051DQV0Q06LVN3158G1TO658546GX9997S43Z6068S9Q2A902IK4O8IRI2','X9QQ7X339KK42M9345D5W1R7J21993S3D09V07V24DTGYMP34IX13Y2VIFZ888HZ',-148748431,4043258,-6142095,'','2000-03-01 11:07:49','4267M3K6W81V3EVFLPR4HO745YTF1K3Y7SF4F882T0'),(865000929,163516667,'93A4','Z5KJ9K8E8M9Y3506ASA7SMO5R6MLT760W9U4K0DT247',-1905785879,-1632928,-1571863,'86','1970-01-01 00:00:19','6AF7J'),(865000930,2045130309,'','PA8ES43GJ1L7MI4T296426X2X5YL17859TQ156LUR7UXGWE2N522CHZLV071C232M004UZPVXNF',-1747720605,1797919,5498467,'NG16KBU',NULL,''),(865000931,1014141187,'9ZE4','CXHF32',-309642081,-4424842,736415,'','1982-08-15 19:59:08','3931O826Z94LSCDU2CU53'),(865000932,1830381949,'','8O4MUNM47I3L664D50GBN0NPPU996ERXQ86FG6R05STXAJ7',6768,-3802366,6768,'51',NULL,'E93'),(1079749293,731982471,'PC8CCZF7EMB5M0697HO3QTQ82K11Y8UK0375LZ28GJ98RV0J15MC6X0JK349COHLBE14B94NHYTIBB5','6HNW4MX3U9R26J6LFR0Q83P1WIRF916BJR155S3PR8A58S6XG2OY2475Q3OC7LV6C9CT9839Z8T8Y6G0HL3I',121,-7564853,121,'0','1970-01-01 00:00:08','K'),(1079749294,1228889550,'37609OGVOAB5BNN3M2A468R8P9G928S01434K16GBM9PNGZG788GZO9386EB8V86657MZI279WSES4TO30753301SJ2TKU4P','4XMR372X3AW6NM5PY90WN8BN15D26HT',-8483,-843,-8483,'IZUC','1975-03-20 05:21:18','E3U343967OOWX06W589B4J17T'),(1079749295,1228889552,'UD8I23ZS39ICK390K0E1U13C','61HO8UZN1XVWB39V7O8MR00V898529WL42NJ08FAO54WJMJ0IW24I80404702N126S3TLX47920TFC3547',-1,-800028,-1,'','1980-01-19 04:39:47','E5JEY68EC570V8HUA71863N11EH4L680QR0M22C5024284XF'),(1079749296,517234110,'X52','D3C0Q9',-941645657,-5170639,6267047,'00','1994-05-29 10:18:55','27140OSD25R6M6JNSM7L85CX61B54RF8AW00N'),(1079749297,1417490395,'I2BK6PTM6','057X29K40T2F92811WZ6M8I1J21W6',-986167362,-1179941,-4700226,'PO','1995-12-08 18:44:52','4D211PUCL207YZ7QIY0MKXGET9WY51JUV1R54R99WSSB3Q8V8P'),(1346766705,163516665,'HWA0E0O6Q945H118818K9UYL0GGDL8T0JOTSCKC900FH81','1080',-1750532650,2194733,2686422,'WP977LC','1992-01-08 06:48:22','0AD8956UGIVNE6P'),(1346766706,1014141185,'YE','V74RCP3OF48523YAKC6LXD21L3K5J660W8MCLY',49,-588631,49,'792','1970-01-01 00:46:01','ODUV122BQCJS46GC201NBD1158E5DX7HE39L4ZYH22H'),(1346766707,1830381945,'5','XEIR25X',-2106316102,-4172208,-775494,'','1997-08-05 14:38:16',''),(1346766708,1830381946,'6C66X7C62U9ZU2XT5O7JPQ31I7744LZB5','7O5539U08ET2P7A9QF2VNKM76CRN735DXD838MX0LP747Q178M910R974VLV6R58TF34ZOJ5AVR409U3T236MZ1Z5NA9AV2IJG4',-1993712911,7513532,-5612815,'71B1W4','2010-06-01 12:27:27','1O5BG50KGLXV4DL'),(1346766709,2045130308,'23BVTQB201ZW3Q0KN6D89965W4RXJ3H','23CJ9O1K5T9TFF2LXX2DK',-922213240,531,-7854968,'H0P24Q1256','1970-01-01 00:11:12','5SYGJ6LI28I35DIQ3'),(1346766710,163516669,'0YK5N0YC3FN4649GKXES8','65L333',-324792029,-67,2363683,'5MQM','1976-10-02 09:18:50','X145397F7'),(1346766711,2045130311,'420UYVGV23ZSG647KR9P50N4QWS8','860E7MC',-1286464125,-5556238,-3007101,'032F5','2009-06-16 02:45:35','PJ6A1SLR8'),(1561515071,517234106,'J5J7592','139I9YLC1Z7M95H8K7',-1263147376,7422,3532432,'7R','1970-01-01 00:55:15','HP6WH'),(1561515072,731982472,'EL29U1F74522HR1D0P16OU604L4GYR663','L3GW2DL0O5LK8U18TO6D10262JH396T3QHS0L362I4CLYIUEQ4Y9D',-489967923,6838821,4959949,'SE','1975-04-29 21:03:33','0788PA391373KM33F3JO79ZU8'),(1561515073,2045130307,'Z7TLK1X01F86FVFB9ZP5DZX2HYV','C52E32N',-701204059,-3314,-4949595,'OR56','1994-04-16 07:46:40','4I5R0A8'),(1561515074,378265034,'M2MSSKEM9F290T28293P','',-956747922,331197,7941998,'HF','1974-05-15 03:55:03','WXOCD3300EAX95AXE05659'),(1561515075,731982474,'N61YOT2H3Q11QPK125YO7','J6HWOJ7978G3A9',-783077625,-7390177,-2937081,'3P','1970-01-01 02:20:34','RYY'),(1561515076,517234111,'J8XS6650O23RS310M403JZ0P323AJW4219X714LR9YFE717077V9N821Z7HUF4B2','',-976830790,3302234,4636346,'5W','1992-10-25 08:17:43','QDY0NB3Z9Y2P'),(1761644611,2045130305,'PZ48K4SXU4S9I9C446I04UE59WV3Q87H86MA16RZ328QE49','',-444017744,189,578480,'B97CYOB','2010-08-13 09:06:43','60G0J3EQJBLJ8IIPQUS1BL0R'),(1761644612,163516666,'55162YOAWP2A97EVG71F5AA6Z9X24XV4RX','445EMI1Y0I739U',-674477561,4535917,4999687,'V','2012-11-05 09:00:40','W34KB9F96665GY1W6RRG41V2I4KS7IFYYS'),(1761644613,1014141186,'O91E1FXOP81Q72D3','C452T88J36OQ80C44S70MNABSKPZLU33H0A91TB7JEV4D46D0',-984985869,-7629658,-3518733,'AKN','2018-12-27 04:26:11','J7A0'),(1761644614,1632238760,'M5IO691','IXJI2Y6WKZC4A406O7939F57PZ975669B08JR4Q83CSCLHVE295DC',-1182883172,79,-89444,'9','1971-02-08 18:11:11','E2W'),(1761644615,517234109,'K2N9A9B5ZFL3J2','',-210470982,-3228884,-755782,'S4','1996-09-21 12:30:47','137K4N019R6M791W15TYS5GFVBYN9E3B4870V92I6TK0QBSBW7'),(1976392973,1632238758,'168X96AQXI884H06Y7HD7E56J0R6B','8H10R3E9214KXH61WJ1',1675,-9,1675,'U','1974-09-07 06:01:24','0P3W157A'),(1976392974,2045130306,'C','4N585',55,174221,55,'H','2005-01-27 01:39:33','43M'),(1976392975,1632238759,'H8','Z5MCU2RVC19382867RPZX389GML256',-1859305373,-6079872,-5423005,'2L26JRMRB4','1989-03-27 09:33:38',''),(1976392976,731982473,'8Z6849ABF999Z647B1624J3280L292844XSQFE09N','E23W7193611',-354967441,1499456,5742703,'4','1988-01-08 14:33:08','YOQM681751OIGEOX8Z55Y10'),(2147483647,2147483647,'OG0R0N','1N71CZ7N6IQ5J2XH15644',-1737039801,-1590752,-597945,'2KBM3Z4B19','1988-04-14 12:44:17','7A37F4B60R');
/*!40000 ALTER TABLE `cb_editor_image` ENABLE KEYS */;
UNLOCK TABLES;

--
-- Dumping data for table `cb_faq`
--

LOCK TABLES `cb_faq` WRITE;
/*!40000 ALTER TABLE `cb_faq` DISABLE KEYS */;
INSERT INTO `cb_faq` VALUES (2564,944775435,'','712LY2Q4384GO6S635N',NULL,-51,-597146832,'2011-09-29 02:17:38','XM9Z1A6',731982473),(2565,820910529,NULL,NULL,'2J3E6XRS69N55Q5',41,-2013086095,NULL,'9YN42K98YIR74QK7P71552X',2045130309),(2566,1802831253,'','K26ACC0443XV4N111N20','',99,-1800908812,'2017-07-30 23:14:32','Y9PS1A8J2',517234106),(2567,944775437,'S7PWWLU',NULL,'32EW21U8I703187332BP66R9MB4242A1FCFRFPL3F5F04O6XD27T379HF3LM611W8FU0T6V',-77,6022,'1975-10-27 18:36:15','763E267WV436S798',731982475),(214750930,753,'N28S1LX09QZBBS1J8','2353ETH419P9AAT1GB463954E473AVBY8','O06P86Z3B1H3T5S0I5S31YS46M00XGF13600IP0P8YH82JSL483S61U',-44,-1383246115,'1994-07-12 13:16:15','4HJD3621C41989BD451F21TZI937H',1830381948),(214750931,1676493993,'','3HS7ZJJT5164C','E2N307R4W3G83O2GL',-19,-1673192472,'1986-09-01 06:30:58','97AY1931X0H8Y967NINMJKW1LK7GDK04',163516669),(214750932,1159523802,NULL,'V71T9BHL03O','GMH4S10RQ6N5KVKWT56JKMMN4CRP18SG',125,-260264550,NULL,'V',731982474),(214750933,1461745629,'','XE66',NULL,-56,-1237908138,'1970-01-01 00:00:50','9E6NR02',1228889552),(609985206,606162162,'',NULL,'DF684A6HNV2V34WB7CAFJEB',60,-969128213,'2017-07-13 13:13:21','EC9Q36I3X54',2045130305),(609985207,2017579613,'404','5GXYF7LEYGZ0JCU7L7PA0998WEPFHA08S102B846SW8ACPE',NULL,-99,-1927490466,'1984-11-28 14:05:08','365',731982474),(609985208,1461745628,'ILAD5OI8F85WE20VP892A9N6520UC','069J5BCOIHYK1AVZ5QO49I405Z02K46','26IVVE31GTND9EZQ1D2',43,-107920031,'2015-06-12 13:44:53','P3G7F41KDU02B7U3725HH2F',378265032),(609985209,944775436,'67E06301E6X4',NULL,'Z884A5W93D5ZZ7J602565A8ED347J60ETUC94UX18299',55,-1828962065,'1976-01-17 09:32:43','2ICMB8RP0E52Y8BGO4H02GZF20BGG9ZV451',163516666),(609985210,944775439,'ETBJLKO077657A6J52I0','','4',-93,-17736126,'1999-10-17 08:18:05','87K5PC8972731',378265030),(824733571,820910527,'066585022F1V7OG04BZ9X9398C','3U9184L032DD392MEAZ17XP7K','286',-76,-140383160,'1970-01-01 00:00:44','2ZRQ76S',378265033),(824733572,214749118,'R81BIE0GLA271ZEN5WFV4XAP895CQS4742AY85608SC9710D3','X543MQ00850FZX21TI4V3LIUWY',NULL,-36,-85,'1994-04-26 22:15:19','',1830381944),(824733573,606162164,NULL,'88KK1SF26R084912395936389T0G46DJ39X9UGN33746',NULL,31,-1695630524,'1985-03-23 05:24:39','OP6P12C235582C486JS8WUH7',1417490395),(824733574,214749119,'8413T00N907642296SVBULOIKBYMF0F126FE9EZNZXI4DR00CP400MT23MF048AQFXZX47UV5S02FL641',NULL,'S',-30,-1377108941,'1982-08-06 21:04:35','472M095729754P9U881276PD84MT5T94',2045130306),(824733575,820910530,'','1FP','',-79,-1410193663,'1970-01-01 00:14:58','J4D9P4O996FA5407',517234110),(824733576,2017579615,NULL,NULL,NULL,4,-1091506242,'1970-01-01 00:01:53','D97N',1830381945),(864355538,1802831250,'5693Z7809T2H4D3YX1YH345','61R','33G025P65ZZZ2',-30,-934018554,'1970-01-01 00:44:41','LY849RO0328996N42R0A9D4E3Z60G72TU1L5Z21242NHB595K2',731982473),(864355539,1802831251,'','1U2','069KN8ZSOD6Y2HD',-25,-2089142501,'2016-05-05 10:06:16','690R172ZWH27YR46671RX3A3V01218QSJGC7423L6I3YQG6370',1830381947),(864355540,2147483647,'YQU0B21HH12MP38J8QUD9G2NMDQ02A9R29CDLKIJKE39QHC3815E96UI2ON874F313J7F51ZR5M4HS','','288M8BPF7L',-32,-764,'2002-11-13 12:18:35','TDGN9493SPY9',2045130305),(864355541,214749120,'','6K983IL','WW087VV4IVB263MGF84H9H90MI0',8,-5,'1970-01-01 00:01:23','RE94T5008N1Q2P1T4IY9O9',517234109),(864355542,606162166,NULL,'0X9T340MHT4ZX23Y310517WMTD57MC663DVK30J84LRT3WB9M97QCOE7H0NW','MEC759RF7667U',-62,4430,NULL,'5G2UTI6717169N1Q22F97V455329O',163516669),(864355543,944775440,'0M355GM104','','',51,-94767524,'2016-05-09 15:31:48','T',2045130308),(864355544,820910532,NULL,'SQF7ZCYBZL','G56Q3L1Q0',45,-183853196,NULL,'M51J7O4RD6ZOUQ097JY',163516669),(864355545,1802831254,'86X433N50587505139400GZLO5J1KZ4YZ7U9424LN7H6SN3W7625X','97','',47,-125512049,'1989-02-07 00:29:54','K361I',2045130305),(1079103904,752,'T0C6BU491NG3IJR405TCE9Y5K38H2E5Q6P317XVZX1H8','','750CE91OD4148C25DR470QOELK1',80,-122288845,'2005-10-08 07:00:51','I8A6QA40KUX121KQ2J64Y',2045130305),(1079103905,1159523801,'I90F7YG2G7PL9L6K6GAPX6TS4U49P3JM3PQ5X','JNPY','C739',-19,-1062951898,'1985-06-12 01:00:08','V2T8968SY97QU3SH8GGU3',1228889550),(1079103906,1159523803,'LA9X1',NULL,'9S',79,-633,'1993-04-25 05:38:34','J2VCT051D8W632JM5TGS65705GFYNQ4NO6WWAS6BC5GV98TX8B',378265033),(1079103907,1676493995,NULL,'897JA','1BX74NPMBH4U6JEMT4V0480QNF098WEAXW33T9O60F0M3BB9ZV36IO2X',50,8116,'1970-01-01 00:13:44','XTW51L61LZ885A2W',731982473),(1079103908,1159523805,'Y0FLX5ER13599','512BAH8RD45ZKB3W60R7L9296XRX748','80V4KY82242V6Z1776DA1OAIA89KU83KW4BAY5Q226PX8GR06DE46I4NPN7P3EH999IW63I43QQ68CSV2LR8Q91Q7H7JLZ8',18,-938,'1980-08-06 06:48:52','62L2RZX47QNCTL6VWV',731982474),(1079103909,1461745630,NULL,'03M777','',-5,-1174638094,'2019-03-20 20:24:46','18UP3Z',378265031),(1079103910,1159523806,'8HBVW39M5L0VE9Q2A22VAJZZ9O',NULL,'Q12424678KY2SKZK7O44S51K879MTQTDQ7Y3A830MG311DC933GT8KC3G6TE',12,-1402901684,'1970-01-01 00:42:45','D6N4Q6688FN011776G9IMQ20HOR73X1X',1830381946),(1452650288,1802831249,NULL,'LCLCEDY55BYV5DE9',NULL,-85,-5221,NULL,'88YZM69L4NW56LN437737WC9NR41960NR4C2O35P61XMM3628P',163516668),(1452650289,2017579614,'FEPX9ZJ1Z4WC732C4ODV5','8M71U0AW0WI8U00JWKD51L750RM2211UC','2YK50W3B1O3576LT197V',122,-4,'1980-12-26 01:22:29','083146',1417490393),(1452650290,1159523804,'2593WE2GM4BIJ1QC4D981N23HT','KJ3UP55AYGLM367AU2J27DVK09IUH0YJRMG9','ZHVY998P04V3Q19HD4K3E1ZYQ8S93',124,-327530038,NULL,'BN3K0091N',1014141186),(1667398654,2017579611,'D6P38SQ9VDGG659J13YSQH45Z81J5R396I74I8UF1T3XJ3I354E3G80MNH71ED5K8536Z3NYL197FQ17V0A0RW18HI2','OE7DW06LY91U93LA89P','',-38,-1628809645,'1983-04-07 20:35:53','16K189M33J1B41BP15K9847052UR8ZB10I1KFQ7HYUW31G98H9',1830381949),(1667398655,754,'GP2663TGZD828070R9LX27S3Z4BOZTE2MJ','',NULL,121,-1199896977,'2002-07-16 03:17:26','310KYH94X',378265033),(1667398656,944775441,'F0PLKKW53D1YS1IPEYC0AZQR39512E53Z','67P1490E93L2B0V23TO','JY7FZ8O2',82,-1646003101,'1994-12-22 15:32:31','8R87URGF9BWLB4',2045130307),(1836792065,606162161,'92B1X5DZ986L5B',NULL,'',-108,-3,'1975-09-06 20:16:34','VI04T8627X88UX086EZ6CP15',1014141187),(1836792066,1461745627,'183AS1T586184NCO9P3183','56YP6','LF7A062656540F26PP25437NBD0RD3S17',16,-2091,'1970-01-01 00:19:22','0S288',517234108),(1836792067,1802831252,'F2NH095I3Z8UT96RY37QRWS6187PV',NULL,'',-117,226,'2012-06-25 06:03:23','',1830381945),(1836792068,606162165,'QUB6BGLQ22Y3MX753BO85056Z10N14','','GB20',-77,-662765384,'2005-07-17 15:30:48','1DKC83NFP',1830381945),(1836792069,820910531,NULL,'78D409Z',NULL,-29,-105,'1973-03-09 18:08:42','30AUEST0E3RM',378265031),(2051540427,820910528,'TCD3PY2N574017Z4P8PZ0M444YF433V','TD95O96',NULL,-8,-359036070,'1970-01-01 00:31:23','56L',1632238758),(2051540428,606162163,'','','',7,-1782603959,'1992-10-07 22:09:12','2YQOCTJU47B9N61VK6Y',731982473),(2051540429,1676493994,'90Y29ANNMW8','PUWA033TB95Z4O6XR1148DHOQ2VPBFK446JBAP3PQ4N315Z6OM2AYXB9F90BM5F0H','DTJ3801A9LEJ5676E5SQ48UC321831R34NB361EKEY9UW06PA',18,-1898355891,'2000-02-23 06:55:43','982CS7T70T',378265032),(2051540430,944775438,'FB6Y2807G4LP516H8043UL3C098E8P26H6P5N76HP48NW6NN08GQ','A0K93P821J','M23XT076XK6LY110B1K89YTEXLOST2XMO5JY08392',119,-67,'2016-09-19 13:16:13','29QFOWSU64F1',731982473),(2147483647,2017579612,'','WIY8RD3P732DB3ZFT383W63','',122,-224543159,'2018-02-09 22:31:03','71FUJK',378265033);
/*!40000 ALTER TABLE `cb_faq` ENABLE KEYS */;
UNLOCK TABLES;

--
-- Dumping data for table `cb_faq_group`
--

LOCK TABLES `cb_faq_group` WRITE;
/*!40000 ALTER TABLE `cb_faq_group` DISABLE KEYS */;
INSERT INTO `cb_faq_group` VALUES (752,'0SVC61U8CO2B6B0HP47J51FUV22XA3A2S331HIP4DR858K15BADU01ZP7M0MXI','','XUP45B12NK0F0','93',-105,-110,'PJS0M24744Q63UDWD8Q08UP','OQP02I01','1997-12-06 20:15:51','P',1842545426),(753,'UC8VZ2U','9PXZ4H87JA2FC983Q4680MQ5SPIB60CYY9HYC95R0O10ZS','LBVC93TX3THT6T27VMWY3ZW861NMB','48T7HD894EZ10072WQ7F3R9WBH41V3RFZ49TJ3IWUKY4W88258FZ8V947104KN0L6614474LF8KK2D0J3K',-85,-51,'7Q6I59VB5KCI0201B09R16XV603YH576','W4KPUH662CQ2','1978-09-26 20:22:01','897OEZV67557VH1BHIL11YVDQQD0L3',92167044),(754,'51402010K404Z3B0QH3K4YEK35SI251ARRP819578ZQJ4R','82CE091QQUBV226632M850074YBWF40D','2W3CXSDXCD633L25IFRHH91O888UJMAY4ZQS021L4R2T514I92680DHYROS6763H5CF80HKH49X7XZZ8EZBNKXXXZ9HAYW1A9UC34J41E5LB2','N29VGY6M5QGP8FGT4',9,46,'F47XOT48085Q78BI8D6YM','RE9A1Q7ZN','1970-01-01 00:00:22','RSX58HK5PGJ703NO1',953956580),(214749118,'PQCBX25TN5T3O31YD3LPAJJMIM2GM','VRU129P80BFH713XI2M3281YA3O6V9L6U','DGUS67KZC1GVB1593521ZGJUVXA2U','O8032FXT10',3,54,'XDNJ278Q3VMEZ3N68Z4','96QD5Q8XQNYW18A934765D3KACOBWSZ2BBXOL8OJ7B6974XB93O3','1970-01-01 02:08:26','HL83P2Y1NSNPZ',59),(214749119,'UC91NAKHU20W6PTM80O42NN0HI6LL1R4YVNV13423S534539T7X73VTQ1Q7JNPI9Y15W84X9H5L9H2938GA','26L9Y61U4RB7AX976KU8H13BWXPWJ3N','160W1249','8WUOOQ59G0A5NQBJN792G7Y578S73FA85L41T335KPOMT2XJG8J3UM2PVXC7668X37O7LA668CWM27R0KBBQ8E2JFW2A8R48P4707GT5HUR8',-9,9,'8AP39I8S117J','L','1970-02-21 08:00:20','EQPTH98J1A2Y',1273260651),(214749120,'338M0G2LE64L9D8H92Q2S6F6EOEC1P0FH812I6T99H1OMQI0NFL6QYM','5JFS5X65K0147YGQQ2HMSYQT96JYV4','A015Z15FW9A2W0R68UFB24SMNU55BI4YDK9XCC9C3G0G','Q2T5YJ3Z65P9O7DV671238R5',-56,90,'I7V7I7L42P6NY6Q6301','O2CNDR72J4A89OK1G0J','2002-12-29 03:57:59','3QTAROADBV8',2111217866),(606162161,'X4OPM5505UMAG8A52941','JZ28377N','111V7Y5D631','3',-13,67,'I07X3ECKW54YHAO14S6EU8ZVAAL9AK2','2','1977-11-11 18:54:10','W6FT9',1965452995),(606162162,'M2L7SMOZEO8707HL3W7','6','7SNE83362QMQ10UVU023HF3O685DECYDNUPT0Y1DKMB04K6P89QWHJGVQ13WIC98YW96K01X','M9O7T665',-85,26,'J4O','','1970-01-01 00:16:44','CVPEK183Q8N43I51SWF28I86GNG1Y5N00D8Y24V6Z1XLP8',2106670746),(606162163,'3849OD2Z32XF2HV','','0','F8RGJ321OC99VU0W9293JK27',-128,-47,'460N90Q60E3419TJ6ZH28KLUKHMR5RA422EQX013C4Z9XPVE7RWLGAUB455W0','998399HT82O63KF83EK15C18JN8O96907IOB2076CU4286','1978-12-28 23:09:36','26I4Q',7431),(606162164,'','TCI1LX18A','2','27GST',-52,124,'IGS169SMVKLW2S89H','4N',NULL,'',2123794041),(606162165,'8D545N0TP231769F687FE5D0O4LPQ461EO','','04875B5ZJ02P1MEDWX34E2737LL2','2NT3BP30L52WOI571YY89D3ROGOHNK9K53B0V',35,-10,'420O11PHI911NDQ442F7Y','0TUI2JIAMDS945UO65M1QAC6WABW','1970-01-01 00:36:21','',199621310),(606162166,'','','24F22','3IB8LGMLSH51PCX',125,-126,'06OE9L8FAS3837MH3119F4X3','',NULL,'5487I32',70),(820910527,'6WEI8THG1YH36WO194X1VX8U5X3P','KBH9320D4DQSE','YB','QWHB84Y7',-6,20,'0OV732Y','','1970-01-01 00:10:45','FKQ50L7223JCWY9KC021E2ID7LGSC62FLH11NSQI314W28A064',1655621268),(820910528,'J0X43IYH78VH58B3RCHL4GJ53IZJ28HD4U','813LY1X0XME770226D530642GA4O8M08Y35XW0873Y96GLO4A47OD1464NU269US','G1978UT52PF3Y09V91Q','XO1K9670S616JBB16V84J',86,-66,'8ZWF7192K0RGT','','1973-12-05 14:14:07','Z9A4K02376054CC',34708286),(820910529,'5586SP311799R38URXX1','2OJ46ET4223X5ET977B74QG7070064REVA43R1MB8L985IN6JV','1511','376OZM8',-124,115,'7U116KSEVL4O6482O45VMK558','M0','1982-10-02 17:32:40','NO8D3Q9YXF5FQP2271G',1436164372),(820910530,'6IBERDW94PK918NN8KH381JGKM5H10Z2N5NP80SHT94AV8','','QUM5LUS4EK3L5Z','',53,31,'PTRT74M45NOSG86L89K9E07266345O3R33','MWN61Y565O87413Y82P','1970-01-01 00:01:09','34B03K37Z0749NME5D3RQE87',953664496),(820910531,'83AK63GYD5230QER7N4I','ED5031N86077TJ59PKR6DG4SW47ZD43982BFRVN','975R00PP3JEMU6RS5AOARNP','2J39',120,-62,'05E99V3','','2002-03-02 00:18:39','05V7LSD260LRZML3413H8D0QYZ297CPW',517440986),(820910532,'33351NS3CJ22DT0M3J8178LFZN7Z15FMM8LO87J7644O92','TD689E2G85SU8YAF27YL','9Z92C48YI94GR5Q7ZORJQGKF2X443V4P5MZJ7I8E7RGQ44Q3X30K5N','NGN2X774C445',-105,-128,'73VQ20KHD7G','12JCK471K5574UEG07GPZS51Y6H95LXO8F2QIVK51C2O0','1988-12-03 11:24:31','440J8600C7AW',719061553),(944775435,'Z3T90P1C7Y5EM4492DS0I813W232RR70QC01X2XLQ0BQQF9UMQDF27X2JX','8Y0D47FM1O9I9T50E2X3D78J','','9DS',-21,110,'GVR5RH0291QL12V09','WE48YF168943N79DEL7JM8AOO61QOJ2N6O727XPF4A8YU86R5Y3E77DR16M042T1QZNXS684DR3H2L8Z6VX8W002B5DJ8R','2016-02-20 11:16:36','CLAQ87J80XO67X7HYWP33F99KSEEVEYHC9T81S0JYR8Z865N70',2080676334),(944775436,'CDB0C16HPYQ59875C2FBJC45YRU6MXG66VG3M2ZAS0359QG22T','7AJ1178HX4BWL8YT7T0KG627BFTP1HVJ1037UXE','7Y36G52253L277HI4I7J1508AU5X56DE8IV9T1I10KOR40RO0I6KWI2QN93Y86Z779E2FJ37','6431ESJMZ061',-14,-117,'PR875IIF40Z7SPN9U1518Y','19LNVV2','1973-10-12 19:47:02','6N7RDJ8IDZA039P3G41V0CC40',5),(944775437,'','VZ','1O52126WZZ8J3W4UI9XZOW00Q6F756G45RSF','UA7SZ',-102,-5,'00K','5K76MU6CD',NULL,'BGRM08VOT3ZO8WGACZ22S7U9OY9R0',1651451170),(944775438,'7K26XAOD6S3EF8ZM0XGQJ2KP4J5434U8856WZB0J6I6SS688J7T114V131','52OV9WHUEA0910670W0ELU551K8NK1U1184DRT437PN','','2U5255C67PQM4',22,74,'EP0T0F4TFHT62I0A7I','CW','1977-11-27 05:41:04','RGDZ8689G94GE0WF',1130003318),(944775439,'2XHW115ZC42969NTN2UDU09X26IB','8AK4T45GIAC0VJM','4R68','356',-55,-14,'4YT7S3IQSP75','J1I6MK5B4953L4835NW56WV06Z61HFWAPS4O99I98X7V','2007-06-10 11:25:45','UI39',1945863080),(944775440,'MJ46XAPX6P8M0UTFA','28MZD476T96BJ8P496617ON','IQ3XFI92T8NHK','67MDD6607K6WU02JCUQL6243D9N79RRSUN1M450NCA119',31,-13,'492JHF92311384L6F73M1QJAN20V4R70920S7','5B','2010-07-28 11:14:51','TAS4K3U8X6',320635956),(944775441,'O','','XB80MZ','LYV6R',-97,81,'99IW0YJ3Z7133W6U28L1SDIGG1M','198E6919','1986-05-16 19:52:05','Y6P2D6IE7R',2031111174),(1159523801,'D','','F68620009G90I41B9915JT1','J3V0541',43,-4,'HX17RPSER4V8245XDRB11646O15SZQ','3QCDX599Y6Q2C2915Y64H9XJN49ZA6RCT1','2015-12-17 05:12:07','J2GIR6S3DHA',514899482),(1159523802,'','5BQ5H5R','C9A','6827IA5BXK0C7',-12,112,'8965183908GATW2ZQR28NOWSSZI8QHHFA4S76AOGT6CP42303FO42P45C3HLR6D3IBLU8SAH063CF9E','5107TQS2GW52SPSM70H8D86V2A0L6WA3NQ65QJND6VB7Q1YV2712B9HW20A1WVQ1K4ZT7',NULL,'CSE5G746O2X3N0W6PN27',1389122478),(1159523803,'ZZ4O0G6R8GHQ4Z','E8WG8VIMED51RA666X5260R','','',14,56,'4BO749R8B14276LA4846W11CR2XA','3I7L5969TR4N0Q9S8ELEUP67M7','1974-10-01 00:29:18','N',549),(1159523804,'U3LSY','4QVPUGA8','O32M711','5I18L207R23K5W7F',78,40,'','3W','1988-03-26 10:51:44','A8A633D8A9Y2N2',733050793),(1159523805,'972GWD1I171D6Z3UR6U49LJOXEKA949KM2C0MLNP40A134','S80RFG669JTE','BZW72VP1E2JE3L95OE','UL6Z6PJ05Y4',-72,72,'47W6JP93YR4OBFF56','SNSEIBQEWFR9U18RGNC1007T84NK9FXER48','2010-02-14 00:54:24','AE4LC14Q',1829663971),(1159523806,'4S28QW9O472U9D8572UDZA1KNC657YS132G','9RI320318','KQ1L69GZ5H58KLUK37T388','PZDUA48F3SVV5AM8MZEQVDLQD3BD96GLP46337Z9U9LRXCB834250LR60MB819T25Y5Z1ZH520S08EX46OZUHIZC1FMVC',23,86,'77Y1Y3V5658631L5612SEOZ','CP5L8GO7X19K1346E50EK00G41','2016-04-23 04:18:30','',117017484),(1461745627,'9S4TWLBEN639ME9O1S','5A2VH54CMIZTS8P3107OT4M1M822G650F26MDS90B7','0D6CZGNX8RB5SZ9873QWNCO1W527J5T53L19PFC85S0','PEIZZ021Z22IGYJS6Q7HG47730TV598F920C0Z4D74W93',-88,6,'ZH2NN371224U70I1P36927406O259C20VY0P8J9E8QD6B3AITHP','O0EA33IGA59Q90L2M8PU09XAP84QOS6469NUUO1E3EPIHVT2RYK0FL9','1974-06-02 00:28:25','',2057502086),(1461745628,'N9A2OQ1F1M6','7ME42Z7716KD6S24K9RHSZGPNP76CDGE','3Q64260LB55FG81L085DGWDEPNO8UXN4IO8R2JXGYKQY','07C36S2S91TT248',-89,-21,'VIL80S229FAH6W7Q36X7O4W1J332HM59454R030','48D','1977-05-13 14:31:24','',1466352380),(1461745629,'K1P272D','383','MEU','RS240',8,62,'HOW69T','JJ','1970-01-01 00:13:06','N92TA4Q6EGC02S13L8ZZFUG308326T1YK16U90',5),(1461745630,'2QR8AGJ4V','54F92','','RZ44',-65,-46,'FIU4','4V6AGVJ','1993-12-20 07:58:15','Q0PHKNY773HV7476WYJ733',1378167073),(1676493993,'8PD1B96094016NB56JEAC3V1K6K','LRU636349X76K814HM9SBTGQ54IT','864S6','XMK2I59YG3WT9B2CR1RO0726BD03GHYR8OH0WJW67M79CZTPWNWD5ZR959G464632WQCBX9P7OP5QUN6548NRM',-70,-89,'','D1K5PIH3G4UV4A8T59D8','1993-12-27 22:56:42','LRYFAW489NL2Z3M2',64),(1676493994,'K8MA52B2E2388B21668O0DUW48CTWTTQJ6','089I43W3887O8','CQ8AC2M001','ZB5PVQ',72,-94,'6I45X674496W8AKG0I67','5D67R7451E694UCO58E84HO4RWU0948R7OE413SX3Y5HLKO58','1998-01-16 18:32:41','H53J33CT5H70L0',1128138911),(1676493995,'E6FY4PX22PAQARAAZ7P0NH4R61Z64DTLD0DQ','','RHQP3G4O6328QZ6F5DZ37I61VN28QUJ8X1230K1NYZK7FLF6SIY126DXWI8Y','Q941P1K93C5DMCHOW01908G2274X6IEEOY3ALP7JB2ZFPSF36B6837QY233YKJG4',-106,41,'','8IH9FP','2012-11-17 15:51:33','D1RO8VH32484Y2',809367362),(1802831249,'E231','H4A083956EF91UM81JLF9H2UL2LJGH9BM75416Z','R5145OHQA1X6RV5X5W16R8W97LI02CRITG8661UY8645L08ZS','E2H73DB19IO68Q2883W76D07BINSUDA65MI3YC25E173B552Q8GHI1Z2XR6P8C',-75,62,'831K0ZVHF5LM0719X99AP65L632A6V1VRN5U69A','D3OIKK0BXES6Y0','1970-01-01 00:12:33','SDGF',6),(1802831250,'6Q6Q3DRYP8N99','','661NE6Q','14TV',119,11,'75P0BBVN7A94GDYEQLIDYWA64','O4LN2S35CL512J84G831LLA69ND5C13A26E5982Y7D99ADU9','1994-06-04 01:28:06','60Y970553EMK5U653YR8457R',384098187),(1802831251,'6747IH5Z7730Y7Y888RMZ753D2T2ZYK19N4SSTQ41JM3LD06HL179F2OP34T1RS84RG30E3SVF8KGM09K78G331093ZB4T00N9V223GI0C1ZOJFYB','41','58EP8I7PK8869LNW37279','AH2RV65260IZ5R36740P3',58,-34,'','QA3Y0N03UGR17N9407I39F54RNA50C7XJFV5H05GKI6UX94I3','2004-08-09 22:51:20','9QD4565S8Q52',91),(1802831252,'80AC9999ZHX6TRGBS','8U09','E7Y56S5X6YOX5TM8B3LL0W8FLZR8LU6FI6U249SX426GD3ES51EVUVH9444','',-18,-107,'7Q405Q28YH6','AYIF81R3Z8Z961SBC3Z523NSA8F1N3PYB7036ZKFJ79NU','2005-09-26 06:08:46','450AP5',1052317873),(1802831253,'D','450NV1R7KM4WP7711PAAN7E9B36J0X80G7LP5ES8O7K57AXF42T9N54C3GZZ957LJDE4924G10YD','J0D4T31KB0PF86M7102','QBVS7G88R3402411H',87,53,'','893B4EGFF7T3D49XCHOM8OWQR9JZ88N75T8OQI6ZJ','1970-01-01 00:00:37','6XIT6VWU5024T',1170129545),(1802831254,'367VMIRQMHZO67','O67O08110D4611A9','','QB0RCRK4PT6CK4Y160B7ROG5Z',-90,40,'31B7P286YH5YD7801033YPUMN345','9K984B79SLBBQ30K8DW84A16TLQ1AP','2010-05-27 03:25:16','L',789102629),(2017579611,'7084678O8VTSF47918FO58A30X7I36DIDF6IZ4BASBD22PKU4','3M621N97D','2K07Z55QYI47Z91R1','24VWI7C74UW',-5,-107,'PT9CV3WTZ02V7902W8I9','AW569PBJ75ZY3VEWHN71UVL3BU1O6OEV','1992-09-06 12:50:28','KFAX1Z00218J9N05ZD46RXWT1467',1265241365),(2017579612,'K0I6Y2U94C46Z9ZUN7942LQ9ZZ7O3139WX94WTZKVC2O4LWHZI','2KLN56','UYT04JC2EUTO062Y18J80A6790X5FJE58X8O299','LH9N791HZ5977TWS5C1872939206F36541HB1VPA3',-37,-41,'867A4P29NRWAU14CRATQVF8IS2MQ783462K876WZH59','OC0OKR82MKHWC88L','1990-09-10 16:01:53','R9AU118N75',561738839),(2017579613,'N90PI4WJTFO479RT4U0X4V24DU6IA8Q2SCA0M2ANF8E46JPZB39MVJ6NT0J4O464','7','248K0M1QU0NU57VQTQD8WT4M','5SY760Q16YL23YK6U6BBSCC54O04NK386GC2420',-43,100,'739917','QW','1972-01-16 16:32:45','1U6XLZSTTC91',390),(2017579614,'','X980DCP29J7F3NDI1P3TT4WY8BL25C582O378DWBV39IS','BBOVUE9998X00Y9J7FJC3','15I1B261ONNB',-41,55,'AV7N','LG24LL31C3Q3N090WV2WH4X103HW8HQ',NULL,'ZS2BQ6393G8Y5AC7Z8KVE22Z',272825313),(2017579615,'','A0KK40G847X39O7DWP7V9W23C75B30RHBE94NWU7S275F4UW4IY3J82P8','K410D6573O59PRC566KC','1OXTN134D8TY6W11T6235MV7V677A45N9I07K72F476XHZ9MUC63P35F3O9TX3R8L8PSG3QGV475TB8AZL0I6A3F8KZIM8C19D27II99P631M83S3O9B7EBENC8Z70JOC72WP11LMB1ZID72Y55N',-66,-127,'Y','83S661HMK95N5WJ3824K9FL',NULL,'E9RMM',1963967413),(2147483647,'D3U8WKUY8K6FGK900D1SFMHTNU85M48ND9JDW','2U','Y8HGH973QUEZ93YK2O4V4VIG5MPCB','UOX4P8QBIR802S',-111,100,'M43287P7050F3FF19YWU2068PF4B817Y9N950K9423MZ2WOJ119L6RB','P86OZF5N7Y704ARXW9CKNHA2CS146B1QP9WPE4BCX4G09029','2013-08-05 05:10:03','PI9',1615864587);
/*!40000 ALTER TABLE `cb_faq_group` ENABLE KEYS */;
UNLOCK TABLES;

--
-- Dumping data for table `cb_follow`
--

LOCK TABLES `cb_follow` WRITE;
/*!40000 ALTER TABLE `cb_follow` DISABLE KEYS */;
INSERT INTO `cb_follow` VALUES (128780622,1014141186,1094048105,'1987-07-23 14:29:04'),(128780623,1417490394,833400737,'1996-03-10 01:52:48'),(128780624,2045130307,325,'2008-07-06 08:28:22'),(128780625,731982473,0,'1979-10-18 23:51:25'),(128780626,1014141187,1704550080,'1983-08-18 15:16:55'),(343528987,1830381944,1475815953,'1970-01-01 00:00:07'),(343528988,163516667,1547705864,'1988-10-14 09:05:13'),(343528989,378265033,7,'2014-09-11 06:49:19'),(343528990,163516668,2062811890,NULL),(343528991,731982475,11008778,'2000-12-06 07:27:07'),(343528992,731982476,69,NULL),(554138881,1417490392,713212068,NULL),(554138882,731982471,600339835,'1970-01-01 00:00:04'),(554138883,378265032,1229411153,'2015-05-12 17:17:08'),(554138884,731982474,1147618325,'1970-01-01 00:00:43'),(554138885,517234110,1447027481,'2002-08-14 02:38:09'),(768887247,378265030,1321481511,'2014-03-21 06:06:39'),(768887248,1014141184,974100544,'2005-05-11 03:35:11'),(768887249,1830381946,48763794,'1970-01-01 00:00:31'),(768887250,2045130309,283554441,'1995-03-31 12:09:50'),(1063565181,2045130305,27,'1971-12-03 12:25:12'),(1063565182,731982472,6,'1991-05-24 19:09:56'),(1063565183,378265034,437282478,'1970-01-01 00:01:04'),(1063565184,1830381947,1954224253,'2009-03-23 17:46:43'),(1063565185,163516669,374549643,'1970-01-01 00:11:23'),(1063565186,2045130310,312404251,'1990-09-01 19:40:37'),(1278313546,2147483647,203,'1998-12-15 15:14:25'),(1278313547,1417490393,931563611,'1990-01-01 21:45:12'),(1278313548,1830381945,1553876663,'1970-01-01 00:00:56'),(1278313549,2045130308,2914,'1989-06-12 15:05:46'),(1278313550,517234108,1,'2002-11-05 10:30:15'),(1278313551,1830381948,2,'1972-07-05 04:14:51'),(1278313552,1417490395,672304402,'1972-10-15 18:32:14'),(1366604584,378265031,561,'1978-07-20 18:10:12'),(1366604585,1632238759,1029028872,'1970-01-01 00:00:06'),(1366604586,517234109,475992237,'1970-09-01 04:23:37'),(1366604587,517234111,377769231,'1970-01-01 00:01:38'),(1581352949,1632238758,372630525,'2013-01-14 10:29:34'),(1581352950,1228889550,1964147426,'2009-03-30 23:48:45'),(1581352951,1228889552,1634724879,'2013-11-19 10:51:32'),(1581352952,1830381949,749219960,'1975-04-17 21:28:16'),(1810742985,517234106,104714947,'2005-08-06 16:58:01'),(1810742986,1014141185,108,'2013-10-04 23:19:55'),(1810742987,517234107,1810146924,'1986-12-03 23:40:45'),(1810742988,2045130311,2082462339,'1988-12-13 22:10:21'),(2025491346,163516665,1406452356,'2014-05-05 12:11:54'),(2025491347,163516666,742141012,'2006-12-09 02:55:27'),(2025491348,1228889551,548103672,'1985-09-15 20:58:38'),(2025491349,1632238760,1309131890,'1993-07-24 00:16:14'),(2147483647,2045130306,613124980,'1996-02-18 03:39:21');
/*!40000 ALTER TABLE `cb_follow` ENABLE KEYS */;
UNLOCK TABLES;

--
-- Dumping data for table `cb_like`
--

LOCK TABLES `cb_like` WRITE;
/*!40000 ALTER TABLE `cb_like` DISABLE KEYS */;
INSERT INTO `cb_like` VALUES (68776514,0,-3,6240,1830381947,1403963599,9,'1974-04-25 18:21:01','PR13BGR426003J7C95QWSI'),(68776515,165681824,96,7,1014141185,489338476,32,'1970-01-01 00:00:27','J'),(68776516,1080541638,-20,1910155731,1228889551,1145635689,70,'1970-01-01 00:01:39','592V687LV9R'),(68776517,1704286280,-62,62,163516668,1631343663,64,'1970-01-01 00:00:09','L93'),(68776518,479001490,98,1476929791,517234110,40274917,71,NULL,''),(68776519,1438853137,-55,647,378265031,2004920790,-108,'2007-08-02 15:11:12','6C2XQ5VKM755B467HJ2V45C5EUVY7VZ7'),(283524880,361108138,-118,948,163516666,3,42,'1970-01-01 01:13:22','3K9QLLQ020JC'),(283524881,2136230942,-28,452118029,517234106,1897782543,-98,'2017-03-20 10:58:21','87'),(283524882,71,42,766547482,517234109,263477954,-128,'1999-06-12 14:58:06','GYCJ'),(283524883,385374785,86,2063168980,1014141187,732694778,18,'1970-01-01 00:00:05','GB4CZUX0MC21QPFX3E69595NV66571U495B658RI0818I9Z703'),(283524884,60,91,1851116045,517234111,2139318796,41,'1999-12-25 21:09:17','51EW7'),(541838295,1981626919,-2,1550951468,2045130310,290,-89,'1998-09-13 02:09:29','8'),(541838296,1992879624,-2,377419546,1830381944,410947597,57,'2009-06-21 14:07:58','5100FZ2J26HT'),(541838297,425941214,-70,254495385,731982472,1251861589,-40,'2007-06-27 18:00:17','X8L995K91UBHG'),(541838298,1568358173,85,1822709843,1632238759,741993450,-3,'1994-08-22 18:19:12','52F45BSS73'),(541838299,2210,11,213090200,1417490392,1656775434,33,NULL,''),(541838300,998,9,0,1014141184,743856795,39,'1970-01-01 00:00:06','1R780V0CP99E4PMV8RUIX5528F942EXC3A4'),(541838301,508322470,-23,746,1417490394,1149510803,-69,'1982-04-08 09:56:02','6'),(541838302,1864819540,84,139,1014141185,1861791361,78,'1980-11-30 21:08:57','SVYJ9'),(756586660,1703447080,54,1770381040,378265034,1141569759,-88,'1979-04-22 05:49:11','O74KWGCA27V6Z925FTCMG0C08L73KZV210T5AJ4P2A6D6Q1'),(756586661,1253197253,32,1435026864,2045130308,587,69,'1970-11-12 01:43:34','I54323K72XS66O'),(756586662,1739449158,-122,8910,517234110,2006213189,-54,'1970-01-01 00:16:27','V9RXO41A092LT40QG4923LTSDR96C5419W74SJSGPR8X0I60D1'),(756586663,937190320,-22,541304663,2147483647,509186349,-37,'1970-01-01 00:11:18','9H844LV'),(756586664,1957499167,120,2,378265032,205,-6,'1970-01-01 00:43:24','20L8I'),(756586665,5,43,99,1014141185,1642950019,124,'1973-05-03 23:11:55','04'),(756586666,1998426311,-125,3,2045130307,5,-36,'1970-01-01 00:00:05','T9S75P31XPM4ZCE'),(756586667,687136092,-24,2116256915,2045130306,899093224,8,'2006-01-23 23:41:07','N5083OZRV3M3YGSA276VRM0O14J875'),(1047090555,1679138467,-20,5,1830381949,952149055,35,'2004-07-16 02:00:54','MYD8FN7JJY2XV50W5PDI59V'),(1047090556,1055689304,8,689445945,1014141187,74,-56,'1993-06-17 23:52:47','0JR7952038CF7PR'),(1047090557,834987529,46,570973632,1014141187,2125287759,91,NULL,''),(1047090558,1969109913,4,1878218728,1632238758,1882205581,105,'1973-03-19 11:38:53','814M6H3RYTRJ4OZMYMJ69'),(1261838921,433626448,102,1454230148,1228889552,6559,-48,'2003-02-21 08:55:05','TXMNC20TXU96A2'),(1261838922,1005066688,61,36707055,731982474,485,-72,'2002-11-27 23:44:18','I4108HX4S39J13P25456CJV510SYDBHMX250'),(1261838923,66324265,95,132242408,2045130305,5926,33,'1970-01-01 00:00:24','OLS020SJJ18A6HCU06SRADUR'),(1261838924,1246281639,5,461,517234108,1018387064,38,'1970-01-01 00:00:10','DBQ9ZB2S03YTK56F3IEC0YP6385B8642XDTD6T6ZD1C6CMO0VZ'),(1311983281,25591959,-34,1991342498,1228889550,0,23,'2019-08-08 16:40:35','61UW45'),(1311983282,35162878,73,78,1830381945,7,-104,'2000-01-30 02:05:25','5840PGW610'),(1526731646,312,-89,1760662096,378265030,13519020,-31,'1992-04-01 06:24:55','8CL30Q3'),(1526731647,84,48,4356,163516665,5,-52,'1991-03-21 14:42:01','2M'),(1526731648,1127174800,59,297404867,378265030,2026581644,81,NULL,''),(1888824934,4,117,1433495484,517234109,255570080,49,'1971-09-12 19:24:33','N880057G4S85CM88CWOGYZH38GUW'),(1888824935,1245673784,-91,9,378265030,5,62,'2004-04-16 14:29:54','2285876RA0Y424Q0NGNGKZ'),(1888824936,1347658996,9,282588044,731982472,2028866005,-13,'1970-01-01 00:00:16','BBE62WQNV3TI1U1ISM35G3W1IXAC0LBQL4KOJ6BXM8OJ3G363P'),(1888824937,7170,-34,20,731982472,484412365,-53,'1974-01-16 14:25:39','0P57O26ZW6'),(1888824938,260,46,88,731982474,9206,-15,'1977-06-12 22:17:46','854JBQ'),(2103573296,913126000,86,4,1830381949,84,-16,'1970-01-01 00:01:09','M45CCY81IY3787008SRSGTPUSKI72Z5905K895V72N2750C4X'),(2103573297,512961476,34,426238575,2045130308,189014208,38,'2009-08-26 15:17:49','IYLM18027LUOW861W4113XWC'),(2103573298,1129426603,107,438731224,1830381946,32110066,-44,'1970-01-01 00:11:20','Q'),(2103573299,1902116596,74,60246497,2045130305,903969567,43,'1975-12-04 17:43:20','JW16LGXSIY6EUP5D10T81STY7O4R7776T9JUR94JSVB9JYX0DX'),(2147483647,1592278472,112,1037500991,378265034,25,72,'1990-03-25 17:02:54','O3324J40T9SBZD3');
/*!40000 ALTER TABLE `cb_like` ENABLE KEYS */;
UNLOCK TABLES;

--
-- Dumping data for table `cb_member`
--

LOCK TABLES `cb_member` WRITE;
/*!40000 ALTER TABLE `cb_member` DISABLE KEYS */;
INSERT INTO `cb_member` VALUES (163516665,'G4V','1K5Y5MOO22PUTM5201W2KM0YDBK57MJRY1KK0548E3KR7','T8GP3Z3YD0XG5VL41XKA696GM609C68553818C83W18KS0R1M2QO2929ARF6KKIFC9Y6Y','I3GN3','',2450827,-1625720937,NULL,'4','1AF670',11,'86','HA5947HERJPJ2E6B50X4BDOGQ8KBJL730Y983Q543L47212U93T3V6AG4ZTD44UZ52262R012332C8E09M273AC0V18W5','9BY4ZQV9H11FU','A8S7M2BBF9Z2KKBZ9S5PL6B4178V829NZ6N379DG99U9IZ907TV324D1FLEW1LW87BQ80V1N2A8A96OZL00','T4',23,68,123,-96,-57,106,'1995-11-25 04:24:06','Y55KXC5','1994-07-06 08:21:39','UPZDA',-9,NULL,NULL,299,-123675653,'ZK068','OR9829HW7GQ8Q08HY7WW3HR8O28W3459IW50J042'),(163516666,'HNVT','4WJ17U','OL766258Z94FMR3H328SPY34J29F9MI26GJXDSH62O6CKUI131T1Z','Y00980OM6FG555M2W503E22DVENF85NVRL3I338R85','8F3522S0P97O',-2322498,-133490744,'ACD','9394SJ0QUJO3D8Y3BI66K3XO9043XK0','J',-4,'S','5TNJAM3NJFML12KEE55G7963Z6M93R4OFGF','I7NC8K484UAF2I677T27GNR71671NP305','ST74TG972MU9NZV5','X67187E2',72,-96,-123,113,120,-101,'1970-01-01 00:00:56','054','1971-12-07 21:43:27','Z4121D3V2',-1,'9BFDWL0PR2YFR1NHP2HWL3B020L36',NULL,-2068357147,-654940667,'93D9G2918UJXKCYMWT1G5','1HNN'),(163516667,'6NTJ8A48U4143T97Z02XSO','V794VY4W22A2HE460C','049337R3IM76K2521L118LMEK080YM6QV64BC9754MRU25M3Z0OV5JD2JE5CT7Q7B6XOAD00KN649UVQ','3JM8WA881J4MWP','LOQ16181FCNRH0Q526DMR4ZJ9D',5414240,-356821138,'','5N6L95990823Y','D',67,'G98P','1Q359RM47H6VGXZI9DH972T','RKF94NAT4L2R74S8S2','WNO9SE7984D6CL6SP45X19F736FVJLYBWYGD60MF','FZY0KNA057TFJ',8,-45,111,27,-113,104,'2015-11-18 20:46:50','5175431R96O6363P1D5OFN13I013CTN8YD20JHK999Q','1980-06-11 22:24:51','Y594OC2',1,'X3E8RWU2','4136ZD945Y320ZX705XX9906EG4660SA1CLXUUZ5I9E2M573H7RFNKNP1Y2',85,-9017,'AY','DLQ33K4K9S75AZF4L2S2BG1J3583AAVA5203DWDXG13U7Y04DPLO0C0T281P'),(163516668,'3BX31514FX3UZWLC67G86L59XGYWAAL958LLMQ0I5959CG2','','9DTT8R5PWGRFIY71KQN6G0M2PO5EQ6529Z6TBF6W48XATI82L6Y83WQ7E49P7','7985U8A445470VKTTMM92H3T6029','8914W',5837164,-192151431,'','SBPC61U','9F',3,'06','805UA1E2M962VA25FQ8B43338J299S12AI88O4W4IJLMR1MQ7ERDZ0EQ','','X7D8HMRB52J36FK82A2V7DE60J1F743FDQ56D7I','',3,-105,18,-116,-92,54,'1972-03-08 04:57:07','2U7OS9SLV4BTAWH1169067264Q2',NULL,'ZB57',-7,'28EGPD1NS472I970174S6EU8ZVMRL52IRIYK04Y','4I',-9178,-1096188539,'9X1H008NBC4DM499W35G2GFJ17TD8TQ1DGR42K8LAD8RK1JU9TH591994Z8','029RU4R3EDR45EG7NMTP6F0X40'),(163516669,'D30J746WW4E2CD4W5QPYZJH6528MH7NIA14L9NO','SDDDRW3H1188UB8ZT9F8PV08L3N745Y2H74Z18X379Y1IV1NEM425K4K2INYV7W91UU48W233E79V09WB88TJ0V49A1B8P7V4NYCDT0','724ND2T0I943HQVXF2400EZ58I409C46RQ05AZ808450706F0ZD3FLN09980774LWQ89SH3','61X','3UASTLTH1925',1189,-1815390217,'4LJQUCB8A0YJ8PGDAX5','','0D',11,'96BY','','0A939N0AB63U3Z3K60YPOF69AA617U5MET065U4A5939Y1U','MNVR2CFZ16DY03O513Y','B8G98',-27,112,-36,87,124,10,'1970-01-01 00:01:36','NBUR4JCU','1998-03-05 08:42:34','J5940U',-18,'0AI',NULL,-870074050,-1248946997,'','U3Y0053Z3820O24W3X80U375I3PUIX'),(378265030,'2680','33PC52578V10VDV','PU7358O5','51C','DE0Y3S3ZLF5Y75UZUD58L485P07T90E6SVQ',-824271,-53200421,'0B0PUAMOBIQ32O0','Q2','YP',-79,'K6','GSS5F','2Z6Z85AW2YHD7K732UD135RJ20E0RP040QT1140HZ1H69G5Z25GJDL74214KY25A4ATD6Z6C5201334Y82W55RH1OM6','42X54ZSY23W2CDFGGE46BS','8GT0Z6QT4145420BIUMG',91,127,69,-7,-3,-16,'1997-08-05 00:58:28','6D1D6','2019-12-31 23:01:00','AN',-75,NULL,'M5N0YD6T71N7G6VMSTHZQ85MZA86FGWK',-869245652,-908555067,'ZFK4AN5EP80O4C523119U528F8G069OUR7A8L37394X99LT5YFQVB6XM3','53MRB49360703VWR0SU527X7EJ9A4H94K611'),(378265031,'U84KCO9U1O3P903KK','5LFVP49LM8I9H2L762V','T4Q3','VV5HMYMS9Z66956Z1EX688','TF94IU',5576,-1361638730,NULL,'SW38MR6CWCSFNDVS9ULCX8WVJ76364574L','A',5,'V','K3F745V9DDG5136WVC3VKXD12','','7T74Z82QZ2VF0891F7A1329MBGTU0201772RPA6M9GB7E','E1',54,121,16,119,-2,29,'1982-01-17 09:19:02','1','2015-08-22 21:10:29','2IWGO75XOBVWP0964WHU72RNOGNJ',-87,'','6Z',-779712041,16,'7PMO65SL5CFF1P266UU0A9L6EX547HV73BA4RJZ9U0VZ8AY8O32BAICJ7P81X6336DGLMAKR8F2IJ96637U9Y7OGM5K642J','JWA24E761RO3A676D647IW195Z80U33Z5BL10Q3MB62C7P5'),(378265032,'XAP7097ZYL4KQ2EBCUZ46O182305R58WR8YP8','UDXHIEMO647J9Y2MT3ZTP021V8T22Z27YG0Q40QWNB571PN75Y44PAB5OQH56T9033','26HR8ZMXZ','2HL','XC10L34092JBCM9J0H5PW4MXB8PT8A55982U22AU3YHYU071FGNKMN5FHLJ784643JB8ZZ4QGQ80266BYEDFCLF1ME8B67',3443059,-1140680778,'','X36NK5A78','K7Z02775TZ',-30,'5','','PJ3U1X9R6362R','X1SWBOM8461PX0LO1K8ANYUNW9N1V88H46986EZ1','TF299ZEMI517DZ1V2S3XFT6HYUZ2YNH5B2M1905Y2SP8D5S',47,57,-42,114,-23,-24,'1974-11-08 23:24:00','6B2N93I9','1975-01-13 20:48:18','',-42,'TXG96I55L4252',NULL,483,-1667591169,'GAE86M8','ZJ7Q7'),(378265033,'892VZX02S04J3843CCY5619W924A706N','53C0P9LY28HBEBJVR5CZPD88GRD4PN4CJY08T2M2S3A91G53PME920I679T98967GE135QE54UVIOORH181D63D8I9SDIBYRDJ6W1UI144Z37Z8MN295BY20TO6CXJ01DD0FXQB25ZAKIMT753N5J7','D56N12R38Q3T4E874AXF860DBV249YHU3Q7J41ED2Y1','','Y68L8QZ557G9E320IO52B16V',-2616096,-1540609047,'75N10F0E','IHN60','GT2JW',9,'108','8FG0QFT','','TLTGV4F8D05818','3GE6443S123E8R52146L85AW9PT0FS9LKW1G536702545Z709NY9I94',78,-109,-110,-26,-79,-70,'2014-10-30 04:35:31','1PG44','1975-02-25 12:59:46','D',123,'2GN4VR7BU684X9','I30VV6ZE9Y1DF77V3UC65Z33L12H907O0E65874LNPB4JDYP63FQ53DN5R',-8691885,-38,'RP65I3JP5N7984SER0525HEBX06DZ3DH2306CP9Q7R6Y1',''),(378265034,'52EW3','R811XU97KIFH41Y2E','3ZQD1KB98KMFE3095TODT5AW55FK2','G4WL0VY99XH8390M81EW7','Z7',-9476,-761947578,'','','S423O8',65,'2','J0UR2FC9OJG6GG3QQ98080KQ1CV1QX7F23JI8IV5X968HAB5FO7X5R35UF5706FG5K2O6UW81Y2T4675S833G9O1V632XF1610X53I1JWT0A542PR8KO12R7B7V067L','KML9UMU2Z4J42XW8LE01TIHWV1O9L74TUD8MGPJTG8GAZZ9M5746O0514L126Y6Q551S5Q7ZM136804E9H69CY4NPFUV3LOI31N','3GOA937A4XUL2A5QCU42S24I3WM1PM07IA013Y0RYQ3I03776XQ29W9IKWSQR17C0BSO9A7010LIT6W3O9SSEX0CY820O6MCON1KX4W916T5KNGJ','W2D5W2D9P9612ZGT',-115,89,83,91,-12,-8,'1970-01-01 00:00:14','L76','1970-01-01 01:25:54','18RR361H4941IM45',46,'0AJ40GEWFO62CW6OA4J27V8PL1YT20ZCQ3N10I183VWW9TB395M2X10V082KB','A6423O73U0YP3921F',-1915481961,-1858036082,'','J01AAV05X9JH66QPKF4I003LQI4T9PQN4RH845RAG9CW95248OYMMQFC46F0MAER4W1EM92SI61E59O4J0H09346T'),(517234106,'1JX7Q','PFVFU9YQ7Z1IKECD1GB56PL902ULCCR6954VNCB55010GIBEN70323ZI3H7DZ','0V3NCK7S5M3U851296KRWTO35271MZ6P98490HCR886S5Q3EFT1Q0KHLLW0','AD157WJ766HSZ','NEJA3413G9BL9G2AQTXOLZ3',-8,-1225538460,'4LJ9VM','W1UG50K4022F567N0QQ4302IY4193G18948532MXCI7O588WE3AI1W6K33FYI513DO8GT4L5E5','5GUSC4S',-8,'OF','6807258IPU46VM9IG95WG10LZ5','3WF0BQJ435O647CDK76Y9O8P12T7MI6431T5514V74PI20D375H','Q92977L0X6DL5JCTOK70RY2QT','F2T7604DS0CD413IR8O1V5WFX',-28,-62,48,2,-3,-61,'1970-01-01 00:00:02','647UOA','1973-05-02 15:18:00','',45,'','',-408936899,-177764688,'3KLZK0VR4X8Z2Q30D06I73','56UIW8NMF6XH'),(517234107,'7P0J4420O8','','CD5DD91305J7HHU23D2ZVT7571G63S58WSPYQY2ZX409HU6DOJCHY8CYBPMMMRFZJ711Z3TE055YMD5JA','4U6Z862WTU','XJ58030N0XKNZ4I5VQ44UC36S12QBCV942MN584K0Q27A5EQF8PL9UX1EDKWHN7YBPAKI82P',99,-2053977441,NULL,'0F21X479','V',-4,'N','J7L3N74K18CBO433A12WAKSDE524P1MHHO7R92LW97SYR2TN6A9K','','26DA3155KS702UY9','2W110657',10,-68,-5,23,90,126,'1970-01-01 00:00:55','',NULL,'Q0Y005X4PX9TR60GRL3Q008LEGE2IXJ',-5,'J7',NULL,-8966,3998,'3A01EN4552KKXOKMKY69T66O872CP','M5944381756TIN1'),(517234108,'37GDJ316N','57ED88838X6JY','7460X5H77AE5H3NP3T3T9E22','B3UF6463LI7','B187DPO8107R31K9CPW4718SH2Q9',294,-1565196402,'11WR1P','D780VOM67NDN92I0A7','38',109,'WX','S515L','JLP11O9021NHCUV4Y52','24QXW8E2BVKIP8W9B2M9VXC56XC1Y9K0CWCS75','HN3J0444NUIG',83,-94,-48,-104,-36,85,'1970-01-01 00:02:32','K74HAY3945FB8LY70497GPJ2Z6','1988-02-10 02:56:40','E0784',77,NULL,'735BRYWVCOS2VJ89TH',-467655926,-1650874353,'41161IF64UB67BA3QPDJYI58AJ60LHSC','3CXD2C58CZ425WJ20620HYA8ACA2L524'),(517234109,'DS32924MFSXKYG9S906I8P56W10NEY08DP','4T4TONF97A7YPF','ZI8315YNJ432JL7H0F1R8F85DL4BO93','Q32U88ZZJ1S3M6O6DU435NYWY0ON9GO540847D650ZAW5C584R21FK09ONCF1VB52XNT','87XH451T48J443SS5',72,-373672799,'R4763Z80DX1N35MQ3','4Q3Q9HFHU5BE8N1X36KK4I6QK1234HT36','Z4M2D',14,'OLE','U41219L2T2U','8FNTDLDQU7BL394P9230I81495D6313ED799BFS5','U5UHW8WOUUH4LCT251B7TIT456ICQ9O9QJ76GIV3TN4J3TF23ERPT3405M52BL','U7SKAADCODB',114,26,-86,-85,71,-6,'1970-01-01 00:00:12','Y3U73078Y14C9MRT6W2','1990-06-21 19:03:05','0130U1PD7RV2MOU947',48,NULL,'84UO4CEWL51Y9365CE225RQ7',-457055122,-1954591753,'S05UF683U974P537RCM7L1O','55'),(517234110,'T3C98R68U','','GIH60Y05EEL73W874D22OBL518PA','CE','XA1S724L48J6H8NDPZ585ZBV63IXB9L0A539LK12524U0GJ70R',4898443,-777271054,'Z354RH66SKPK6S70PZM004N20Q9M180T3ILND73059','DC82LMAD9','D',-42,'RXK','FOK0H724','ZC','EMZ2N32547Y619204OHD887W5ZUJGKD8FW0N5QSY59K3JF4XKR7IH4H94AVYDN6T1N04Y35B4S5Y8XQM86','P5HFBZ2Z1A',23,-106,45,68,-128,112,'1977-02-09 12:31:56','GX16D5953X3IT9X2EGXU40N',NULL,'CA2YY7',96,'',NULL,8,-548320214,'D2BK','RHJ00H1QCH7E1912AP3'),(517234111,'PHAIGAXWQFB4V90E2F60OJSS48LNMR42EOP0PP4','89H6777BKX28Z2J39127XG1TM70804KYNPA02NI9D58XG1U01','NVJVL5781AWGS6PJ0EM1S60216A3444S81W','FVMM11QDMTA5I4MO64UVO20505ARP568NMUFSUX4856JTN7OZ2RE1199LQ91TFGLQ87M60MYGFS4215N867D0E29SO9TZLQQ6V8F','UDI8UA5NUDKK9D7F65L135',29,-45300353,'J4R56HDYC03R3E4WHH','NS9ET7N99CNRQ0329RI52UMT','MTU',-16,'26','RP633325K319AVHFO060Q6N7S8MRCE3','Y5KZ2H832U5DQUG9','','',-14,-27,-18,-39,-48,46,'1988-03-14 10:20:29','0JC5572V7BY10UB2I61ZC6BNHRN45Q1J03FAHMX18716348652','1992-02-08 16:13:40','1737G2B99OM',27,NULL,'34Z4WM',1,-28,'PQS5757Q51V23PO3E2HRRE09YUA4JK6HN4WQ678F00XF726WKB8046R','M8VUS78HW93C896D3H3G139J6FNP3EY'),(731982471,'7B3C1','1X1P','J589','33A1F217LHJ9T9','3MQ0',1,-5940912,'','VJC4R7F20ME9THC37J75NWS','XLO',1,'JVE3','2CD','1K','16T21I88U86H95P9A7POA9624CK5A24CF499DV4AF626LKRL0','1735W18KBC8JS1FMEYW32WE9KAAIH9XF1S43B137KBA06OY30R3IA29I7279A8715KHZN41A5K5Z8S3G66OIII3Z81DLZ295L824VJ3TT1B764QJU80B33Z2EFJJO2DHV9482YBBI31814MW8V1C0EL5248PZ7K64M1R475ISLG6864953I6WLC3SFH8U8BD313',-48,64,-112,55,117,26,'2010-04-09 01:25:00','YGBFL4809Z869N','2014-05-08 10:48:30','3OY9N04',-98,NULL,'596EPO0I420',-2038409221,-580223472,'R8KJFI5522W316915VI78L6708R6',''),(731982472,'IT5G5Z1I042L6X490145U3543D42828G8W0GS1W00048BQ2LY0TP9H1NT6S5CUII1L7HQ7MRBGBN146','8EHQHVLX','VF1Z93X6UEPE4RFS','','UN20B3TV56J760L121PT2',543,-4,NULL,'9M9W6EE1A84','UX',-48,'BA','JW6633','V49X8YF36330G9AO5U815U2F49DYM25H27337L5BMC5Y9YK','2','3Q4MC6',31,29,1,-7,-63,-28,'1996-04-17 23:22:35','WDE7MWH343WNQ799165G','1973-07-11 17:16:01','CIP',48,NULL,'',-961190979,-1518774198,'27Y9C89C58','E69J28FOQ3KT'),(731982473,'4C5R21QNND1J476G','U3Q42D6W3GV9Z4CGC2H1N26','H4D265KQ5X9JO565AA2KX0IHL1W94N7KPF9174M1ISY1','YG695GM2BF0S7N55L6W123HI7T3STSF50D9DA','75A819Q91604B6KV56A0E0CA8PH7LXCZC2L3P415KVEY2I8OTV9D5II4W2U2BZ48125LM63HHYA5D53W42S11FCRE2SDMYQ0QEO2',-29,-233561070,'S5266LC3N414433LWYMB','N93','Q',118,'8','JFE42QM','','ZY8','YH9QVV6MFE',67,-2,60,61,8,-105,'1989-08-01 01:28:53','GL90K8RIG552D4','1970-01-01 01:18:37','2HXHQ9T873AV7',10,'14935GBS739O90C2ZS332098044737782NN6D8K9I',NULL,-1942811664,-707250861,'JY2XU40262ZGU69','5V48DTF1SKZ825LLX3D0I0N5KF0G7OY76GNQ5X4SR0'),(731982474,'BS5O59652P40CNB8PV8SJYH2V5J26E19945141Y9II954625DTH137W9CC9','5497C59E3F4Q8C4P65P70A4GUO164CL478Z','9O9M79V','YR6U7UA9ZVAM0B946N296Z9UAGL1E3QSMX45K47863','A86U1JZ1HI23H8T3T64RKOI15U2433BW3TI2R5LN5O6X5VB1DFMTT3GE0DU7MBFF0Y',-4645953,-1540266035,'7736M51235','5','C',72,'68R3L','GYEL5UNM','M','3YOVK21M7V6G68N96VS','',121,5,3,101,6,26,'1970-01-01 00:00:30','RJDAL7PPGF','1970-01-01 00:00:30','V6I4ZI66',78,'8QK','I9',-526617666,-135568687,'LY3GP2K8LEUMGDSQ2GHD71Q3','T62'),(731982475,'V3J','VE4D68F052FTCYS8YGGB530EABFVXU','1R556Q49F','5VA2Z8618YPDWP2111OES62K8OI94570G4XZUV7T','OR38HM3C70190873425L9D1K416487CI5155V36319079',-5263375,-27,'DR','K99EP9M3TC20NZ94J9K9A','FX0',103,'','JX1780HY13','2','O1884JT382GK6YGU14087Y08ZUY5X681','5',-95,-53,-20,13,-55,-75,'1970-01-01 00:00:08','3PJ581T8186V5S3305ZMW2P49A4S2R2SK409S07H298737F9','2014-09-24 10:42:56','NL5N747EJ81H0KN0',4,'89XV9LN6POTHSSDTF7LI44FKLEHG','',-889381644,-797262756,'79EO90MB1PHDCCV1CSI01',''),(731982476,'Q85I24F32EG8B3EY00K0EJPCGTNE0K32N3T115G7AE7633WWFI6B4485','9HD8F3N6HJ8EAFRF68ESEL411M02X40ADJXUQ56CM1Y','64K7179740Q4814Z16G57J45UR7C1N51696B02734','E660721GRH9WCRFVLG90H8G63U0H209L53B464O6OXISJ368GQL1SPTK64MA11I94GB4EOIMO351395BRZI2CLC5V64X82L47M75','B',-5294952,-204279825,'K76Y7','BBLEE','M',29,'Q','O780TVU8J8682KR4JS6UH','4609W4U0O579R05EPVSRJ2B57T0Z1P363QKPWSYWO85J86R9K8847D106YBOD3','E75DC15I9556S9ER5ZB91588K','I1H1K79BTC9083PR3J7N4H5IDUDWW120YRIK9ZGB7GRLUWB0VMAYLO9T2A64UU70D6QLO7710XU05Q78L607WR34GG527MI3W07K1HV2F96681D7',-6,1,-85,-6,-84,-48,'2005-11-17 13:46:17','','2002-05-16 10:37:21','016',21,'O4IAZ9JFS5A41T5HM33KAQ576K2DN9ZVI590H82IIPD53MDUN8K1TCH5MH4H09PIA8C4WN6101KY4UY15IAR7QKF','WU1',-38045385,-290441598,'6MP86BV0CQI','29984HS1DJU4V4N2536I6'),(1014141184,'Q10GEYUZ60H','00F8VDP5P4S1005396EG3JUAC5433I11YP6356TILWJZA9613071NTG4L8G187QR63G1B2680PKNEAZ4U1S21AHJDMI367J8CIG27','IB','6F78LSN','1R029LQ6V90HFUF4JX312H87NSP59S56NES47C803A9J4F9531C20D46KT0KGJ76218L18OGXBA46I6S513',4679422,-631,NULL,'G13195IIQEJBRTMV6N398FS','3',20,'W3O1OF6','4S7UQ161CEU9Z82ON','74011CM1G69566OJW66FYS40IYPD51H6EXF8NMMTV36613E8KT2E0SCVI03ABF3Z28O7MG6MU97XBI3949LPTG80','','UPLLN',66,-40,76,-107,-84,4,'1970-01-01 00:01:36','44K2N5P','1970-01-01 00:53:43','61494JQPWI7VFHNN',-47,'S9NZC2RF2LAK2H4U64UWS22N57F2H12','',-1258697181,-3571,'R4DBHRNG02X','4120EC01QACR9SUV1I96E2ZJ187R1ZHPQYQEE8L3491Z3MRS0NQ69'),(1014141185,'074L','VXW4K86N79X95V2HMR4381YGQLP95PNH00R8GPS02TU042J239MA1Y7I0J808K26ED9480L4L1172E13RD4B158617PGRDA5MYWNFHSER145N3Z4Q98X34V3NV80MLAPE1','CCPH','9N3Y9S26D1K4B3X2S2CO','DD0IYLI2O6M',-7540638,-2065587793,'31RM5T84P1BMKI41CJUY0Q5N80Y3DP7UG4A','030DH3LPHGN10BM8D3GYKSA1AY3ODZK482MH28N2OWK01QQ5NC15P7','834Y5',-88,'','85GY','6RVP7Z46A','','94VY6MCD9F361Z0M6M234YYF962',66,-8,-82,-82,-79,69,'2015-04-04 11:33:21','62N13Q1P9SNU4A5L0WTSQ96C32B8Y3AAYSPC24089MCDRH7W','1970-07-26 04:53:48','ZC6Q4Y019T834Q656I7703FCIZB95J767',104,'D645616MOH1SO73B7NDY1V494Z6','N2FXIW4XL8QC',-932721000,-1947337854,'V55Y0748804U724ZNLLSPL1279UPGGY69',''),(1014141186,'3N8JE49','D4U3AQV7K13DQY225FT6057C5RN2BNEYJW7YE2PPMLE9NZ3X16IO3347R1W2U55I1D2X9U3CP0D832G290457U6','9LYVS1285H2N9FC94240TB0YG9W812Q479X943V41UKN18W','J0X9','5D942J09H45490DX90NNWNS2T1LN22SW6WNLJ9SF4D1SPI06TJ1EPZSGTU5ZTMP844OH8K',-2588845,-1006949456,NULL,'XY16Z5CA270B5IS65LBUR05J4946','7',11,'S3Y2YSJ','','O3734B0UNK563','T03H0P4VX5B100OX79E9WFC','RCOJ09D158',-2,-27,-115,8,-80,127,'1997-03-19 15:39:05','8E7W04623C0KUI1M5B7A4Q7691LHLWQ0OPZL35','1970-01-01 00:00:07','8Z2J8P6TY6227K',-43,'QY9IT2H89RXMQV08JU14UR026J4TQ3Z77C9J02W92E83YT78ZHGT2DTHBX10F9B15147841G4','0WS9832YFUIW7KW5UW',4,-1642532413,'68664ZHDN5V06XS9606VAQF31','S20WYD65QG142DHTBL215P4WPE6P9IQ7'),(1014141187,'PQU138DS24SQOGUMR3Y9CE7350843H639I776Q','QS797YX4J80E9HK5','3754C8B8T5A26663N0T2JE6W5IVPTOGXV57S4','45Y1Y','9S94F95L1V91',-7714841,-990589033,'N6C9X06X704OEIE886S4CZ9W84YTA73B5O507','GU','VWXQF9',107,'PA5DIZE','987H58S1NP0A3Y56OZA1K9056SVI10Y91B2VNI9RQH51N04Z34KE2YQ20DUF2WZUAJK5S685TD896E7','5QCJU','Z7BK091','06QMSRR86',111,-79,5,19,14,35,'1984-03-26 02:13:42','390I1','2012-11-11 10:10:12','Q8M7V861MGQ',73,'641FOSYKM4C4590W6597460YCVRQJ','P2',-1745065524,290,'DM154ZFQOR87705ZJ5V5UE7EV08','RY3VN33SD2R72R'),(1228889550,'JO6GV190390NQ3H0X8JK40','KQ63','U00DA9G5ILYTPB8B35M492','H08DV','D',5440660,-1031657575,'','9E78IZ646029W','HTS',-13,'D9MVYS8','9GS4CCOM77ETW1L','E','6H54PBE2FK0GG88FUF71X3TT6ZH8E45J94H','182NB41AH5A20BFJW7ONLT',54,103,-25,-92,13,-48,'1999-05-28 22:20:12','5SA159Q','1970-01-01 01:45:13','189T9082722R9ZCLTBW1I23AHT4K4PY',-82,'18','6B495O3R',-488063400,-543789471,'8HZJU9O7341IM4E6','DGIID6'),(1228889551,'1N316NE3N212UF2640PMPSPF5690LXEIUWXO6XFKXX1CE2CXPH75C797RN8J6Z5SP','U0GUS90F12XXQS12QSMYMG','09H66HQYH3','XF7QQK8610BUU6LIU0N455207209JBXMKJ39575YHM5V180E0FX0A386VYN','',-8090584,66,'P8G0A9','7EF577UIY','',-45,'3DVOX','8G5W5A15AE5K353S963','M68Y8844EVL75KRX63','0WMHHI7LWN','',48,116,67,72,126,-16,'1999-05-30 09:12:21','402W1T05SH29A2487QZ77A60SC09Z8111K1J86W1KG7MJ3NT4R','1985-01-16 20:08:16','V6F5Z77SY',-105,'IT6VT2MJZX','K0KC1L57CAW671JLYT1264H87ES14AGED775',-1684755732,-1510603251,'9H166C401B2VDVJ5WO4C3231QT1',''),(1228889552,'Z7A9','990705L058C0VTC','B3832W95755IR1702B80I018024MX9KT6F1AA6Q','WSTGO23CL9G83P1CVV25E009138N0V4GF95563966','6D1K78JL0K545X853W64H17K3D09PWSC24XQA8FV5F9BT559AOI9DY78OJ0N29XBQE',-1,-847648731,'BM1425286B8O5Z14O7W80SJKBGPQRGDUU0X413FD363','18V4PZ53K9Z596YN4Z64DX9BWS3HK50HA7S5N358W38WW3IVFVWB','7Q3Q5',-52,'E','6265U0F3R75Z1BQ6M71226AR686KPSA9JD55EWLIRHLX57O6LU7M78OCEAYTJA4OTR56FPRE3PMTCG4479ER457T3381G3','AEUKTNQ9M9','3051JC80MU5','Q55P679Y4037E647V85F49ZYOR24E9RN1P8C043PWQ202SH5Q28W9W8EF8',105,116,-99,3,-21,37,'1974-01-23 04:24:09','QI2','2015-12-15 13:25:40','04YP9QXIN3E6G',32,'3IU7G99X2869RKS4798IK','2UATN50',-1081989924,-519086141,'','1XMB58GCZL31LX7KW4LVRTE490AKP7Q8394ZZ25MY6'),(1417490392,'','WX986S1','T7A5T90J','WE6Q346SZB248K94QW4C479K7NS5K5H0WL015','G4EQ',1915968,-1789560860,'','Z60I3117P82AKV58R3AEKO5H1O1PMXIFN30784KR392XU1Y63W1237E737U2U6H2R93FZL0JK5CQ7OI888H05315L8I2','28721',-64,'EB9','K2','','GH6922Y','455D06B903S8MBTR55B9YY8265P2XHU60067H98N733FZC8W',100,19,18,-125,-12,33,NULL,'M8O194LN13M0UV5G5R878A3SNKGW75C1L74W839KX3YJG29T0S','1981-11-16 17:32:40','V91',-43,'4P61P72CJ22DKC57WY8JJ11LP','',-207444099,-479684974,'HA7L86QYR6R3','6'),(1417490393,'LJ69JO158Q3U96JJV6U0','','','NFWT078BBZQA34DDRV0N5','MSEIL23JK1ZT6',-4307520,-400182478,NULL,'7J447754Z6J1V7R1SM8K6TQ56DP82PJR8LFIX7E5L','LP4ZT',-91,'F7WF76X','64SF1CUAE84Z61MUA2P964','SMC1150FZR122','2791A0383IZ064L3T314FCC496TL6AZV5W7J1U1N9P9','60O5S2QM3658K953S0JJY1Q4Y8C4D7I046P2L171EIK1',-14,9,16,117,-29,-71,'1970-01-01 01:28:13','N8P79352Y5M',NULL,'33I6U910YPME6458ETMV5Q8N4TKJBQAG',-64,'ZU1095X184BMWB38986G1HY362E61MC7Q41653266Q7O902V6WAK2MTANKAK53V80BMF4J','84NM1MZFA8Z5R5CY28E7N07JGWBV',-2080876673,2,'F1560HN58V5O','DB9KFG2GN6K0XQA70VSDF2F5S7V3UW84Y9F790641R7L8IXN611N9F8PLG5PNXZ'),(1417490394,'213ZDH','1527SJF810F3P53SB80212P','7721C5LA6632PA0242PBP54DID4FW','1H47VZ81LW672OGQ5MQL6','1S45T56Z11',5870212,-1745747320,'6KCM02G45RQPM2GERD6N8Z5T1TS802720K','4814NS8JD00DJ856NB732K2Y775YUL','V',-8,'8G4K','009U95324L7K40YMKWV02P0QB3U59748ZGT33N2S0TQG770','411KPP6L583BA909141TS0T563GP0RGT3KNU1IE4Q910QPA25A9ZP95JF07','872WY48N3UO24','34159YIQ900OBUUN65I8IAS5J1E8',105,-12,95,98,17,10,'1997-12-24 02:48:24','Y','1999-01-05 20:13:29','F2Q1',1,'','A5P6LI0W0GFI0',8521,-1203197462,'','4092ENT920Y4WI68533Z7'),(1417490395,'9L0NGSW6D1YP262438BEPD70TZ984YKZUCUGF49YOJI5XE4RY6I65GWJOZ3Y76CBKN2T14U8H0193V8W9Z5SN32JT7O1O4861HZX','GGNXK6723PAFZLHLM3L0','99M','R4O37CM17Q056GEX8CQ212RDX08124QJ43Q5UU0JI73WD0Y2FJ8NJM7U62O4B69RGLE3KHX0W5H96','E81726E9EJI8CXXVIP1P497XUW38L09H',7048427,-326,'8GLYU0RYB0SY9XF60B7FMM9I7V953VDHU3P80PYE7V15D1359J5IS7P18AJXGZV506I7O7J2833R46F6SOU4CWR0W9','76IYQDONJII282WT61UOW6540C2705S7ADXX3','',7,'','H2G371551S43CZK2689N9TOB64KLF877Z9T18UZX523U4BS2Q5715F0T8','7470A5U73UP6EK','','4ZEK73G7DF',-93,-88,-47,56,93,-66,'1996-02-10 05:16:33','','1970-01-01 00:15:54','XRN0W',79,'','1YG1MJ3NT204J532O5L',-4,-700626784,'4CIUR96346CK207UKM8SYF0VXY7AW2LWQQ8Y0V1I66BJMY6K8M8RX83J9KVQ07B','9KH8'),(1632238758,'33D0R82ZTQ894F05E1NPH838MRQGGK0L0U5AO94W81ZQBI391PB4ZR2X368I4WKV5Z381','HB','ZH6P7R94QEO15728G3H18853P4O78ZNLU92S0QVF02X729125GOEVGG6K40','Q512B709212Q293WIU867LN6820C','3C020',4298022,-623998828,NULL,'82TDK4X969ID80KWJ797U4X281YL57FK7JL5F2G9UTZO85QT6RW76B98HLF3M31BL3I7CM0C34','2Y',-90,'','21Y8L','41S1T','FM2','25034',20,39,30,100,39,0,'1970-01-01 00:14:57','LIZPIIO','2010-06-08 15:31:57','7J',49,'AZM2TK1G7','',-333271035,-1368936802,'XO3T9NE1497901Z2E6L3B4AW64NXNDB720G9RS28',''),(1632238759,'O4HLW08EQLP8W28H0WG2X001J9CKUOI22CHZX0JY33PMWY','8J7H259D11M8','5C1C3HC970X83','0','',-3784309,-1730024834,'','4G1','2TR',74,'Y8NM0','KR8Z0G9AAC4624UDGPP7V5D030NL5ECXAJ1B13147C75OL971G769','','1NW044Z8XLH5O0OSW8094M46X505IZ9','6960R90D618044EHSMD70Z09A705X75G8',-4,104,-54,-25,101,-113,'2017-09-26 12:14:24','581JTS','1993-08-03 12:09:13','N7XTY70JYB6G8BS5B5U86836U05SJLZG044IS',-5,'412J710T3213NT620K631AN0706RRQHD31K4B56DJIR45L01APC2293Z','Q8JJ0Z1I9TI41HXG42CS3WRV47ZH58',33,-1931061491,'LNKUW9O862P66G5OPD9G71Y33QEG4852J0ETAR0V6X881L4U0K8284Y3QYG0438U7G9HZSA4NMKJ8G985WJ24V9R9BTN103PW1RY','YS4Y'),(1632238760,'8H669K10B5YQ7U03R8NS2SU5JK','F6514XG6T22MD865H','5525327P4','6G76','7O8R0QN918328C69CP84WF5P5D45D4E639LI',1324,-471,'29SP4568TOUKBIRL1I16J76B307KGPQX96R3115','1X','N',-85,'KQKZ','60C74BN3Z0','UT5R1KJ08D7LM6D27C6HRV50M025IL4','0X4D1GLK4W0PUM2HK4D860547T','7P9P28FS9THL523333H78A953',115,41,9,-103,-60,45,'1985-02-22 07:45:30','ZCU6VTHT9L28NJ0035RAGRR5','1985-06-15 19:25:20','00N16C',68,'EMT8LKD2WO20B470','2Y00565L5Z09XM141S03S132636T2BS3725J78O909363647ZK52Q5887',-576,-1493514054,'M4257AEXBPH8K988UI9247C0RC333F55UV708T9YF0PY7WTBM708G21L1UDRRPF5AYZ0K4KMV5','3F5J51VAYN700MV7996C2W5KF5X453US687'),(1830381944,'VE7541Q','X6W0HAWS920','1IF75ZM9G6YS42N6Y5Y3S05V28NV9Q26T778472DF8P076Y8740KL27QR4LM4TM2M6JW34QWO61352JB6H5DJSC156YJRTIA48SL2I106GR449F58S3G6P0541BCTU9121Z2','1VFDL01SDTE','OA68P9',-5292,-7015,'60F1LJP99LSU6P0OG74RJFM8CP6V63535N1L1M08450VVK38H1L72R33E78049L9I8R6G9DSI22DS0YA9K36LXTDGO7N6Q9ILIQ0Z5HJ1B5','Z50T54MBOG3CQY9LF9EB38','6DGK',-61,'K','M6P28E155V4478S41Q4GYDL17','V04MGZMNPJ6EV8C3F6','TXW38H31FWOH9Z1NO22','DE2O956',39,-105,86,65,-60,74,'2003-10-27 17:09:44','EL5M73P8M3K0TXT','1970-01-01 01:56:56','Q4M81B92NW19N76E272973',-38,'S','Q7FBVZ56EIDG2O954P38U3P5YQS17S8WP33DC8N29F05P',-1231065415,-940,'','J318S56X6N5B34YMWXI2RZAW1F9L58432VRNN2CBV3BL8OH58277NPN63F1G5X094AJ06XY76H99DF5JIM4XQ'),(1830381945,'Z8D6I2LFS3','88','EI8JKI045QLS728E09X9U67R3HE8V55V02WV1SR40','O088NYYKALI1X6I2DH9Q16','RVN592197J2NMDMB01KXCD4RFV1XJ826P2F53',2398921,-423508086,'','AJ3SUP9XML6Y2KA2PU9G5V5S8A','K',36,'G','9','J315DF1L6O2ER634067K34XZZ5YGHU4SQV1XRY306CW36','8CCMMV7074','',-18,58,-45,81,35,-25,'1970-01-01 00:00:10','6894UPDY1K0220D0K5DPFAOKZZ8J696','1970-01-01 00:07:40','3186Q1059V3SD0Z076O0HI6E4IUK40K599YRD4GER7Z4YJ9B38',-97,'4LU8S585K3QZC6P356TR1FEI648FY','G54O46U79KIUJ6C',-2110578857,-1180669868,'1QH8DZ','Y'),(1830381946,'65642G55TT4BE4ILZ3X1','V2Z46JW40Q','24D95GA18OWGDJN24X7UB94889P2701P3C40E3TOHEGOFS2F9BGV55A837D7QL1T6UH4J8OI7TGU3KE4MKLC888BO7A76NO68INIQM18U7JP15A98A526M52UCB69CN6QW','505A7B4GJ730FE6','TD4ZOT2DG2X4MZ95191',5450889,-515,'U8GAWH19CBZP22525876705I5MBV71Z8IB4SL0ND8734HMNR2PN7Q5I0S9MMAK39SHV7E19L','8RVU76EA1T8V5161GOZEJAR','XO9B6',119,'2V57N','J777S44M2A9E20G8124ZUMLYILF2K200V','023M3Z9X9K198J1MQ321E94DRCCPB12SOH','WHTC5V98G','324AH0B146JQPFWG71BY9M8PDLVT74DYN62',-89,-24,-98,-117,127,112,'1970-01-01 00:00:22','QD','1978-07-31 17:48:11','0QS6RW2G62QL02EMQ0E6K0I7Z035J6AG1QPUM708784NBHM6UE',99,'F33LTUB3WTB0P38QF249998F5XS3J0F6R009R92P5348C843BW4X2HC70QEPM9C827ZO3XI2108P8C249Q61MZ6L23GCV5J7P','',-1132903149,-1361426787,'8F09W1KB7MO','764R720L90X522TI1485KQ534DERI36K4B460F48HISAI5685D66VF5191E4Q'),(1830381947,'CSJGDJ08JRR6R9689Y20A592H5X24O18Q1I7Q1551UB70W3L','UU2765132YE0W06DQIMZ089812W3FP076I6R4GK','W2LM572G94582W5PR2','3V6BOMX7X6WUQFXAE8HKF57J12GVPFT09IBUL394YJ','87',-3922574,2964,'G02HZ4966C5H8BI3GPO0OI3950JV5GK12HE5S37JY290K86U0V93307YH6IVQ94107NBXUN7822G','ZE624RD22P','16AJG',32,'9','6KY8B1UWM903I0335309DRVDF00ZCN8Z335','O4RTQ','O49D9XYF2YN','K4V3K34AJ0PWT0O2A2RTOS2RV233777868219197S1WN75RG1L5L6626KC99LDNM01VV88936N5129JZAE45624R7M',118,-4,55,-100,-58,22,'1970-01-01 00:04:53','NY5PI8Q4W3VNLHZ31148Q8A05YTFLF6ACEG','1977-12-12 15:38:42','NMXLJ6RL34',16,'X494M22O8G9IE6AF96PL','L8D1Y',-582635169,-1163321066,'256G336WL12941LK39SX1690O3MWU72Y719RFH73593D20SFYHOZXLZLM',''),(1830381948,'8H38XBR9UMJOC4794MQFS9222J1HP4I2XMMV946HVM86G60Z8R4V22JWO8Y5','692W66K4C4UN7B4','U2YC10H4Q','PN25OYN332L50V30','K4',2456206,-95,'2Y316MN21I5','0PUUQY0B7FEQL3YE','',24,'5','5A62R4YY95BN6N51E4RHSQ9V2','1R51IRL9300YM7U03CJTRBB32C512W6755Y6Q7O2M52','6T53C6JWO5','FLFUS6C2T6WQ1LI2KGUR',-101,26,32,16,-120,-2,'1979-02-22 16:01:32','01','2013-03-05 18:18:13','15672VUYDH980I4N1X5S',-3,NULL,'T59G5U9G204780U4TR394W4457E8BXAN',-1576064633,-466848916,'309B49PL4874Z67994K1Y9AI7S','6BP9JT10XB2B9C'),(1830381949,'0M3YG45','O56330242Z3WL2L94VG9L78Y9VZ972ZLMNND36UXI9Z1Z6UJWMB768BE1J20PEM9','2NM22H5Z','167WQ','TZ9ZVI7S549RE91',7866134,-994735297,'ISTA30QJ4O9IMKQYU3FO47F0VTJCLYZUT3TBM72V59XB','9222TJ6T251','',-39,'E5','K65W64G3GH8M08GFJGM2BY58YKI4728DQC62TT07058GC','L29M59PQHU9915768JQV90KV3J4HK968DLIZ2SFNU53Y6P5M42ODV86TW0B62X50JY2Q8SP26W4A9NGNOIM8ZQ9PO87727IF22826R34SU','J498B22Z6C13OWK4','8041',-100,-90,77,-113,55,7,'1977-09-18 22:34:48','IVVQ0J471482849NV5L1OVC92R1H9SKTK3P2J1YO3A0Z668L','2017-06-14 09:16:38','Y93PGH3H7FE8',94,NULL,'',-50010526,367,'UM6NKF1JNT5J2611KF1DR400C','9IS6P'),(2045130305,'L8KXU3S13TL895O','3ZD5O640ZDWTW59A9RYGAND80B31SJWO87C24EI1258D20OLX137ZQJGK7IT47Y1YL693','W75143E24N693L5G4X99','6G13','',-7877739,-852232443,'40618Q7QE14O0FCHZCT5HKN1F7E0C4C97ZM3EG98761E8G4IKA92P59','','866',21,'X6VA9','LD715VL18870JR28U1XM','3804IWVGL1DH1I09X71','165C58WB0N856PC1JOYG752228CF6A8568FU4H1P81VA396301M82PX73S0B5C','802GK58F806JK23KN7304V24244GJK99584YSJ0ZH22FJ329C6IA5PZLL094OKQF34T6X47HM7XP8HRZSY4E2EJ',-123,-56,13,63,-79,41,'1983-07-29 01:43:15','1C606H9Y319W451EGINI80AU8CTY','1989-07-11 00:46:35','',-7,'',NULL,-774988047,-1972227955,'F2838BVUWQ5P144S49D48699D6DA0H5','33FVV3AML85K02X17JE5YJ6'),(2045130306,'6N80917B9314964B9KZB44YQ4H0VOZV702VZ838300GX894466G5ANFI1LPLDV20P1Q0VK8I9B','S3M4Y8IP5','O1U0HO5457GEZ7F6169CM6O0X42Z80VTX6T6CI6316X','586MIH4BYI5SG04SG7ZT78H453CX1262H0331ETM73N5111G12003IG3VO615OL4Y57PUDDF01I1K8Y9F5LBOQ880824F0V6G4KH','47LVBX0J',957,-3222,NULL,'','',-67,'','6FUI00J000BN7TLJ2N7JWH965D','','A','KW5LG2133C630',81,-93,-17,26,43,16,'1992-06-17 00:17:55','','2009-01-26 20:17:48','2E',-25,'0F1Z86A1E0TZ04P1FT48IB705','H',5206,-616785705,'802VYPXB8PZUYQ79LW6AYMMAUXHT05BJ25R3Z01ILWBAO0UA7A7H',''),(2045130307,'E64LGCH62K8D294W','Z','N6U370HVI5GSFP81DCK65409QSTHNY5A2LGA1Q6VJ5H663XH32RYI41YZ3GDKCW6CU95','K44378448SGO13JGBU216G6B5015SD3994190PLQ59AZD741ER','MMFW0I0BZ338L370DCXL54ASSJ2H0P',2193,-889802034,'KFH75EMTUO9TL7S','5518418DVNT','0',119,'593MA2Y','B6FRRWA','WAEO2C6OGKXYX10383OLI842GE','J8VDTD','T86DW',-110,127,29,-95,93,-104,'2010-03-14 02:26:53','41741MQ584742F7VI70KIO5194D0I31N0X3K4BHD9O1RXHVD','1996-05-13 19:08:25','',79,'AJ6KU61774TPCZYWM51','S9VCR7J030K7705H07VFPATE8353EG9Z',-924494988,-2012600194,'','QE4FTA1U28A914A4F5B247IB0F92SR'),(2045130308,'LYW64N7I0ZO0WA9GB04X0459IQQ4E7JH','SW66TA2879GDE1I7W9VCU96LN','','4LYBM47U81J54C7LEDHI5G6EQA5','6WS0HYQ7E1FA0XIC',8341534,-1594247567,'','8MS0O1314VI67ZEN0SVJ517SZG1UD3','375',52,'30CNU','M531R00O4686VQQC33U2QC104LNAU078D','','884E74EI','L7EB3G370X6',93,-4,-4,-7,93,-16,'1970-01-01 02:37:57','33','1993-06-29 09:13:29','MXVVE6NN',-11,'6D45W80M1','M61CIKFN9GPQC0O80G2OW5895HOS77228',5,-2,'O8BPK6338OH','L5YCH6EHU7GG2XFB2U56K930B'),(2045130309,'207A058L29KV24717D81XJA51','7H','XYL85WC7R72VJH8UK','FMNO7775T2F9B3T0FD36609439WX22V5D2','LJA4G103P8BX4RZC',-9,-294791348,'Y73MRIY16IIIY3K0RYJT701C08562','0G87DCS2A6R23L888U7A9646I75B718WUHF79HXLZFLIZKSD1CB6RC7L3','C5G9',113,'','TC0110C3MF88J79FK869G5PB7Z2I5J5FZM2OI3978E5','','YYPQ38LCF7E63QB4P632','M78NC6Q5QMB333YC098LJ17',83,86,-46,51,43,94,'2015-09-16 10:59:58','V','1974-07-19 11:05:36','ETJ17KBF91214Z7L26U852N0VR7K96XQ38034RKT58Z6TS8R2D',-35,'Q8EW266M15YB214C','Q8M939D0XH5UPM75CBL12O574WK3G2XK4QH6',-1653408939,-1087704353,'21LZ521PMXI3BP17Y2BO','2IB4G2060BIBS1455674TFDNG2SD7A6MV25E3S857IR'),(2045130310,'6F507O589QKR8SOK1','4ID0YDLL589Q1188G','12SZE1WIN4GFC6F979V2','BK692N1UW947324RJFY279B91O9810DB2ZT8G2FB46ABQH78INPIDV0QJTP28N5B474598BGYPUV24J22IY1H8080266','V7V7VVW9X37',-4724906,-22343653,'81J783','78O4MH777B1052Q3JF96NVU72K43A5QSS6N16','DDB',-106,'E','HFK668L5S5SH14MQKEN314W54497ARDED5939','2J40626P59P703JQ1SZ74P8D041187111I288NW757K2PP04PQ598HRS66EBEG215AUC1J7NME9D','NT','4ZORHGRZ045V0Y8B4SB51D77G6255CXCCO',26,-30,78,118,76,95,'1990-02-02 13:39:37','J0B56WX2EERGVHF253W75X9DYW7M55WP6294890N4CU0EG5LJ6','1970-01-01 00:04:40','80RUOXIS17KOEZWD3E13H1X9NI245228E08',4,'3V0N7H3M25N855T75N7EZR','9',-8593,-328460582,'84R6FM24GRI0SH73PC1869936H9MB4168WCC49Z8TJC25Y5X16J','19MN5T817VB9XH56Q610992'),(2045130311,'86A17I','QT07858W8L6VT02','C8C1CEONI5Y8XOH1SHK6P9L42AQI38VENX6B94Z','328Z2DKXYN978D949HEPB092933','3H43273BSISSQ283A',7,1,'W','RV1ML26G38I1PHUU9LHC1R1KTHQK8FYD79T1808D82GKEAC009K4YUL8451633H5J4R9Z87H46','D5Y7SO1',-85,'70IF0','O','95A0C987MJ0YRK9PV4D','8H065','UU8YJ0Q97Z2U1W229Q3D997621395',-88,-44,31,56,101,-41,'1970-01-01 00:00:03','T','1984-05-11 13:50:22','CQ6',-112,NULL,NULL,-1195125464,-6743,'12GJ7JHF1VRV97SMX02221A6P7S3AUH5Y5','XD75Y1Q22QY6WQIP7LZXGK14M070YL46R877VP3T3IYSZV63B1K7FZ'),(2147483647,'WN','704I66C7C5FBHB7Y7E51K9P69OP7IV2697N31Z39P2I','V415I4VY73O38CYK15S9W09P832409WZ0Y6A7','CJ2','XV42F8955FNRH5L353GQGWX591Z97A27888PUV9R',-7997053,9,NULL,'V1P7YK','P',3,'Y','520V9RU40WO6S170936YBC48','3Y69245AVD3V31','4640','543V899T',9,1,-83,-111,116,-1,'2019-09-01 21:09:10','26135456XRCXV6','1970-01-01 00:00:10','RSNWNBA2H5E',59,'0P9',NULL,8604,-161164243,'9P1D2BP9WT170Q0O8504444Z42Q80AX2ZB2DVP6H1KJIVAH6OW1W0X3S0Y2Y7IOIL453F8PZT5218L39AW1H076WRGD14522UHDCB0E8M026C3G9','I9T4');
/*!40000 ALTER TABLE `cb_member` ENABLE KEYS */;
UNLOCK TABLES;

--
-- Dumping data for table `cb_member_auth_email`
--

LOCK TABLES `cb_member_auth_email` WRITE;
/*!40000 ALTER TABLE `cb_member_auth_email` DISABLE KEYS */;
INSERT INTO `cb_member_auth_email` VALUES (130348105,2045130306,'SKB9AQ2722ER76',-52,'1989-01-07 07:51:28','1990-10-12 00:33:16',-54),(130348106,1014141186,'39ZRF16MX0N2B73IJ38QV842K20GB12069R88',-8,'2002-12-05 22:00:05','1993-04-25 20:55:49',13),(130348107,163516667,'WF5K0GT4PQER90V8V6VK2C8LF6SDS52GF7FBRHE0327L8764I7ALHN27AB588CB7O97N505Q7V6NY0RP1GH0H2BK10DUZ4921P0DDZ4FHCH3UXJTDJ72CB9XYL53HP7FKE6C88G2T679SQ7V56I6H9ZF6M1IE1HK8RB748GO9463Q471LP39A395',18,'1987-12-22 06:11:48','2003-02-05 03:30:49',122),(130348108,1830381947,'KRN26F47JLD30L9KP49X86R21PP5XT8S39748E70Y4Y09GFC1H52',71,'1988-04-05 23:34:48','2002-01-23 16:54:16',24),(130348109,731982475,'80551C',84,'1993-05-22 22:36:24','1985-06-27 00:46:10',103),(345096471,1228889551,'GY8L22H2X38QDP4W73916VWC2L34O9AR2X0U1J2X7813F',6,'1983-10-30 17:55:05','1983-04-23 15:34:08',87),(345096472,1830381945,'B0D5U841U3ZMDFO5999T6UYU88ZU8IG3D',107,'1996-07-01 15:29:45','1970-01-01 00:00:06',5),(345096473,378265033,'IE423903C8T80D060C9SCEFZJ3J69L6J5',-114,'1970-01-01 01:10:46','1970-01-01 00:03:21',3),(345096474,1228889552,'SUF01FL3',-105,'2003-08-23 19:58:58','1974-12-24 06:54:16',-47),(507745361,1417490392,'O1GLT0YICX8BJ499RFNN',61,'2018-01-12 09:39:57','2001-10-26 01:16:59',87),(507745362,731982471,'MWA90X1RFW0',36,'1995-01-22 19:24:21','1970-01-01 01:46:49',14),(507745363,1417490393,'1D9P1N44ZTAR62E63UNQNTJE4FZQD',46,'2011-10-14 07:52:52','1980-02-23 14:17:02',118),(507745364,1632238759,'4KL33GV4FJ85345BK5J347EZKSI8D9Y3N6TR2353U7ZSYDP6B4J03LXX2',62,'1975-02-25 10:45:40','1970-04-25 07:03:55',-103),(507745365,2045130309,'816O5942403WWZGR94KHF14WTJHGX0A9E830FQO3SW8LE9BH8CM2Q0X4TYCE784AH3IW44J0B18X6O01668J045V729',-115,'1997-10-18 05:05:54','2007-11-14 10:22:00',85),(507745366,1014141187,'SVUXO25829E88H901',110,'1996-10-31 14:05:42','2011-01-07 11:43:04',-70),(722493726,2147483647,'S9J25JY2HIB0M7I211BA9E4WXZN79G0TD3085JT529LVGDE7XQ96ER09254',78,'2003-01-24 11:53:01','1971-06-02 15:24:32',-65),(722493727,378265030,'6L7T1NY0LZ210890TN939E545YHYAPZ4S2I9HD',114,'1980-12-06 21:57:11','1970-01-01 00:00:08',-51),(722493728,1830381944,'IHBQ3U7031ST4W8K2550M9662A354VHF6A7Z366A1Z9NW',-124,'2008-04-22 20:27:46','1970-01-01 00:05:12',-3),(722493729,1228889550,'7',-113,'1987-11-22 23:07:11','1970-01-01 00:01:02',-6),(722493730,1830381946,'Q5211Q2J0245712300L15GH6GJHT70G2T8FWP30F09352S90B0D63O3',51,'1971-05-28 04:24:27','1992-03-11 02:21:10',115),(722493731,1830381948,'2Z74KX99WPO7Z2M1TK1NJ1QY4GP831R10C0V28VA1EE7A1Y3J5Y36HTE',12,'1994-08-23 01:16:11','1996-10-31 02:49:27',-35),(722493732,2045130311,'',-71,NULL,'1979-06-22 14:52:49',90),(965007701,1632238758,'82K4CHY89RGB81Y1M54U7TVE9MMP197QLE7TQ4A906RZKGF68HVKM7XDE0WHXNR3ZRC641N7CXMXTL1E21L7DDL1JQ8R',-25,'1990-11-20 15:17:34',NULL,123),(965007702,517234107,'3',-102,'2017-09-17 21:02:28','1981-02-21 17:24:31',-47),(965007703,517234108,'2FQ69VY2KMLQHBM1O1CR4VL12RAE9NH9671H47L254B615QXY099052Z88C3GE8VAAE62EME',-9,'1979-01-21 07:35:29','1970-01-01 00:00:02',21),(965007704,1830381949,'HO6UD60OY6Z477JL56Y9CS7K68YX9RXLS8P8I',-6,'2008-12-08 09:45:00','1970-01-01 00:13:46',-8),(1179756066,163516665,'28AGI6R453',-42,'2003-10-05 08:10:41','1987-03-18 16:14:59',-46),(1179756067,378265031,'8F9T0C20L',31,'1986-10-05 08:02:30','2007-05-09 01:58:27',-51),(1179756068,378265034,'BD',4,'1970-01-01 01:21:26','1970-01-01 00:04:56',57),(1179756069,517234110,'11T5GX2K33X15C9O7044M2D5',-32,'1970-01-01 02:07:24','1970-01-01 00:00:04',32),(1179756070,517234111,'M761HQ2ME',64,'2000-06-26 19:50:18','2005-03-23 04:37:53',105),(1328087233,1417490394,'',93,NULL,'1972-02-02 11:52:06',91),(1328087234,2045130308,'',-95,NULL,'2005-03-27 18:42:24',42),(1542835598,163516666,'51M24WBK16TS2G4TXM00M5MCWBHU64TIL2752V1P9FRY2BO9185O68Y75F0596631XOQIKIG',48,'2002-02-07 04:56:35','2006-08-02 03:33:39',80),(1542835599,1632238760,'2',-87,'1970-01-01 00:09:33','2014-08-04 08:07:39',-11),(1542835600,731982476,'LL40S',-114,'1970-01-01 00:10:41','1970-01-01 00:12:04',-72),(1820897967,1014141184,'G106U0112P1J7232',-99,'1978-09-16 09:08:41','1992-10-24 20:26:30',-120),(1820897968,1014141185,'ZYPB597G5139U44AXDFG738XN4PUQT04',1,'1970-01-01 00:46:01',NULL,33),(1820897969,2045130307,'29367DY3CNWE14109E',9,'1970-01-01 01:42:10','1978-11-18 23:51:07',-46),(1820897970,731982473,'3UQ5I836E7480QAZB5975N7B',33,'1993-03-30 17:27:38','1970-01-01 00:01:22',49),(1820897971,163516669,'85ESNZP0H8B',-59,'1981-04-10 21:22:32','1977-02-26 16:52:59',102),(1820897972,2045130310,'AR998V720XGAHZUMZYQ6UTI20X2NYD5WJRZD6148FKTONTLI8O5J6L9394TZV07HJ1D',-74,'2004-09-19 00:08:24','2004-10-21 16:56:20',-9),(2035646328,517234106,'37UB6YN48E6T86CH1OEGLCKCKCW977270SV02M3JA056DFHA4LF3O89BF5W29YPR58007YL605YSPUK7J',44,'1978-03-23 23:40:15',NULL,126),(2035646329,378265032,'',-77,NULL,'1970-01-01 00:00:05',46),(2035646330,731982472,'V967273GR043270B6700N0416XQL6XT818U3',95,'1970-01-01 02:11:38','1978-08-09 16:56:14',-82),(2035646331,163516668,'HRT4RPJ238J32ZZ6V2D6144583GK73BE2T676D7D5825VQ9N77245K1Y15OK8683WDMF11GU54O6C4Z9J02G8J0HB63F4WI7A2',66,'2000-04-09 08:05:51','1990-01-27 03:56:40',52),(2035646332,731982474,'SLAISI1FG45DE464ZDKTO8VS1R3YU583',-114,'1970-01-01 00:00:07','2016-11-09 05:09:12',77),(2035646333,517234109,'F5645229A6KM',-25,'2014-02-14 11:27:27','1970-01-01 00:10:53',100),(2035646334,1417490395,'V97992PF86LT',-27,'2004-07-12 21:29:27','1970-01-01 00:09:51',-5),(2147483647,2045130305,'9T9RMJ3HGW88G9S13RR96GMU32616PFM',-80,'1970-01-01 00:00:07','2010-04-04 16:12:40',-40);
/*!40000 ALTER TABLE `cb_member_auth_email` ENABLE KEYS */;
UNLOCK TABLES;

--
-- Dumping data for table `cb_member_certify`
--

LOCK TABLES `cb_member_certify` WRITE;
/*!40000 ALTER TABLE `cb_member_certify` DISABLE KEYS */;
INSERT INTO `cb_member_certify` VALUES (70343998,731982471,'U6IDRI99215PL38260E6931S4BTKLZS601BYSI01A255V8E9X5N08L58B4BVJM962','1981-11-23 07:52:00','I8GRX326',NULL),(70343999,1830381944,'0WL72OXSN99S6H269AP30WINKNFB8VEP6G','1970-01-01 00:08:39','6',NULL),(70344000,1632238759,'EWB6J1A956Z2111FJ96378Q3KKZHXAVNI971UY2L2PC06QDI','2010-02-23 08:59:27','4N8','V2FO1HD51P4788TY0C62WO41300F'),(70344001,1417490394,'95909DS9199QA807Q2457O','1976-12-23 00:01:32','DE82G329SR','84W4'),(285092363,2147483647,'',NULL,'H9P42AX1','KI74F7HUTG504Y3A0Z'),(285092364,517234106,'1E2ULI32U20R773V951UA11EI0XW','1994-12-08 03:08:40','Q4TTAJ5E0C99G2KUKY009GYW66OH86M7Y3L9283W05F301HPX4','A'),(285092365,1228889551,'368O2N07X98AW01CC1R747I0N2021707E69Z2','2016-08-08 13:26:18','8434Y4EQ','R0RBL21FVQ0UGV0I0B839ZD'),(285092366,1830381945,'TO4LP79','1982-02-20 14:04:18','SKEJ6N4O','662TWSX3XWEMA2Z74'),(285092367,2045130307,'RVA2521477O3154S21QC1G98R97O66Z8R5BX499V419PO1E754XV7RSK3HNF76MW85NS27NHJ9P3V3NPTM1QY','1986-11-02 19:53:29','ZEBN4423F67',''),(495443318,163516666,'DX04WV2433ZO2I00W4K5R6X10EBH2KWN','1970-01-01 00:11:44','2968927DRL2V849457I59SWGARIBFWJ9VG4AT69GS1B9','LB3OZH'),(495443319,2045130306,'L18YR5','1980-01-31 23:06:05','HY',NULL),(495443320,378265032,'',NULL,'',NULL),(495443321,731982475,'08NMQ6A0','1970-01-20 22:26:30','PD3W','76H5PR7JIJAN7'),(710191684,1417490393,'G2EL7MSSJ2S7SOZE4BF434WQFYTZZU','1995-04-12 00:00:58','L59415Q9NM81C3PCQN3NQ6NU60NL',''),(710191685,1228889550,'X7VL349C41A5WF1PL67KCLA565BI3','1981-05-21 09:46:42','Y9N9RU7MPA5411F5EZ21D7EDH51',''),(710191686,731982474,'U12IDO78S1O3','2013-06-01 12:13:24','A308IR',NULL),(710191687,2045130310,'O2G8209ZZT4','1970-01-01 00:01:36','AM12B6RLK7814ME','OXE4SNP410WBOB497GH646Y12U136P495M7E0A6K3485WYI24DZ4GX8P46ZL2YF8VKSLQK0VV4UKDP9E6T6SIF587345W51L1I7A32'),(948533075,378265030,'4850841D915D4H2S6121R35','1989-10-15 12:19:23','8UT6TC','647L9UFGH92M69I72R4W5J4O930LP41B85FYGH2Y847YJP77169CT4021Z317XF0IF20'),(948533076,1014141185,'310II7XV55VBYMMU13Q62H2O61','1970-01-01 00:00:08','9','R2OJ54UH1OP2VHD6U98V2UQU6WLJ5UAW'),(948533077,517234107,'D85C42','1970-01-01 01:01:33','XY20',NULL),(948533078,378265034,'0M466BWP54PHH4','1992-07-19 13:27:19','098SJVPFPM04J4','D50E9D36QQR6BGJB6T97VA'),(948533079,517234109,'',NULL,'7I3827221','76QA6TK3IXQSPFGX0D4GC2N3PN55E86'),(948533080,731982476,'5BS14MVJSVELZ287Z85GO0ESMJICI2YL80991U8ZW822X0M9QNPDSVC','1977-12-25 09:44:36','4SZHV0412PY8NC8V','VCIT4Q'),(948533081,2045130311,'A1KNGV878MW98CHB6LYMJH3HZYTQRHKGX20D78V','2008-09-02 02:39:48','J84P1','9DSQ3G'),(1163281441,1014141184,'SY29UC48L377KV11J0L51IJH8OS9VW3FQM3AZD7236487YOF38FPS66IM1','1970-01-01 00:40:54','U2LKK83I4CO09',NULL),(1163281442,731982472,'IG15SCUV7KGU7','1970-01-01 00:00:09','803063RZ53',''),(1163281443,163516668,'',NULL,'94CZRO0MNJR8IM','03KD0QDQ969QVPU591HU5K117AAM5PH6Z2H0KK6J'),(1163281444,1228889552,'YC2DY1PG6559YJOKPH600ZLW6PE8D05225517K6W1V6O087C71V45416L7Q3T6KWTD9YF4Z7EDXVE8VW33PWCM0C98','1971-02-27 16:34:04','ADRU3M806M912J4LXF03630','V7E44E863HUNK2'),(1163281445,1830381948,'V79Y79A7U970AK475AOD77T262YA93WB71F99','1970-01-01 00:01:16','L03W4U8P918YV0R698L5962KTQIOMDQ24FV4CN6X95Q3C9I8K2','0A6593412LL1U14N9HI4J05P620SO57JW57RXXJ612C8M3OV07X806177EFN9S6WQ9DG6888Y6'),(1163281446,517234111,'4P41F','2016-02-28 16:42:12','',NULL),(1488214183,163516665,'P847FXTT88872488Z3K9Y67L2W9HJD486NEIE080J476LQ74600CNM5AKO40D9Z','1995-10-08 18:00:56','2XBYP75','850UJ8XC'),(1488214184,378265031,'B93TH','1970-01-01 01:12:35','Z82Y6H18EBCC82SY658','P1E86989LR0PIX3K3'),(1488214185,163516667,'2QNJ23097J2O5ZM','2013-05-09 00:53:01','1B1Y88I2824N9F6737ME','G9K1H41XI7W99013O4TP591B'),(1488214186,1632238760,'D84AZ41RVBY5D1TSII0NL35P7EQD3T5K1EG9T963TX0F2O66PKJ215ZZ8Q3VH8E54926RDS0H0Z8MHPOFHSMZRV6','1976-02-26 23:02:16','RCZ2V47E007I52XXZCPGEZ0EJB',NULL),(1488214187,2045130309,'BJLTD43Q1340972NBP706J','1970-01-01 00:00:10','T4MVWV64JQBL956036593115J60Z8K488RFY9PIE1XZ1MW87BQ',''),(1488214188,1417490395,'64W3229QTF9ZO3LXG6NGYT9PP7P10L7L5X','2003-06-09 22:21:46','J49','01XQUY6O9H7997DBX5HB1'),(1702962549,1632238758,'83ON367M332C7GK60Y2RRZ6236S2CORV22N3UKH7YOK9','1970-01-01 00:00:05','','0L18ODO43KX9'),(1702962550,1014141186,'C864X7T4W395AO69RE608J5864E07','1994-01-22 20:00:59','',''),(1702962551,378265033,'626SLD5K1N14K8','2005-02-02 16:24:17','',''),(1702962552,2045130308,'04PS3Z960OQ5P9Y8','1970-01-01 00:00:05','3U1993M6AF3OIP',''),(1702962553,163516669,'G7ZM9PA9S9RL9K3723P8A9VG1U1876X3CFR4XQY44MOR7684L3IV91WCV3SNX740795086I15YP5C0630CV7BV','1999-03-10 15:48:58','IZUVGC4K710GC57FQZZ8FK6',''),(1898979884,2045130305,'4IW','2003-02-16 04:24:08','0Z',NULL),(1898979885,731982473,'78J030P021K100R9VQ5U5I3G9T240ZS8HQ5FR91FM609TLI0Q59XNCW839SZ358RV9','1990-06-01 01:12:59','E7LIUT07IP762GM7125','0I51LTXIKVD5'),(1898979886,517234108,'3A6M42S0W','1970-01-01 00:00:09','7O5L0DX899TBO8S3XSOKZJ34UU94D','9GD5VUJTZL6783166LCZ9Q8Q80BY8RAGZD71S77DR2R96GI13U1179711ALZ03M35O512Z23B40RKF2YCFKPORQS64R58160MQT7FL3VD'),(1898979887,1014141187,'R2QJ58UYWI','1970-01-01 00:00:01','TPI8ZK312GXR270XZ','O7UK4QC3H0G0E7JDWQ55C44X1UQV566PVB0X438F4A8X5T646E8BN8757M68966O0'),(2113728246,1830381946,'',NULL,'059H2H992GJO547MP2R6AA90214W','EMF04M8ZF4EYA9HAR1EW4VJO3T670'),(2113728247,1830381947,'1O6XT73F93EPEYR20BTNNZJ1MWB1C8C7409KK8084F86Y6REBFMQFI','1989-09-03 14:09:05','2JMX9HG1MW',''),(2113728248,517234110,'D39371X580FQF97XB6NB7DJP44A3IFVJ12QHAFVK5DF8315Q3T0W9JD7515Q1VQ1TC127','1970-01-01 00:02:41','','39T226NIWCTH994XW21RLUQ60NGZO0YL4LK1SLFP'),(2113728249,1830381949,'ABB9ZC28S3PA2AV5973N3L','1970-01-01 00:07:02','48P29ENE9I156W9OSB20B7GQ','7PI31FNL03Z4435ORPPVRDJ1AZOQFU80Y07Z4GMJG8J'),(2147483647,1417490392,'C80O1JQ6FA7GKWR6W3M45T38J82YR4K493S69188T','1970-01-01 00:00:04','NL','X49AA7');
/*!40000 ALTER TABLE `cb_member_certify` ENABLE KEYS */;
UNLOCK TABLES;

--
-- Dumping data for table `cb_member_dormant`
--

LOCK TABLES `cb_member_dormant` WRITE;
/*!40000 ALTER TABLE `cb_member_dormant` DISABLE KEYS */;
INSERT INTO `cb_member_dormant` VALUES (163516665,'P9IACOTRA0T19D','6H1WK','TDPW','WH470508','4OFAATWEW619AQD8E71B4XDD8T01G17J01RN1',637734,-1786135770,'5','5UX9ALJB8L37W5T611DXI8N246313B21WUCWR72857AQX3S1YO1I96DKLALWM616KSHO15O11X0G1K7934FEBF9X6W91ZC3RNXZDZ7Z8L3B5173YH9IZ78HPP85C678354G09VQ48R2WM8UYOWVG488','Q',-119,'9D','J5Y14A8661FV557LMSSE740REXB39TK1N6T','','UN3WRQU98L45Z1PW7A0D5SA0','67T67M7Z6ZK5YG2H6PS8891XF4ZOX42W48777DOD9896OHL0Y3BRDWA8S2G4J7YYVJDYIG6FJBZW6T8QD',-101,-26,-32,17,33,-49,'1990-01-16 05:27:26','S419','1980-07-07 23:52:53','1G',49,'7Q319',NULL,7787,-1401959390,'5Q2F9D73UKAFMQD4B46EG95G4FH9LH2T5EXZFR6W4L4317W0X41O3MN5B25I973A5',''),(163516666,'','58784U','8E4DCQTD37WN4668','L92','6N',5952430,-807742546,'','0Y70','0837',40,'MU','GV1TA8T1E416KR38','','FN77O1YTGUY5OG4N33D4R48CFU8','P7S7UHWSDI8',40,-86,-119,1,-83,-40,NULL,'','1970-01-01 00:01:18','A30JN839579Q6UD415WG66',74,'3F','3',-6701,38,'505GEJ3LGA88MLAS4A69619M30ZZ7Y8EXW16K75GW70YFG7T3PUICZVX042O','Z72ZH8QF264UJWE08V4172HS8CV554PZ2IAAL7570J325H9XGHJ6H5F9QX20L715OT09Z'),(163516667,'GZ6PP9','18X759K76W6DC94O53MP72JT','80SC3DQRZ4LUCDA0W6K57A449JV9ZL8K5Q6ZJO9ANN7JH54T88W2U7B3HW9P60O9KQ96C832X6O5DN8NM6120NYAV394T86I9EU1FE7TWMDD974723','4G8DOH43O29WO725902PGFON','1A1836MU6RZ2P0E95X95890OLGR46N2N2AB7Z26PH0J4361JT778K89I',-1430081,-1637208641,NULL,'03C5360840AY9O4257E3M7QB6682TOY1TM1LUOY2DF02VW4G94O27','Z',-27,'83OA','3L6919LZ5W45GB6022235NKE25X453RLXK2WOUFB','SZ6VB743S95CUPND','5B0995J8PW3','51EKUJKN458Q49QLK147489ZZITJ23M88002F94XZ6',-109,-20,-66,110,-92,0,'1970-01-01 00:00:57','DEAK','2006-08-02 12:56:09','55K12V06X7A23ZT7UN6OJ',-5,'E0H48G74QQXTPCC269B8MA09968NX000VLXH26I700YVM','22KA34XGPU',-468778328,-2115401686,'7DC3','22626MF1E03S665YQMJ35R2PF432CE129AB176Z258MW55F9LZ773A9L1J72Y19'),(163516668,'CCO26493521HGPM5QV3V5CT48N0R0YA2L6LQSLO8588M0F85VW3GD5HL','PA81BJF859X65J04606G2S6194VR2','QW0ANR0638465HAQ717GL7GIH6444H3','55B6U2YE6MSC6W9CRJ6AK','N5H91',-3823672,-230316088,'W','V786M148N709G77N7W527','1M6Z5Y1K',64,'V76','YI09W655U76GW58B579B9KLN','P0P','C5O1G447S32ZAB2E9S1K1BFWLZGVSG4TLW3784Q26IF8','',-123,6,-5,-4,-97,126,'1993-07-13 06:01:02','4H','1970-01-01 00:00:35','BLV',104,'1N6M020WL04L4E9HWCH30412V4587I',NULL,-548578329,-866840570,'YS54S46E6C112H',''),(163516669,'Q0OSU12UZ940I159777966140892Q','MJ54510B71VFAZW6JIRN01Q2H937H','7VJK9WFE0HM13PJOX06KT44230XZ19BN3U5RXB','Y16RNDE08GTOWXO972K5VXQ8ZHGHN0B70HX0Q47QEM821HN7I75Y6PDIQ1BOGZKG06PF13K803R7CT6IM8KUE5J9466LZ0H2S9Z5','476T59U7W45S0773QQ8FDOG6XK88Z5AZVJOR5U8HRN2R7B7DE02P63E0D8C7ZO2VP5F8PH3J910P84Z5924XTZOQLPJ1Y2LW9G3K',491,491,'BY','','687',105,'C','120ZI5865XW1QG04PFNI288G9Q7167E192O9C9SA803W4JQF','SS5RMW260WST0B7VCUIV63B7F362N','O5JM1IQW3FB8JN16QCD22HDER556V1LRQ6E7D6AVB44YW498U1J','65YGXJ8J6O2EHXUO18LQHM37F',46,-82,111,56,31,90,'2014-03-03 08:38:12','T5BF2','1970-01-01 00:00:02','BQNPMFFEJAFI82Y',94,'9P51K8YEB5H1BPU88JPYS164I0382496WIV0OMJU0O3R41OH91Z','E',-1138173116,-1266463954,'4XMBD4S86NJ4K3B16X87','49486B8KZ62G1W5IL78AR5K0R2E'),(378265030,'64E1738','6MRMEC2D7V2QW4G52S7861A877NDX2LEE802IU4KKS2C77594EHW5U9D4BY811','DUA3W1H4V295X158YX9F5DTS6X8HTTDV9RTUTA','E','3BQ75P9E0S4AA96943Q',-3747576,-381234936,'S3UKQH1F1F36M3E','','51WR417',84,'30','N6H3415466QQ1882D072QGA3062N93EV','EG5','K25H924VU7BSU47D1S9H041S2MHLK8','3000VT7HHXB2TE5C90W8G8QG5ZM1FI92IZHDZTM8X7T08AT064970277BTAE660UIK2X0C7',-4,-17,125,96,-75,-55,'1970-11-05 00:47:15','585SH466V8342D2H3QIT221IK6DN2L7G37J5UI33P33P6LHH9','1975-08-05 00:02:12','U',-5,'','43PUAJM5P766VS4344749',-1573638895,4,'1997SY47L1','EY7'),(378265031,'2QS0','AP2B680I0H5O8K1VZC6PX7AC9XSUD','9905KAJ9O8AUYP2L0A3ZCRART4U','FYC6','028U04P92Z8290818V',7919060,-1862740524,'3ZO18X4681233','8Y5P7889Y9F0H3S4I1315L2FFM39TS802GS496LQB29KS91X3192PT3QIPP396O8','DR8N',-106,'03E','8','C0K4QI1FAO38ND444452AJH1KSIQ42SK99FUL4CERS96NI323773M8RD4QB','85E723MB0','ZSB6XFL1YL3V',-63,-79,-46,-113,-4,66,'2000-02-05 21:33:56','733P97EE422TG322FFJN075I6GISV21','2000-08-11 13:22:43','',-119,'','HMVJF9',-4,-43035611,'NGK25891C3GZ1E23290X90O2A746I9IPTPH31Y4B7','1R37Z'),(378265032,'1GKO37','RZ4189OY774R8','71JI6IFPM9L6Z2KX','70F','A83',5663995,-1831441157,'2X86WC6R64SPZET360BS8','','VUR45P908',36,'0','B1BT0QXRJ0','UTSFPCYYZ997','SB6LQQ18C8JQ3TM97MXGJZ8O80NZRWZR3T8L189OE','10XP3XPDWA16G89X914ES623D8BS446Q70',-14,-3,115,-54,46,-93,'1997-04-22 14:56:46','P0DSY1G77E2J10XQ573K172DBW0B3L5N5IKMGSE415HAAVC6N0','1990-10-30 04:01:22','J40T9OWJW80E5NFGR326Y721V341DBBI2F2C735YXDJ6YA1ILV',-7,NULL,'6677T34JL0OO7929SWK5FN5951K3932X5CE74T572F0BFJ2',-1153224669,-1142226468,'63L06E7BI53HPNWQVKB69B468A3DI5W64626QHGPANZ5OMB7VG8Z79754I8U0O82R428P1LA7BS2A835726DHY50VBOL46Q6','B488409366R5L7481AXL360FO3SNB8774CY5185VURD207W0766VU5WUTZLH83U61YA132H7'),(378265033,'ST15CGOTZ27F','6I89A102','55G20KTR20TM1U708N108603F','298','24D9B1FU3Q06D0K534',6166609,-287434671,'TFLZ05291DZ1P7JQM9B9I13OV7J88O','A01GYA5L2H306','0HYYOI',-58,'X8I0274','V23UZ3393G5','5','JOKSBQ2YN1K5V272MK80','6586',12,92,-13,43,-15,125,'1997-07-28 22:37:28','UL7MQ07RPK0984','1972-03-04 11:59:02','7',-24,NULL,'BD4JG2',-1095718032,-2102993660,'09R0M4HXZNF535K3AI47R454A502C5B0HGV89IS36ZF8259Q13326','61S05YAS6YXLY35B048W63CON5W27P5NHC2ZDFVAIGZEO1I'),(378265034,'61F8GNDU351K99TWVK4HG5LC9O6L1','5MX27950CDM1A7399NAQ0L9DPLWLBT93156O8TAA4LF20TQ9ZVX3A320','O3883H78NG8E','GN85CHXPUA0B140O1','90',81,81,'K36KNEG77A91ZI3F4AD1R6X1','S353PU2HVE52','',-63,'N','J55M','IEREZ0M0IN66231H5D4NY11Q9Z2SACY8M22T1J','0OBQEJ0I2','E7VBL96PU2H3R823AS323CA8SR0M328S3WG9',-99,-52,106,81,8,-104,'1970-01-01 00:00:50','LRU6005ZMV491CFCYJL7XO4458806WA42EAN','2008-05-14 22:26:14','633F5WL',-68,'G9','',-2117768274,-14375860,'',''),(517234106,'TL7CG9Z05VTE8ZJ077FIRCU556P916RSJTU3X4O25Z234403UT8652','2654KKX1XUFG26641HOK4O','2N163G47R7FLJ87BL11WDS85C8UXZMJ8MBU5BMLLZN8784J91','','XA7EG75BG585PP54UF7Y5UV8UVJUC6YIWT1W',71954,-1182721774,'','39S92IO7254TJ5UY7AD990DG652L975V3KQW224W3V6','LG87B',-110,'99Q','Z3X77ANXQB3A3','ZQ7C26M3EHHW','9APXL8I7N6CGJ9UP5O0P0BRY2OPQYTLZ1N9P5YO','4',-29,-35,116,22,86,116,'2019-08-04 13:12:58','YOI9J01G2J613KB54XO9QF','2008-06-14 08:13:48','0Y05D43QC8A59D62UXV1426M5O0TME638WX93XGG0617296JTR',-103,'9BS731B7','8FMY8',0,-567755427,'B2CS8290','JA6GP'),(517234107,'P2DMUIB86850Z29T','7H7L4C9H87MVV247TZ7EF0480D5CI2','H5DLO12E8M0A2W73577G1Y','CTP16790419E','8F1H3CO7N1AXHN',1615890,-359094254,'NJX','9WHN84XYI','KH',-47,'N8SJM2Z','DT3AG4JSJKRO26GN19LC5WHEXQ757X','CO109XNK6938C2M79874H','E360V3O84I7GEHF83X8NC94QY105DE23058I021Z','W3JH24PN01P29WZAJ6YHIBAZA1T03XAZW900Z5',-16,-124,-74,-32,-84,30,'1970-01-01 00:00:04','3DX8TB6','1972-01-04 07:20:47','P',-64,NULL,NULL,-1275917086,-1870587854,'7841159Q17','LNVE33B96K275D'),(517234108,'338KE5JA8AJH','Z61KYXA59F4Y88T3LBK3LX22S','JC926NPZ4AHD4PJ568R85NF99R370H3D8Q2B8VAG27Q10','Z93ZEMGQ2DSI28WG88HC0I','V45IYFJPHGBQ340T76T8NJ70NODHL2',-4335568,-1170352080,NULL,'8UT1TBF9392','4BE5',19,'UM','E6VW6A35018CU8BS3Z2H97NOD4OR9P20TJ8627877617J6669PE3AJQ25T8SN3A1M8DNA603CG91T6GJB795GCY7932JSCT8K5313J30H20FN9F8BAMDK774NWPITVX7V712','ZC4756CKFN4C31R5GUMLSNX9I4516NTQ9','5J6JNWBHVL4096','1QS924H18WRD26S75MND4O93M1O23NHM158CYBY67',69,-19,-76,64,16,99,'2017-08-14 16:34:13','ZW8QD6R74F91Z944G2','1998-01-04 16:09:47','ZCG27E2CF847LMW34COZ4YC13SLZUF8286HL18VE9Y714',84,NULL,'9YWD9Y2KV7L2J9',-1290281031,-709327514,'R1H8R8I12I367WSH7K9TS88MP00I24','HLL7XQ90AG01D93GY937FVW9UO3C09GH'),(517234109,'64OV71XBBAW9Z0OI5QAR716G53PK4JY3RFCID3CA2AN86N83W0J6UC8M4CO96Y7954Z','L7G2ID112GECC6C1Z3J747EFQ765J805F','','F7742311A247TSFCU9H28J49H65567BN8648DRSG1GOBLUE71','L1',-4817998,-13206606,'38MDS25NEGSAB','6YDC4D14F17YI899T3N1803TRDT186B50634F9AYA04K397QFK3B4YIP16RZ1F4BF835E8Y6ZL1HS26CI65VO1F0I62597FSL83G24730B6A613IO99N354ONUHKOS9S443GM7VN6Q29S8A1OJYCWN96','R',24,'6UFND0','DX6AY33VHOG26B6DUU8211LLAMK7KB04','842T877WT6SJ0ZHFR1K7P9T2','ZKQ6YJ7Q9RW79M95TPB9','84L8',-32,-64,-104,123,20,-44,'1970-01-01 00:00:09','PAX','2010-04-15 04:51:47','',-70,NULL,'VWE0V3GXGV5DS6',-1216999879,893,'N376Y39C0Z2S541H36R0YENWU98J5T7NGBIUF9','3U1N780X24NJRAHDNNIR484AB45C699LY03MXIR5820HX1O5VP4783M9ZIF1420PE03314T'),(517234110,'162RLY1964GDH6G3C25JQ2LJ1EGS20WYRJCR9SDJ33U','7DB8C','224WLN4N49TJ1GGGB5MH6VB775WVBB473RSBJNBS769SW45N539DYTN','V442K','P6',3828449,-1178965279,'869OO','66WE2F49Q434XYYHIB5N4HR0J76PF7339','18D2',1,'WF','Q9GY','45NPV42028','W343JA38K','',-7,69,-112,-116,-2,-90,'1982-08-13 15:58:59','410XG7RN368QZT8333Q','1976-02-26 08:05:46','48VUPQQK5433OLPVIT6QCC7080YW',6,'49I1QV5W043B23DT2Q41R8105G6L0966R90Q23B9764JI6','3251CVRU7L134A476XJYS',-252392611,-446551306,'HL3AL1A0776SWW','YX51089G91U2Q94B2JZN6H5N4WWP7'),(517234111,'HY26ATYCBW2B2VKZSPBO330ABWN','KIT','0','YWLV9563B','8X5MV7JTFO1GMM',1608307,-1181185421,'36H5W793Q6UI91K4D72BF0920718N384YKU748FS0N9LK173X','3F93X963N52V','SA86',0,'7P8V5Y7','6145B1I46I286XHJUX','E1LA196NSL3I87E4C0A7TUUE7QSJUJQY09E91BQ78V4RY4W4N9GEGO0ENB9O9454ZT6DCGDT7X65M0294403K','8RS62RBM3TG2YN5','PNT9K8',-60,64,-63,-21,-7,-125,'2011-04-16 19:00:18','565ERFWFA0SCCSDW5N5E31','2013-04-22 17:13:18','',116,'9OU95S7A189F2PF29S52CAC8LRP1ZAU58546HI1IX784871LJ6YB0I625EP2ANO091C91',NULL,-61950,-1282905664,'K26O6QPL8OLLM68G5L7','X144LT7M7GH666X121E530'),(731982471,'N','5789B6KTC7YHN204O24YO8SRSUX80832FX67ISPWPHXSD5DY495J','07DD56F2BF4Q99N704H3OCH0C9RV6','29C1AZW55XRAW08HG','',-116,-116,NULL,'7UZK76DA6QL1KKSWE0ET2ZU5I59X1W9E3D3J6Q9DZ9389I4GBT42M6550819Z6QUV3J9QWXEEOUF1O5','0DVZ99B3RB',-108,'0','5C63NQU662RFRH88L8232V2NCVA038XAR40ZAJ35Z1J9PN65452V28HO02SK15516FL778PT675JN9JQ3','KJ5AWAS5M8A4R557NWUTI856S1Y2U4A1299EU7','','72Z75XR8K0VQQZ',34,-103,17,-114,-8,-30,'2011-04-29 15:27:00','9GWE000SWX26C2','1970-01-01 01:51:42','M',-82,'BQ9U9RJ6081S506K4GAFB7Z8E1ZC042U2EX4X6T4OI7I7KV25YTQ','R1P6905JQH878LB6L9M1XPRC774P46KM7JDMK3X80V9Y9DH51S45K40HU1X',-15,-1280462994,'P1','6VU299X7K52J4U4E2N890BFDZ8O8YRPY4E337OTE0TPT80R870PU109K0CMLU330X5B74'),(731982472,'P039L5590G5OQAL3DEE18NN36RX1YC6F5K4Z8CVA0304HW6S','8DD5K0K4T42BZ8V5G40MSF2SNJEYP15002HS60AHU17A4GGIN4F2FC5949QRYE6VJ9F84KN914G9W316W3C','3PHO8TQ9SS56ZW95LQ9I56W2','','Q73SC',-2050662,-1050626662,NULL,'0823360Y3S086','H3X67J8',36,'U25','7GA82W4KQQ793S617Q474164T8I436M1J3I00ZPJN7HL096ER2IB261J4A6YDSY4Y38WNQ8E788ZXFJX9N5P770LZ180P644NZ34016CC8M5Y17405Z4D1F65','H64JOSU3V','TWK1ZMDG339AD4IDJ297W3CZ9Y84O8LB73TO7N433','6J',69,56,96,-41,1,30,'1989-01-12 20:58:12','K6UPH31LVZ1','1997-04-20 22:51:45','QSA3H77CZ8LDB2B8G5X2SKO22T0GYP0HYX47P37',-69,'RDA1U4L37AFXO91TF30T9HO0ZQZS6K2B923Q16K47AK934Y8MB05R58M476587VD9SFYTA8XP3','3',-407804791,-1036083192,'T7599RY6K7XG571K','S21LV888ERAE1R5TF'),(731982473,'C63HLCNG64','281J5C91WXNDDH576Y0Q0040WTQ','3Y55KU161DQOWUXGG7HX648OSSZDUH0J3V4V1HRY40O7OE44JV19L0HMGWJ540A72L7','5J0CMFRS9P66FT4ZY4Z29359R43','D2N8B7KI3IAG32',-8154753,-1190948481,'9M2WXK68G34S00PH','','J3L2T94',2,'414','77HBT6832F5MLD2RZ2V7H69LQVY05X8YVP2CSBOWO569RLH8L8H','IJKS988WV41K8U97T85Z1VZU0TG118PC6CW366K','55187U5IG2QJCXR8PLQ4P9692VIZ0HBHX09S163YSZP6GZ9TR44K3O4GP6EWH05XR9G3Z0DTG50R827GY4HO7M11SAN9R53659HTRQLF3X6Y5WP5R0T8D1215','H3M5Z0B0CP99LM8',-36,42,75,-103,7,105,'2014-08-23 16:41:35','4H5EP15H2','1994-11-12 03:21:07','',-42,'CP2122L','XD84P5C0IQ3DP3',-964901420,-1127039550,'','MAZWS609DW'),(731982474,'E2','3CBZZY0','','MV65E60J5R848GAQJC567C83388298VT30251XFR429FKHY62OSO0C1TWJO2','87EMVSB918G1Y8O3DQ005DWCH1P0V15V06CAD7D8G28PJ059439ZB6J3WHW2A037602N4JHIP7A5Y',5202671,-2016451857,'K1L0U5','WZQ2N0N7HV328T9Z2MIG94ACRB2M7L01TNXZ0UK85NDJ834X0S','E',48,'48','214ZRFCH9HD','97JB0BTZH4LH','NX22TKR2I9PZFZ5J32AQX4RM5Y95YRC1ESXSC8002K7O1R55654L3QL888P23Q49TOR230','NYA5K7E7MCFH080Q7HJBF3DYIB9Z53L7PK74K70B',84,79,25,-23,-33,-5,'1980-08-03 23:03:21','1BQ5NULE6G0A1Y6RLI1VB1SRKA2CT7D','1993-08-27 19:33:09','90J6',-73,'XC','XGL8TP695PT43MLEXP53',-38878599,-975389710,'','084X5X8P3RZUUHV64Z3I9CLCJGE7P74Y9N1GWE4MRQM26Z2I9O3E514FR'),(731982475,'MFJ0GU6W37216','D9K9A9D92K','A75P','5KBEK51','G3370S8R8YEB8UM319J0SL43N90SZ9M7',4958,4958,'E','O1CC07','B2BQD8',93,'Y287','3441V0S7E8Q','29Y52T81223Q0J1YO9I14553QMK1P78N4QY1','I30N7LA0ZT7PY5RUOD7JP07FWYWYRA7PQE82067','3N1GF884',57,42,10,28,0,-35,'1991-11-06 12:50:54','75','1970-01-01 00:07:04','IF66Z0G6SX7N646',-98,'','26CLIE69569334U54',-1850260838,-959773731,'98K8I400759S24U60O706NU656Z','9R6'),(731982476,'','','706C65853H5UG1UFK428WS6R25657L','WQ72NMXWA3QLFM1V3H01W55F4','X66ON44284SW14BI8CHM8TYU2UN3Q',1623098,-1768373190,'9Z35C96IT6XCRE9FJ3MFW36XL5C4067V6T153K0E9R8LJFX056','P9','H9',-35,'5','','XQ7','8','Z9OP09P4E28WD900G1V69593356R2C',-126,-65,-1,-95,-7,32,NULL,'77',NULL,'V879SF',-93,'A98X5720A39616814P2T700','QO256SI5FJMM1O7LV9N0F1Z6X9QR88TV6CMZZ3WCDKAI9W0',-616873151,-915889345,'H4F58N0787Q4G3R4VE284Z6X5N61BYDCNC4E37BTQ6G8L651RH9V0TZO8882NR26','5'),(1014141184,'A07FZ0T8E41','DU06SW5S8XQLTMAKM3TDTRGH456TFD52BWTHYKXCPU58Q5AN33800NJ29NOD66JE9F6O','HRGQ8NA16DYW3VFXX9','EJ2F985','01404888M7WDPPA0APM77ZC66KGW1P41',-5740964,-165124516,'','0','HUJ',-68,'GOP','SQ66118HP0ERX333YG94LQ3TC4Q01122OM8J3SF','84IGEUK','W5X1Z373','WJ905P34O6G85XFO4KX',-35,104,127,121,97,20,'1974-05-08 13:40:12','UHQ0OZ22A2O37L9HIH','1970-01-01 00:00:02','L776193NN5324AK',126,'N62Z89LUF76U2512B93QMIC83DUS9VU5IT8969RQBH7X7CB4P6DT87G98K0G12W3U4L805GHH1P56Y8TA49259J7G28I',NULL,-175029393,-957159279,'45B356','3AC2X3SX53E5U9N'),(1014141185,'M39UQ91EQS4ICE6NKA4HO24A9QG02FR29T','EW','050M','80WV4XH1SRW8','Q214NBX35859K0HW8656Q',-17338,-562054074,'RC3Z675ILTI681HR4T0X8RN4EZ549056QPAK7VW715V','XK5D','1OSPM',-120,'2','EH893','QY2PE9MUYPB868IXM94S6XQ5KUZ8ICF19S5MD43W4G7H80C1JEW1SP020205Q41JV4SX4L','57527GDH86W996878BL2Q7DRG6X585','',-111,126,88,-24,38,-102,'2006-03-16 09:40:07','Z05N61','1972-11-19 10:01:16','885D1RX02IAQ92RHKM23K6AB0C9NNB3P1TWKM10IW2H686HV6Q',-34,'B5OI46H51743002922','',-917653364,5498,'XJE16I93BJCRW2415LR33KV','PL'),(1014141186,'9P5R4ZG8NU534WI7WHNO5I57S9FE785564RFX25F144IQ081X1OL2IOQY7EV3VQ5DS357CM104LK41S62N5','4VNJB9H0SM2AUCQE6357J7LSBXS8GWB7J8','C878GNTP016A8LW2X7V917EG9K9MAN6E36Y3Q2FSP7648AD6Y1UVZIONX','Y525L44Q70SZ4G5JFC8D0','43',-6443425,-702697889,'MP5MHK1OK8196U7KGRY25U6C59X3W83A2N35WGQ5L1S','3AY4E','238H',94,'637','96188201A','17T29VL93E3E482F1ZW3NI0B74K4R7Y79S4K9AXTG4AQRR3X09E72XHUS7LRXPEHP98TDHX30RVG9XK684W8K2ASO383CD7882','','3TGFVI0AA9',-17,-79,120,36,-80,-66,'2011-05-16 08:03:27','','2018-02-28 02:14:07','QDLA1K',-10,'27V65P',NULL,-1534551916,-1712373713,'S387314G2655817Y897I93554R36LK1W','9RG460CH55J3XRF72G'),(1014141187,'02461CR69556K1BU1FVT470','','','','Y9751YPFPN0Q2XP91GUITH',6408,6408,'','3S5K3692R85FWTP956RYD3ML7','69ZO',-40,'','216D87GPA8Q4N46FW563HHSD253LZV757U','F0YF1','043WV0YUG','Y7PHN52958W2NLJ5F0E30',-63,0,78,55,107,-99,'1970-01-01 00:01:05','J',NULL,'WJW34OIP3W',-12,'K4362N604H9GD6YG8','FAKPQ7M',15,0,'3NND1Q418VY6N751PO5M663XM8','6TPH8N0QM'),(1228889550,'1F3L6A9Y5359VZL2E85IZCY3957363GA57BU5WSS2WIFBCW3T61O90YV415MH5Y919RZ62F1YH98L9CN1RVZWZL4F335I6P97U8G','91VEN3V6SAH7N333P9Z8','B2Q6SKQ02C3XJS9689Y688F30V4O','78','',565,565,'A8K5F6T12WUW2KY47R6B','02G6B4U99Y52K2','D6',79,'9G3','X2522AV5','6C3J95I394F4DTD93RGPN1L4KK0','PB352QP983I205796E142I7GJ7Z0GH48W09FU42FORW53Y5UV0P49N76NVE3O','3W',-60,38,0,-31,-53,-96,'2008-08-28 02:42:23','30V09U98661762127ZDK46586I1WB769G4F2IEW8F9','1973-01-01 13:00:40','D80G900AH5D697O9R2',-126,'7JI83OU1ET','',-630523227,-829943802,'743IR9L9Z444UX95F1OWWATH2N9ATO6L43RB6AKBGQO8EG6590D6KGW8','9X99023L2FAJE762V'),(1228889551,'4SB286Q3ZR47756RSV7ICO1VC0E0B47ZW8FUW7CNJK040PP04B04P34FV401Z49E8JYG3B5165U9LT5PF','BGU64AYN79CE0621WM4V73K20HTY35W0L','','','ESC3N6',5973876,-1160042636,'B688MZZ','7IIQUYN5T9','K31',57,'E686','KS3V02VZC7YEI852GB0BTXE55426VN9FJ2ZR6','','61277JOSK4Z8X4772OD37A564BA247US1C851MAJ035XD1HW11RL036T4BN49435','S525FA7L2K713D64C465YI6B8E3LHG1TON78P9FV',16,-55,123,-97,67,3,'2016-09-18 12:27:19','I27C316XTQ68Z95','1970-05-07 14:22:45','8',-18,'','NF',-907733729,69,'','7'),(1228889552,'TW1X09J4HWFZIX6670WU8KM6XZ1420377O6DC28625243831GE58H5IOZ5U454GAN3870LJ8HEO','3R7BZ8','','O7UR3C15O8376983I488GL86JPF0AQ99UB8Q1WBEI194W4C5JH84BNO63VN9HQ7N7DMB7R70TO5C805799786MO8QR9WYL1453DR','27V3X6Y5A7I8',5857871,-1462148529,'6I6P','CWRR1I3H92348902A7NZ3T43036NN06FE8PTL1ZH4F6UEV2AET6E7K2PT08W60PKF653131Y511L7MX9UKQY97K2H2V1','3EHP3R31T1',-110,'8','2M2FZU2NV71AZTALE5GX6YK3L85H17PHT15WDPD77LL6KCAPPVNY61912N5JURJQD8X8R3NKX1Y05K2X9','N1432Q19QIK4TU4S578OV54I9X29491O4K','3H24EXJNN','80W39D6AZTJ2RT8Q5R56X2P2H395X',98,-79,-118,4,11,17,'1970-10-06 13:29:14','26O81361341','1980-10-17 21:48:05','5640Z9D5VV6512LE224P',118,'U4LV18H7201J1KV4YCCA7M47LY3PL57515388D2BO27',NULL,-1825387092,-1888931813,'Y045I682O937W7K3UR0003771','51OUVHF'),(1417490392,'V19I1MZPWSWI','233C1F8QA','HJ5ZCO52WATGL371','956M57Z8JL2HYR4C0SZ15SIQ7926J3KP8416T01E0WTVM0A7JR6XS1J417P7RLFB9KCBF6K54K6KKZ34A','4E44GHV6L99330K6',942674,-678534574,'43TCD5CZ7UV939G8677U7R3K1ZDI4J','RZ67CUX048UP8X56C0L0F894W73109948NSN3L3O15SUF63201210IC04IF936VHJ6','ZQZ2Y1',-46,'2','R6K5V10Y82HJ74W37J','U2TK3NLM031UWTEH71','YOHS730KUAW5A9UYA0SK7G','1S8976D00D978L8LDGDO6RBY6ZM9U3231K6O25214082T3U44A7U47T2KXD5WQYO00L8QIS3YU81D4XQALA3TVK0',-29,-112,55,97,-36,27,'2013-10-20 12:06:49','85X307R6P2DO7BXI6X39QHD5G','1976-05-15 04:51:26','W1S6GJ4HRF3',116,'','2DON24BYNZV81',-137435943,-553379568,'CH31OE',''),(1417490393,'X','3L040MXAS726B4709Z4M72876L3VHO7XRJMC8U413UGM6154F629R2E0KK1PX66HL997B','B3933WE7Z33HSTNPD','2B7I','87A7I4C71H',-4070378,-1539185642,'BV0PB2617A3S9E0FEZW045AZAQ87DCIF73R7PW14','Y95T1639SW0V9I70C3HN814SP5ZZ64YU0A37C9','CG',-92,'','X719D62JNK3MV48W0EAG91JZG31J9HST182TD7MGU5BS2J306WZ7EZ6XMC1984NAL7ZS4FK977','DT0V1RA4W6','FJ5Y27PJ5C2U5E6H04N8JL','R13NQ76T451PZKHRPEQ1',-127,17,-94,39,-100,-74,'2017-03-30 18:34:56','CQ','1988-08-17 17:47:35','980AB48HI0Q2',111,'','',-2024791231,-57363785,'2DKP9TR1KJN6P6X1N19D670EE1U01IM59','B2ASGQVP1F5H394FDCAJ73V443P34HCL4VAF0A4H94192X9AKI5'),(1417490394,'1B22FN0B9H89FR849P86HLW8335PE7S57J7VBL0J','N2527R87OPRBOS7571CZ8G866ZXVC93K2A811IJ7CWYLU279FWT44XU','','AV','N87E1TE2267KS5P949VP9Q4YO0E1TH0QJLS23V21AE750XP3Z409N0M7S45XXAZ92EGN2HDL4QK39ZP5E70T8786M3DVJM63U',-2428081,-1017449649,'30I62','6Q9BTMIR81C584UOJY3K7T92VD1JL3LI01VUG8ZS7O','4',-49,'D1','Z865N8IFMV930OZ3NL3D1F44RTU42EDV02C41HFEQ7985','I0TH877X1C7P16VU5','LD4B9702T4H7V7FYPHZ2W5A','2P0',118,116,-87,34,-60,-67,'2013-01-04 21:08:04','J3Z9F90DTKGRTAKD84UY018Z21ME09T65X18D9NU2R9B5J3QM4','1970-01-01 00:01:33','XGKDU',16,NULL,'1',-1867868121,-1437824012,'AUG','E30A83W1130VA3EN58731877H6EWBRYBK1WX8K83'),(1417490395,'0KVN2','','1W4YP3W45M4R20HPA575WY1KQ5Y7JW3H29UZDZ99907WL','I1','2FAR8124',7034264,-1863625320,'YI0PE386M5TZBS7930Q46517DLQ9G5BM18XX7UY6B5UR','','BM',123,'92','1U63361EJ4NU5F406R','FO58OIVAYPPFYN2H422X4W06A73P1K5X15NFZT0TO684GRA745G5XL','4YOBNS9LIS343YW97LUHLV86ZSY210GA11MMRDDPH0U612CY51288O58B33LN101844','LGP058B968Y8',-93,-61,-9,23,-55,58,'2007-04-06 11:07:03','WVNMIW937J6I0F08D8S0Y6',NULL,'7B6P411Q2ZX5',-113,NULL,NULL,-2120189088,-2055760128,'QAUHQT','C4JKC0QHBTVKBV3B0CI7FJS8CHJ094G1AND1HCXJ018R6GMXELSS236908T1YHU41'),(1632238758,'VO6O','3100W3KAZH87W5IW4R585845P87UZ70N3GO8L6EY1283QIX407A7','9TA4F51B1','','8X',36,36,'272UFP4MV7H944','M7L3271PJYPA9ZEUGD','',-49,'A','9NX643A0NGY65633XK5A','4625072L','Z8XAU2YDU1IT6UNMY7W6','DF67D429B3',44,-122,-101,-71,3,10,'1971-10-01 01:19:29','ZRY1QPBS6JO668W0N0S98HC0NZ6168','2014-04-11 17:41:49','',32,NULL,'',-1585819790,-901513486,'7KROEH6YV9IB5QT96M7GVP297P43503TKO8Z87G17537581KE272T28D9O8Z9CUN2Z6U99XUKM9','L2J65G5R14EN45Z09'),(1632238759,'46G7WN76VBYU8N9L7S522157HJM9MV8XM184R3BVIGII5U056E9L7EH843W124','TKXPEL6DYPP72S746AL930I','38FMD67OT2YZ362M82Q4B566R','FOH91S68I00YH9B2FU710NJ7R1','1RF266NTQV211I',-5718576,-383205936,'52A2E3RF862','JWUNDU9STMPTQ8ZZ04EH16GR37PQL50PW27Z7F1291D2I8684V8WBD5KFC5845Q','YV',-83,'0WZ88','M9GW3823P68N9KUIX79G399X672005M4Q390','ETAJ7JP7G9324C63W64OOD6CETOC6WUDPAH5W4O065H95G13BAUHF','LWO7GEF8M8Q50WML9FV7V75N36YXDSTO95244J7C4596B1T344U06KKA505S','0ND3E7K8V0E',-109,98,18,-60,-26,36,'1978-07-02 02:15:20','YR3W9D512947X46K9N6','2011-08-09 02:19:34','1P8H7J0JU24FJ387',51,'46B4CNS4Z4XIQY9T7G1TO2146SI2UVA57278D8O6HJ7H5B7QQDSH9S574HY901BMCVLJ016GMHLT46LS','53THD6KQ707XMY2V4',-1038328017,-859087012,'7L6E2I1393R45199I814XMUAI9MC42BGWST935EBX4N4N8PN7R0CJXTNSRV57Q942B97159P','JJ2DE5U9Q83R9X6KZ8F70VKS7MJ7K348DDB5EBW98I3S288GL44X2D1DXJ3787M'),(1632238760,'XKKY3904NYV0W3','13776Y8UU0678364VUD','3R9EDOQR5203319809451GTT199T30BE4X33XF31019VTO22NV43T3M033T','X2C42797P62DW523Q4999JIKEK26Q48PZU06Z7Q52SVEILT7A','Z47YTR76H620550B465OYXU84O138840H7UXCU3OR435M651Y4AT22A9TMKXU62D',-3538642,-313917138,NULL,'A4NI5VIGSR3201111VU3','7',-119,'X0','8DC5I1JTI7KAZ3GAS7B5ZY8UW75ULBO9L1L3Y0DR6426Q1K69MZ','UT44QF6KIMVT066CKOQ05D','93420P58OWKG10LORRMDOM236DUP10D5KASX92B37CB99967YNS45402V6T8','Z32',60,99,-118,0,123,42,'1997-10-30 22:29:47','','2016-06-08 07:13:43','0YUP3LL8EHGE4L1M35J25R2OOALC714',-93,'0LX0D635ZDH9','5N71AYI18YQ8D66GY63946951M8HQ',69,56,'J','BFAE85S7B'),(1830381944,'T822IGTD75','IT1R7OAR29U831G1PU8I7QZ9IK3A0NU5GC','4711OWTA7','6NINP07S1734KHNA8DS30J3EBJCA2XL4IMFKS89JL','Q0QD467I59BHHI92H41R7NQK7A7AGS2XL7WJSY73XB8XR95NRTQK62UPOKU9LM4JNNT5P3',6,6,NULL,'45QZZM19J6QVM90OOH1S0','2G',4,'9NX4','07Z199N9K','QLELQ1N1ZX2WGND5N31K5K0NC3081G2T476B3J272','','89Q76UZH5A6S94636849VO31CG9Y099144RQ56J',-15,-18,-36,-77,-20,-44,'1986-03-04 03:25:55','J16M6JSI37RY152BUFQC28KC2AK11VD5J847','2004-04-23 04:12:19','2G0BFOL814Q6VXBMUT',-9,'53I85X694A79B41NC3','',-921406957,-1163553684,'W','5N4A8Q99'),(1830381945,'46466K','18OC68E48VSE7Z33UWBUB89RRT1P2','57R3509E7SZ177S1063AVAC4V491BLOOUUKY91J0H','J','',-6320794,-148927130,'276Q2','9M1BMR42178N660','4',-15,'285376F','2FR601O3F59001YCZ5H5X9V8S72X9H8T19Z46O37','48T7BA8B9R','M9S6W8863PDWBZ37884Y83IX','FP8LNQ286QE2OU781U5WBAYE4X1A94619Z75XHWX8LINQDOY970KP7368HYJX0N73V7T9C3980I61219XX3VYBQR298L215',106,-122,-94,-3,-85,2,'1985-05-14 05:11:46','7O0S964H','1985-08-03 05:56:14','',110,'I31Y835C0Y41JRL557SX1XA60WZCWO804OFF3VB1EUGM4632HE4027IP8J311X88','',-1808556974,-347970618,'D2ENZ353ZC3RA40I23SP41','CJ9T69WE9D90PM8742RPX825Q73933K00Y9323JR35G940GG20N30DFTS4YT89C0FU0GM2F482CONCR091JVAD155VQ96TPP8718N09IKY241W5G3'),(1830381946,'3J63395002T3RV6C7CJ1402P1CA89539FPC7783634U','','','Y659005','ITFW11VABT4JZJI3DE94R603884UH91',1650305,-828821887,NULL,'','H6E1PN',59,'55XX80H','41ZNI36','','S','',116,-9,8,68,-102,66,'2009-02-15 19:17:03','T',NULL,'O25RGQO560135O',-117,'','QNQ3676F22DHK3',-1469985285,-2106240890,'3P3C3XTSRZ05W','0'),(1830381947,'','','7AD1B99CEK','VVSO4J42X6ZK0G1VE1TYF04K11C0S61G8PD491QZZWA6H29UQC3335276L346689R18879Y70DMHV7WOQ884919LIG57RM57TB1Z','7547KW537N8ZCE405D',-2741951,-246011583,'R7AGX7CAD4TDB6Z9P451ZP7N','21SLD045I422825NYV32N5A2UIAW50UU5KHA1ZEMYN285HK92R9L54R6','Y438',50,'2XKH','O55R98BWR8H9A7RD15','O2QU3L6Q7513WV5O8ZN6RWBPL7IG1Y6Z5GKQZ265F7','M54AKPE68Q7798DPF6Z6CHJ377X54Z59RMPVX96W3VTAM73E','88A',-71,37,76,44,-121,-58,NULL,'BE5O62UF752SI5P8Y26Y9TVMXCT4S5',NULL,'07CB722UX98N7EV2R04S1Y80P7JENTVZ970Y921K1',84,NULL,NULL,-173329635,-1541457499,'','XR66M488029N74P40RJK0P433LG5Q151M91431T4UA820K0Q144'),(1830381948,'NRL1B45B','076OWB5VM4VPQ920FTRB444','9IE84XND120GE29I','3RA7ZU17JH281KL3Q2384FNVV','4FCGQ4VK9XY8525ZJB89H50KNQU28J254W6UC1TA',-1276516,-747862628,'471SZ30K9N7540F1LWYSTULM3AQZ815ESLTD4M26A0Y51A5K19A6047EX4Y8R338ZCB8US03OT911M9','M991ZNP','2D',22,'6RO641S','6C35BG64','4826KS4ND','AWKM281MP6IPFJTUT8S0E8N947S7K','25HHT70HRN05WB2OQ44',41,110,-78,-106,68,93,'2016-08-31 13:05:00','EK','2013-01-14 22:29:16','L5255K7T3538QWKEYY2N',23,'ITL1H6H3WYW1P1ML1ART2489BJXUU1X30O9335ND57OZ216N70PLTI59V4','7Z6O434WKM541334N8WOIG9WRME9YJLCEXTD9W6IYCH4L5U',3488,-1837292060,'JR','O7573Y74NPUM39932WIF727649F02MP28W66O'),(1830381949,'WG','0E3P5Z0FT2WWN68OSP7516W9H4R3W8','A68','','8NI453KG4SE1JN5TY0',-57,-57,NULL,'','I082K423J3',-57,'7G48','F0410TTY4DAE072ZV70L7622BC9LS67K9Z86U0U25','82KG7VO07C5EQW049O93L32K2MIHI','905U922V64B85674C2V3WD1I7WQ22F75RA1T497','K98ZV81',127,-37,-40,-94,10,1,'1970-01-01 00:09:40','24VA5F5TJ6JB610V21O1S6H5U6N125DF0T8L','1986-08-29 13:43:05','00LH6UL838',24,'0BJFK237XHP7HOH347420IYK7743Y0PIK84NGK7096112055BAMF19336ICU9230JYEG01CV7F6RJ55240EZH1IJGL85TW','4VA1P39UR42V49Y918D9D35KR77YT4',-589989885,-452510885,'1','28E6LW27LF3J9R2RVXNR233E0CF2YD47DS49G9'),(2045130305,'','L2811TIZ6F7185F0JA5GVD6BJRL3VZGW0O223616HUFUIA4MZ40QQ619SEY0KTK11X794FTI4NX188IGP71KU3O7730','I45U10YR5FL3D9ASIAV194GW92L69S','D9C3','AX13PCL3844J98821G4BZT85HMU900Y359V7000335454W346GE0657VO32IS28591Z5QQ169KWFZKS96U36L12YBI5',5461787,-2066524389,'0NID4B82P','','6',35,'7','7P2KF0O55','','D7W2447T','S111B4O9W8C',9,-120,-102,64,-23,-65,NULL,'W96S34GM8U2551E81B5JIO0V8L0','1970-09-12 09:32:21','4865MVWDD5040H2ML5NH194JJ890FG',83,'MA1VTN40H68G93A19VQOV962BYP','6R7L286AET3JCZ9WRJC3SZR1ICA69244WKA66LHOUL18L240Z1G349D902XNVG93G2Y4B8CCWMF',-457142523,6,'SVEKAQNSCU34P00SJ29SXJQQGP5G739R58E34YNINY574D8QC0705ZRK2RKX10X2B5YGRKJCJ25NW9BF9OQ957V5NI8B261413640A1E8KMO94J9XP0','87Z53G613C0G93X087M56H7ZE9NM176IZEOGDBF2LLW866H'),(2045130306,'3G0R02','O6EP1R317W','55YYKA1D3RB06R87CFU4LP346KR','EW5KX3U401ON0R2OJBJW2II8WDJ','80ZP4503K',-6718023,-1374061127,'21TD86W15NL979S2Q1LV20V85WF2CWY5JL','1C43G6BVA15552160QOL3F5JQ224Q157828C2K8H6I9I5P5LP54P5Z2W18WP8UI2VJCDFHLF092D221213TTV12WYJ3T6QV3SB4P','LXJ',126,'6YU0HXC','706379','94','2M89F9G6M44Y7RN949P','6WTO450NTP98OR086PJFY09DXKK9DIR9KREZ79U',26,73,-102,-67,-122,33,'1974-03-27 08:05:00','21T14K5T5U69','2003-05-24 22:16:32','2M4308OSXKMP466PTG1KXFD11U39URMV6N',38,'QG8R93XSM4MC64H281J','1T1BK2554P82WRJFZWMQX',16,366,'DO2U1AJ4M1R5Z1BUCRSA1MF1R6YK0N7YDH3037T4758Y1TVLOE9N51CU5B1PVEP8M5DGQBT437961WB0P77115W07A37143240VVU14H61R9','D'),(2045130307,'0V773L6FANLMZEMOX95CC4X4270237M62TMQ23D6VWOB925056NQ09X550X4','50F5Y49XU4MHEY44WSD','G842S833','13NE51M4W3099NP3CG9WA78XO','WZY9A8GV30G809NBG97',-5781021,-249050653,'K','LOZ6J4R329SYT85Y73DZQ4KS7LHMKF18B26','7',31,'RIV','4K2J4','2578M6','V89HAW7056M4E904T51G','53V47V6476D3CQTSQPI6369US2XHL20',20,-97,9,63,-127,74,'1970-01-01 00:00:50','MM3K','2003-03-16 07:07:43','N0I55LZNZ447HJ4M8W4197EGJ74F6J2Z5U9',-102,'','2',-1288561979,885,'','2394F681VH8A573652FB77L29M38CG0QML8JO48NO6IXO'),(2045130308,'NLJ4T0U8668Y0VW','2CMRD4','5VGT6R9FFS875Z37Z6DK','HU9E6IB3N67550FF4094YEC87BO9Z6ZS3BRTXHL0PJS4YYO87K34V136WLH17JEE3BLD17A8DQM6PBV33Z7WH54SIEF6OS231LL1','46887MB6MD353R8M6344007H2991',-6355164,-132184284,'BK2QG6365Z6506204PZJG1H62O','SV63RQ6TZ83RH6GJW3I8SE14WY8LMFQWZ3M','56G',-12,'O','242NR03N','','3OJLW107369N8IW','553GUGB04YL565L3R52E2ED8ZSZPJD4R5',-97,-49,112,5,-2,-1,'1992-12-20 01:39:38','P69IVBY572VZV30GUWKVGRM1QDUT0U7SPIA92MCG','2004-01-14 20:04:43','W2WAL7',-51,'','',-490101759,-97638127,'TT4Z0043ME7468S7805HR1L2JH9T3RLRE2UF9O263XRDLFGS6VT9G447A69TCLYD4YFAB741DHTMU364G45343AO2','MCVH4H5PA60Z19CAOY4N647227F8OXQX5901GJ2U0991U7OR1E0W38C59HA294A7W2KBT6X8CR86U1JU3532310MNCK801O4'),(2045130309,'59150U9YUCJ08580850UND1M2Q1BT6W4LX4R24Z5O511NE02O538XV52P21KNA1R9LVZFG1V','','WY204WTY03FW76830YB1G9M5N8Y943WS2ABU9JU5037279FR9RZ6T307XOH548025013JU8OTNJJ951J','592LZJ2N7QW2136A9L469T750','08LL09UXF2CM752ITT7A2',8179414,-1275277610,'3','1GM4707G04PMVK18H2K75Q43H5G88817EDP4D92182YO7G6T911PH0M90MH33N0J10K','0',86,'7UY0V','','R3G6854LSQLX8KUOR7F7M57272GHL34H9OV5','5353TQBD6E','KOLDRV5F77JV27LXI7MGYFLDW2Z5JZRE32S9ZWNRY5P47Q9153C8573R',-12,29,0,-28,-45,3,'1989-08-02 12:45:44','P8XJG1T2',NULL,'0',-114,'EQYDNJ440492T02ABMNI97617F4LRA1613374O7W5W1G20FKN68AF2PKFXO6A9R17J6114HAN774NQI27GW9P9A77YNZHRP7Z515C',NULL,-960,-1483644771,'QUR01M93E60MK57P1I6X4','7886P73218Q690R3576I65L2N5S2D1JNZ381MG5B5Z5MI8GPSF09415700HEV0FH911TB65UT8'),(2045130310,'8N8IXO','8I40XD196S9VO0YB94OL49NL','XS62J4','','L',1863890,-1835241262,NULL,'VR902W1JX8O3ABOCME622R3','B0HR',82,'DZ4','4YI64R4Z84IHN8R306056FTZ618MCL3TQ146F94D8BZK','27443JU8FPET4','355V03K0AVE6M66N02CRYCH695C584ZQ14','9IQJ8O51646OZH',-64,10,-26,78,98,122,'1983-11-25 08:46:28','07069927D45K1YUUL6929AW41T52E222P6862C0691V','1979-03-30 06:41:19','W33010B0AO66O3G03EC8H',86,'','G3Y5CK6V4CX9CHE51DQXNU50Y0PHA95JR3RZAPNLFA2MTHQQHJ7P6F1XXR8KK86R7D3RM475WW90A29RP051TTN',-310933142,-1718974838,'L0V8710UOR83','58G5T'),(2045130311,'4S','2OB','','F4GERL367EL4703MJ3EUE32599NQ5ZP','U61X83O5521M8',7868115,-1778905389,'9U','OFBX10UG4WO7IH86E43W','M860IGB7Y4',83,'YEB0NSW','E565R7V76Y4N2ECKP58Z36XGD6XJY0IN','0A866BP10063Y67C2040Q9E9K9OYT9Y92MAKC6ISPBU75X57O2J','ZF0K617C7L2J91MW1I','M933FN38407',-28,52,-91,22,52,-8,'1986-10-05 02:13:47','4A52YXSE','1970-01-01 02:40:02','1MYRA664698',104,NULL,'',-325980595,-573246028,'MDS4KA5Y5SRW4T59N59YST3JMHG0627L','2UNY94KRO'),(2147483647,'K6','0VXZ2G8KB1L5E94Q651LHUVC1QM03VGDFA54U3ZM0V33VG1Z9NV8','3CD477UIS','B69JRWEAKFA399FR','O867Z5O4BCVD2B7781R3VFY8O',-6963442,-988430578,NULL,'8XE81CDU4I2CAD33FW445841A','5HR',-56,'24O680B','H5CM481HHZQBF6A55SK13U4F950N906C7ZRFZU2UHLX8P93WD2EZ610873Q4V24U','0X781UIS4BIZ3LQB3HZELE0Q88U9980M14I8BYB4ANKAVGX86GL93U1SP3003PP77C9WD82X14','','5N10271KLR8LHWHV4UT43R36M9JB2T97VKOSAZ5RMW094NW0PV0GNQ6249D',-5,28,61,-111,0,-118,'2003-12-22 03:40:59','BMD8OK','1983-05-13 02:48:07','81X9Z0I1R6',-20,'O261Z7W7IS8','F967A4ADA077685F7DZ3OVON4GI2UW6XSIT07FO7D',-448455492,-1120344093,'L52IV4015V','2498FID6N1N1F29582QITJP56WL033017N6UVV4BT9Z');
/*!40000 ALTER TABLE `cb_member_dormant` ENABLE KEYS */;
UNLOCK TABLES;

--
-- Dumping data for table `cb_member_dormant_notify`
--

LOCK TABLES `cb_member_dormant_notify` WRITE;
/*!40000 ALTER TABLE `cb_member_dormant_notify` DISABLE KEYS */;
INSERT INTO `cb_member_dormant_notify` VALUES (6903,56,'1','4K8095I5N3AAD5ZK93C2BAZ5915MXZMSV6','','043V08R3Z871993G96K3N07V834P72SR6F550365R3','1970-01-01 01:55:04','1970-01-01 00:00:57',NULL,'2010-10-02 03:29:58'),(0,1816950454,'','K17OD283I7E88MBA933454WAY8MQD8N','79EW342863AIXCMP78V4A9','2515X2153BBBBO1IM7IH0UQRZ47WIIR679FA8SUVA',NULL,'2004-09-18 15:07:06','1999-01-31 16:09:18','1972-04-30 04:21:27'),(1635791241,1364076646,'6N12YLX09CC8P4W','B0D2T0D75SX88UV1X13BBPGMVRL35','QHT64S2OI786VGDIWQ45082I','I8SH239KP9T8OY0C3IYM7V35UKXB2O2','1970-01-01 00:00:01','1999-11-07 02:49:21','2003-06-10 15:44:27','1970-01-01 00:00:49'),(511239684,981851804,'','61I98ZNL90I26170J65F3J','A9M96ZPUW82P02JBB1XKT1V41VP3ISXR0U2YI','1ZM352XG5',NULL,'1973-12-24 07:51:01','1987-11-25 12:42:11','1976-11-11 12:22:11'),(1665170579,1996390337,'','FE9DX72JZ8Y0Y6KE1YF0US5041JA31E2FJ3Z47ZVDDGBF970R968EJR28408VG087Q3VW7I8','9IKAZO','Z701Y4L73XBLNY90Q218LBEJLQP4Z5C32005P724G0506443B958YK6J5LOWF',NULL,'1972-11-26 05:16:30','1992-07-23 17:55:05','1970-01-01 00:00:38'),(2130826205,775382542,'XRB','X6H34A0PB0101JX3611I2830M302M447JH','58E3S1GHJKZC8VJ693BSEQ56701Z2U71MNDD6JAKN734481FU8I22670I1OIX','X9SXV','1982-12-15 06:57:20','2010-09-09 02:07:03','1985-08-13 13:45:27','2013-03-14 20:32:54'),(915362755,86,'X35WQ195NG5X3501YDQ8R330RF81WLO8MS','','13B1LBGC9','3EVNV11997U48DLYC6N6SZU6MQ5SY4I4B3X1HDK596H3OAYY78TG90IAG4185WJE66FLE6S838','1979-07-04 12:28:50',NULL,'1993-11-26 08:11:05','2000-07-06 07:50:16'),(694769375,1662641230,'','EU','336O4CK7341WBM8HXC4964','X0T5JDCBF4144I8P6X28QWUKTPIOAW06DZO6A169Y061O',NULL,'1970-01-01 00:01:27','1984-12-28 21:13:12','1976-11-30 01:01:09'),(794234348,1042133884,'3T79OQ7OZ2BFL843N7TQ5JJ0O80B961','8NKG75P0','G9A7116AVW0R','','1983-09-11 04:30:22','1986-08-06 20:21:51','1986-05-13 04:47:22',NULL),(83,2172,'DI4U','R27TQOA6ZY3D01YK7E9P39ES2370WJ','41QF82A1S3N21G6OV5EB5SZJH8YAY31R1G2334N691I52658GE4JF5JP6X6316DW4ICF63I4UB272','4D','1995-10-16 23:47:05','2019-02-27 16:18:51','1970-01-01 02:40:25','2018-07-29 22:11:01'),(8253,274,'6K4K434YC41X7X','3Z1672ND','V49E4773BV2001A7NFZP97749','7E276R83A','1974-09-23 00:05:58','1970-01-01 00:36:13','2013-07-21 04:09:59','1970-01-01 02:42:25'),(127375456,247293111,'6CAI532M2S592','6100826L56FI456EXPNF67I82ZGSFEJM21G2','7','4S8RR8790269T4NR1Z37N77K71XV5V0G6568Y757','1992-10-22 15:57:27','1970-01-01 00:04:35','1970-01-01 00:00:10','2005-08-25 11:58:38'),(2104246613,1436766227,'QBI16STE','555N1547L095Q5126OC05A5G574HK6LVBM53N81D1F3V7X6T3W2VN2G6G3GS3054R2XVLHBQ3JZS9VEIQFMK0H5V2PME','','641LNA','2012-05-01 13:52:24','2012-02-09 19:34:22',NULL,'1984-05-16 13:46:18'),(191742159,188,'','6OJ243G1UGF701597E2825MMN90409DO6IN33OPOI47Z7XZ52Y1','Y15118L5E7YXNA7E57957C','NESM78F185XZ',NULL,'1982-04-08 23:57:35','1980-07-18 11:49:44','1972-11-28 13:26:11'),(623638022,1210765599,'3K2RPO0L998MP3B70M8XB4YX9L88773249W8N2W145U4B84348A3AX5CY5DG7Q7QUGDR44G2R29YD3837181T6','T2EC','BWD2NI20D91KJV3W41MQ3I6IT55856UM','74SK560D625KK0T0KI67R4NZV2I7C6991Y','1970-01-01 00:01:24','1970-01-01 00:03:09','2008-07-08 12:39:27','1976-02-14 01:32:08'),(679102894,6935,'5ZMXL0DXNL7U','J3G117U','UNT038BCK0YRA4II70IUG','68MV','1970-01-01 02:17:34','1987-03-15 02:06:47','1970-01-01 00:13:22','1999-01-24 08:05:32'),(417660927,3,'7156QEY2GE4UM9Y5R7N927CKU18KPU674NC','61O','0N39W961GF72MMOBC02PF2MXLZ55','','2019-08-10 05:44:05','1970-01-01 01:55:36','2016-08-24 16:14:34',NULL),(1160528696,646,'W42995','31012LSI48VO5254CL72BGJ9JDX8476297TS1B88Y429E5RC0BXKE62U2','','15KYO9UA19O45BIN6045U55FGK9G2909B9L','2003-08-11 11:42:48','1970-01-01 00:00:04',NULL,'2008-11-12 12:05:08'),(9,1684160555,'IC345U6D','0','7','U7F','1976-10-14 10:08:44','1970-01-01 00:10:47','1978-01-27 15:52:21','1970-01-01 00:00:07'),(1651221081,1161453687,'44ZWCFJ9NBK45CJ88TM886E4OW80J42J8PB190967L7CNPUR92V3NB86TO935','','W0L0','','2017-09-30 02:20:32',NULL,'2001-03-16 07:54:51',NULL),(1425143719,1583974233,'89X','4T','7AM357PUY6V56QK780OV3L43P774ZC86H35OUWJ','94DZF1Q6','1974-11-23 17:52:18','1989-03-08 01:48:16','1970-01-01 01:30:41','1991-06-22 20:18:48'),(1955,394552602,'ICT09O240FD4QY799AW94240SPC4','','134D','0J48JCLP53','1979-05-25 19:39:40',NULL,'1970-09-05 15:47:06','1970-01-01 00:03:28'),(7,153190284,'7431862Y3HTJ318914OCNR68001994J474YC58KSW4','TW6F','8EW5802M392H10D54G5TG69OZ99D175','8H','2004-01-14 21:07:56','1996-01-14 13:41:59','1972-10-01 13:22:38','2015-05-11 12:14:04'),(185613521,197279599,'099Y1HD6','VKD984483OB','8C70E','88I4LULIJ','1970-01-01 00:00:10','2015-10-23 20:00:34','1984-04-18 08:46:05','1999-10-04 13:05:04'),(49,6,'7V9M9SUTT9KVU51SY73X2','X','833RM2QULOCFOY0X3M5LTAD','67Y9WX1K4G1KP8BF','1975-07-10 07:36:58','2005-02-19 10:36:18','1970-01-01 00:07:00','1988-10-16 17:37:26'),(8831,339213513,'Q54HB96','6F9FNV1IK3PZ92NG01690J2L71R07065TED44DC7697D10YRM164QMX4V50VTDU937EX9588DJ8ROQ302C2D1Z468T5A13PJ0J3ODKX23AR9PT59LB4','9U82U9739LCB4A9V78C1201IO','W84C','1984-06-24 18:49:47','2017-11-05 17:58:43','2002-12-12 07:30:18','1970-01-01 00:54:08'),(521063334,483,'9VQQ921','8CA','4','62ZG5','1970-01-01 00:32:36','1993-05-29 02:17:13','1990-02-22 19:25:32','1994-06-17 14:12:40'),(906152684,167202379,'T7G25192P768VF6W5045Y07X2S5QF5T4T49J2ZK0238U168S2R1I3R1NQG5FSV80JQ3RFANP4ST08FJ68U9G8BOPR160P6','784YJ68C7','12CM976W','KB3TY385','1970-01-01 00:00:08','1970-01-01 00:00:07','1970-01-01 01:11:09','1970-01-01 01:47:19'),(841433054,1897119237,'23','1BUE3JHTXZM10TJ17CSBFU1R37W3P3U6Y0Q','78MY5F31852KF','1260W35106B55IBZ29ZN05700M1DJMJVGX9EFN5JI11T','1993-09-04 14:49:31','1989-07-29 15:28:54','1988-05-11 03:33:03','1994-03-27 21:48:14'),(6,937,'ZVUCU61CQ','E57R0','SZXHC9U779REBVXE8EFX84617015YAW7A05XDOP36U2X4P01949AEICB90475H6S9Q3ON354W53146PJ5Z1T581XCE8P8Y6J3ZMB','N4LTAQ3','1970-01-01 00:00:50','1970-01-01 00:08:04','2015-07-30 16:32:32','1970-01-01 00:00:01'),(2106157826,339998010,'82W3N73IQ36TBIB6Z7JREB54','','J5UQ6J99163NOS82P','0Y6B6','1970-01-01 02:27:12',NULL,'1970-01-01 00:26:17','2004-03-22 11:11:10'),(658280655,7889,'OI8QL44RN018Z','E','97P3W78P00NERWI371D1UZM104L279KCAX0SPC43LM72WKLZ74T09NU3439XCA9GWC3CB12014897SX17LYUL13V54','JW1R0HEG26RIY8K6YOM2550703S99V5OEBR557W8K1TNFJ637KB57818Z518RX','1979-05-15 16:33:58','2015-08-03 08:26:02','2013-11-06 12:53:23','2005-05-03 03:37:02'),(852,7753,'U22YWNPO7V97I42BX2','459','ID9','KEH68VZ6','1990-12-09 15:25:33','1995-08-13 05:50:52','1974-01-14 10:19:49','1970-01-01 00:07:18'),(911889991,1328213675,'6IL','163QJI7I3','00M205HKX','','1999-08-22 03:36:09','1970-01-01 00:15:38','2003-05-12 23:14:09',NULL),(827278960,741018650,'A70MVZ4W6OJ','','6','','1970-01-01 00:00:07',NULL,'2006-07-24 15:22:58',NULL),(1235109972,1797208427,'A1CG1GA9Z363CUYU09TE8C9E0D190W9KOWJS045I445GRBUCS84FG368H7UEQYIZWGWVYYZKRBHBJ81K291A08','Z89H','848UF12U1J3SRC27A643FW33OFW6F83FKGH2ZV0DUZ92','R1TW9V08PK1997RQ86K02Z73117Z5L6U28MURI4852','2012-05-11 03:19:52','1984-07-17 07:59:47','2005-08-14 16:34:05','2017-11-05 18:06:49'),(8982,534,'8','','V7J9831D9IPKWA67382Q47959WW377C17BU0OV3D2X6QW3C73E507WE52D','9AN4V9E78U5AI92SR9FX69U32283G1QBY85Z66V75','1998-06-04 11:45:54',NULL,'1970-01-01 00:08:30','1970-01-01 02:42:53'),(2127598519,1469905127,'54NVZBV88TCSG1N1T1V53BFZKN718QSR1','','CI50U5ZZWEG','8L1482WHYT5','1970-01-01 00:14:13',NULL,'1970-01-01 00:13:10','1999-06-28 02:18:35'),(1624150888,219767432,'OY8KI3S','A8F0','FGG5MB8IC80FY39VMY7HCG44IFD1J9FPLFM5SX0AUI8G1Y77WJ66X3W','9I2S72400IV0XN79O95NY99547EFN4N','1977-08-20 11:59:08','1970-01-01 02:11:30','2015-08-02 22:10:17','1970-01-01 00:00:09'),(64,1473543750,'LWU24445UJ6S7WAVD2X8E96L6C','Y','NZ2W1PVOEXV7802N4UP16HETRRMRV1VM799C050','','1972-08-25 03:49:20','1970-01-01 02:09:14','1974-07-28 01:30:47',NULL),(508387659,172780027,'421J1KC5MAB88DVNSSX4F2OUE7XO57SZ1P6OQ1EHNQS06W35SN9GTSN6GK1G45292592P932FE72T7C258RSM6O9N6DYZI7OA58E','K91YP7SXNT99IAV','YF5R4NR','62QT9K83J691K74TD1OW8V9048QN','2013-10-05 22:17:05','1984-08-13 11:55:04','2003-02-04 04:11:35','1970-01-01 01:24:04'),(413692250,3443,'WLA3141TE7R89593PL7I0KVGZPK48VYXR953BA1G549IJTNUN93KRLSV6AY2','JGB4Q4R19Y98W9XN98YL55I3J01P79GQD6G5MG9332OLPDO09M','NA3P91D3CF4SP23','','1970-01-01 02:29:43','2016-10-22 14:32:26','1992-09-08 12:48:58',NULL),(1450936503,928,'T77F7A5254RP40V118QJ19Z2H497U62DQ86B354RW28X2H54PO48DMH57KZ0X87OT947X75Q7889','2805925DM9S7I0HV8K8E','593KVA7G','NNET01962X140RC5SI2I6CWV240PK89U','1977-11-29 22:31:00','1994-09-03 17:24:22','1970-01-01 00:02:38','1970-01-01 01:23:37'),(18,333386000,'8LSLJ05','C594AMD634GMC3K2GV07ZOZMI9MXO3GZ9HF','VTG2V6B70PA','R8L0FHAWH','1982-06-23 00:43:00','1970-01-01 00:08:55','1992-12-09 22:48:28','1970-01-01 00:00:09'),(2079,2112,'ION4RB2HB80','56S3YC2Z1L505AKF1914LW56GDU','Y9P','5M5I4H38866757','1970-01-01 00:01:05','2017-07-03 04:05:29','1994-09-29 23:19:00','1970-01-01 00:00:05'),(1882335545,885,'3MILH7','O8OZ0HTM0A302055GUL8164196M38694444FW66','47S','W685NTLL3F9XRB4K7219VXGYY45Z6OG00F18E8','1977-07-19 08:55:03','1993-08-09 01:34:18','1977-09-07 19:23:12','2019-01-03 17:59:16'),(2113136356,1831957940,'L0ES7316FPL2FE5L1U9O9M651BED052HPQ5XCV1R','LGG26C4LM88O3J9UL764248T1X85L301LGRYFPP7614FYT65088V29K2076AK9883MW39JSD87DDIGV955M1R575STXEJ0020E86159P','88B','04UT60AH9FTX1YJ4A7JBX814B17619LMNC1TTQW0DGQZAHXVCSX22','2012-10-29 08:40:03','1981-12-13 10:51:32','2010-10-17 12:35:28','1970-01-01 00:01:34'),(1944647080,1178679857,'29ZXYPT0Y5V05HH65098','','0XUE551HVC8O6U372DTS2YNE1I4SS1B7ITUH9NJ88','Y8OFVMKX6H8320F61W3QG569T9L626SD7009QBEKW23I33C','1990-12-01 13:02:52',NULL,'1999-06-02 13:45:15','1998-12-07 07:08:56'),(927,7353,'X3944511W4BPB1N65337','','','AFHWO452DHLW0320MTZYJE1CDIIC581OX8EZ0WIK0I6BPLXEGNCR','1970-01-01 00:00:19',NULL,NULL,'2002-08-04 10:31:40'),(1599721431,1612409598,'UAB59S3SRJP3CYCMW1V2455AT91K08','37Q0DR2','9265A1PU668LF46D73XNU0V59509P4KPQ22','Z628IBN6U3DS56Z2V6330YDRN2X4','1970-01-01 00:34:40','1985-11-26 00:54:53','2015-11-05 18:10:06','1984-12-02 17:05:35');
/*!40000 ALTER TABLE `cb_member_dormant_notify` ENABLE KEYS */;
UNLOCK TABLES;

--
-- Dumping data for table `cb_member_extra_vars`
--

LOCK TABLES `cb_member_extra_vars` WRITE;
/*!40000 ALTER TABLE `cb_member_extra_vars` DISABLE KEYS */;
INSERT INTO `cb_member_extra_vars` VALUES (163516665,'C586D09B75O222FJ1S14I668676D3OI4C1H0N2ZHR6Z0RD215',''),(163516666,'5SWK23B1P1C14QHL720S59H60V1D97S','70'),(163516667,'0MX6M882KLWY7QB4057J30LB1FZW80SJPM14','X6CGX7FA1RO85491NQ4I4DR0H3CHJGH8D9E4056YR888UFZZQ6PN2DNB809MR94VV57318L2D2P7725LR1UST38ANJPM671705G39RYM6G03FW4D1RIQU98DI43998'),(163516668,'K1145CYFNQ96X086',NULL),(163516669,'',''),(378265030,'8L7D5147J4915VINU','38I'),(378265031,'D9DU012','2R7P3Y1LT551K3H1DNPU6ZD2UP7GQVW0PJ9OWU'),(378265032,'I99H7127L33J6NIM5OD80D8L8D','QM57'),(378265033,'F90C45XUCO9668PGT01P1831HJPI4MEN7','XR91775WSJZS6663LCQN0IB5106A50856CQ81CBP2VJKSJX'),(378265034,'R2WD72BHQG',NULL),(517234106,'VRT9MCY72A2G461YV1NE62XC','9BP4UZ3HH0666411O7S46'),(517234107,'ET',''),(517234108,'C65JKZ150AIBBL5R22S1W839D4CW0WOC','2OW5QCSQ3899H57A84MK1USR3X3645UD6N85AYNX18G4WB113L6R8NMZ06855HA4V2IYTWNS436V75X8A3'),(517234109,'4F8J8I0DX876HK164I68I4ICQ1U547486909GVSET','02PLW286OUYK21UF25V6HZF94'),(517234110,'5HQW6QLEY1P47X802MJE327E37A5DYF5L7G6HU',NULL),(517234111,'P4',NULL),(731982471,'U1E3Q6KP81OYG0W20Q391OOC3085L81CQ383158P371KJH3WA59V4BBQH8V439C98MGWA674M','015Z42560X577GH87R9PH8Y5DQ3360O6H5SY41I7J6MTPZ315X71'),(731982472,'4UQ19156XHPH',NULL),(731982473,'VDZO2I61UG','0FH2K9A4M76C5ID406XM70198CN0ZBUDLVC908B5XJBF0904360JGO3PUDDBHE6353ZC7JI0ILGL9GDER8I63AD8R66142MUN2WB1YVQP63CK70GU162667T74344M85N1RA2Q0780'),(731982474,'94V3W03JO156Q88853FI3P794O359W1RD5322SL58T8','85Z0P2'),(731982475,'7P4S5YX','OMV26IR6ZF60403L7D'),(731982476,'HW41A0KP87E3A2PT2H',''),(1014141184,'ZY3Y3254QDMMDML36YC64ZTG37O8C8D376RIF63MCSU5Q562UMV5N3CH18BG96R56D6S40S58A3Z','14426SR63MPV038B5CDZN81152U5G13IJVK'),(1014141185,'X2Y8X04H907Z60IM2QDXOJZ27O9246J0UNP2D2COZLGQ4NS0B2000U4T7F','313178LMHB8970'),(1014141186,'R8NI',NULL),(1014141187,'0MK791DYQ7S25DTPC','8T53WE9RS41O6W5SKQ689ZN17CTYL3TY5HOX3'),(1228889550,'O9',NULL),(1228889551,'WW3OV08988BRC4370B9K868ER2V1AO14TVX32X6AVR7LT1NZ0U1VV1UMT1K6ZU8BJFMZ50YK61',NULL),(1228889552,'5333V36H0RNTD9X5SM57','KS2JH7658Y3DO'),(1417490392,'',''),(1417490393,'AA570M69Y026DMX7XU6Z33377FA98CJ6038899F0JE71Y4879G18H5Y2NOYV3ZT2I2SSW1O5D8603','P2W1P2QX7M11FW8052Q8BW3W0932U02ZRLVF01LZ5432223F7CRJXYVJO236I2MF8OH0'),(1417490394,'5W60F00LO96YT5THR8Z8C2O1JW0KUI0',NULL),(1417490395,'2P5XY617C71ZUUO25WB2Y2GN02CD319BAI9653E86DX110TT2S81J7LU1R0WAE5MU531854A075O3I66N3RE222F68EOS92D796J','SQ'),(1632238758,'GX8ZYIQA7J1H65I7ZABF9Z','6XSAS0LIP0'),(1632238759,'8','VO160N9939W0E0MQLP40FX8U58PTJ43GJ3'),(1632238760,'VD1O96U99B7VN9KU24PINM6B86Z492KZE',''),(1830381944,'6174F8HOZ1O2LJF','8092107H0U1L'),(1830381945,'TPHJV2RM51Y7G85H7GD67H8R1277236441020','Z07QW468BK02I96R7E1'),(1830381946,'VCG7S8MYKHX945M267333557U6R6GX0M807TVXKMPVL1572LZAV3NT51X5Z9D98PO6WW6JVX91A55XT50AG7QC8I81UY72D59402','N6ZU6459AWUY6CUH4887X025AJ6H7U8KSNRNOM5Q7JGP3Q9R9LI8Q69EBXC'),(1830381947,'UP8UH4L6721NBH4Z1P334','Z86LX5X8D'),(1830381948,'9C8NB8G3QGZ151','DDH8I369X12'),(1830381949,'3736PM9I979O8Q1NA9L0QDGIT69',NULL),(2045130305,'363YPAWZ8NV0O15QA89VPQ','71SQGU38306AQP8S78589KUC6A33'),(2045130306,'','KK0645Z'),(2045130307,'93A5T232E04MK7050085XQNJF30SQ4242DG213FI4VBJGJ0T8E8F26E88SQ9JDKFN0W020SA1YXDJF94A4LMM5WN0KK1TY3E5I33',''),(2045130308,'8268XOSGLG04807Q9XGTFUPB84OC6NP030LBF92L4A6D95D52I229M2GNLGAU596','ZD6W1VO0VDR82974JKWQMX8J0X8CFG1ROI69ANH9S7PNF6SC3B44I5'),(2045130309,'GBRC15F3',''),(2045130310,'827812V6YE407BBMX5ON90F3F8YBWUZ9287V47B90M0F2RRCO42708UZ034E46H7V8B81170V4JTU4134KI45E4AK670D','C4U0C234UDT3O202461L0MMC3OB30L69U0T47H1T7VO0695SQP145VR77924W060P45POML217OBGXY822F08T6CIUG9C30O0'),(2045130311,'833Y8867G635T25P9D0','OCDL1SU492014KBW8'),(2147483647,'N64U94TR10','89H2EXIUM7H10K7');
/*!40000 ALTER TABLE `cb_member_extra_vars` ENABLE KEYS */;
UNLOCK TABLES;

--
-- Dumping data for table `cb_member_group`
--

LOCK TABLES `cb_member_group` WRITE;
/*!40000 ALTER TABLE `cb_member_group` DISABLE KEYS */;
INSERT INTO `cb_member_group` VALUES (89277251,'W16',72,'1970-01-01 00:00:06',-930751964,'H1BYZ9Z2K84B13S96L84ETPDFLP5065HUEGL8F'),(89277252,'24TMD30B',58,'2019-08-17 22:19:17',-866224107,'2Q2TACPGW0IW79276ZJ0URRB696994CP927E3NF8J'),(89277253,'59M34GCY7PVPI19T2T9S8T6D40O0VODT28K72YT650',44,'1983-02-20 20:03:14',-830465995,'UL'),(89277254,'',86,NULL,-678647276,'EOF'),(304025616,'I80X558M12CUJ1QP33QG9AMF3073C2WMCZOT35BPN3TWFQ31G7Q53Z3CL2',106,'1970-01-01 00:11:41',-133779661,NULL),(304025617,'RA7Q59B0O6M06P1Q29YTSY7LP',-116,'1970-01-01 00:01:13',-436401041,NULL),(304025618,'J4TE39D31MIT431F4H7UH4JYTM78T1NG63083288147D361',72,'2015-08-19 19:23:55',-9896,''),(304025619,'0F515223RDI41B',39,'1970-01-01 00:15:54',-574286148,'9O9R53951E7R'),(304025620,'A',4,'1970-01-01 00:03:41',-1667229369,NULL),(537970089,'068FV4Q2E7647054202213UONK71O50TON99Q8S',51,'2003-07-16 19:59:35',6668,''),(537970090,'A',87,'1991-09-20 13:32:23',-1895,'XB0ISYLTAU'),(537970091,'V8QCA3B4AZSB3R06ECFPY330612',7,'2013-04-22 11:54:59',-496887956,'0I497575G4L583S878EF6119Z29P43LGXJ26Q4L'),(537970092,'9E25',-47,'2009-08-04 14:21:27',-286361877,'LR7Q9Z83P43S32O'),(752718454,'8N2F0FZ5S04396733W4WE9W196KV213P206YK06U0TGH24',25,'1970-04-06 18:30:27',-1252934119,'D61PPGLC9SLQP3Q2ZCLH'),(752718455,'06M',-22,'1992-05-30 10:56:09',-4326,''),(752718456,'98MRGFMRR981DAHZ4R20',106,'1999-07-29 17:08:42',-88,NULL),(752718457,'V4S60I0QK',-2,'1970-01-01 00:01:58',-325843678,NULL),(752718458,'IYT95TXT14B0733327KA',-46,'1970-01-01 00:07:58',-1756609721,'80'),(932636332,'OH0TP73P954FQ5U11TN760PM34',-56,'1988-04-21 18:39:18',-1778093851,'V1X1VB0FYY022VBHH423S718X29258502AYG8ETF7L5G08C8ZM'),(932636333,'EDR2K9G2X14L1623',-70,'1983-08-25 02:50:47',-104,NULL),(932636334,'W8Q5SW0S662K2VDA451Z8R7Z61QX3DO9QO896P3H8530B388962G6KB6HGFTRYLRNB3YR45J2O4B2Y29IEP9R4XQ64XRADD77329I6I',114,'2007-07-01 18:50:11',6811,NULL),(932636335,'I9XP762E',-117,'1988-04-13 10:44:38',-561406934,'AN'),(932636336,'75YJV',-99,'1973-03-10 09:36:28',-96,'846S09F8006350GH62V62AGC69JSZ9333'),(1147384697,'204Q251WJS033NF0J6V37R2FX5907NQBGH4FLQR1471QL8J6XD68FF1AO676B9405704356625Q54JOMM43TK43T893E1X16',-116,'1982-08-31 18:53:12',-1836567056,'5T9WH3860W7'),(1147384698,'E4R43443810',-64,'1970-01-01 00:00:06',-39865427,'LHRS937PPUL670E6Q97MV5W'),(1147384699,'7X844V70GW1W6ONXTYSAF21425692CI619IK95E05RD8R7YA895F16K9GF73H0DFJKIOM4J34BZMP724T2M5N2WQC1AEB2069TU6O0K74L1X1C79213BT330J7AHSO5JJH01G4HAKB213HTC2BTGTD48VSKZ26TY1C7F7NGT',-55,'1978-07-21 23:43:54',-1117981033,'509WM1'),(1147384700,'TGN3M3O8TCI60WDI2ONU66HO31MJ1Q9M9ZX29GW337071QA1P55OSNRJI0U99',-33,'1994-10-19 00:16:59',-599022385,NULL),(1147384701,'P9D9JN33Y8P2J1JR2G240A7',48,'1976-09-12 06:27:32',-523726118,'FT'),(1367763094,'4T99Z4N1TH14OFYKTG2O56YTB4E7KO7M98G0G0T8Z64JTNCZ6YIN716',84,'1977-05-13 05:24:35',-1856722924,NULL),(1367763095,'6H2EEAD5XPLTIN2PD6NIRQR838802M',-7,'1970-01-01 01:05:48',-117240343,'1YK2ZH6PNUGEY22J115Z1682IH684A584W7HY9Y3W4961DW006VH5564NDMH5894CJ9T88UU85FF47'),(1367763096,'333T3',-29,'2018-03-17 06:45:50',-503,''),(1582511459,'',-42,NULL,-198374696,'SGLS6079J1EMGI9E'),(1582511460,'3O38WCJR1L1Q1B8322K1',-108,'1990-04-07 19:24:07',-621093078,''),(1582511461,'0C1C1O67ID4TT317FDFZHYSY9',-80,'1973-01-02 16:10:56',-20963859,'U97QQ2W1TLG6EKMASJO6I6SYJNC0X7N9Y67M4T76Z42Q'),(1918955354,'A2NJ341',-23,'1970-01-01 00:35:02',-323777750,'OQ87PFGFDJFC4Z7JF6KWU9MTU7X94B6FC5'),(1918955355,'95K8X4R0CQOBM1X3UR6GF2316KSJKDBVY973LT8F',74,'1970-01-01 00:51:07',-5118,NULL),(1918955356,'',-19,NULL,-1420321884,''),(1918955357,'1RJ888MOPPR74O5ZLJ6H7K',1,'2002-09-09 21:34:49',-554097778,'TR'),(1918955358,'G1BB2I8Z14G8',-11,'1970-01-01 02:34:23',-2,'XJ43680BBKWNME1BQ7093'),(1918955359,'33',-54,'1978-05-28 06:52:13',-1113592828,''),(1918955360,'4F756A28S0REC59D9E76563FNPK10YYW78D8QJ694G71R8182W4K2647778697HJP68RYFCNM0',-32,'1970-01-01 00:07:09',-43471839,'963P8Y8U4QHQ13765P8V51EI848'),(2133703715,'EQWT4U795508D9W',86,'1998-08-18 20:19:29',-1137719225,'23POJ0ASIPTKRLGL0UTRL29DOG33Y3KHGLO'),(2133703716,'9',-77,'2006-03-12 20:34:21',-1202081319,'C24AW59A3HQIRY570777501GS65O277YD6KU04057CK'),(2133703717,'79IBTG5H46V0427H37F',-37,'1970-01-01 00:30:39',-1868590793,'9E81W22RZIX04ETQ2OX06F560LWS'),(2133703718,'ECNZ81UWH9JQ3NGT',-73,'1970-01-01 00:08:55',-1269568409,''),(2133703719,'',74,NULL,-1430399045,'317V'),(2133703720,'E90T',120,'1970-01-01 01:50:06',-1629365725,'YUNO618O4204WU5C14G17C5AP6D'),(2133703721,'',45,NULL,-388,''),(2133703722,'CX5DMSI6VW8K2GM4PP67741F4FBXF44AH1353NCJIX751A1ICK55TGWJGHJ3AW1936234OMV65W2MY7J',77,'1971-10-16 03:02:50',-677235804,'P01KE'),(2147483647,'9DP35G2',79,'2005-07-14 02:34:55',-1963790909,'YRZ0PTZK0O46236FP5GDZ3O6X3JA9A');
/*!40000 ALTER TABLE `cb_member_group` ENABLE KEYS */;
UNLOCK TABLES;

--
-- Dumping data for table `cb_member_group_member`
--

LOCK TABLES `cb_member_group_member` WRITE;
/*!40000 ALTER TABLE `cb_member_group_member` DISABLE KEYS */;
INSERT INTO `cb_member_group_member` VALUES (29273143,1147384698,1830381947,'1970-01-01 00:00:17'),(29273144,2133703718,731982476,'1970-01-01 00:38:18'),(244021509,537970090,731982472,'1984-01-21 11:27:16'),(525669510,1582511459,1830381948,'1982-04-29 04:22:35'),(525669511,89277251,1830381948,'2009-08-05 04:35:02'),(525669512,2147483647,2045130308,'2015-10-04 19:03:53'),(525669513,932636334,1830381949,'1970-01-01 00:11:56'),(525669514,2133703720,163516666,'1990-04-25 01:57:02'),(525669515,89277253,517234109,'1970-01-01 00:00:03'),(525669516,89277254,517234109,'1970-01-01 00:10:12'),(740417876,537970089,2147483647,'1984-01-11 08:42:48'),(740417877,2133703716,2147483647,'2014-05-16 04:25:36'),(740417878,1147384699,378265034,'1970-01-01 00:06:29'),(740417879,537970091,378265033,'1970-01-01 00:00:07'),(740417880,304025618,1014141184,'1971-09-27 14:45:56'),(740417881,752718457,517234110,'2012-07-08 17:32:03'),(916161706,1147384697,2147483647,'2002-08-29 16:33:07'),(916161707,304025616,2147483647,'1980-09-23 10:41:46'),(916161708,2133703717,731982474,'1970-01-01 00:00:20'),(916161709,2133703719,2045130306,'1970-01-01 02:21:16'),(916161710,2133703721,163516667,'1970-01-01 00:00:04'),(916161711,304025620,1014141187,'1995-05-24 20:31:19'),(916161712,752718458,2045130305,'1981-07-28 19:45:31'),(1130910072,2133703715,378265031,'1980-05-28 23:53:29'),(1130910073,932636333,731982474,'1994-05-24 20:30:18'),(1130910074,1147384700,378265034,'1970-01-01 01:03:56'),(1130910075,1918955359,2045130308,'1984-09-27 01:31:25'),(1130910076,1367763095,1830381948,'2020-01-29 08:05:50'),(1130910077,1582511461,731982471,'1984-10-02 17:57:29'),(1130910078,1147384701,378265030,'2000-11-29 00:41:12'),(1313143247,752718455,1830381948,'2004-02-23 01:20:55'),(1313143248,752718456,1417490394,'2017-05-02 10:12:42'),(1313143249,89277252,2045130310,'1970-01-01 00:00:02'),(1313143250,1367763096,1830381949,'1972-03-31 01:45:41'),(1527891612,932636332,731982471,'1981-02-15 18:53:10'),(1527891613,1918955355,2045130311,'1970-01-01 00:00:32'),(1527891614,1918955356,517234111,'1970-03-21 04:58:08'),(1527891615,537970092,378265034,'1970-01-01 00:00:10'),(1527891616,932636336,163516666,'1970-01-01 00:00:56'),(1782288942,1367763094,517234106,'1970-01-01 02:44:06'),(1782288943,1918955357,378265033,NULL),(1782288944,1918955358,378265034,'1987-06-25 06:16:43'),(1782288945,1918955360,1417490392,'1981-09-09 20:00:24'),(1782288946,932636335,2045130311,'1970-03-18 09:54:06'),(1997037303,752718454,517234111,NULL),(1997037304,1582511460,378265032,'1996-12-25 03:15:08'),(1997037305,304025617,517234109,'1982-12-21 04:48:55'),(1997037306,304025619,2045130307,'1970-01-01 00:13:52'),(1997037307,2133703722,378265032,'1993-09-12 17:22:34'),(2147483647,1918955354,378265033,'2010-04-14 23:57:54');
/*!40000 ALTER TABLE `cb_member_group_member` ENABLE KEYS */;
UNLOCK TABLES;

--
-- Dumping data for table `cb_member_level_history`
--

LOCK TABLES `cb_member_level_history` WRITE;
/*!40000 ALTER TABLE `cb_member_level_history` DISABLE KEYS */;
INSERT INTO `cb_member_level_history` VALUES (42,378265030,-555857532,9,'2016-09-23 13:33:59','A93T34SK5KVGH16T66B290KISHYTS3O0D6A1BOXJ4GB7Z47NSI4VDU2D1KP8DNFY','ZXFGW'),(43,1014141186,-85,32,NULL,'','FD119S5ST580XA2B7JR8B6QSG5I4AZIH6NV'),(44,1830381946,-5,82,'1981-04-12 11:21:06','NR128Q','SQMJ87'),(45,1014141187,-145594211,-5381,'1996-06-28 05:23:37','X3PS74D4U0NY3W148UDI9Q18Q9C6VAYH08','04KR17Z50YW45X13PXND72X2V5X17YO2AY9OB'),(46,1417490395,-105817731,-1283743135,NULL,'','O5GOL2BSIA7XM4E9G64H1T3J2R04016H'),(214748408,517234106,-1432666136,-737669040,'1981-08-19 00:59:52','012F8DDR7TY272T96F154HCNFQ8LBTD94H0YYOEYY8ER8FOCR431C6IB1Z5117A2L626889268H7','T8I02W7Z5468LS0F57K69F'),(214748409,1632238759,5,-1652377658,NULL,'','94C55GNIJY0M8279'),(214748410,1228889552,-1308625014,-587,'1982-12-26 12:54:37','C422U4XJ4CT7B8','YAQJ'),(214748411,2045130310,-1662485735,-1225915714,'1982-05-02 04:32:38','AVMSS0HAV34P4Y95G9D0160892H506J56H6H6SB4D383934776N3PWX4DUL93CA9QR4N48ANK8MUHX05O8','79IUL96'),(214748412,517234111,-1603043011,-854384186,'1985-03-24 17:44:01','E6NGSG55YWGCR70T891U00X7R1X9TQ9X776Q9','47ZR'),(435710080,163516666,-1291793046,-1693398267,'1996-04-28 07:41:35','4Y10YF526K7425S3T0278C920Y139H5T','4Z'),(435710081,1228889550,-1602931737,-1663600269,'1991-02-11 06:08:04','Y9EO2QNY6TR5','80990LDV1DWY068WG1NHADE4M70'),(435710082,517234107,-30,-400751550,NULL,'','GAIHZK67098CZ32JXQ7G91I8ECP22660D06J4'),(435710083,517234108,-8386,-1932859273,'1970-05-25 20:37:37','QDY6U70XD','F4UQ58F3TYOWR0TN2306AOR4E1'),(435710084,2045130311,-1097943382,1,NULL,'','K70JZQ219OX35BK176F6D6'),(650458446,1417490393,-7,-316080532,'2011-01-30 14:51:38','ILMT7V2PDJX080G1DXNW6620247434JP4D096M77R1R798GUZ82Q3K18XMV02XOXJRF24B6B8P0V46M2BVLV0H2M79','69XF2RE970Y3H8VUB'),(650458447,731982472,-1062154167,237,NULL,'','331U8'),(650458448,1417490394,54,-659026983,'1970-01-01 01:29:04','14E2KR14Y7SHE5COS38QV3UV45GQLV2W6X','3GTW36D86PR86JUR3'),(650458449,731982475,5291,-845222502,'1972-05-01 20:12:21','3110P7V83K68U5DNKH4V8MYB6ZQ74','H7N4630'),(983200819,2045130305,-271410999,-984026320,'1976-08-16 05:35:52','70788261LA8HI512862355AV08Y0C099A','E09E5J692PFL0160ZZ6'),(983200820,2045130306,-618944287,-45619577,'1984-01-27 13:01:19','8DY4I814O6O9SWM39R87','T7NJFCSN0H'),(983200821,1228889551,-1461,9845,'2017-11-05 20:23:00','OF9K6B0EFHAJH4898VO2L9646OJK18G6X2KC86RA3807W6AUT9','0249CF6T7SQR739OC7DSJ69Y62M1CM4X5W79Q68328'),(983200822,378265033,-27729745,-1822591502,NULL,'','4'),(983200823,1830381947,-594045007,-26379778,'1970-01-01 01:45:29','7M899V4IX0561S0V0866Y216PR3B3DR34GZ4B10RLX3HK426SKZDX0I9S','0G72X6VS47GLC47F26G270W'),(1197949184,1417490392,-606690616,-1871273289,NULL,'','4UDD8P415KH0KUD'),(1197949185,731982471,-1312725174,-478686617,'1989-09-30 06:40:20','93WM2AT2I4U478W65B1UIA756T173QPS04NZ0391Q2T14D2I69ON89R5Z','CNZBUI8709859Y'),(1197949186,378265032,-8,-1331745005,'1977-04-07 01:30:15','21D51LBT1MS676A38JIP844I01RN01TY652K3YSPZAU8','7RLTA5ZSH85Y0Y5B95I196N1DU5UIPC'),(1197949187,163516667,-1762364093,-853058389,'1988-08-20 15:30:02','L','1J0D87P7VY0OW'),(1197949188,163516668,570,-108971649,'1970-01-01 00:14:55','YZ7T9VD70881235EGN746MG5Z01L15G1QEWO10TK8VO6DUXH2RKL471OUV4XIKP08UZZIYU5W05H75V720Z2N2I0D6V1','FR9TU93O7R13D'),(1397079199,378265031,-873884150,808,'1970-01-01 00:00:43','E3Z8O',''),(1397079200,378265034,92,-950398620,'1975-05-03 13:44:38','0DN0','96ZVN3R12200G9GF6RDI9D9AVXXZ5RF'),(1397079201,731982474,1944,-1642630399,'1994-05-24 02:59:18','3511MP5H5CXT5HS957702G0QI56Y6RO53DWPK7GH6R8065WZ6F77V00PZ28MH9BXHK6WRO99636B0Y0753ANZ67OG3JP3LNGGN','5T9C641C9L52WM1636G1C1GU031155'),(1397079202,1830381948,-2089053601,-1404439520,'1970-01-01 00:00:53','X5ZPF9AE4350PZ1V39JN3L6FA611NU97QVBL3SV52971TA95J8K4RM4MJ9874Q9','80G1ALPMP1292Y1R5ZD4033L04776H1S8TW'),(1611827565,2045130307,-2118752608,1,'2006-04-16 00:17:02','Z0TK12','HM8RKZD00L9N7692TDSA8341449SN687H06C8CV3JT5295VX14'),(1611827566,2045130308,-2077422238,-2035388575,'2002-01-02 17:27:29','J29JZC1EAG27593JAMO0M08MW807600572U6KXTXT7JS8V3W0','M'),(1611827567,517234110,-550568252,-474176578,'1970-01-01 00:00:07','L9SQ4FMWR3XJR7K9YFRY31F87Z659T5A2VVOD96OX','LMH38103E94V0E4FU1R5T'),(1611827568,1830381949,-1543542103,4,'2009-12-08 13:00:52','H6Q479T1QU854H3614U1GQ23RWF129J2669PMPIDLEHZL5L2692J63','43T1N'),(1886092182,1632238758,5,-202970195,'1970-01-01 00:00:06','0N37YV965Z','SU4W47HLCW1M'),(1886092183,1014141184,-1872598476,9,'1970-01-01 00:00:04','HAUJFKB7HQ70NY38Q3','YR2MCIC7ZE8S7G6FI488K82J6BVLO'),(1886092184,1830381945,-6496,43,'1993-03-28 18:16:22','76','0SJ9A48Q75S8'),(1886092185,731982473,-1188248730,-1506510971,'1984-08-18 00:54:13','33TB1UQ3O720430PQFVC7YWPTZ7460AY81M4Y6J4Q727XW','958H7F4CMQUN5X'),(1886092186,163516669,-474,-5,'1970-01-01 00:26:47','06T8ST01UGVO2P1O2Z69D5Q0IO0QO96D','899B2L3F32R58F1M0520SXQ2'),(1886092187,731982476,-20,8137,'1978-07-28 15:55:26','85ZP32JR63485M29H5U3D91W1','K6358NJEBYE8T74HYJ2CI3BU6F108V0E'),(2100840543,2147483647,-135306166,-1297719536,'1970-01-01 00:18:39','50SS8V0623','CW7Z2R'),(2100840544,1830381944,-293779752,-1601094681,'1970-01-01 00:01:17','R0O43','9M8R'),(2100840545,1014141185,-668153360,-235999655,'1970-01-01 02:35:09','385FBMMCBK212V9061M90Y9I56A6RUTIHUY3Y7E2W5J7754UJN','4GXZ5R353HDZ'),(2100840546,1632238760,-118113055,-33627701,NULL,'','F7I980JQ5NI0257108FJJKU9RZO'),(2100840547,2045130309,-42288564,-23,'1970-01-01 00:15:48','08NXVR9AQW4U208O','7O4'),(2100840548,517234109,-253741943,-1110924352,NULL,'','WWIBW29DQ3GXLNQJ'),(2147483647,163516665,-1208458821,-1223603796,'1970-01-01 00:00:10','31','');
/*!40000 ALTER TABLE `cb_member_level_history` ENABLE KEYS */;
UNLOCK TABLES;

--
-- Dumping data for table `cb_member_login_log`
--

LOCK TABLES `cb_member_login_log` WRITE;
/*!40000 ALTER TABLE `cb_member_login_log` DISABLE KEYS */;
INSERT INTO `cb_member_login_log` VALUES (201384635,1632238758,4,'J1LB23N7EZ8X','1983-07-28 02:00:17','7TQU52J','TQ8TXE0SIY7FUPG2Y394G9CHQ1RZ2FFNQ9Z1XJ94','650H','4854IE6C03',NULL),(201384636,378265032,-71,'5FRY5P4675WPEOIKD702HKOK5K8C21WEO2AST771','1982-04-30 06:46:14','24U1K94','0641TULT5247ZN43XGQ7BB6IJNX54GZ43YV68','UXJC467M1F2Q26V6M7ZNA46K64','EW77238K170HE4LE2J88','272HXG3Q4IWNDHPBH565H56AFK4AY9JTDG650623812937GX8CR1'),(201384637,1632238759,-65,'JBKQ9OJH25A78S5BBX93DW26H27V748F8PG78TBITM9QS18T63K74OOYDNYHYY5S3SR98V36K1Y2CN9RNTSI06G0Q0M9Q4JA1582KW2063D4CY8G1E8ZY3','1970-01-01 00:01:17','ALJ96V7M9Q9B05FDIM5J6T0U1','QBOI25WABCZ2B7TSAY7374GYSD89G1FXPZ55WY7AB5FJ24SD8G9758GT23D9IVMTJ503A0SC8AVW0OYY4K31228W9ZY914E04QUQ8XVB6B20K8KL3F2','VYJ3S70LFTUNDRR52X17LLP4MEDV8RFW02TAXS4340E011FSCC0Y2LDD6C8K22S897459WU779','7BIG49RD7Q','73XG6VSSS2K268V2Q57920RK967AUT2I'),(201384638,2045130307,57,'O0XDFOZE089G','1972-07-10 16:23:34','UR9OFX1','S81U92','G230V85','OYLSI95HK9F0LROTKURVPU3H5N588O621G6','HHW7BR898N7QW9I13YLHXKPO6NLQQC3564TTURQL6JWU66GSS'),(201384639,378265034,122,'7','1983-04-23 04:41:17','P7VQWV23T809SL7U5E','','07BHA0DPB136LF4RBUUJT69U7EKI4R62E9P671MQ74HT','8429JQM1669ZDQJ6323VZU0Q',''),(201384640,2045130310,58,'36FVLFS6G7P685N4EX7QUY73K1G384702809W50598Z31859M','1978-01-19 16:46:04','DYF3VPQBJ9V2I629WBCUQL7A3U36FBL19669UJB6Y44S0NCRNQ','4A219K705YO7986KM8HPLQBSO','',NULL,NULL),(201384641,517234111,8,'BNAM46ZM8YMFIL5G07X9P82O76376564UYV970V2U9325FLSN6Y59Y7R1ZN5CB5361589I1Y51BC00004VT2D','1979-06-24 00:12:52','3C5WA6C8JD3922','6XLVG025BVWXB1N44ME20800B5142UB61LL2K0','I4G1',NULL,'H89XCV215669RS585'),(416133000,731982471,-68,'L5RF6X890123','2012-04-21 14:12:07','7P63OKIT7XLBIKG','HAG42X5O386BM69JE2OY413ZASY7I43G73QB','5Q1B84AF97KP13ZOJIW01R35WX7Q04AN78M7V6','','SEP'),(416133001,2045130306,-4,'72203OIF51D0H9D1NKN7N4FX3849R97Y9H3661GN1H2U0R65F28JEG9P84ABV8452HD4V4926066NXJH9J16SO9L61QDZN3Y5C07NSKM9E353','2018-08-02 05:30:27','P4GA3N3AJN7HPFV50R1ED5E489O85XVMKKJ5BGJL06A','W5W124H6','M55I3282','','54'),(416133002,1014141186,-81,'A8I75N4179512','1970-01-01 02:35:20','QK6G','Y6Z5269QK695SWD8','6S','',NULL),(416133003,731982472,-69,'EYLMKE13','2019-10-12 20:37:51','NWJ87MQ24OM13','9ANVLMHY0480858MX21D680676TZOUP2Z469G01O88699L9BM8','673ENMX26M24SAAFE017ADZ16B5E2M3Z666340J793OH4G583W1CR0800OK4S7092N3LBBB0A10640GY146R1ZU8Y','','Q5317Z'),(416133004,1830381946,28,'457L8G66FSNU','2016-04-13 09:18:28','','4OU7','AYY8C6QQ3K0ER2632S','','ODP1XD1SS'),(416133005,1830381948,33,'71OCL91OAQWSFI57YTX662A16YI3N39Q0U7740R8YGV40WJT3DA471WR','2015-09-18 01:18:06','X058E05CZ','QB6','858L626T1','50FYO0085BI5M32A0M','MM0116MN09XZYGL4AT'),(416133006,1830381949,-100,'',NULL,'4','NZH3360N8570W3J2L54SC9GJM7D6CCBU5Z1667TRK14T1CZ13OMDJX481HGLX0STS816D78NK1Z2XBM2Q96KIL3C1X4R29','P2Q14Q7W00HZ4T8O',NULL,'P08VPHC2365R2OPH11XX0Y2HK2W2T0UG0G875IPTR86C91SJAXD1KO4OS38CTK1NQ'),(602289207,1417490393,49,'3','1977-01-24 05:45:37','O3NTE864HJ46494SCI7','RCJM6D','02YZ8YUO60X65U9Z47R','C5N29MK5MQ997OUM71WK8Q6518284M771F2872EF9WA429P92HGS2D',NULL),(602289208,378265033,0,'GE6ZYEL4639RX','1970-01-01 00:16:27','1UA1Q8URZAQBN9A2SPI999I1NUF0P61P0STD71ZW338246ZRVU','A4B4733S7Q2T357B65Z79748WKEF768A03T7JN4N4H48SV10Y3I5GJZW0P78RQ1562S9YM2VRO9YKB3WH39','8KUI97ETL8P9A353W1',NULL,NULL),(602289209,2045130308,-110,'E2MSCB2JRM3T5J41G777YP114Q912375X40O4Z41VD0KAFJC898T0SQ731N9HDN0588IVJ5C20QT669','1971-08-29 13:33:49','8TG9HK1','13YO6ABUNY9','95Z52ZR087CEC3G78733VQRGK5TS2','FA3IG8IIHZ','4J64J5Y9W7'),(602289210,731982474,-123,'53501J7UC','1996-05-11 11:04:41','','4SK33H9SP22P41W2Q5S957LRG89','IO026KMW9H6378JS6T80TZ3CM7D7PGJM9LZIX38P73V5477E76BB224VYY43972O5QS5U11VD6YUXW02YJX36J69U2','XPCV83',''),(602289211,2045130311,72,'',NULL,'A48G8131Y','PI1','400NNTKOBW0P1G913Y9H','0SZGFH5Z45',NULL),(817037572,2045130305,-2,'S3I4P131321O3NMQEZL67V108P6AA93YFL60I353E93OI','1984-11-18 19:39:24','K4180NRIZC','894','22WNUR53XZZQ5QJ48DCK1V7E4IK843297X4I5OI68','','67PXK05Y'),(817037573,1228889550,-17,'8U5N026','1970-01-01 00:01:39','K213GJ8Y16PISXM271H7D787','9H8EOGRHG','K','70PWSE1X5901C6SFD7KTLB1BEM981CX511REPC0X341QZ',''),(817037574,163516668,-97,'C4GTNE266S04NEDRFI4NOW52MV1NSI95','1993-07-24 13:34:26','','N31D2F0VAX1U2THSGATFWWPLW9R3K86P01B4360787','KMD1I059F1VC3FR9AK748KF33TLV0C2481',NULL,'KXS276160'),(817037575,731982473,-36,'C011Z71Y5T76G09GWLI4JSDYCNG15MV5FV5','1993-03-22 05:58:51','8XF1Q97','6PA8O677NZVU05QN7I013S0F2K7J68V9R64SJC2R6408DY8DX1237PZIY8TUJ1136MEF6W4Z8VZS72Y378OOL7O95K39WLK7LTPBWLI61YX53640H49RS','5CO2YIH3SP76RR12I22S225GF1704W2CH578626Z','0ZRNI','PBI800YI15'),(817037576,1014141187,-92,'86146G9F','1979-08-17 07:41:12','F528WUFDZ5','4368RY','OP645NJ5348667','C306M40Q52U2I5BAR60MJIVU3R103WOVT3711P9B5H6FNQJ963J48HF0A0E8','02C5P8PZ1729F9ZY7C167S5XN6223TFMR6905Z14F8JW9U7K30'),(982350721,378265031,108,'0I0079N1P','2016-10-13 11:01:47','FT8E1D5KUY6KK18PG38G7U7RA9F5JO09B6H6P','S5Y8S8WH6V35FODQ7IV8HX','1M2','',''),(982350722,1228889551,-45,'FQTE1MXX39CWBWNFWW9LE5Y0BB7','1994-05-24 14:41:35','3I2422U349SF078GW0R9TJS3J9R7387H3VCNEE9AH81F0128','62A9WSFVO38708S','01J66NG8BP9J8TN1895U44DICWS',NULL,'2W8'),(982350723,163516667,19,'K7NN79EZ','1970-02-28 09:45:00','SPG51P03','Q6YD0IS9CM354A27OXWE4992TVC67B3D05IIF6TKSX48Z7T8164M8H','0MQ3F745X','1007JI5KVD8JX0BX118K0Y4Q6SSF3H3JH2T021E2G7DE0KDKI88I2X61AIZV84','G08X5JX548E7RV08D509B0BBY21N96KQ6'),(982350724,517234108,-125,'85MH86ABM2TEG0LIL6ZRPF1K15VDRI4760NRPAUW350J4Y5ZOJZYGNRKQ869S0','1976-07-20 23:34:31','S97T','19843J8PU2SKC1B0J54','41487125OQ65FY016892CSI1969H4G789NKC326774UX4L020RTMP1QF6758YZWX1BTHR6679DS14Q89441ZEP','9255VIH9700WB908IT83145M65LKF78QY',''),(1197099087,163516666,23,'B00FGZVW9RPLE78K90P8E6UC1A45NR62DMWEA91A01UP48E1L3OUZ07Z59WD27','2012-08-21 06:26:41','1F','AK8I3K904SDK8NAK85L8MT7GLJL0','K1B33PFUF9A4D0T3G4MMXCS6SV52FSF39Y7',NULL,'585X4V92XC'),(1197099088,1830381945,118,'749042IN9','1970-01-01 00:20:31','E5U3O77S973PN9S44','48D4S5J1T68147VLOXU65Z9728F','','9QEHGXK2N7B7OI19XZ',''),(1197099089,1417490394,123,'580','1970-01-01 00:01:14','A','2','185607794X2CNSBM3K','KM5','7H426Y1QGLXH6C5'),(1197099090,1417490395,-60,'',NULL,'ES80O639232E3FCD8P9','3W1YWU1T3XKILCD0U5A92W3RB0697Z186S0','T61OL4YZ9',NULL,NULL),(1391338251,163516665,71,'8PU6Q8G','1973-11-12 07:41:00','O29','','X210E5WASR9Z1C6CRG3E4TKZOD0EF564ST1ON','5C74L1Z7EJ0VXJ3LJQE6B76EL695X1FYV1NSJWL496','LF306UM1QB45835T1X2'),(1391338252,517234107,83,'HLV8937JW2SPK4WU57PX58IN9008W3Y41X2A1876NXGY17U0','1970-01-01 00:00:01','2BSEBEP8Q0XCBH9XKE78','','A523D1L84RYDJ3G72ZC4TE931I51QL','',NULL),(1391338253,1830381947,-58,'F60AQETR1I0L6QEF8VY026171RE2XQ6I3J1AW4I69XN','2010-06-12 13:11:48','MLW3QP0','U168L400F6PUC042FLXQQ652XK421JV9I3147N3OG5722OOW7CV3860U7','XCR84','HA9TTWD43I5Q12N647CJF8L706YK5C3G8L000566N9G5701P76R0JY8ND71D9E1BC9H21VG02M','5A8OZ2930XHV94246R3R9HQ7U7A9D40PCW8X3JQ8Z1RBAZJ3WA48DQ76033P4F9SI4M5CU610M4058X3OC0A7841811L'),(1391338254,731982476,-49,'YDR75NTQ18BQ0HPFPF42PIHO','2016-05-22 06:40:42','R03T382ZH0S9YN0A3MOAK684','AM1C7ABK1I4725I8P5NRH4WB3KZB3OC19635K9B24','','T715D7PVKWKDDKFW6XZN7',''),(1606086616,1417490392,21,'YGC787623TL2X83JP9BL58OQEH3AP83I8IQ36KGS9HPA03R0KZ5Q7IDZWT06N3Q904X90C4UZT92JOJ074D0UDA8GD8B47306F','1993-10-28 21:20:06','207528I4YTL6276MORN0B3T09PP3F6UZU02GVK4RUAM69390I','9Z02TB73565HJOGL25X37S99CY5894','2WIS6C6779FHMGVL8K8TWD2EG663LPETXNDNR','D0M8W9V','P03PSK868V5J4XI0T7'),(1606086617,1014141185,-47,'18837VBEV9J','2010-03-11 03:42:29','DZ279G80974A3O7','07','0I7B3','3R6I8JB53','X8U27FRCG6QI41'),(1606086618,1632238760,74,'55V8K89S71D7V3K2N9I13MAER5587X43236VV2D45EZ9P5G2X5K0Y9G69U15Q7TPD0O1NQSOER4D263KE6P131TVM986IQX3316ZWK5T2E5S58LEV1IRDPVMAL3','1970-01-01 00:00:03','0T7033NZ','6DYZ117Z3GE19Z97J15R9XW0IW46TWV74','5395M0J50','84OB5T1VDK082ORAEKH87V23HIW0TMO25E43FR26K223XSM96U5','99S'),(1606086619,2045130309,-24,'X059Y6GK8G6D08W6NWO','1970-01-01 01:05:35','85E00J58FC77QF','5HHWIP6L07IX0454QIE6CP5I4761S','71Z3IP8JRC','','26Q1G7BI75O8O5T09L0IC9QLV6235EZ0J'),(1870191379,378265030,-118,'',NULL,'936FERG0','S47','1935B9K1H96K33C2308V128LK0','0Z3PWHKTK7L8V5K0ZHROJ21HW0J39QCG1NY8444','JU8569OEAV7P001X0P5H02HB3AFG2865N59'),(1870191380,1014141184,113,'P2AT3MTC02X9M73L7Y3E4763BZP4DE46C4ELKSX37AMJ8PR','1979-11-18 21:59:42','39LOQ6EK3O','P86OS048MDFXMOVZEI0N7SO','132JQR4LB101O',NULL,'5U8OMCO21RX'),(1870191381,163516669,-67,'MM791YBL2E109551C2Z8BC6Z0098E180DJZ6JLZT66971B71E','1970-01-01 00:01:41','JN4I','OT99KZ5U','T049Q3V8H01IQ9RKB20414MN0OAOB8','CL5','7KONKSC168'),(1870191382,731982475,-58,'753Y3JHZQWA701IHQLRF41S8DK7','1992-08-25 12:04:12','','ID22728H8BSEY9024VCYN29Z8GO598W5','5BQLM90YY212VAZE7359YGB69UM051CMRBFX96DKR65WLC09767I46F57W144NZAD85LI9Z90J3B90W57Q70K42Q8Q6W2FBX4HM65KI8NTD3','M','8U05D18ZR7O440R'),(2084939740,2147483647,62,'9RNGYO7','1991-08-22 15:03:56','8EY781T5QN82WOCFJ','TO9L567','U1V521','MV06SIOSQVCA4K96H918S136CSA1ZND25O579OTAI9',''),(2084939741,1830381944,-6,'9F54WY723Z32AQD8VZH','1972-10-18 21:30:16','62URZBU182FVAW46HO43S0464CLGV9F6F71K07860M5I2','55T57RDS7ILJVJADS9H','5','5ABCB70WE493G7QZPHI967410M46K940RA7WS7M7ADPXT',NULL),(2084939742,1228889552,50,'JC96VHNX3FP1E','1970-01-01 00:00:10','HE7FLMKL6ILWB07X2OB0U396881','19C2F05IX5IQ683G7M2BTD89WDD','Q3F17152KU9MY5A44W41FZ24750KENTF55I4NB4EB34NPPQ857S071','','6H2F8J7ACKPLV32IHY540V7R9CJRDRL9JRL'),(2084939743,517234109,56,'V0465C4','1970-01-01 00:01:32','FEZO17PW6W33NU7LT6S7','ZH7M8A858PU6MM160887LI615M24KUEJJSP2ZO5U6WS1A7GN21S9J12','67O1A36IB9QT96P8FYYK56568I52JVBL45U4','VO7','ZE4380RCQEB3LL6787PZ07'),(2084939744,517234110,-118,'09AJ','1970-01-01 00:12:41','88E0FJH5NJ9XC13A39068EC6G3P','S5Z59685O603X820968V39','2ID06',NULL,NULL),(2147483647,517234106,-74,'36233052M','1970-01-01 00:00:40','7A','43DUOI17857J9D208Q4VI','NYV973J63O997XXZLR1FF2EAYY6BY60','343AHSPY7D10OD80OG','');
/*!40000 ALTER TABLE `cb_member_login_log` ENABLE KEYS */;
UNLOCK TABLES;

--
-- Dumping data for table `cb_member_meta`
--

LOCK TABLES `cb_member_meta` WRITE;
/*!40000 ALTER TABLE `cb_member_meta` DISABLE KEYS */;
INSERT INTO `cb_member_meta` VALUES (163516665,'34IF8O7','6VK9KLZ2023021RJ2931'),(163516666,'Y80K61HT100666QS','8P68G2U09T78FVNM3SL949I800XI4KBZCQ3VG90ET904A2R4'),(163516667,'7I5GKR4EJQQ1G9644VN3F14A56G6SE4E5R18YW6A1P9G43',''),(163516668,'BLNIO6Q3AATE5X',NULL),(163516669,'QPO82844363U0RWU81I4686876D','BP7ZJW49KK2J2M269QG8978'),(378265030,'DOY52BWOCMNE','55ER1DW280ZG1FAFH7QUCJ8586O23W32RA7Q7ZK1PV6PMC3R07I357I36F9Y64BZ25A790YZDMJ7JR51L2M'),(378265031,'57V1D79L5G77BUM3S0LJ61AEC1Z8N248ZLU9CSTI0JZ156O0D6X2JZ48','768H261RCHF62TO30ZEIH2'),(378265032,'39U','52G7242F8P9O7JP06R9L0304011NU5YVOMMO90HT1O9HV6'),(378265033,'OM9DCW','518S82Z87Y8L42ZQ99S6L190YJ511218'),(378265034,'RJP',NULL),(517234106,'JEUY900TOMI30ICQAN5773W6132EM3D94','8O32Y4YECYG70ILPB06PBX6V8HYI432V9C3B25463C24M5X77Q74MO1B88YU50BNX39327CN7069JAJG28'),(517234107,'281C1J4MK',NULL),(517234108,'ZHB4O9A01SL26KQ18704X','B1O74FQ0ADQJ3ROK5AZ18WA1TQXC7A33'),(517234109,'68K96FB11D2BX9C','76816YE0003RQNP8VH1BPH4K8FG9R6028DMM25A350L6O2U8'),(517234110,'957C3N85M1IXJN3','2XU1ELP51J6DMR7U63Z4W2'),(517234111,'8DM0AG981','H'),(731982471,'E1G76WQ8LM122T91755AU93J08YOI3IAP98E43R00318M95854QJE8V',''),(731982472,'Y57IIBG3CY66S','Q66ZHP4BDIH3SJ6GG24JG9J'),(731982473,'N7F945X9490K8N2NPND3FCP5ZUR6HGBRZW42WW4336SK14WGTLRPJ7ZZ7RACC7Y36Z23DRC8UPF72U','9160C'),(731982474,'2135TPKWD7F',NULL),(731982475,'OT7598J3B61DUG8ZC1Z8R6P6V6SP64069673FBY875IYF0XQV6N5',''),(731982476,'RHL','AE2DD74O93VYT4728I4U44M7MC2'),(1014141184,'49B4LMVE9OKOU995JO54457B48XK99','L4P8J02G2G2742X8C1ET'),(1014141185,'SHXE80758ZG88F34JMA72Q1BA1JDUV434XN26Q84FKP0IM13','095U4Q8GO9D2TU23GY6857Q1AJ854JT2SL0IMXM724MR71LWPBH8K22729930H7HD42X8RFD6KHGXPRI18D'),(1014141186,'',NULL),(1014141187,'','JXAGW56KWRQ'),(1228889550,'BBU63VGE1GN','901KW05T6C7MFN960CIJ4RN03B07KREHG1Q085L35GISQNTJDIFG5169M6GKNRB'),(1228889551,'07AN2H09T0Y8O85O',''),(1228889552,'V25F','0467V5DZOAU9'),(1417490392,'NK19139EO0UZ4CDU5702F54F025XH6JE3','P1B46VR15P5XN68UQ5W59006A8702O63M98GNO41T1CR2209S0FJBK69MV5J925K3UMKTK1CI01E0AXVP3Q7K2E22J4YJU2Y88UUZ0KY'),(1417490393,'2324MOAVB9R85093W63QY0','NT'),(1417490394,'9EQ88V9O67','R70C00823N6W8XKMEU9K4W9705YGD14O33C64SMT5YPRZ6PI565DR9B4S7382A8MSALW03UNXNV6T5E07PF91B1I605PD23V97S8K'),(1417490395,'C91LXCG36FN77Q67','J701M2I1IXU8AQ95J0FXMW886BC258F'),(1632238758,'K6857542VFYE7','9S6HE8J36J1CWMLP402307TPZ35P1G1C74W5IV47CDHJ0A2YX18VTP4CM324NH9L685K8R6137MYZ59VYC536V752ZLL1I1U7YQFQB4MA867UV2P52H8S87L4BY0'),(1632238759,'05DO79S6326AM7G0',''),(1632238760,'P25D1UDI9799TQ22X',NULL),(1830381944,'623CSYVK9T6L2B6PJO340SDI1U8O','5A7ITHI30TS96910E4V27V24A11V4C66W4'),(1830381945,'',NULL),(1830381946,'O71X88R783R438O25VN913S6C0U2NRBTE7',NULL),(1830381947,'SQRZ92J8TVPOC84695','9IR18O56Y'),(1830381948,'7V4WD7C2','4YX29T7I1SARH0Q06Q433JZ2MKGW0'),(1830381949,'9723T1V470ZFK65DZ22S','0H7J6'),(2045130305,'E9O4CXN9561GYT7WH7E8K0STGAPIN7FG4O2CV49S4BM81M13FEB4P05A463DS2506S2','6H6499K7GQBQ9IE56W74I6LV4D91D13G'),(2045130306,'','81L03M49548MH7X182JZ6W232V29CV'),(2045130307,'',''),(2045130308,'G','IYMBF856'),(2045130309,'JA762N7K5AB4Q8A5Q647447OBL2T196H4RT',NULL),(2045130310,'RCYY35WLZ9','PQ02KBXA154W47I47G24S1I8VS81PI69YP9T7FEP6189T9MVWX0518C6Y5KEF60I721308HK5AJ68WNR1KQF2'),(2045130311,'',NULL),(2147483647,'4K4I9DQ7','');
/*!40000 ALTER TABLE `cb_member_meta` ENABLE KEYS */;
UNLOCK TABLES;

--
-- Dumping data for table `cb_member_nickname`
--

LOCK TABLES `cb_member_nickname` WRITE;
/*!40000 ALTER TABLE `cb_member_nickname` DISABLE KEYS */;
INSERT INTO `cb_member_nickname` VALUES (176116682,1417490392,'881RU0KZ2HG8988JJ79748','2012-12-13 11:09:16','1986-10-15 21:11:25'),(176116683,731982471,'2U3AZG8PS45NJ60','2012-07-27 12:23:09','2012-09-09 18:57:34'),(176116684,1014141184,'42D2KKBQU1Q7001C03ZQ5F7S2','2015-07-24 03:02:52','1998-11-07 00:22:25'),(176116685,731982472,'9I2UG34802J366W27YZDQAD5HKE76ES13XY3Q7','2013-10-18 04:52:06','1990-08-02 08:14:29'),(176116686,378265034,'3MF6369172C6Y1F59R0LR00R9M9WZ11NHL','1970-01-01 00:01:23','1970-01-01 00:07:20'),(176116687,731982474,'7VGNF820','1995-12-29 05:49:34','1970-01-01 02:13:22'),(390865048,163516665,'BL8V','1980-08-13 22:07:39','1994-03-27 10:54:00'),(390865049,517234106,'4QJ0RF3O9KV6AW','2014-08-18 10:43:15','1989-09-16 01:27:07'),(390865050,1014141185,'DH79PTJIXZ25TG37GFV63','1996-08-25 06:35:45','1986-01-13 22:28:09'),(390865051,378265033,'5XBA3HG9SEH23OEWKYHL99VMSX7E2SOYR2Y0816CIB4XP1BWI3B34B8231099A4','1996-01-04 02:52:06','1972-06-13 14:52:13'),(390865052,1830381947,'',NULL,'2003-03-27 16:14:01'),(390865053,731982475,'V59P77Z8YI6HY8TBS','2013-03-14 13:24:37','1973-10-25 22:52:03'),(553082397,163516666,'',NULL,'1982-07-20 02:49:43'),(553082398,1830381945,'3H62BCR96J393BNYS1T0T','1970-01-01 00:01:19','1970-01-01 00:00:01'),(553082399,1632238760,'',NULL,'1988-09-13 01:22:28'),(553082400,2045130309,'67I8Q88J5AWC6H43965699263G9H17KMK','1970-01-01 00:00:08',NULL),(553082401,1014141187,'7','1970-01-01 00:01:38','1970-01-01 00:00:01'),(553082402,1417490395,'27N9WXEMZLJ5O234FYZHD87OE2','1998-03-07 15:30:19','1971-03-10 06:01:14'),(767830762,2045130305,'B825M4P6716TM675Z7TUE3VX222NE770D9104KGESV','1984-09-17 23:17:38','1986-10-02 22:39:50'),(767830763,517234107,'D2D0159H6WFKBTN0H5C0QFB872F','1971-03-06 01:45:13',NULL),(767830764,2045130307,'6M9V40','2004-01-01 16:11:53','2018-12-14 18:07:27'),(767830765,1228889552,'4I742D4XG','1993-10-20 18:28:16','1988-09-21 07:13:24'),(767830766,517234109,'CEZ14Y','2006-08-01 17:04:32','1994-10-20 16:14:14'),(767830767,731982476,'9G','2004-12-16 15:39:50',NULL),(916452099,1830381944,'6JULK770WH49','1994-06-05 05:43:30',NULL),(916452100,378265032,'69H5I275M41LO8F06Q9U0AWIC','1993-09-08 11:03:17','2013-03-24 08:51:18'),(916452101,1830381946,'FN5Y28016F2LY194F0F9OL3J9285CW4605D6','2011-02-20 15:45:37','1998-12-24 07:20:27'),(916452102,1830381949,'57R477X4JI72JDT3P946TNWQ41OUH4H56J4N848GBIQ4PYF8135AO4TT7DHU8G7G','1970-01-01 00:01:19','2011-08-18 18:39:05'),(1131200465,1228889550,'S3HQN3AMP4M4DOK5XO2EP75R6H632X924R73X3S35AB94XN6VDJ4MV7DU8GL646282F1CSGKXJSK4BTO1NIR288Q4VC65S34MS0D','2018-12-14 22:34:23','1970-01-01 00:09:02'),(1131200466,163516667,'R8W1','2000-08-04 03:24:35','1974-02-24 16:35:47'),(1131200467,2045130310,'5','2007-02-16 03:38:59','1974-05-27 19:08:27'),(1387602644,2147483647,'996FB371MYE3R30BC80','1970-01-01 00:05:11','2010-11-18 04:11:01'),(1387602645,1417490393,'348ZZ322','1970-01-01 02:02:21','1994-12-16 10:52:52'),(1387602646,1632238759,'TUXQKXLG4A4417RU82129H2BA800Z7F281JS14AS2U','1984-10-18 04:43:04','2003-01-15 14:49:35'),(1387602647,163516668,'D9ZZ8TO00Q621K622ZGZ49A9Q3Z6981Q73719M55VJG9M82RF32805W76F4R27Q3','1997-09-09 03:44:18','2020-02-19 21:46:11'),(1602351010,378265031,'03CI0LCWL7MJYUS5MZ88196J7E9WONFTSVT23EJ9CTK4OB5','1970-07-17 00:50:55','1997-06-01 12:24:44'),(1602351011,2045130306,'IO7K','2015-09-27 15:03:37','1970-01-01 00:27:57'),(1602351012,1417490394,'6C807X9309WYZH13SBHJ65HT42Y1','1991-06-21 10:46:25','1970-01-01 00:03:28'),(1602351013,2045130311,'JH4SAZ9FJ9OHRBDD019V434PDL87I8A4B72D','1970-01-01 00:00:29','1970-01-01 00:09:13'),(1753166006,1228889551,'EQ2LEHL3MCV27LU0BD7YVQUD0324185N7IC674B09','1990-01-24 01:13:54','1978-02-12 19:50:25'),(1753166007,2045130308,'O','1970-01-01 00:10:30','1970-01-01 00:00:05'),(1753166008,517234108,'O2W26X6SE1O4R3','1987-09-27 18:28:14','2019-12-01 09:00:24'),(1753166009,517234110,'41S2KANOP4P65','2014-08-25 07:21:15','1987-03-02 17:40:22'),(1753166010,517234111,'9BAPXQ12T','1986-12-17 03:36:58','1970-01-01 00:00:07'),(1967914367,1632238758,'N6RS08WR770Q','1970-01-01 00:02:42','1972-04-29 12:41:40'),(1967914368,1014141186,'FV1MIA250T268762BHH03P0OCXF4YC9Y2KVOP5A9TUV2UY','2002-11-12 07:24:11','2010-01-01 23:32:11'),(1967914369,731982473,'651R1NW68XN1','1976-09-26 03:22:50','1970-01-01 00:00:09'),(1967914370,163516669,'XG2W94M','2019-12-23 16:51:42','2013-10-16 11:58:10'),(1967914371,1830381948,'DV11YK851DH3I318W129W47548254TEI2Z7J6BNUO16AST75FY4Y3UTM3851038FAQR1ZTRO0WU64634O6Y4W3N6A40R','1970-01-01 01:30:17','2002-12-25 18:13:22'),(2147483647,378265030,'Z72TYLC466O173JG3XUIKGFY6401','1991-09-11 00:53:52','1970-01-01 00:11:41');
/*!40000 ALTER TABLE `cb_member_nickname` ENABLE KEYS */;
UNLOCK TABLES;

--
-- Dumping data for table `cb_member_register`
--

LOCK TABLES `cb_member_register` WRITE;
/*!40000 ALTER TABLE `cb_member_register` DISABLE KEYS */;
INSERT INTO `cb_member_register` VALUES (116112687,731982471,'FN412ZY93DD0','1970-01-01 00:49:07',636280093,'S1FD4L77','11J4E6VDRT6'),(116112688,1417490393,'3F7NCU13LOH6SWIXLG3IV','2004-07-28 04:19:16',220,'A9UL3CV',NULL),(116112689,1632238760,'4','1970-01-01 00:00:48',1831927817,'84XQHP54Z36640528HU7A2WH','46AV57DYW72PY21ZF7RPAD3EP3JZJ10233AJM57V9D1SGQ7G85S5BGTCH4226PR05DL93930900KD5NZ1MHDKB'),(116112690,163516669,'U75533C3ZRA115298P8PT5324O35GM171IGPJH8HO','2013-02-28 18:46:52',332385552,'D0UD9BLRI4O','D6AL28718WTA27GQ01PAICLMHG5JJ813Z9A5HU76QY'),(330861052,2045130305,'5C8YN2HJNUY1B75T8TLG6S214H8C6Z85LV654RJJ6086W654E1','1998-06-29 13:06:40',1266658469,'80KV2Y9UAG826ZW2115K8412116K3',NULL),(330861053,1632238758,'06B0XM651Z0A0U4','2018-07-19 21:40:01',1799910942,'9X165O503K11RD12N23','26W0J99400Z0HL59X827OZGIS61N7V5ENHP8Y63BB'),(330861054,1014141184,'M3F73Z7RVF37X1R','1970-01-01 00:00:05',1241802994,'XLAG08Y794PDZ4748O','ND2'),(330861055,378265034,'C9','1970-01-01 00:00:13',1441568296,'HHQD03YNL5F693F59VT18ZY','9'),(540781930,2147483647,'1VS7R3','1970-01-01 02:16:18',552067193,'P4R5219Y83YSYLA2KE','108127'),(540781931,378265031,'BXB7009H0LE751C6D3L1607598PPJJ9B0HWC079486H450','1984-03-14 04:15:52',1698413958,'J4A2XMU2KPWER147H14Q6W8D02E06J6REVSW641P0O6LX99N1SU927906QU5JEOCG57W5A0066OY6CXE3J45A7YVYXDE9G5JNLTY','MQ9OF08V833N41E4H0P6C6569K0'),(540781932,1014141185,'VO','1973-02-12 20:33:08',6,'7AOJPK9L661L0T46523OE8932L73X97','YB8'),(540781933,517234109,'I8Q73SH','1970-11-20 05:53:11',1814,'84SMB3JUZ30LJMG16NT177U70V435GYY9',NULL),(540781934,1830381948,'43N32354Y64NMPU5','1977-06-20 19:55:28',1038851007,'82CH6T7TKDB886RW1N0',NULL),(540781935,517234111,'EBG3','1999-08-02 09:45:41',798629143,'9C5XP2U5PRI6A','9NPWSODLT0L7ANV9Z1346R536FO48'),(755530296,517234106,'X5NZ203B2II41026447A836O8UC','1986-06-09 01:43:46',1993452728,'235B7BG58C4','IJQH9ZN85ELF3OTNM90RR34F7JGCSK326T46H'),(755530297,163516666,'SJ','2003-04-12 20:37:31',1137867030,'',''),(755530298,2045130308,'SD98','2015-11-06 15:29:01',1845973568,'',NULL),(755530299,517234110,'',NULL,1117102878,'247KE786DYH0NF29M3044','Y53R991LE06KH8G0764J8E504M2SC4R44I063T49JS3I9V812C0LA158QDS2D38X1P03RC7C9X6W2D5FPAOHS3I16S52MON2983534Z470WL87R4X71'),(755530300,1014141187,'5MJXM','1970-01-01 00:01:20',1737,'91V',''),(755530301,2045130311,'5DE2EWL30P18E0B862NH','1992-06-25 06:41:22',29,'67B50EGY2CW0','YUI4L15B1J71K74AJ84E03SYPDPO260NV989YK400NRDO93YIHWN70'),(899977474,1632238759,'5F4M365UQ36M3NJOFEQ6RZB21RJ3N4NSB3B69SJWM0O83YZW68','1987-01-22 13:48:15',35604329,'85315V9D4FENP6XBHVEL628E',NULL),(899977475,1417490394,'TYX','2016-01-09 07:45:39',151741502,'2YG5616FVV933AH6MFU0Y21WN2KV5NF44A93Q37','27ASZ973U5UFE9M5'),(899977476,731982473,'9V06','2005-06-23 07:51:50',1625825272,'8E01MQA01663QBOUT01Y','794G'),(1114725839,1417490392,'PN0T4H1BK','1993-12-15 19:53:10',6,'01CLFOZ74PG31CE7UDS4IZMMB9372127DTJK54IOVTE12VN9UL3527BJ59721U63CM',''),(1114725840,1830381945,'56L','1980-10-17 00:09:50',8028,'D5126HMSGH4WVUQURUF5R3TAHC1V7Z314Q280U8Q2NYN66','047B45U3YXOZJMZ9FU451S9D594F432VW49XB302K9ZR0YWEHRK7YMP219OMBS9G0OJW9W4TQ4V5PAF1817D0BGXD6Y50DD76H'),(1114725841,1830381946,'82U5O90I727WH994X9X9ZCTIB11J332AF','1970-01-01 00:00:11',1365093668,'SVGB74UNVHONY029R9RE27I783763DUT1TRY2','IA17C2E505N3Q3'),(1332981237,378265030,'F5S58M9','2008-01-17 04:58:59',1838613868,'V5AC73AB4W08HFF776MN4FB',''),(1332981238,1014141186,'7S5K45688P838TBNZZF638FJ261ZE1MT593D1592I1B83FQ9J2','2002-02-07 02:50:27',857915529,'37P8P507X4Y','VRN3QW80275EQW5'),(1332981239,517234107,'222HVW1Z33FC0XX2P51NN0EH4','1970-01-01 00:00:02',285967977,'EX7WF0','3Y5H0SU3U7M134ZUL'),(1332981240,2045130307,'B42C3NZIM23XIMZ9M1G7CK8ZNNVMY043J5TJ9S1587AF650P9N','1970-01-01 00:00:06',768385551,'G8NBP2224KH8F559J09H25P504V433JEYL84J69LRFR','J'),(1332981241,1228889552,'7M','1984-07-14 02:36:47',1077255330,'3F4L99D9890','678VZLGD'),(1332981242,1830381949,'5H7676U45VP3DMZ8D706WGP4QIW','1985-11-18 20:01:11',1876939596,'I6NC8187XH0807J284635YS306F0OC9RB0DFVV1J30CVUPT2N4U43J587R8XII72X2WO990RZW',NULL),(1547729603,1228889551,'X5CRQ020T328309T47','1974-01-02 13:23:46',3094,'IO7EY7H6O4W1W83F3JGT5AK0','J6RS'),(1547729604,731982472,'W8V4','1973-04-14 00:37:28',822311200,'G763GQ66382S8SJ1067763CT03',NULL),(1547729605,378265033,'',NULL,1347740231,'SIC1SW0L67Q2G75L','MQD4AFZ975O4WD'),(1547729606,163516668,'0NCA706','1970-01-01 00:00:51',318473735,'N7UWVNT67','O5D6MFNG1'),(1547729607,2045130309,'0M6I5HA41OWU0','1975-12-21 02:01:25',1552626446,'3ZAAS44X8G19S9','146F5R9ADG1XC491GA6IQVE1648S68J38WD4IU497995GF63OAP92Z0I1XY4'),(1831247955,1830381944,'E1JD','2002-09-17 03:24:26',1151912781,'',''),(1831247956,1228889550,'8E4P','1998-02-11 09:30:43',9805,'KQTWC5J',''),(1831247957,163516667,'Q2DLEH8YK530PSE7O1Y0I8A207R44CVFQV182TYF4E46E1U8H','2008-06-16 14:14:41',7,'1DO','V7M6I59L4H685FIQEQGPX418GRMV96G0T77R'),(1831247958,517234108,'8NJ22FH926','1970-01-01 01:05:35',1737896537,'B0F6ADS045Y','D53X4'),(1831247959,731982475,'0','2012-05-26 21:35:43',1722512848,'U9Y5FR6QT2GONA0R871AI1XFM43I4RY7',''),(1831247960,731982476,'',NULL,854085864,'',''),(2045996317,2045130306,'5G4P','2007-06-23 01:03:17',133170354,'B7680MM3Z5D','9J9J0M9Z056'),(2045996318,378265032,'7Q8X0THA03DRL0E83425BT6CL2AY163BL90A45I9813ESHVZSL','2003-08-11 17:00:28',166732233,'65Q6HO8DLV',''),(2045996319,1830381947,'F731J2CFAEBI580XQXC49A81H','2007-02-08 11:53:36',6687,'0H08Q22I3ZD2D1IDY7M5R6X4W903U0XNY900JKTUM0GO3F2Q7B67UJ52',NULL),(2045996320,731982474,'844FFH72BX1S5N6','1997-07-14 17:06:50',802600789,'026G2GO1',NULL),(2045996321,2045130310,'UQ268H63805858AYLL53F1USQSZ1VM627QC9EHM65ORL794HK3','1977-08-07 11:37:10',2144545165,'','TG4'),(2045996322,1417490395,'DM2P4NMP4JYR9IV3E5E0PMC9F9LF8PHQCK1374CAU50W8MH54R','1982-11-08 17:21:54',6638,'PB879IXJ715ZQ6DQ8ZW37EJK1I7F1WB89U34KFI8AR33M9I9WJ8OXW81P1NSD6M8','7JKH4'),(2147483647,163516665,'8QKF01AT4FAOK69L967CLX2L2','1997-10-15 19:23:03',1336520020,'C97QIIM5DHLQ94UUJ3573SRME0BOB8Y4139Z2CR0AX186','AOL1Y8734H5575OSJ5WN68YHD2U32CGUU');
/*!40000 ALTER TABLE `cb_member_register` ENABLE KEYS */;
UNLOCK TABLES;

--
-- Dumping data for table `cb_member_selfcert_history`
--

LOCK TABLES `cb_member_selfcert_history` WRITE;
/*!40000 ALTER TABLE `cb_member_selfcert_history` DISABLE KEYS */;
INSERT INTO `cb_member_selfcert_history` VALUES (133479920,2045130305,'OO029T2DFIXT3WT781851J8XM','BJ93J4K','J','1973-12-10 11:39:15','0WPQ7'),(133479921,731982474,'C','A6701','4230S767R4M357R91G123925F8K94OX80791M4U8N7YF2WUN95NBV10OIW5PGPS8869G5L8DS0JH','1990-05-31 16:27:53','7FZ9165502WX6VATGSU2IE31'),(133479922,2045130310,'QW8XI7BV128KXL169ABK8N2F3EJ26ZNVA38606375H0G37T06F8L4J120AKEMJ309WB27P9X9A0Q4K81','94F7ZWN4588620I6113NQM4V0487WFW402WLBR34WV5X3BYL9W59584122O52A71KN7','O7CI6NAB6J441OO3QH7O5','2011-12-04 01:15:56','RQYSA6QXV9IDC488L9KWGWXJRKIZS27R15E9124B6Q2UN4PJ09'),(348228286,1632238760,'0J2MBPR2E2','WYR1RMYI1ZGA2547ADQ9Q7QICKR7N1F8U2R75DE','7LKVC928K','2020-02-03 15:36:55',''),(348228287,1014141187,'JFRKU4D9F4830EXQD188','E9LO0NIS94EE9R7916274968FUJ4QZPUVSDS3E31L3Z698863F4P2093','02K1T05V5','2010-03-23 12:30:35',''),(348228288,2045130311,'5IKITF76JV0','8W40A51','014L9KZG','1970-01-01 00:03:25','C2'),(629703669,2147483647,'','3HK354P682X10LV','33HI1GTXB3VYM2H',NULL,'9KXXVK'),(629703670,517234106,'FTJF42Z296ILTNA86','O65PC0RHKLW0AT8U6J29VE3','13N5W','2012-09-18 21:32:48','TY4TU0DKQ16'),(629703671,1228889550,'4Q08HOU242HM8953605YA84UJ813YYK8886OJ1G942167HXG58XDY85E8NEAK0SW6K5K0T30403D02T1QIY02UT9D4LC4594G7P109','29V2J07T9C655626','8N','2007-05-29 16:12:51','B36M5C11TSYH4'),(629703672,1417490394,'049H796HK8LS122R','E','6EIK6P2LC','1975-09-30 19:16:39','WAT5P'),(629703673,517234108,'6T77S936W43IUR2Y4ACU11KQ3RL97O0','V741W16Z9','A24DBCK6G3E13U7548CPW','1982-01-25 18:32:34',''),(629703674,517234111,'5DE81TMU2RHTMT641SLI359XYGM2A304SS41O511T9J68J17W716MZ53MC7AYHY8NYMMEL36V2N4E7CW4906GETSM744M4KRO7YP6NDRHCH49GV6HCL6GSN1148T2KG092614S2H','7XWE7NYER0','J60C4','1977-06-17 01:53:52','8N78FZ365N6YT64UT115YDS80N561K9IB14'),(844452035,1417490392,'0LX7ADG6163','68OG91W846J0FPGKX8M5','3U8H378H28QGST0T823','1970-01-01 00:11:05','9KEESS246X7I8A495F7VC57ZQBYBVOQ5073U478SNEKIO'),(844452036,1632238758,'CDGICN572GT066088U0B21R07RD1','Q873N1E50135SBFYHPPZ7','4IX13M3CF2K58BFIWPTRXZ2K5P','1980-01-24 00:53:03','75SUZ'),(844452037,1632238759,'L087K7','8E6C8L2J2MFVX57P5UBJ6P2248WSXYR83GCDPW8BJUC2F8PU018NFLWD72W2B','711OJ88YPCN6W1D9P20IVJ3QT4W22Z310355Z12F8T883VJK59J8S893Z9Z05NQ2HG6GE31GN1D94C2Q35H53AJL0CU52RCQ1K0M07BCRHB9K0TCN84N10','1970-01-01 00:40:38','8X569RB21631153S9V0410W80FZLFT72B96B6T86'),(844452038,2045130307,'H','','11480Q849O','1973-11-23 02:27:21','5'),(844452039,163516669,'','51','G7LFKH8529B2LWR7FN5TBGP6YNERP12E72B18C6A757',NULL,'9'),(982639658,378265030,'95G1MTWB3L4YGJ1V7P7C2S1694B007975D9012YA335HHJ4L2178FRS5U13P0Y7QIOTICT06M2X3Q8MI55XP7N24395DTK','','Y4A9QLD764G74CEXX06Q91VT7Y73WPQ8J4MP4C4120EMUK26MBBO2G44ZQ40A6VARS80KW80K6R1Q76','1975-09-09 12:16:44','5'),(982639659,1830381944,'2','1843P43C9G24614RN39N22323Y443L4H1T7V721M0AS39WN0','4AXR860UI1141Y5172Z','1970-01-01 02:24:16','BH19'),(982639660,1014141185,'LSRPJ59553J','851JX','N','2006-04-20 23:38:44',''),(982639661,163516667,'B2DH1U7KY04L50SWQ86102B3YCRWM7SJ7RUVS0','67','A5G908WU7RM4KTN96Z1HK4VBOONI51RG5DFO4H5G779E2Q45187KAF7','2014-05-28 05:33:05','0P9M520Z'),(982639662,2045130308,'8K6CN2E993DA17IR028W9YF','NGWF9K30Z58F072P8A1','ROZ98H49F6ZOI40R','2012-06-07 00:27:49','VQ99S694C03K5L2TCQKRLH1GO6K5Z7BV8376761130522XJ427'),(982639663,517234109,'7','K3I3T1G512JUG510EUX5489KM86450006VA39L3464','D738Y71KVZA9473T5107XRD3X70V1Q2N2JVA65JM0T5T4XJHPOK91QQ','1980-08-27 02:19:25','A'),(982639664,1830381948,'O8PSKV1HW011Z82A22K72043N1GDP89N53O2329OM8V0K4','FBE2542507E4D3U810S8IL50T','7K66ZWS9P3NFX2M8OGVGW50M5R19W9R5EOM','1996-08-19 01:45:31','H2Q12Z95JZPUC5LFP36AE7I'),(1197388024,378265031,'905W6G4VCD0307P4A58XWUH','X63','9H8E2E','1992-08-09 16:59:46','8'),(1197388025,378265032,'4B0593HCN1','CFUZL7V87W0S2H2Q5LS','6D68QLAOB1','2004-04-08 05:26:07','N3UP'),(1197388026,731982472,'2CR9ZQ46Y3NLSQMARUF2Y494V9910','8NFN6','E5D61XH30I93RF2D6644','1976-07-14 03:18:22','518AIRR'),(1197388027,378265034,'','7ULGH183D518S263Y4772R9UB','54459',NULL,'011857'),(1197388028,731982473,'6HXHG013N1GU6VEX7M35I25PN6O6618K2Z6ULNF806WY11WV6Z8R4I4Q9744260KP9U1M89C','W565B466U42','5DX83G3LKF463T8XBX0WD02E1AIO91U7S7G3525D4857UB793T27DSZ1JM9QNC8V6S2V1D','1974-01-29 04:14:51','45R3C5453NKUCV322169L0'),(1197388029,731982475,'NLEK9X37CYUKF1A2PDE50JFK3PL4N9YDM7HVMFP7','N531J352VJ48AL6W1Y9','FU76V9KNRZ99D8Q01FN32M61T4269EV8JF8EU2F0A911','1999-04-24 01:32:44',''),(1197388030,1417490395,'Y718FCV3U96FZ8','HR38SC8796OVPAOS89D7AE81SKI6J69','F','2019-02-27 07:45:51','1QZ2VJ1H8O7329N63W7B9U096L05292HXCBXVI6HY86OX76X9K'),(1465797536,1228889551,'LQ52OJVC9DA','','J9RG553H3IHH9H2J9PV41YUMT8K3W42E','1975-11-25 17:04:33','7REG'),(1465797537,1830381945,'BEH418RJ1YV4AXVO6','S8Y3O1PWAO9','R761WYN5X7O3215QMB25YVR2T69KSLWP5IC00CR78FZ860466LN146NE4L711RIP483WFX79N22KH6YCPGY4HAJ7I9M','1970-01-01 00:11:22','A'),(1465797538,1830381947,'Q44XP9F50O192W6SD4941O28T28X52R38U0O4LOB77W1ZNYZC3ZZQ12T2ZH55M97','B0','999D9442W27TTS6NM4B6777536P9196OFZ84X10506C4EIGH3DY','2015-10-16 04:05:36',''),(1465797539,2045130309,'5914I86GZTDW2TPGC8731T02IBY0KZQQDJOE161T57WL','CXYDMQ9YB19C5I55EUR05GXS74OQQ8MP6571A88U5UG61U','DX2FH0486N8KWLJ62H8QYHF4YJ514S4CE260O81S6JG0EHXPYM25142','2006-01-17 00:25:50','YS08D0Z708381NQ3BXG2Q6B9K32F5X4W3'),(1465797540,1830381949,'5KMJ1AN37OH516FLH4IZ7R3V1T1NIG6U74H8J8V307ZZI7A9JY6QT5SN1E5O799A7N355AANF9493H1QR133L25D2','YC24274689K3E42J4CVDA33J30JI3S4NX8ZD1V4SNPQK9VOO','943TJM5O119DYN18E2NA8H8I0A44FL47G668UCZRSDCQ38242481HF07GQR29K26SWLNEZ','1998-04-24 06:11:58','67S43MGI'),(1680545902,1014141186,'Q38A2JW1V673OJMQ0HCLFNXC59D8','GE5783F244F3DQ8Z','0TZTVU','2001-10-29 22:55:35','0OAZ'),(1680545903,378265033,'U996DLI1Z','O2802B901W7X8TO70TP8Y1NPDANRLY07JJH1A26049642681Y2Y5YB1PKHX1F8YIFZPI919M73','2NSMYCY','1970-01-01 00:06:51','329028K7RMX14J7837877L4X0K10BZAUJ750830DNYZA97'),(1680545904,1228889552,'1Q6ZFAAGG3','Z46UZ6V9','QQ2LB65T','1970-01-01 00:00:07','O4U4CB35WX1KE10H4PQZPNYPEZM67P49ETJ8'),(1680545905,517234110,'WVP7DN573HNTQB55A7V7P5D1','QQ89KI','I079','1970-01-01 00:00:39','2UX2P06S959H7AG4585969PWW'),(1841066363,163516666,'097N597CTH53Z5C19D11NQ8MU2L086AE56MJ7E19RC5412N27BC680892FNV2334408','2CI5F92TT4K','YBGDD4M00H','1980-04-04 15:54:51','ZO269345968MH'),(1841066364,2045130306,'5','KM1N30107','RQYY7OHOB13R5X8P1OLX','2016-10-31 11:49:52','V48TZIW0'),(1841066365,517234107,'8A6P2GJ3O917T2VFV1EN790216D4WA9Y3L6VL0TU0BL1Y548W0C5873E5OG','TTPF29LIM2Z0UE53RPG60','I24N1GVQ5T55FXG11G','2009-12-08 11:43:26','J5J8783H2J4'),(1841066366,163516668,'EL6I21VW6VM9LU392QL15ZT44TS8V5W1W48CSPQ9L3','31599S','02QJ615J03D424890U3FP8Y','2010-01-06 00:42:45',''),(2055814724,163516665,'ZI6M4K878EF8RO9A2B2A870GK1NVQ961V3687V4WG87714','3Q60V6J0458TQGDQ13M46N7A747M1H2L264G3NP1HAE9GG7V356Y70','','1970-01-01 00:00:30','S4DFR4'),(2055814725,1417490393,'NO6ZE','26GA92F9785F24QKW4E6T4311O21226457178J89NFU5XR35INKG6FLZC1J29075OA00D8H4FC6M8T9BA97VWB8LC2309O45F9MY6BAE5LKTFHG3M4T63IE3111891ZGHCF20H1FA8RN50W71UQ44','115H8J8JX785EAHM7DHCW9U','2018-03-22 17:45:45','ZG1HFAKVJP2'),(2055814726,1014141184,'55O89Q1C7FO6V','7949X7130H38V','5549MM1KA4QKT38139B5368423XO42D6739XV6HQYL8J15OXK912MB3','1970-01-01 00:05:41','5H1H67'),(2055814727,1830381946,'AQQC0HNVRR7','24185WE79HDX7','','1988-02-14 06:15:35','58095AKKP'),(2055814728,731982476,'21SKO17V11Z9617KA811145FYYZB03XS3MA2Q1838QHQ52KE707JO65C8AI074QO5JQ65HEUTOVXEQV4WH89519L0BQE845P0I6LTZ8D1N6IA38SUX8LB247XU7079L7A','M9','91O62A','2006-12-17 01:37:13','H87O73S9P8U1OBT1H7MRSMV32U1MLNOUB1442R6RK'),(2147483647,731982471,'','7PA3QWYLG94QBY7HJ5E08XI','49606OKJTDBQNM1E6W2817237U6JK188L71V5EMB24100262D5GG974R2U841L98ERJ',NULL,'79S7STB42HB128I1PUVJKM715516023');
/*!40000 ALTER TABLE `cb_member_selfcert_history` ENABLE KEYS */;
UNLOCK TABLES;

--
-- Dumping data for table `cb_member_userid`
--

LOCK TABLES `cb_member_userid` WRITE;
/*!40000 ALTER TABLE `cb_member_userid` DISABLE KEYS */;
INSERT INTO `cb_member_userid` VALUES (163516665,'7J37MDG95DTK61J',-1125068056),(163516666,'XC20',-6308),(163516667,'65FM',-1946028601),(163516668,'A99MO',3885),(163516669,'6IFK94OE1J2V74205XG57P65CNNL9SPEB358CTH6LYB16K4J',-2878),(378265030,'4NVY65',-2042722781),(378265031,'4KFUSHD',-1686381599),(378265032,'90F6GMJ7U1',-1068219429),(378265033,'67F1TF34IC42R8CD37EG36I019073173668X8AAH7',-1231280279),(378265034,'I0YNS92SZI89VIZ2T445H32081LL2HTT475IU9235J0D4Q7B3KB3S24Q',-1917848423),(517234106,'P0548WC9B5R',-951796841),(517234107,'G9Y81EE73OUN0FE0F25QS690U6R7U2NMBYIR4545Z0T8J4X1N8T660920387H5TT604N57LG2Y358M5Q9641WGL34OSB3KK',-127129968),(517234108,'E50475',0),(517234109,'I5JT18',-1245532630),(517234110,'7K7WW1R14Z08I24Q28QR861OM1UM0A1532BNE4AH2CO78YI0',-1837876319),(517234111,'77MV5P9W6X2PN3F6U',-358714161),(731982471,'6N6ORY42WG1924015U2324081F0DMH5I92VYK5P61A8L98UVF0WAR2DH962J923A4CKA60SB484YP6X4Z',-84),(731982472,'',-1652945131),(731982473,'HB',-1180036357),(731982474,'4F5254ENAG197FVJ88E0Y1HWDT60TY8',-77),(731982475,'558J8642PYWC1401664M3VWIW29JIQ21E877914D',-1503579376),(731982476,'',-38),(1014141184,'3N054S5BQGVL30J3K6291R5N7R',74),(1014141185,'P4AVHI2171N8',-1278782641),(1014141186,'2N1RUR0KS5YNWUL90BUS1HVWPEZWH',292),(1014141187,'90822528V5TAW3BJFP4KDLQM98',-15),(1228889550,'V34QQ3787A079MQJ1B0BI3JJM7L719QJW',-1011563937),(1228889551,'WWQ7BZWZ9W8UB819111021PW17196SNHX9CYUE9K5IL6EPNO',-166159448),(1228889552,'I5TLHTBIXC',7),(1417490392,'',-522725330),(1417490393,'R467N8G63207LIGFLZ87894974VKF8P960W',-1047167553),(1417490394,'3QSIY11Y63X69A15VT',-286),(1417490395,'OM80OGVQL3V',-2129799128),(1632238758,'8WDAUD2T5KY9M9',-9236),(1632238759,'R6',-1770970808),(1632238760,'8GLO20MM6LV8IGE32P23TFX35713W8R359295XEFOC2O0VK9I1901B1WM',-18),(1830381944,'GV3A',-6425),(1830381945,'V7J86JY9HXH74VQ9PRO936DLR8Z8P1V9W',20),(1830381946,'1',-60),(1830381947,'JHVT1Z0N992VQD3S112Z8',-740295792),(1830381948,'',-1879763913),(1830381949,'PY',-74689978),(2045130305,'P7F93L6Q1RVEE74HD37697HOKA2929V1CR0RAYJF9QP6ABG2I97D05323N2Q9JN6E077UKTH6E82637',-1197393041),(2045130306,'1BSVY5I5XB923272C1J2G96ER6U06HNMN289546H7I5GHJ01E32Z564601X4',-1292287301),(2045130307,'592JIA4W1JGN8TCLF9HX',-19),(2045130308,'CS99144N04W344V5YW8YPYKAVJB528D1M087557P07177B16S4K471AU52551T1H',6),(2045130309,'',7),(2045130310,'HE43LU13G6Z23223Y0WISG351V08Y645B6Y35',-1134197521),(2045130311,'ZB0H2XFO539R96068AA328K627J1OB25X8LAN8DOEQT689D569E69ZWXLTEFKKY7EB13C6X032PLWX24',-1125221532),(2147483647,'X302JR6X5845QFOLYT6X',-570062189);
/*!40000 ALTER TABLE `cb_member_userid` ENABLE KEYS */;
UNLOCK TABLES;

--
-- Dumping data for table `cb_menu`
--

LOCK TABLES `cb_menu` WRITE;
/*!40000 ALTER TABLE `cb_menu` DISABLE KEYS */;
INSERT INTO `cb_menu` VALUES (90843158,-1083647108,'7988IQI5RI5H5Q01374A13SQ99M7HI67JE4DD5OVZ7812L8G0K9CUI3MV5SQRK45EBNV8G02W1O0MY5624R28RC80P927','J9UYJ305M7M2','MDGGE336197L241KY0K3698POE0GKRW872YH613TI2D1A8C40694TCT2CJ6T526WS5I8PLWO4DQQ8J0KRJB2J157Z55Q8154PBI989U0K835L6NYA5H2T8DXC',76,-4,'MJP',-593),(90843159,-1221308473,'00T4517N091HN2LQ2KH0C1N0',NULL,'',9,-64,'',-676299481),(90843160,-580214161,'UO55H07S9287H','','22SB61N406ENFUN7TF9P2H658ANIT',37,-111,'3176F0D8QX5O7094EHRR9',-744687338),(90843161,9119,'US6FIV4','9K92FB81M','GU8081X0H6E31WU3394623X97S1F873TKEO8FQ5713AH4AAK8Z11AQ7D7JIS2Z5R9S',12,-107,'WMZ1103VQW5QAG411FKU1IM80R4K2PL3',-399335284),(305591524,8,'HG86P4Y7CTY9KH6EE1K9Q12Q42X2MG34','97Z2LB9Q20ADPN33SLOYF3SAMIDL70VN3KPTA','D06L1OT8L26R',-50,0,'0PAS37G944LHKW',-187729955),(305591525,-770759215,'QNMWIO92R','L77HXM6X40ZQZ7G97','8U8762841EDDX5',55,-17,'QYDP9P',-2110478543),(305591526,-2110019859,'FR9UZCMU86X32L7N04H6E6RJG7C01I242E683JP0E5168SUGE','51BZPIQFO51ZVP6ILQD894ZCF1XR4BGPMFZSS15ZIQ05','',7,108,'3HY86Y1QH6NV',-1690623718),(491575000,-1233909787,'','92BIC2V8CGL0F981AL6Z4M15W90DY6Y3HJQ1AQ61D391B95YXNY076OF670I16X03J9D1NWR11PU49DF6O08G1GY572T0','6N3138KPZ0EXIL42W8EE6088IJ28O59SSX67Q8SH631YCD1Q9FA46579C8HS494465GO44J5SP2LBP9J',-58,99,'UR089',-1408018292),(491575001,-101878315,'Z13S0D20E3E0083VCM8YZ75VU83K3',NULL,'AED7QR8124K',-80,77,'JXMJAR9PN81IWGU0Y',6),(491575002,-1305539294,'Q2060QAQ01KFD2T1PVD7A7A25PR6S3443VZ4X8N85Q9773MHO88','FXL88M5UGK31E1F831Y5R1R3WT3VN25VDZN6598R9454AW6777952E115O44HEL5IJ5547SEM601','I3NZ25TKF596AC6S5N1',50,-51,'Z858361',-244603443),(491575003,-6,'NR125HS9Y6317TX2A7189HSZ55QZG60ZKE688V6ICI9BR8NI396QIZ3HHU',NULL,'VV6',-70,-53,'IQ38I34RV5GPG3H3ML3X6G84ZT7KN',-869240877),(706323366,-988363924,'5F09Z',NULL,'9369CXX93XJ70612P8',-14,-90,'30A83QQY6J68X89159U7EN094KQJV428V92HQE',34),(706323367,-1035299297,'J132IT6Y818QN97S5SI1NGR6109FH0LG77P39EYS3IPJ71Z572168OPDY3071F2B8DTO25PSW8QV94HJ60BTP3BBK','54HY5M0688','2N',-16,90,'',-12),(706323368,-319414033,'','G5EYPY9S97K789O32ICE2D09O9OGGKI4E0P2J5O99013610K10QCZ9LB9349AQSWOO5S2QW1X720JZ298CI6E7U3LH9MV8K5N1788S97KX31CN6OBSU9B32I59E061FJA6057A7','',-4,20,'X1C9HTP9FDM817883090I613595U42888',-426013199),(1048827217,-1942929001,'H',NULL,'P1KUR54P836Y5NT8VPOYE2WXH96R55AI783',36,23,'1RR40F9DARUPD0835000Z20C587V36AU69CC2',-95),(1048827218,-1729042997,'9753K','003E','B9',-82,-15,'E7',-1591929386),(1048827219,755,'01TM04E6U30PT9B466B97ZF9K2LGP6C0LI','9Y8033467J35','277QP425NKI62I29',102,-80,'G6K3H0U49IOD0CV871I5324B96U0SVEL5',-5),(1048827220,-1459069410,'QL8494EC17','','2096I75610QPXNW2F5Y54YQWL2LVEWC30WNA8Q5UC1DD',8,19,'G4AI0',-5),(1048827221,-1429269722,'8U32Z1747','V7U24X8DBZ9HM7QX7X38O4XST3805I07UCV04H','5346544UVXEF4U9',96,-42,'7E2OGB5CI229WPP2PDWSB',-94956008),(1048827222,-1509919471,'0W8770ZLLXEK4U4','KC8X72W84O0U8M3437NG1KE9WZ9','H5L5IZE33CB3SX7O4A188H1X94R00790G5W4C0XE72Y',77,-97,'453Z36B4C783VRMDN96F4I9WFFTPE8X4RY7KC319YA3O7310J8',-917271139),(1048827223,-819873705,'R6M839234A88G01S9P3E8UP1V35AOS21','N22B419335N301S03J928422M3P2Z','Z83N2R9059MHM1',31,-6,'G1229K3XV2',-230815674),(1263575583,596,'94FEJQ60AT2K62E6IF66XMDU2S0443314IBXG71ZX1573MBBA62','TFI7I2E63VMK5MW1FL7319LJ0939M5GB5OQ023D3IKBS0Q0IA203S','XY2G90C6O8YBQU396Q7YA54FHZ6G0TG75ENRE1LGD03247A85HGQO13OE7',37,-119,'1F81H9C40AZQ76Q5QRXNGL7Y3',-1193530219),(1263575584,-1656181008,'887WVK2UMIM1A358C12N1REGI092G3N623',NULL,'YKUFV104G52315I4L27WSC8K7B83H4D6298K0418GI80IF8K9DBIT66ZM7B',49,-70,'PQR572E80329S7CMG6V9I53J418DNU8511333L7H0I06RS',-7),(1263575585,-872637529,'8D9HUQV0H15I','1860562UG240IFB6','SI4DCUN3ZK8019LP87D287FC7TZ2D8XG2K76D0KK64EZZG3I3K2DDE1',122,-44,'R3TYBYQYY0FV74NYFY3RU2YBF9912GHP4VN93',-104906714),(1263575586,-878855250,'BWP7Y511KIZ776U84KTU7EKXATPI2HN47I0DE4611TD02PF0L7V06VZC63QB41382A2B2JA05RI662491ZR20BND32UXMUEAJ048Q61E4DF5TSYS0SU929DN7M03YG091KCRGCYO7H996CKGQ5S84841A2G2S941235Q2D07J4','6ZS2358ZKPI5233HMS366A1N','',96,-26,'',-991),(1263575587,-1581941412,'45H','U7BT40NU037291N55YN71M0N20GOU45L8KA33P','T',8,-34,'95LZVTN6Z29ZAH6Z0887PQNVRAYO90H5L2DRX807U6JSK01KNP675H5J4L35U620T0D3WXAFX92ZK3XSWNZI0',-1213897095),(1263575588,-1560382232,'5ZTAN16W1L4P72I6I10421825H6T1DSF489Z00GZ9Y6OE1X7TV39WJX8556AMC6IQDQ3ZE9P5AP556U6YO416L13Q015P6E82956W4R6170E5OZW8VL532FGL6CL6JT8847C346RM63SI836NGLS1KV0ZII49XWWK7W4580ZUGMP5S1A9S7','RVF675RK3R5Y2FU','LD',45,-118,'6H7GOH5XTJKH4DYCWOBVN920G46US088XTM8602M1R0X',-2095099376),(1263575589,-904645605,'736DERH9DA',NULL,'',80,-122,'NW108716BR',-1049534603),(1329245631,-25620918,'5S19W8D514T021MI4R4','S6T45','W',87,-54,'QXML02IMGP0',7687),(1329245632,-45872500,'Z48UNR','0Q04IJ0YG0IRM8DHSCO6565H20770A9','2O2SITTE0AXROK2SH4M6H49038',-1,10,'4329474223ML8WF9QGA473TQ36574LXP9ZO76I',-1792934592),(1329245633,-1780069468,'8O1G0BEWQ822HOY1UYP0GS2YG9KA507021Z','','',121,-37,'6KVA0I1PTRRKYD2',-993487464),(1329245634,6678,'K1V8BYD4T0',NULL,'93IT826413DQJEXWMD6652',10,-2,'49FC4M3V5T',-287827408),(1543993996,-1219931098,'2DED9W043PNZI7I7X02FNR2F25WF4A5N8R0R5XC8ZMSDEP1D57736','2374Z382V0XU1JG65Z40A856692HOD799','14AR5WD4',-62,-90,'7UR5VN7IAC8P17H0AG43V1M576AHD743WJMSYSOCUEARN6X03N9K2OXNLV7VRMC04F7K62ZURR3CC6SV9V6663I8N',-5289),(1543993997,-422081379,'2NB05CL5YG7V67TU0L','T9FZ02SP4BZ0633MM26Y70W1','',-13,-51,'0H3635832QOQ2J3353U',-919),(1543993998,-1260552605,'1KLEM1SGS1S484YDGGGA0542CYV2783K4J8J4WP391FA','OR9SI7OOQ','I5931L20A6RN3IL8QXY5197Z1QR49FID1384725SO12EXFC2WMR4',-35,-35,'65CD',-2138495709),(1543993999,-827039213,'','WERP7N98TW','',-33,-24,'030M6J4Z1VU',-1793857817),(1543994000,-320,'60QIPXKUVXAY0Q6PLZ48J1MPV8719O5TACI06',NULL,'13',80,86,'Q',-131961113),(1928968800,8,'62M00R803RNAF8OZIU71180R','6Y6185ISR5RZ1WNWC508PG1EI','XDA89B3G1ZJO0FP80XIME8851B5TRMDYPZ9O3Q9B5CIN16ZBYJ73BEX276U',75,-33,'SSU1AT66A03ZW57NONDU9H0NCN9QIY',-602683171),(1928968801,-65334415,'','Y400FD261FA','0T4F8LH166407DF3815LB650U29D3JP740PP39V59R33Z4VY3ENM1U1E06WD36816988H9L',-52,61,'EID6D231L329LL3V6B52NP5080EJW1691B5TR3E3S8SW7VB06F7J9LSC5',-1003339127),(1928968802,-791705545,'Y2Y47W7NY31O87EB409M3S1C30II','TI8PP793J6000Y1PH87S6Y25YN7B71R9Y8B8F1B721O52TV1AL44PTT7U4T17KAHCAQ','02',70,-111,'NBQD3U42NFW8',-827371474),(1928968803,-4255,'1FM4NJ7A51HGEASHE70145T6UM63QO7W158E3541DV14FPI8SRU4JE3R5QSARGT386Q0R614BLB4GXT2JOZ9BVCK270EYDL1873A2OC','13YKAV9D81T5G7KAVM51C','63D',39,89,'BA5G487',-296625957),(1928968804,-1637503975,'982','','8DG432PVQ950DPL71568',-78,46,'95Z8BT9DU1',-864092015),(1928968805,-1545,'D4CBM424YO9N95G6',NULL,'LG1U39ML51U33NJ19322',-7,112,'60N2UXMJ',-2048210845),(2143717161,-2,'M267AZ9A03A1B39QCQ2B2X','FX97EEB3Q','WIUR34ZC1D2J81FMS462J2RKD5HE540SA891T6V2S85646I8581R3NVH70TA6GX37L',49,-2,'1LX8Z8G707M4R49451L',-786893908),(2143717162,-167212729,'12M931AT','','9A0',-15,-1,'A01G8CCHZRWC76184Q7269RA8E337D9D85265HG8Z762W10470R06TUH7680C542OG9922CBJ2040OGQRQ',-1707432759),(2143717163,7,'2AP359ZF','E3WOZV60','J7J45652P58MT',48,-16,'6468OF9BPU16QFRYI5',-1464279264),(2143717164,-1437551654,'5FQ17ML90FY17Y558Y042MDD98I5PJI8T10J3557E1179445VE73','','UC5816A2F7YO2YDB1',-78,-81,'PP581F380PNW183L5J49UF8462VC4HFQS48O3W3I772W363WDBWIHGFKWA9BA0JJ588ZX9W',-1413907275),(2143717165,-264972519,'PU82B','VE726DF6M3NC1','3BS9IH53ZNLLKZK08D7GT53O11UJC16EBZ',-78,63,'820QPAF',-1308074881),(2143717166,-619766390,'03','MB0857JF3JE3C5224LN5103O93','',-62,75,'3CNR7W0W46432KP64TOO',-707444049),(2147483647,-61,'MCT227FHLXX8','','8SGT44KAZ30',4,-61,'Z2XI4SLG5ISG2NA8A9QDS80P2M75V9',-492160708);
/*!40000 ALTER TABLE `cb_menu` ENABLE KEYS */;
UNLOCK TABLES;

--
-- Dumping data for table `cb_migrations`
--

LOCK TABLES `cb_migrations` WRITE;
/*!40000 ALTER TABLE `cb_migrations` DISABLE KEYS */;
INSERT INTO `cb_migrations` VALUES (-6671050039769944368),(620),(-3622940036606273253),(-7552698188729469435),(-7001394614450572464),(31),(-7022774390432220763),(-3045948474914984676),(-3640947211635806048),(0),(-53),(-3821592686553298873),(-3702415238051445435),(-5215308545825081854),(-1198481056822539082),(-3998342594124969817),(-1297438562769361940),(-1902488817018095426),(95),(-71),(-3885132456459704598),(-7508536223172653190),(-8873),(-6816875114633444213),(-794270920102295670),(7159),(-6146),(9),(-2),(-1918661382579245424),(-5167911336421917299),(-7459549930710663564),(-4774120907752682826),(-677),(337),(-1446200368923001526),(-7251525633587530803),(-6019091851433133927),(6258),(-8),(-7331042730248488733),(-1985973407007927501),(-1016223302167301507),(-8300475304143665890),(-3016379212911993009),(-4605211947206831959),(90),(-2556304716858347753),(-8253939462959598651),(-8192966230950710300);
/*!40000 ALTER TABLE `cb_migrations` ENABLE KEYS */;
UNLOCK TABLES;

--
-- Dumping data for table `cb_note`
--

LOCK TABLES `cb_note` WRITE;
/*!40000 ALTER TABLE `cb_note` DISABLE KEYS */;
INSERT INTO `cb_note` VALUES (48207860,1914785662,6,-114,36,'HF39P9E2R59333C61U6','CGERW7W5008RT7TV7M6LVVPCVL14ZX2',-2,'2006-11-03 04:23:04','1987-03-22 20:10:18','','NS1827QI8342NW91H7G70E2HO45170UD590MYVUJ0R53Z16J1X8J19I3OZCLI'),(48207861,2146289658,973200603,33,1934549721,'5J729X8ZO5V9K59K',NULL,107,'2003-09-03 04:44:03','1998-12-06 12:59:11','85AZM042D90SS2GW1P5Q6CH054L2JCRQB172B40164QL4PM8UWEB815D1Z946','3AV108MIF86Q3R559AV935PS5O5SSZU14E4IKPI06A598JI5B02W55U0R028XI215T67WY9534QUSUSS4PBMMFTX179WVP7W15G1E2Y6P8R346AL99'),(48207862,97,2048745480,75,446270825,'8FFEGH02M39YQV1WRV4IUE','1SCG641P2XRM2K01H65D2Z8BQLRRU7BOP700O57ONU61UAA9886EGP0V89L',-54,'1970-01-01 00:14:59','1970-01-01 00:01:38','D5479GX4BPFKPCJ126R8UIG3WQZ5T8T07UY984458CI9U90QU7KJM5F9BEK9W813','2029FANHOI432I'),(48207863,473,1104572009,29,196,'7IJ344911WC2S','',86,'1970-01-01 00:00:37','1975-07-09 09:33:01','0AUKKZ87I4Q','7CEG4JN4C4KEQI205GTW28927D34N4I29BQ4TJ72DYU1I9C14L5'),(48207864,136,1590632444,-50,1517305415,'E1RJ41447N9E9YJ7X79243U4','NSQSCHT5APJ6F92DK0TKVASK80N88LPH5A591Y25B5STNQ2J580X356UP0ROD3PW0YZR25JAL545L13N8NEGAQG69AQ74',-49,'2003-07-06 16:11:30','1990-05-11 23:48:10','8P9YA',''),(48207865,1624685829,1847513002,-61,1949953211,'28UO36I1UWK458C75JVHA322U03L1495JS953MA6IQ7YRF3NEIX11KSU0BO3941VGN7438JWKN7E324K9LQEUS8G43YAZRM95H017C9','186OWRN489636SF3629L',47,'2016-01-08 15:06:28','1993-08-01 10:57:09','HQ8N239661N3A94DATO','U3KQT7X580B4S4IL6R5N7C822Z1Z'),(48207866,1423637215,7,83,1324443994,'354G3H8A9N872H778V1EP40Q6ED874S5W6QX9NO1R0','1HCAYB81KWC5B5OG161R1FB2SWJE0QZIU6EJ2322B0JCY18N6K2O64F2M8A05BQ1O3',103,'1998-11-17 17:39:56','1970-11-06 09:54:00','','VDUOP1G5CKKJ0Z8T87YPI3168R54159L0SDI44PF3X3PV31B2BSY98O8W2MC9'),(48207867,47,176398171,-7,1168527531,'','I122RM13187O120F1R2G1B0R21Z93',98,NULL,'1986-04-27 21:02:38','O0T78CFEM8985116DNPA3ELAY55367XYWF446LI0I5P0D57H75NS2FPJK2599834P3O1','61VVU9G5864C6H0GUR9Q83KLU1W02F29FF9C3M312KJ4NK58WBJ'),(262956226,1142,654880883,69,2122684775,'82O42CD5','M02S96RP6POWI7GM00A1V96002N2SD4',-23,'1993-09-06 09:07:35','1970-01-01 00:19:03','90P6A8J33JTY818705MF7P2R631AL48FNHC5G6K2M52YA554L1','6915630J4LEG9W'),(262956227,304,13,-102,6988,'2TZ0P179W85N','ZM1GBQE606Y63S004EIKCSI7',-47,'1988-09-13 16:21:45','1970-01-01 00:05:05','','N4Q65ZT5UHNZ4T1K2Q256DU98H4RB'),(262956228,2050719762,1862459467,-24,2009717999,'D06EAJP801LJ032E01N35',NULL,-5,'1970-01-01 00:00:08','2016-03-16 06:32:33','W010ORS49T6','CMV0YK522GCON7ST3N005P7X13CFE19H79V94YP38JA5T41F1668VX9709258SC76W0E7L8VA8C7ZEL'),(262956229,624160160,88,19,846044987,'D11R03APHPM4XX1F39B18ZNO7Q6MD93Y139777X8',NULL,-63,'1976-04-26 22:47:01','1970-01-01 00:00:03','','F09EQ893PGA80HC21L7I33C69'),(262956230,43287192,1838874267,0,259660334,'','',117,NULL,'2014-05-08 05:40:47','62NVP841M6HFS0ZRNPF077SKL3R0EX64PXH1SH960DNZ1Z1670TS58373','9V32I3L7NN885453F4J61ZTT2T6'),(262956231,98,437339178,32,1641241025,'P7F0PBG01W8OY5261HKCB5Q915DS6RE2A83V4','241X8I2YJF910U0625',-104,'1988-03-29 23:33:24','2013-07-05 01:26:00','GRHX0N994VN32GOBECF','7V7KJ5G76OT1PYVCXA'),(262956232,673317909,73600507,3,77843754,'X6S7C','',-114,'1990-05-01 21:08:51','2011-09-22 12:41:23','9ZE02H8VGMN8P2E77C2662ZNP4BY2EASS6642G639J1J1K019','F5P5S218Z00911MOIP253G1S53257K77A0600CJAK7'),(262956233,1756892130,1894364743,-58,1274431950,'W900UYVI8O87SEE6H','9F9403U17D1WCYGN',46,'1999-11-27 18:10:16','1983-01-31 08:30:46','MQDZ35288W8G717','0ME4C4X47PM76'),(568196273,2770,525633786,75,1247183526,'1VEWDL11DW8CU5BALEZZD16I21J13I93OR5FJ8H1F33VK757IUG12S2898ZES261S9INQ6X6L24AE36BM2KX3M39WHHF3J0Z99B','1P3VDLQZ6Y4C6408IW193A324W557VIXYBT774111LE84N55H295DX9134WR5I2793GB05UFI4LY45M0X',-110,'1970-01-01 00:10:46','1970-01-01 00:46:11','ZG80C362LA231S3R290G53','E4QJ32017BUO47D922J81S015CATS5J'),(568196274,77,918171895,87,1299627110,'X85GZ15BTNTM79BZJUB4S8H3XKUT94Y5I31G','8237W8NS69SH2X45VIC7F632K53K5L1PPGNK119YY3UEGY3FJGKM32HWG1WX15162932IXE524ZV85',69,'1970-01-01 00:00:14','2018-10-05 16:58:34','WZ254T27FU502K03MM2I91W1F768LUGH0ZB3FO3S466R9MXZG9347858786YQ4DB330X42Z2X062890FDLYROKO21V77284XB1817S9PWKUEPF','IPD300O58SXADU6OQ0'),(568196275,1727996710,5,40,1201798966,'T550VARLL0ZB879704WL767Z989253KP0SWA',NULL,-128,'1970-01-01 00:04:41',NULL,'5954W3TT5KPF349C09H3438T556580S1LH8U62MZ234135Y3VP05KQHCQD5I45OLH','1FGAB8K5B0D9E7YGXJ1N4H4NO80CY19'),(568196276,1091229287,878190568,-61,1275955502,'9B469RQM71870','6G62ET2593TA89',63,'2012-03-30 06:05:38','1970-01-01 01:47:51','85777FMC67Z8N63','1L4C7151U2E67BK1FM3NAB5OKV4E1C67TN7I22NT5GR152O7VJ0F99YIVZX2M9RZW4VF2476ENW1JS1GLFV83SZO45'),(568196277,1938025919,5418,92,289765250,'5F2P89JEKGKU3L71BNW39S7I14KC','WW9684135GOYXDZ61MYNQP3ABHL4YQ37SV2MC089GD30HW2EOJ0JVR1FI34X78M112S7XLZCY11F9WY584SEM0Z69S',-35,'1993-10-03 14:59:57','1970-01-01 00:00:48','','4152B1D2H'),(782944638,2116164875,1641106697,104,7,'1ZC57LR6KVSF2V87Z5SO8626Q5Y1E7AIE8HXVEW07RV0KT24J658GN882C408EYUDI135FU0SOO','2',-117,'1970-01-01 02:28:57','1982-03-22 21:17:29','L0AK5FJBBKN997023BJE5KHBH4P2OO25OEA7RV95EL5B6T0W8Y','9DOC7CF887QQ5HB59L02R27T4WHVM94692ER60KT397W11M9FKJFD5KUZ1ZYS6'),(782944639,349481267,4280,51,1997187323,'5F5PFDEJTOK44UBW18','',47,'1992-08-28 21:53:46','1994-09-26 10:23:35','N','5XF90HO17505S3FM65OXK4WJP62DD0UNM8BHSWSN2DJBQL52K18MKOV2383P154JA6N2F8I9CW2J20TV50K6SWHM'),(782944640,1705547463,410606891,-84,330270821,'','62Q2',111,NULL,'1970-01-01 00:01:39','1TPO7D5ED2ISN9XR','8E4497FEO2V1MF8VGVODSWD'),(782944641,6470,1416023873,-12,1442550321,'V9AOMJ6U','688J99QXS8110N3DGT3M2LQI75G9C7SD8KB16FD1T801BPG0H7Y28A',-25,'1996-11-30 06:47:43','1971-08-29 14:09:11','425722KG085Q591R20V3A7H1','U5N3'),(782944642,916310847,4907,-89,7999,'F7CB5EE05U31YJ022EDZ6MJ80A452Y21470QQ28809803674NZ9PT3E8KC3N9',NULL,-114,'1990-01-12 16:45:35',NULL,'4VWQ03ROL238L7927WRDXAM9Z04LTF','7Z78711SV5D5WVN5NJ5YE48EPBN3D9K4'),(900266411,885380215,1437190424,-101,372239231,'60Y960ND0','Q9F',-9,'2013-10-28 05:35:07','1980-02-24 05:53:46','SX9OED','4WN5O6Y84D60HE0N3140SK2'),(900266412,2097030093,753619050,-6,6036,'T36H51VS58GR9ROV4A73444T8HSIXH4397SYQXV3203G','',113,'1987-07-19 11:42:11','1986-04-21 19:36:12','O11ZF6Q2A77K2K3','W7KUQ2'),(900266413,1708567215,801974001,-90,720,'0K9LCTVSIGRSZ','7Q04P7UFMP5RMDFJ60S70G9',122,'1986-01-01 22:38:56','2017-12-10 05:51:13','Z3168E53L34S4VTD7JQ62960KLKF5U7NRR39R42BDG85Y722C8CJ','9C5UDU9KH6FP4P390PN81D55JC48Z2KL5SV462SGU3W362W6Y8GZIF9O63NJE5L0W0P20QARDJ7DR33W4YJ3ZYSPB3IQE329641'),(900266414,884218079,8125,22,155916463,'',NULL,1,NULL,'1970-01-26 04:02:59','ZOH57214L9Q7846M6O01Y96057S625PC4Q558667B424E05',''),(1115014776,213,575,-105,419128926,'U3R6GDJM2','22LICZEY672HQFN',-21,'1983-11-15 21:44:09','1970-01-01 00:03:34','LX8YV677B7Z177L9V13QXQA0A71686V4VCI817',''),(1115014777,221,104254872,-97,1872381664,'39M12TGC46M0Z',NULL,-93,'1988-10-07 04:01:42','1970-01-01 00:03:42','B1EQX1X5149988V1192','C8'),(1115014778,188750525,10,110,627374378,'43YNQ3J56APM8FC','DOV6183MKF775TG82LEDD7BQLB80CP1243Z189GY74P91821NRES5W',-123,'1970-01-01 02:08:22','2005-06-25 15:57:33','','6552S8320GO368N0MP922N7817S93TJWDH8V'),(1115014779,482203624,1036900266,0,1699048742,'X6RZ902MWD21IHORB4113Z7UHXK2','896TP0AE3H229HMSXU4W7JT181N81YR1A',-27,'1996-08-20 19:16:58','1978-07-20 18:05:23','46YRW95491YI2ZZ0J1I1A7CYC4P645Z065HHV5MS','9GUDB9'),(1407440635,1479817415,983351687,20,1959284336,'2DR','69FZG4I2V33IQY2H221GT6F8986C05CA6WVLU882CF30X1362XK37TT43MZ14ULJQB5X926W0D5V6UO0H4JV5XR081P8SR75701F93308HTT2VMIXJ9',67,'1977-06-05 18:11:30','1999-09-21 01:15:21','OYIH73AN2B5I94Z996DJ1B1Z06WXVGT06D167O483DX8J4MP7X5H922TA5','1QUF2U'),(1407440636,740467750,19974649,-70,903,'DD4SVCIGX84G86IE45O36R47T02',NULL,-121,'2013-02-24 23:11:37',NULL,'7E9PLSRMF1L9K52O2A5J540H3KMFR3','65V4W81JIW854QD0U3'),(1622189000,1375092911,94,-82,42,'44RP9U87293UIV17732M1R5OXD3Z37Q3153HVSG65L75KZV91K2G9M99X4QT6010LK02136GLQDS5BM3','N67720219K9',83,'2014-12-11 18:53:24','2008-06-03 08:22:57','E505E0BJ56IR5','T3L2Z8BP2Z3TX'),(1622189001,630686709,1664091251,-57,738014741,'CRFJ5333824HX48L97JR9J',NULL,-90,'1970-01-01 00:55:08','2014-10-30 01:06:19','2L86M','6E493MOE48QE0776NC26NXQ99Z751FWYI51J2R057Z8G2906'),(1622189002,1495704759,1876962642,5,0,'PSC7UU82A3BII8CD12D1F2J0Q6FR1','',-65,'2000-11-17 04:55:06','2004-03-21 23:34:18','',''),(1802122907,1480376471,8,52,1272009310,'03','A4ROM00THMJ7ZEVT31222PNI0295EU6HPA59',23,'1999-06-18 13:06:42','1986-09-14 02:38:21','H2OJMC3','4JSOK1NQ6K5S079M3FJZD9B6DP701'),(1802122908,230448000,447566817,-26,1256344971,'C7DXHH66SJ86IAHXK4051DZ5J967U1L2K493A6EMI16H5I93363O7VW1KDZUF42OJX8DO2LZ','',3,'1970-01-01 00:03:53','2007-05-26 04:17:04','D8O7QKBJ66V83IW6','J3RTB6G64TPJDNN9'),(1802122909,553,391306988,3,7031,'','B53X2VSZD4NE93Y3UMVRGB615MBVCF3833N1V',-6,NULL,'1970-01-01 00:09:14','5S',''),(1802122910,64996316,1233565289,9,2106328151,'BP237E2T1ITTG37RQ1B13BO69I6M9GK8PJO4T5UO4F4J8A5Z','T3',-47,'1971-05-11 21:20:40','1970-01-01 00:10:11','VC23R6OHM100MO0G3JS33E372DZ72','J05184R738YP130O798I3ABXV60XSR4'),(1802122911,2,583310255,-5,1829265815,'HVEZ1549PH16C644MK505O2B','AK7E1AM26ZCK465M09071Y1T035F4QV24X2RW',-47,'1972-08-01 23:04:14','1970-01-01 00:01:18','67E85','7E8MWMV1759A792T0M47R6KI241CT6GFCNU42974433T54P21VEK7273SZ'),(2016871269,1129864924,889,1,1225562849,'876M7','KWM8592BVUDDW618LGZ64059GIJMEWET9OV0W548U5YYN1H276MH',92,'1989-07-28 17:09:18','1985-04-16 09:00:51','6P9BN83H130446X69TT9R7U7K37XRAA4FNAOQ3779971B70N1LSP','5EZ2BA4Z2907H7056'),(2016871270,935310541,362312062,-124,36,'1266Y861A','K0946W3',56,'1991-08-25 04:01:19','1982-07-31 12:07:41','9I','ES5J69486196AWZN2Q5B5LHY84AF7MO46V3560C813DYW32D8'),(2016871271,610,1993410777,-39,2,'',NULL,92,NULL,NULL,'7K0R01MNR4M46447RWS2D6HNDCCNTQSSGBAO9PAEGT95160RSVY2S83171285LMT3708','5PL07235'),(2016871272,1264654806,84713566,98,34,'','49O5C5QH9OOY5768',-77,NULL,'1970-01-01 00:07:54','','P8037N0ACT9R197K3LS'),(2016871273,900839397,965124790,48,1359077222,'P','QQTX',24,'2000-12-25 14:37:45','1970-01-01 00:02:17','5IX9VIQTQR70A88Z0R4R6I','VAD0QNSUO84Y15ZWP0A9CZJSU287DE0IU3FPX75O1U'),(2147483647,493667609,389279052,-7,1877119102,'6N4140G6FQRU984UT29X238215AUVP4S22X','U5YE9978D74V184I66I83XZR5YMK2LMU5EFW31HLW4Z1P7HBN',110,'2000-02-20 10:23:57','1973-12-30 11:57:16','K56W3H4K3N8KH45AJU3O5CR','3XOJ15RI9612O9Z21');
/*!40000 ALTER TABLE `cb_note` ENABLE KEYS */;
UNLOCK TABLES;

--
-- Dumping data for table `cb_notification`
--

LOCK TABLES `cb_notification` WRITE;
/*!40000 ALTER TABLE `cb_notification` DISABLE KEYS */;
INSERT INTO `cb_notification` VALUES (142946555,2045130305,1190416060,'IOFII85GCR4XS93D05O713C8F01MG0DF18O0YM13OJ00NUJS',73,'G525H89531U0B6JJN83CZ8MIR8921O54Y9V','W7T9S44062IZ6E','1999-05-13 00:58:20','1970-01-01 00:00:02'),(142946556,378265032,236794793,'80Q42GOPNU',6,'ZD6380R0ADMQ1487IA8PHG58647SG8OU039166763YA7BUF0J0HO34XQ2LY3160L7P1EIY0','D73641L0K7SG51413P5OE877F38QAC2H01JUF','1991-02-27 16:07:53','1970-01-01 00:06:20'),(142946557,517234107,545112777,'5J21484',1254547015,'','WH535K','1970-01-01 00:00:55',NULL),(142946558,731982473,754765103,'UU8E6J',2,'V761I93HK03ALA6Y7LG4W739YRA3OX40L2HHUER27588TZ56U2PNO1MXQGL45F4609O074II9J73OQQ64','A','1994-01-09 09:31:17','1982-07-18 13:53:54'),(142946559,731982474,1227536421,'P1TXGM30715',1614498853,'571CX9G2W8ZY4','NTXDWQAYMT7KT','1970-01-01 00:00:03','2020-02-12 11:24:42'),(142946560,2045130311,1550186320,'75159EJ9UHC',821184647,'XS1VK2XR4V70F','4P','1998-04-20 05:17:27','2007-10-16 22:23:45'),(357694920,1417490392,534,'7X',1919401222,'4922O1T4','FQX39636I33X5L78AG7I6G794D0F3610W7839510NVC43PI7SJD4YJW','1970-01-01 00:13:24','1970-01-01 00:44:05'),(357694921,731982471,372,'S319Z08',1720167037,'02DJ','86RF771JH','1971-05-17 08:18:38','1981-12-04 02:49:37'),(357694922,1632238759,346991757,'',1425134757,'','NWK6W36KMF2I41LUW',NULL,NULL),(357694923,163516668,97961981,'EM27LNDTP7E5KJEXW48HB3K',849,'X2LS62BI75G1M5YAE296EU672S6UDD711','0','1984-12-10 10:46:06','2013-05-30 13:59:09'),(357694924,1228889552,2644,'F5BJU1Y1O1UJ8G752X4034E73Y',398973364,'56WY9A1927EIA78IS661DYROK6IVP148955R60E0D8E49EQ2J5YIMP332MN036H798Y332OW105VUB','O0RMDCT69SV','1970-01-01 00:00:07','2011-06-22 15:35:05'),(357694925,517234110,6520,'JKC2A168FW6R2M3K257CVD84KR56XBN',7268,'1INZ5G1','EHV0XJUZQ1R64YIR267W05R0VW','1970-01-01 00:03:11','1970-01-01 01:48:41'),(543593652,378265033,619,'C471',1511,'3T0972JZ','','1970-01-01 00:04:01','1970-01-01 00:06:13'),(543593653,378265034,2047604287,'WFLF7FS9OR8V9LA8S4B1E8SN9DMJV1EF',569,'V6J2T6H7Y14O631','U69J3W0','1986-12-17 12:38:39','2019-08-16 07:49:41'),(543593654,163516669,8366,'62KI91',359934115,'Q22B7JVKEQ20879BFQ34NX496GUC3LNH0','8','1970-01-01 00:12:45','1970-01-01 00:00:01'),(543593655,1014141187,0,'0S739Q2XIKE6QRRV44063G',512772357,'Q9J','','2015-12-27 02:52:06','1989-06-02 16:33:47'),(758342017,1014141185,9,'D4UHUWBX5K0J510569178MHIZS7F4758934OK5KC77',1590004604,'EX0F7FF247','HXT279Z1C282VS3KFS9X8626Q4OHV96YP','1997-01-18 06:20:23','1970-01-01 02:19:27'),(758342018,2045130307,926093302,'565I1BV9HU33CN2J04DVTV78X6P56GZM66AK88L9IVQU95UGWZTCM0B3',71,'1O3138135IEP50A7284SN4A3P49A407','6G3P1VX5','1989-04-20 08:05:27','1970-01-01 00:50:15'),(758342019,517234108,4365,'',4848,'7D7X70U1ESK162516','O7',NULL,'1978-10-10 16:27:10'),(758342020,517234109,1246593529,'51E775QB20YD32CV32',1401142749,'R9OTFL5Y8LX51IXJD8E29OIN036UR','8G9RTV21L327J8A0BCSOH90C1B254','1980-05-01 18:58:14','1986-02-01 00:27:03'),(867317160,1632238758,1567980460,'L1WBV207X3937X7581RYZ83Y8AQJ0UDGZ8V9HDGBVVUS8Q259258RPI7411ON50S3C4234',1714754715,'84','6CJ3WPY','1970-11-28 01:00:49','1970-01-01 01:30:41'),(867317161,1417490393,135913296,'NLBRHEKE9FN3H7KXFB2IJEG6G560',1413764414,'1FSORMY53B0777OC03WW7FX9CBW4HQPN8J5L9GE7T1N36D154605ZG','8N379859V55Z42JF99QX40Y0ZL','2016-12-02 02:47:05','1970-01-01 00:10:20'),(867317162,1014141184,36,'C3638I2RUXH269MQ5M01QLABS7EQM8E5G9T6J3KC778YF5YW8X4749G',255608713,'','R3NJ12VLPN7AV1PBDPBER6971RBP3R1D48X9162305204VQ25826OM07C8249K8166LYPY0H50C80HFTMP62MW61S62XI1M2P8','2007-02-23 01:10:07',NULL),(867317163,1014141186,1354559528,'FSUNM7L4LP5XTAM4KR7V8NS9',1864111597,'37KQJN','U7QVYP0OLHAAA28JKS9COW64A50L9S70FU8I2TL4E8QX9VQZRV','1977-07-25 23:03:48','2010-08-13 00:27:03'),(867317164,1830381947,1687836658,'8CV66T5847A220GC72380C5922769K4',1408834068,'B9E3D8LT','5052E3Q6EO8','2018-08-11 05:20:21','1970-01-01 00:00:10'),(1082065525,378265030,2068344764,'S016EA',10,'E19Y89X130DSTWY6T0035S942RYOAPI7V603Q9RU6E408YPN94R4','W3X0AHF','1978-11-17 18:46:31','1970-01-01 01:12:46'),(1082065526,378265031,31137090,'3P74LX7D7',1707708594,'FQ','92KB95TWE','2002-01-11 08:58:06','2014-09-02 21:31:11'),(1082065527,2045130306,259424675,'V0ZW36',1088834172,'I0OH02L7O5YRG97HVWTUYHN2UDNR04EW6Y29J884WPB365','L849SNIIP041TNNHD4PJ4DFP3621LP','1970-01-01 00:01:18','2003-01-27 14:47:32'),(1082065528,1228889550,1911219983,'YWN624FE2U4D21',848947984,'UO47DVNYU1L8P321WIT3KL4LU5J7781978122B62N9ER6F2MN','','2003-12-03 23:17:54','2009-04-21 08:32:19'),(1082065529,1632238760,222189300,'U',228,'D3','QL8N2YZ9PK','1970-01-01 00:01:25','2014-04-30 11:02:51'),(1082065530,1830381948,1403530524,'5',1200801780,'W199XTB9JC97KC0Y','E0R28651W2M4IQD075RLG86RG55BQRL2ZJD3','1974-03-28 06:09:11','2011-12-19 17:14:06'),(1298199381,1228889551,1652751459,'CS47U7OT9SA5F77T3L9I5S70A0',1710884671,'69AZU94V87A31NP9T631XJ3','U9U8YZ16N74P7C1H7EU4U126M4P2U','1970-01-01 00:06:16','1983-12-11 12:35:32'),(1298199382,1417490394,266496944,'3ZAK8',538399558,'JY90E2CLG562M708U708AMGL4F01','581TB7DVWREA6','2000-09-09 19:10:48','1982-09-16 13:54:32'),(1298199383,731982476,703668058,'1',565575934,'00Y94336','24E3I6V05P63NQ426XTYP7I5BBDSNQVLM1SQ1','1970-01-01 00:05:14','1971-01-29 17:57:44'),(1512947746,1830381944,2063105970,'5155L394AH683TL4Q31NFW49ABI32L0Q383913R806V00J9Q9F5D4L24Q12',2012456739,'AEQSVFAVE','9568O84J5S6XVJPDD5C1I3','1971-07-20 06:58:48','2017-08-22 02:40:10'),(1512947747,163516667,1292471904,'1FMFCU7S59454AH2Z1D2W23BK7G34T68K0',15,'E5A061LN8590H1O831014NM177NRFSYDIQY5U6C76Z3HOF824F417H','5S17C3R','1970-01-01 02:16:24','2019-05-05 08:40:28'),(1512947748,1830381946,1403704991,'82C95T',5,'0J231PRWN1Z53H718R1EL95F65L13Q3UX99IXVU','T9887B05AS7RB37RMS27F2','1983-03-23 05:34:04','1978-01-03 13:34:02'),(1512947749,1417490395,1063642149,'5K1T4X37J7MKGNU3814XM1P',2033200392,'EL61T6ZL29','27Q3J37057H616YH4R2K1DE','1990-11-16 14:47:26','1970-04-14 05:22:15'),(1743679917,163516665,86399461,'6N012A5KBNFAW5JU6F44C4768L3FT0E',1467624458,'N3QJ491E05RW323V5Y5AEEQM8QRZ9Z4YCRK','7ZG889WL80UB164W33B74E397ERV4','1975-10-09 00:20:28','1996-07-11 14:07:18'),(1743679918,731982472,596404164,'05V2OV1O',1938840810,'2WO1VN5C','NMLK019611F3B909A7LOL16IXC8GX40E','1970-01-01 01:33:52','1987-10-31 05:25:51'),(1743679919,2045130308,1541903699,'EOZW47M7',1771204779,'94X6','90S1','1976-02-06 01:35:54','2003-03-10 00:23:29'),(1743679920,731982475,5440,'K407V88703YX1O3F3Y6055I34UX5LUU',328317787,'I4U807UH4R8VJ9AGUVPMGTK1EO719P4S9R12PMHNGQS89C1126RF51E8P1N9JF2B918BGPRZPOLD08ZB8Q6W54Q8D3B64LB6JPO3NNQ62Z6L','I11L4','1992-05-09 08:48:08','1999-12-29 01:38:18'),(1743679921,1830381949,1856325666,'PS1UR',1625774625,'5R98D7A60','','1978-04-06 00:18:18','1991-06-08 07:48:34'),(1958428278,2147483647,3014,'GE7HMMCE2DGJD15S9UKA11TXN8G11405599AJ45433403IXT9CK77AD875FX270E20HYCKX',10,'SF','','2001-10-26 03:37:57','1989-07-08 02:49:46'),(1958428279,163516666,1,'341R6F1L31',8418,'3WWYL97421XNOQ1VEM4','','1994-05-28 03:14:55','1979-09-16 15:54:41'),(1958428280,1830381945,403274568,'62ZBK2I89429M2KS00VNMU4PNZ52K41115C6K9L0A0O4351XS9142H28T7E8TIU',1587932608,'35D3JWB1H314943U4','T066KE1JKC2BTAU08X7JMKU7S','1970-01-01 00:01:39','1981-02-18 20:58:44'),(1958428281,2045130309,379,'N743',1554144376,'RK7N6795RW3LE04NR582E5TFD1J7J208H1T302F43043IYE5NM0C','1SZA3IGCEB8GKC','1970-01-01 00:00:05','1987-12-26 05:00:12'),(1958428282,2045130310,1020376756,'Q88Y7B0GU48ERRAO39TIR',865583718,'LATP64P3HRT6P','5G458277CF0477YW3','2002-09-05 04:18:04','2014-07-31 16:06:27'),(1958428283,517234111,2109993225,'051',536940453,'P788164RDF73W184B0T6','HA3IM0','1982-06-05 07:48:19','1970-01-01 00:00:37'),(2147483647,517234106,1121976236,'8575T5N2S5832836WAV585Y',1715975497,'89S343N47U9BVTF','ZATQ32SGO53DJK20D657VY','1977-08-14 13:05:32','2013-12-03 18:42:12');
/*!40000 ALTER TABLE `cb_notification` ENABLE KEYS */;
UNLOCK TABLES;

--
-- Dumping data for table `cb_payment_inicis_log`
--

LOCK TABLES `cb_payment_inicis_log` WRITE;
/*!40000 ALTER TABLE `cb_payment_inicis_log` DISABLE KEYS */;
INSERT INTO `cb_payment_inicis_log` VALUES (26,'52W4WDRJ5TI16K7V9N','509BT34095J5Z8JNI5','9393XY42O0DY4O','CCV3','F','','','Z08TXJQS467AGGH5MJK2175K2FYT6',-453622289,'N86EH3XIJ27SX7UK9J0C804DTC7Q1PMM3IR514YLGU6ZM01ETODW1','TV9O3M33EZ73K2DT6L'),(27,'A7AV75NL39CE5MM3IT','8L0GRC6C9BIT69D6AL2X6H8','9G','124A1G0179KGK9T7OJDRXO686MZ1BB9D','8U28','V','49VXLQA0348V2N','T61H9SKV3VI7A2J3TL0B7SDL2900KMR4N6L6U0Y0V25J98OC9G4',-1158616321,'099P1DC1N898C566RQ4XE','712CI2WM6F61CE80W25913X1O9O7N1BLMP992B0S3'),(28,'SM1UX12N8LA79WH0MFW62ESXS4K42Z5W7ZSZ9X4','Z471IFHAW2N36PS3D','UZ0OQL0NTQ9R3JXJ0767R3K8X46IKZCW59158GV','L3W','2','U00S6W89AGYN4LBKFBAJ7C54','1ES4SNV909EYO31','1NBZE491Q4EC3066AXEJZ628GJOJ',-282718826,'R1Z92D4TPZHGB512XUTG2FX68T753C1721C120AM3RG06X9SG90G901ME25D5Q2ZWJ','O41D8ZU2440F82221S849DK'),(922337203685477608,'7488UGZFL07PD1V900H4051KY897Z2PRSFQBI','560N0970RV9B44562PY31CAL86BQQ','5EXVBP4860N6JYPHY','39195IOE43AH','','0BR3LLQJ9628E51AK9W065TC8173NJ09T7Y','ZKHS7','J37QM8684IN91W646A36168I5PGGSZ7J039DRX405R',553,'2C83928L38ZHYR3T70V3RYN','9CGB'),(922337203685477609,'77799F8N47PWB48R160TX217J732T','33','B8J8X57I14','','V51C5ETLEPM5UIZN2','E8237A7','5VEONT0KNEZU3I6FQ39A48FEL4685K6299T3G9H5116Y23VEW6JV','78DQD6GSUW0K739Y0P5221160798',-2106506522,'6L5UK','7VGLD525392E02XAOK9'),(2663393106460594459,'3E3A0461FS226NOK3OG28H5YS750','4BWAF','71JW0P6U73850LEXY7UVM3FWW','05F','ZM3NJDVA43TVM0293W2S2529UMAD28UK0M507HEH310','U81D','5RJR903R1O3BYH81Y19582PQ009L1E8699557BM1F','ZGE7PJA',-1972622483,'WKU01W148U0254M298HPRD8J2JVU041OQU4R5JNM4','2SGQAU77GR314LVR8'),(2663393106460594460,'1L142M47KA659R1UU2K0JMUE','XLF50','0998C8','T2I7KPRW4U679QQ91C2EPC9N1EX792I2152AM52','','146YFH7N4B8KK3W45779RZ5Q','F3G183L7H565V53Y6','017238NVGJIZ48U1P272RNEU6L2Y604E2ZQOL0LLB1GN2QWY5FBMJNF52XREBDKMV5VJMZ',-1442892236,'V5P231N3D6N6M85W2K9KG278J48FQ','P6'),(2663393106460594461,'222D95M8V5X','FO3','84','35C1Z1JW2DSZ3XC1ERY8BZC8134C9O2RR7I84VRL9MW3P9Q9O45810JLV7RD020101H','R5ERED3257321994FE6UX6SQQ74F','L0VSX774PP0B69B67X549V9EKAJW7BM08ZL942F3OSZDS5UK8AI7YJBLZ069HP1X5','4X651V91AGJ','V2',-1268776277,'608875V761983034UL9Y5HL71Z31B57G4TH5ZUAN50317','YIVNF703WZGH'),(2663393106460594462,'3XJT0M52M36HL2RGEMD3E730A01UMR8H','Q13U2WZ','371M42AUA66P7R4047WK4BBJ4411488LYJAK','38LL0VZ2OB9T6MV5T58741K810OPEM4C279R3L5HZ46X4MA71K3FTZD90H4MNCH62W','4C','792UX2F8CBZ82FXRRX72UZ618YK7C6TZ6ES1BM','98S22FH697LRQ','',-822469080,'8B66109X6LLK10L','22O8228I'),(2663393106460594463,'513BL7G962CXV097LIZ5011R','2PQO8K5DS7IB055N7VZE001QLXUDG078RY','372E7','9MV','1X6ELCB187I7AGQ6OZ1CO940KTP6LONCLCH9WH26TIOQ1F6N030P05IVS1Q95IQF57JU9833HT4122E3YQTG83Z','','76O03Q085J7HSF6X2PKF7PUNHNNSZ45U124T1C','DPAIPTR22GE2BAY51VE8QVB2XL8I8BA6H1WN8',5,'P','PH38420FB2K894LWMPG210WY456F9V81W1PGGUD06LZU8KKN6FOF8335NXJV1OQY'),(3585730310146072040,'Z6DMVG0WXZTPJLIFA8W8B4I9Z34Q2OL60PIB53H5HEX4O1BM75G0IQLJ63H80R3IO9I9CX02DTWA643Q97I1IWX3507J1106GB3LPSAB38NS0W0901OGMR6UK819QWWOL80NOC','E977I177A169F2SZ28R1S9O04N748DY5H8GA2VNM4P','53MQE351','','070S141G7E9991OXI85T31S47G52LOP799H2A','25HHR19QJGR8H7GC9663I4WD','','XDM7DAE27899B2RK8X5ZVRUBH364S5C18X00HHTSUJVLLVBFK039IUV90OEJ31AZF5V8',-82,'OY82806I','999B7S'),(3585730310146072041,'NJ968L2RM314F05JEI3JUJE5A5G10652L232D10V0768I9R7051Q72314D5964N7','59Y18PD0KB222ICK87F4RR1PE9UI06BELIF8109B10WOO78JR4G','5039319Z5TUY6ZO0H83R458XF6K3YF4060L2H79L5','K37P2NOU6BN90F6OOB9TT84K9020I96','MEE4I47ZZYH9L27A','U5874L1VCCZ72US99ZU79QZ6S958K55O89BOL56I79D6W8C56J952QWQFPL7TO5J5M8KDT552L81766MJK1M6DR1RMRINM2E67ID74K85RQ6MD9FX5H','M57CGB3V9','9856E0WPHVLE43HB4U40HJ',-700731890,'IT2Z89F2Z742W4UJ1664NC8','5K1U317C1RUV708'),(3585730310146072042,'1X1R604','','','8W3742VM','','V49U1SN10CYS8B7TCRO5HBV533648ICKU3A383873585CU8EB3EF9FX9277Z3B3W15C28P','P81MMVCOG','ZH704A46C97X71ESDF565K',-1040292180,'B0453O4STY7TMSK636815U7XF4KCNJ140Y27EM6','850M13BN65KXK'),(3585730310146072043,'85V2N8QC49S2L2R7E6N25AW8B69PD6ZBE1M','F383XL4LHM7NQ032ZR1VOOK1P6C4T','E452H73X5Z2A7U','','XAOA8O','6EC503BAAO1C3JR87L7N8QQAW8YQB4SD531L3465OFMSM0E','L','DH',-136749726,'','185QGW6121QRT5H0O7405S22G6KB60BII8MZ070603LSPCD20YFM14J821R7M6H9O3J9467D6006YL'),(3585730310146072044,'4NW95C05','ZWGZDNTKOG19P4HY3BK3GJQ358X8W','Y804C24PTP957N8GC10ULVVRWSWRH7JU4W5SNKAZ7S7FJL57KT03688JR4ENL3TL4E9MJE8239510C931NR1289L528FRQL685G778EDF7FLRX','M1EP1M12XD69','18TG7GF920HLT0AG03JUOY5578IPIA18M1QEM9CWP6HUAHE6XM7NH55QFT8F','SD230UK1W91','603RK69A9S3OXJ42H56D','5788N5PPH34LLP3X',-1438481391,'75O4P5O257I88','B6G982IIY1S4W51E48L2'),(3585730310146072045,'95G2XAJ','16K5B50BMOV3E1RT','X8','6A5NY8J16GUO011TNI4','HE6Q','YIK3308WZ723E84Y32MKLZQ9','77OK6357FN9','T6TL2M4D285MBSLHNUT7WTFT8RHN23FL06QXPDZL627H3V69816FTL3ML1T64L4383X658Z354',791,'705Q68','5732GH1B9BIQ0V0JC8Z328Z2I3O18'),(4032132385122807638,'F120633AAYUX5XPZ82C60LP','I9R99X02','','K27478994417M0M97EE87','47V629SHX5307AVF4W8Z5O63536JZ8KU79T1V121NF9UWBG94RVLT1VX6CD4','F5','','5B46XCCNZBH13902Y',-1828050445,'K6I37VZ05','BOH6W0A8T728882T6DWAGNQGDI'),(4032132385122807639,'4O57Q59HY','74FLNP47','GQ0Q34RL13FP8389405969181LXSRKKVQA1T96I0M723MCH8N7P8DGHCTF21BE05LW5LT8GJ8I','E48P38JILMAXZS90D3B79N906L3RO20148M3H6339WJOLEDW94PHJ1J8','9C64Y07VBN0M49V7Z0W165Q','9KEM85XY6UC662T0YVL78N1SS34','6Z9C7Y9ZV748Z8CHR59G68WP984LV','',-1741024069,'V8BOBP755E10A3NC1V581H0DY705G2U5888JM1TA9H974RPU2352ZJK1166F0E7ZTPI3AJ0XKCAV85RDGK1ZLD48AY32SAZVLQ0SK8GE2','622V2LS7V1V1D92X73B8RZXRT54847420R5ZOAM356SXIR31K8'),(4032132385122807640,'77C','Y29623MKTW0XT','9PU1P94D26R3IH6F009YF5848F94CS4X7J4BWR','4OOU10356','8435IB01W1R47J1XJV6YVJ89Z48Q','31Z','7L441I5P3IKHFF7TT4SC0RZF9Y5L4K','2MH86KENSB72W2GF982K8YTO4470096272483GLH4L2',496,'F1RE5N028T5F1BK7XRBIB426U177MVO73','YRJOTW55W84NTK97'),(4032132385122807641,'S1G4XW93','86U7C70419A75LZ692Q055UHJ2P98Z4PY3BR306EM0JLNTMG0R','3O5Y3E11NE0WK32TQMT8RO1KM8749X5535X21O88G8BP792YSO7R55765VNF4IAC7LIY3P','N','3J5Q915C418DGS727QW74PKEA5M4361Q','89L2K12EQ4X52L5NR93P73722H0W09Z2Z85O7TL55Q3P00X8V0RZK688','A781T0C','EUR0O9FGYF99Q4N522S584',-598827535,'672','O9DOSGS6U4L2G'),(4954469588808285220,'L8J','O967CM6EG88Y397UNG66RTX7T8903Q8F5Z344X54J9GTKOO29MHRVTN0R2Y6WMY7SM98TB74LTW802BD2420','965G2Q322ZUQH43584O378Z5S891U972P4','9185216O0P8YVFJ8HZ80QM096GMN3J7','7YYM1O7324QP369D81L7593','6PF4NG48393UBMDP6348394QX83Y0ENRAG60GC16X262D1Z16041','0JER','7BDKWM088',-2059619709,'EHEG4ZM9','S6HEN09QK49O4WS7N330101C7X68C'),(4954469588808285221,'3TRFT4','INLY3APF8T7D604ZH9A4C1ZJXYEL888839PP8VO5R5E','A8H2PSSSCJ5AOI7H','T338P9G9052X0EG9ZAYG49JFNG18H0T15WC8JB2H','25VX5IN0RAG155Q335LE7VO57N18SE8CX85QRHI61DQ7TC9','09USV43','0336PCZV47331D7J4NSK0Z91983','631PA9R0',-65,'ES2POCDPOY210FV2828ATB0R','UX'),(4954469588808285222,'E44G9OC0GZ42441','T8','6R020H3','44CAPA8IZH57','2RH246153WCKBL','WOQGTI6RUS4JT76JVQL5174852XIXE076B2X3GC1I467XI457PL2K1T3YXX3X4B7T7L80SB3MRT1','','17XQ2N8IQK68BV407P2P',0,'47JKCK','SXL70050TZEETDW5W5LRYPLV6UEW3X26F561ZZ11Z70B3'),(5619107983199378673,'GNFLZM14A6JB764IUPDD806SNXME4GV48N9OA39GW7W50F7LT14L689H6IU2J6T8HYBJ534TTHQJLW24UJRNII39T45T65P4N808ISCC5','SE9NQUNGM4','FIZ2GV49JP6H5FQE3S11V9INDTGTU0LT4OG2P14N1OROOIU35NU2W8SK41F935X0NVS52P96A0430B64NJO94XZB5FA5AYO8H12C064973AKF59P7N8T8A4IE0419141NP4FD6II567','3Q68FG3V9','13IDR4ICM9I75IFMHH47RQ7CRE','8821RUN781J0S2X6S38SJ826322P6C1CM633981KT794W','','70N8VFB',2679,'9R45Y2347MXZS7UCH858959PDZ9W44Q832RS843LLB2WK4Z8Y58I77','420MGU66PNK5G'),(5619107983199378674,'66RO6','XXLTPFS48Q400','98R2MKY9Y2SBNYW','0C5JA','5Z098ZR','C0X48X9XC0PR0S5FIV8R8','83Q19ZWU','',-7960,'031446C356OU','457G51MY777S73WE3J'),(5619107983199378675,'H7UX6X0XW2811I60LP2O4U2X41PMB0N43EK9PY','A790V1H799PE63MCA73HIJ3008E8OT8H8A6Z023T2UF68679OUBPS2ICGV6MD32GBA7B7D2K6G49Y2XY4','3MWMMS94JH3LXPBI8OQGA3QXL07MUN','C5DRSD7GS8EY1PZ7OMW75FY5LB','15B','','6P282100B29893TQ05N65H6N90C','1ON',-1534000344,'','6M4HL174ECR'),(5619107983199378676,'HW5US793IIYM57138S54U7V720D233KT94D8382RBS8MO375Z10T6X8585C18331','TL99JW229OY','VHXA4B7H5V055TL9','C0VK535X58B364920X','0I7','BL58KFY','CYO2O977X0U469JB8WA5WB0F666414GZCO07I5232GDSKE33FEMDP7Y0GUVNE89T96XA64Q144BHRT3LLQCP4M745','',-817217961,'RSP1D0','A11S3RGY8I29SM'),(5619107983199378677,'39V1T0V4YC0FD','FH244QS28LW452E4L93KHR8A2492QLF','XZL893J2Z99BF1LT67C16UB4G2W73D0','DPPW1AO1G94R11XM9HERY381M8V60D5M3V57C5','OOM328N1UE6TYRXM0PXG','ZY28N99EDWX7I1HIY9A1AHP11','Z9GWL15Q3K0HC6RN9W47ZP','57D8C1VER92S321X388Q4U013243VO9KM14Z6N1V17J4E71019634489ROJN',-2052666906,'D20','86O8G79'),(6541445186884856255,'9','X3894XB09558SD3DVI82UBR48152H487V','J3CRTL83IUXN1N640X1AMHYF458BPDV','H2JUHX0C0','46NT29DC845Q9S3O16LFK6YW097M6XQP5YI8GK5U6C1623709M8A0CXH1I','52L8ES60E610PA3XMJ640HSK9A9B5H7A4C37N94J7O1U37X476V73H03YA0NEO6W61GF43','G2G0XMN07011IN','3F343674I9EAH2YCG1T958W4NW8',-1589272460,'F3QTETP5IT','VLC2959G7IA1R0L9W6MIGVBRB9T73K'),(6541445186884856256,'','','8205G8Q31ZHR45','YNJ','2LQ384447','','U28G0X4O7XYYWW6BKH2U9N53I0Z41590V39','H1G87SJDX39JXU101K27D',-5,'2PD72G96503GF1SK718ZIEFR17JYPM577','61T65BDUFJV638681'),(6541445186884856257,'9A1M2R4L9AAF1105I21PLSE491936113Y1','LVII7ZE4LE9A963197R51M8JLD9S9X936P76Y5S5S542C1S2HD','','OY7HW5M8265','7R5X388J580JPQ17NJ68352W0WPBOV','','796LK6EB3AB969PU88KM96BN7P1VVPF5N63BZ1FBWLA8629NWF8NRG','2D89JW2401',7781,'19ZQ','USA5FPCQ3CM7R11ZZ5ENH20P742CAMY38FP1GV5HAOZ9KP6O'),(6541445186884856258,'16EZOD339WR2M98DP68110CDK3F32814O5','0E17OCR','343J073T8I9E3J480V6Z37BN','0316U22','7PSUHUFFMAZP1171AV1897','G6FVU1E26WO04C2V1RD20T57Z4F1641UO04F6M8Z4285344122','E971TV65QJUY5D4689','Z163CJI0YHB2KO15S',-659306642,'I54774Q49V2CO5UBBDQ7Z149E2OG90BZ6Q8Y','D6OOLQF3VIK9O282PF2L605H41KZ085OL0UVWOUCU6'),(6541445186884856259,'VD3808XO87DA1452B18K6GAFN3276R6NUKLM2Q248GF3GLFA6SMXL3X3QS8S9HP','FGCXCLOQ8DOKEPZQ56DAPIP2O2DF93V85LHNSK0C3H61DU5','D5117881K8ZW703','80M9TWLQ1L29ZF560DR2P1T0N52A3JE333B76WZ368R5E8SHPYN4L54K23LHX895WK74V252BO89ZJKGZF2QGE4EXBAHH8K9388842X23C99OSL','TSA1009O871G6UV97W1F7V6H4JUGK0','B','65KG54H9Q8MLQUO61XUI9AJW322I7WI6K66V8OU8','B2W58DK1394SZNS',-107149306,'5FH9ZTDO3T328Z2E8XP6NQY0CLAYY657','1RP711P7X955H3S312BI702I3'),(7997091418385114416,'UGM3','KR3L86R02M50','','QKORXO93T26HTT','792B4X8DNJR33C','U1','0M','375QX0E2MH028O5QDYE10UMUJ88K19FC6R5R8E58MD99M1HGBA4T8279KY11T38649289G6',-827606222,'AGU4128NGW91XO5436O3P2S4NMRZNTTMWMU54GSHB20W12985K15217RI625NIX91F33MV05U1811P52H','89OF9RE7344J4'),(7997091418385114417,'W2Y2TFYM','82K49GWSE93UU22U09004','J4SVR6UW0N756OBXEBD9VRN9008','3UECE5IS95T8','32N2872V47','4OY6I3I69X1SA569B4H39BV7755L4710OFJMFRZ0DJL1','L81N0X43GL0CPG2E884514FO4O4BLO83Q','7M08Q128E5FB89RB6B51KL379U8G19EEM4PSHL925S659204837N11644369697662YT39S7FM1W522339ZA31',-1696215168,'EC','8AN2260B8525'),(7997091418385114418,'0M1586519CN2T5QX87062TMN0J6B88X056R8MZ1','59','CJ6RIHITQ10N78O0EG67','F9853FNGPIT54Z2QZ','1NA759I','TK61665K3EQ1I5UVX8K77THV28X8P37D19SMUB','7N','8NW0U',-439541035,'OF','XDR64JFTWHP1S1D1SG7J9VJ1789C46MZ6W8W'),(7997091418385114419,'5VC12Q6VHR434U','85G615A10LWOTYUW7Y92CO1W535A81P18Y55B039OYEFB39TDWLVS8HJIV7P2EW2GMC9X27R9U2454ED2E847A800K89P5CS8ZCK1M3KZAO97N1H8','','','U6HD81QU8HNYYETI8M1MF853JX0O244397L16VZJ25','XK79','V5J6K9D0PO71P92J7916L0','83N28EL0A1QA16BKZC49BJ2TQ5KX705T6Y8ISA6A28ZPPFWZT379K271R2PIUG3269359ELW465QGU8',-162214825,'69J961L7H50226518SL1',''),(7997091418385114420,'2ZHASRD01A6N22I556TUTROGZD9LU11V423677969F56PF98980ZM0789507Y350RFTZA1I5JU3722E606YRQ77029SJ','9PGT5C8A6N518ZH9KZ','ZZW1J0D80','F34099U0','57U49BAAO98P4S5','832Y21QG3L2Q0XRR5P51A430ZVS74M9POSLE63M6Z','GE45IWSE2FEYC64Y50','',-1431478440,'3I4OI59J945GR','4EIZ363JBK2K0I1SZ5X31JWIN25C317555Z'),(7997091418385114421,'98H9V3Z56F0W5QY0867ERX086ZOSE7YM','OUI58CD6RTG2YUO','OVD16X4740UU1N87U0','7T00ZQ28XKZH5MO2Q570DJ58C15MGNDHO9D71SAEVO2EC9S4C6L26O19EF7KQKHU1B7','8F8ON35B3F9S83I6CYJL0E2D96F928J10KTZ4V8QJ4PHWMC','','5KZDG1A8O61880UF4AEL52RW0V0939999G19Y8I84Q1H0QTE3UED0YK80','5D67PF309U',-1472079137,'O9568GH268JP75','47NYQV61123FI5EI238'),(7997091418385114422,'Z03XG9N2C676865U8MUHOXTBV23774JG32T384J4OX8054W0SM6B940DMW','P3VRDSFF503V9N4NQABI52O8D2C89TM8Z74C810PA08DJQJ2KFX9YG','7P1T2O09JPVYEL7CPC00K4D2K5L26FBP0BRJ7I3I9SZE083','ZF4QMCEKHB8003ATOH1AW6QBXM8VB081KMXB4C929AX6MH6M','ZA5Q2QI26E0IM22','5LJ5ZMGXZ7L58XK1MZ0I6CAFH55XEW9B6227Z378Z5193CAG6KK67','','77HZ8',302,'','3Y'),(7997091418385114423,'SERZ34R52G99U3','0I5L9U723FZGGS27E40EZ46MUPCBX06OLTZQIRE970580QGE2FUS7CISVLC920T','T43M2BX54W74HS','ZJ34Z02C8MZZHYH47085973MJOF53L0XOAOP50O05MXR17161DK084UMZ062DDM9YB4M04M','718R7','9CX8UDK47W960OE31S5AWF70I52397E5J5NN6N54BU38QNBMT12HSY27PR40103Q48F6YJZNW1S5GY7L61E79','1JSC3','426G1CKETSL98685V92509A9467E08SNMA0LMUY65S2QW68YDQ6',269,'','E441H6LFV9YLH9329D9436W972976N77I3N3C85DB928LN12TJD5232'),(8919428622070591994,'55Z73496O01D9','426SB3OKEU91Q','TCVNCZ503KW8O637NL26RHN3U73S1IL152','U52N8T9P04S2Y24B7SAPAG89496P16JO01C8I6475CY23R374VWF7BT7','7Z9I2063MP2NW4B9U37YA','G9X952IHH25X68A1O369HG7','WA68Y','J',-1772099625,'YV74TTV5ZG93H2P6EC77V2330C30X879C73','3G7XS63G858A2BSP9VS75D6IJ7CR'),(8919428622070591995,'86L89JJDWNL35PC','079MEK44V835K5YM2664X4LMBUF37K7GK04AOS54G8YX4A532KYJKHKPUW4EZ89GVDH049575','98M67E9H3HMFC39FQ01CP7180ZG9GA2873O','5RC760S02V6K5','0051','1CPGFZ0ZB1L0RDZH24ILYKGC1HFJH8VH91PFI444W9F6CL14SF2U5A1U5IHR84825B','771CTGN19OJ064WQ26CWZR8','17T7J64HE',-1989295768,'0LR0946B0LC6Q1TJQW0634WFH6481W','8X'),(8919428622070591996,'91YYG694HOPX0RZPZ8208W90AQ3A15LG967ICG151Y','8YX4ZXE1F4G6YJ','','850HWS89FNAKP4AE8V3E6S6K3004256422K56YF03LE054T5','AF7CQ8D1H60M4X16VV1L8S820L535X44199HX9H6H1TO5446JI0XU1TO51SE4QNK','AV16ZA5ML6','5B42RUXUHZ35RHL1OOT2H7E711UOU53N949102UH300CXZ460A61FP','',1,'VAE4Z6G7I192TPR69HSE65','HW'),(8919428622070591997,'KIG41','U7Z4FE308O70NM4359IP51J','7H89G14300YQSOFEUA0HH8469K42G72K0LK4J3813V37W82','H84V5LT778MTX1NXH1XQ41ZAO4X835U3VTS9U6WW1F2MZ5OGQ4TG1Y','9BSD0GF','18NDLB02269H61841V85BM25KH0W83','19G832XN','GY772409Q51CK82E19131SCG85606SXG31Z93MWM3M0T62CYAA83L6V9G4CJ9',-1601080116,'MP4709ZWB3X3Z20TJ6DPU','L3JT2D3XH26P7LUX4Q310UK7UIL678J031A764A7'),(8919428622070591998,'','','1GE5XUDU8102KOMVHSH8J926','2T01GS5MKV1','5AK94G6R5MB7XAM','0S0','0LM0E916C9AV49Y','43CZ',-2111766188,'G5H0S8FE88AZ3SNZEF7I2X8256CXM440A4OR2JS36S659B214Y9643T3ALS3S9G2HE9RZV','9K764T44IT3H8XK583DG1193C4663Z780779H'),(8919428622070591999,'14C18X60OGG4MIG26U','V74M8V','T7N566','K9CCARZ8L0729L5KCSU9P5','6049J','C1ZUZ8QOZ44N04CO2173Z4V98L47JQ','H9V289D0E5134EJENGXCD368B01X9C26R98V9F374','NUWR7KRH1NM243292WGL6B41Z03',-6,'7J2UYKSX18503R74','Q'),(8919428622070592000,'NNQ4Q97W45I6REK3G49PAV75DW73627BQ350P1792M5JYD2E','GUXS37Q019FJ','EXSI78OHB2YV99P7P92Z91LKGUA1DGVHQ0CON','Q84QUTR8XVZ1N646Q0463PHOQ67576','81UONFV0XAE587Y8ZTV62C1E5UNS1Z6Q3G1NM4104UFD97T8BXGA501AAD0DF9','6R2','','YG',-667580011,'3Z2','ZO5K57H0CM88G61K596DK124F'),(8919428622070592001,'89007150','XU35ZN6OWL19UVH','643JWIJS5X6RR9S07O','7R03HL4QR2J3HIV6R6Y35Z5ZP0444651BZ793','0','Z5SHV3J6BGP891A84KJC450T4NY3X2I53PZ3A382','U0749YEDPBZPMJLLG1501U326E','7D1W461RWNNB9EH5029C4IQHR7Q7OH2I9OK9EV1DC3I68G',-475,'44OT3RR444J9W','00KD90YDLF646F96'),(9223372036854775807,'0FL0S','','32V6F458C45TK8HW7KSAGD5Q346I05YD44R4K40Y10KAL7EF5S094H0AICCLT887110NT','','8E3E1B1A47LC78877QV9AG03GE1Y3415Z0YST28G2HU55UMZ659X448I3JSWXQ1B8L36PTI91M236Q35NH0TERC7W58XKX478076ZU8','7S','T06MAQ33NXD230MEA9J3BLS5DN','T791C9EQXJ0',-751515412,'2L76JR96K8CI1OO5H26Y457F3WRJ','72BW188TN2OW51ABJ48W0L6N7B7951U4766M3I6');
/*!40000 ALTER TABLE `cb_payment_inicis_log` ENABLE KEYS */;
UNLOCK TABLES;

--
-- Dumping data for table `cb_payment_order_data`
--

LOCK TABLES `cb_payment_order_data` WRITE;
/*!40000 ALTER TABLE `cb_payment_order_data` DISABLE KEYS */;
INSERT INTO `cb_payment_order_data` VALUES (63492066635369624,961532692,517234109,'1I10957GW','','V8','1992-07-23 22:34:43','BM9UKWH566QJFBKUMYH2RVF573J8D462NQ7'),(63492066635369625,823017175,1632238760,'Z63G73J1F94HTR7BNJK885CQB2HY2J3UUT2IZYNF4480UBIV8S2O2SM7191TH3SDSQK','149A4N9CKGL52F4R','48611WG0D8V9KJ5OY3T04FICJ8QXX7TE95500M3ZIZ5EXDRS3RJ3Q563P5V1A0ZD854014SS4R62886H3K0','1985-09-24 00:45:24','1957D5834UE57MZM5FJ9'),(63492066635369626,1293562304,1228889552,'CC','5679MGHNUIO0X40IU4732E0GD4Y9839OB9BUK2P1UFT1GXTOYRM30VT9J7SL7K4T6U7875F19V4Z5C157NIOZM90I5R21OL2WF4ZHG24828484D838JC865PB4OF5K704UQ7N6IR3R4O8N5I057Z6385M88G369W597G1Z5U8Z5','1L1XHNP1Q8','2002-09-25 22:15:49','5AGK4I8FX3856JH86JW72U98M'),(63492066635369627,823017172,378265031,'454YL9163IL2B3JHF9DNEY8BEWYE1U53WRH4FIDGUITTLAQ9CJJ4SPC35Y7R88','H1TG28WS66T71D43TTSL0881G2MCH50W3IP9O21FN3H0265JE1BI6E2NU7M147FA9AM6WV01UVAP12Q6HK43NGWRRIKGLGW6G78005CMP3O6U7JKIP45W8J83W70WV2Y73LM18VOEB2072X23IPCS85YILS5HBV1CDA8AX','S18C55I4TKOKI86KW588Z','2008-02-06 15:26:27','1B7MC64B19BZB6T8607X'),(63492066635369628,1176281060,517234106,'6J65LS2R42LO83I','888CFGO627A',NULL,'1986-09-06 17:20:17','KO0V4Z1M4NW9CW8NHZ0W4EQW6M0H'),(63492066635369629,608268808,1014141186,'YKVEKANSIW05FYX48L3QFS5O57','','711852442Y','1985-04-07 07:03:19','PFMG43ZD993R02Y0Y41OHV8HBP4VR1R05S7291O22WPDP03NFQ'),(985829270320847206,1293562301,517234108,'99H995KU109C0195W34PM089K170ZPF4T56U949S9CY11IAVLLT','VZW2DTLVALZ8L8010M9785005561AI51WL788DV28096I',NULL,'1970-01-01 00:00:02','2WAW3YR2YCX'),(985829270320847207,608268807,1417490395,'LHCN2LL4KW374E692DOJQ9S87M72MR536HRC4I03Y3Z388C170T3','WA','364DD6RX5BJSY7MW542PJ7KC98M935S36','1970-05-14 10:02:20','P3J8CI7'),(985829270320847208,1293562303,2045130309,'95J11J5KRFV3','G648CS7R3I1W6SU3Q7A4G3EB56Z13B12AAQBC72N','0','2015-06-12 06:36:58',''),(985829270320847209,608268809,731982476,'Z78FZ21D3L9M64E96F26DA7T3G6WIV8RT6W32Z3GU930','I2V7696690',NULL,'1995-10-27 11:57:57','YS'),(985829270320847210,608268811,378265032,'N07V9J2CCK68D8PV86OYQAX676Y3','','9J','2000-01-15 05:19:24',''),(985829270320847211,961532695,731982474,'3C85N45BXNJ7LJ','','','1970-01-01 00:11:09','CI90GRHCY24JA8XG'),(2610884605988537922,823017173,1014141187,'FH8AKAW1736K4NQUB984386RRCT3R30501U8MD5D51QS4IE0IA9WZ2C98L345P0T5123YE97ZY1DFHOZLQG8169DI90NI','84021Z1D3A0O388M3I057323582PBX7HDB5N4J868Z76UW3Q3A0825DDRW7PIF1S011EBN4C32KK610DH6R92961952A5D9RG','','1970-01-01 00:01:35','CZT02T9X0G'),(2610884605988537923,300963175,731982471,'H4Z3ARKS0US056C48E6025RD6YU','1BRK9A6EW9N9L0OAV8M3JMZP','2','1978-03-05 13:18:43','ZJIL8W64U9OH469L673077V'),(2610884605988537924,300963178,378265034,'EMO0922FQ4769922SZUDA','73WKB0H4F9QWR','357FT7A28100723H298','1997-09-02 05:08:35','4Y6AZ1R9JIE42D6863LG'),(2610884605988537925,961532689,2045130310,'VML8V7WCZQQU2JZA08O6CBIM9R996LFL53687Y576M8BN23RS47E0WV0R6SFOLPZN64QV1R46O68','18W2W4KZY7DSB3QALS8U36ZFD517Y2UCX95UCBP187NU','8LJ6O5F3VF9Q1G0IP3QP3B56J39CD8I2456K6Y43D26CX52P54237U9RN48O0O859PY51974DU7SA7LUB1TRUJAQ13C6C2','1991-07-11 11:39:56','J73D131'),(2610884605988537926,1176281055,1830381947,'TAFS','V78QQ6XA0W6T0M0M9I7M2116Z1K1D4QW235PVM49PYJ8885W8036R5JA777I83K15BM6641RO69F3XA','K852E4IXVCU','1970-01-01 00:00:37','WF113925V677NHAQS7E77D4O'),(2610884605988537927,86214812,731982472,'29C38J09P129J50','454AUDAVU7V42BF05AP6DD91U',NULL,'1987-11-09 05:28:21','QAZ5602H902TF34DT1OH10UUBZ'),(3533221809674015503,1176281059,1830381945,'N1DZ11O','5S45QJ6FQ7Q','','1988-10-06 12:06:27','7IFI788T78HJN13M054GB80Q'),(3533221809674015504,823017174,1830381944,'WPCF7MJGJ381OHZ09HDACKB193GH7G6O3YQ9NL9A39IJRQO04DVJ5O14S2VB1AS1713LZ6611X77MXW2O73R6H586QI6O80135TFRO65276GAD81KIU','YPBC6QGF0OYINPBXX91X73L9Y31D2G84932594X09786','','1970-01-01 00:12:39',''),(3533221809674015505,961532693,163516668,'L79EOA9WRIM498V','FBKQ1E',NULL,'1978-04-01 13:53:05','6AXZ'),(3533221809674015506,1176281054,1417490392,'F5378L','28RA957367580O','','1986-07-13 01:42:33','JM2939C63BPJ97R3BLKQJJV34FS0V6X8B247APFSX5C6N53Z2R'),(3533221809674015507,86214811,1228889551,'JZ4Y325T9HK6X0N7NDQGZ129531681E078710D','ZRQ','0K612NM9FK6112K5T9C5N423E6DO590525P93A577E8','2012-12-23 00:50:46',''),(3533221809674015508,86214809,517234110,'J00','J54OA8DPIK','N38Y7CW4126546U7949TUR27323HN08U7KQ653URO4NIFB','1994-08-18 06:53:23','O5ONVY4DTU'),(4382602299017222091,2147483647,378265033,'65NE17','AU51KINFCDH4','HYB623O2X06D9Z71R1836LEG2N9L4Y9VH6626WV6F03B','2003-07-24 00:11:55','P28H4EBYEXOT610OR8WWNMAZ2'),(4382602299017222092,1508310668,163516667,'2S6FC0X233B44XC6Q9S5ZXN831F9M465344I6VP001HV0GO3OL','L1FFG8K7P8C3SAS',NULL,'2019-04-11 07:25:19','CLZ'),(4382602299017222093,823017177,1417490394,'QU0431EP1EDK41T7F063','3FW37F372IKH46S819H54K4','Y624OL808JRLZ6N5E7XM5','2012-01-22 11:28:12','2D68X151C'),(4382602299017222094,823017176,1228889550,'50JJ','','XK86J7JM42YQO024D9SO0IJ2920B3O0UPA9HV7667HZI5O8IF325L09EI74EB9EN80V1D6T8H7U5CM8ELIN4','1982-07-09 14:18:38','T327CUP67'),(5304939502702699673,1508310667,1830381946,'V529352C6X2P2OS0Z7KW02D919F7VX28541385TH1WTCEBMMK86SQ9R5GF8GBD9K39','9POD5Z7082OJTGONZ553GN052W2K09CJW7O52O8N376Q1','945X8OS6A14620XGO74B365267W136SZI','1970-01-01 00:00:08',''),(5304939502702699674,961532690,731982473,'XUNXPPGUSNJKY3180U88F3B9PA5OM878O7HN8CT3K5O','UU2GX4STVXNTW6KWQP6IS0XH5WY8223I51R7P4S1285747HJ452147HF5UGG91JKXCK55NRQGK2BV9','5W4L151N1SFTIQ43F5C9UOL31X8X78X14340NL44ACND7120367BAU93S98K5EWCK','1970-01-01 00:01:03','48QOHCM49VF89N'),(5304939502702699675,823017171,1830381949,'VG7X173P','3MD5','821Y720CJ3595IC1BDIB24O49EQ0ZX14D1GF00T2F9OXFGDP79CT8','1996-11-05 03:46:49','5GZ59U87'),(5304939502702699676,1176281057,2045130305,'7EHFYLDMRNA0G','66S73U4CC3VOMZ96EEO415L1080Z5O89537','0FU9H','2010-12-10 09:52:22','331032X4'),(6026515610037333665,300963179,517234111,'5NWO596F5S5E4E07JYR26R2SU6069XI3I46D25U2MK4147698O560081','6RBS12YBDNGV','','1970-01-01 00:13:14','559Y185X1ES29MD3012'),(6026515610037333666,1508310669,2045130311,'112IBC7QI9RRO','YL8A0ZJ','98NAL29UT997M95','2007-09-02 05:37:32',''),(6026515610037333667,86214814,1417490393,'679YMVE9LR4XPC2LO','K08V38V79CJR8EZ32','K84MC8BXUI30536','1998-09-27 02:58:47','C9'),(6026515610037333668,961532691,163516669,'H0W23V866YG4HA69APG7D010E72Z233J2O48R1C84359PH0Q','8W',NULL,'1970-01-01 00:00:57','1PUX2SD0V3'),(6948852813722811246,86214810,378265030,'6B91WEN1PXHPU7YN25719Q75T2F8C0G3U087D','416','8S4AK1L098P590Y2MF3L7N66NT769R6CNH8PGABB','1971-11-20 08:53:21','D0BM6IYIN28IXT41FQFPA4L04624RE00SY'),(6948852813722811247,1176281058,2045130306,'JEW7V762R04S78XRX522OO7485252V3UH3T7703F9','FC600JERTD45ANX9D7EKGP3G4831539LV1DNBB696I958L2D82IQTXSY38B','243OQQQ716QGXSW9MC4DIO0792650OIW2H8F7','2009-08-09 08:44:14','RKDQEW576K009E4C9TJMX6XO1GR44SMF9'),(6948852813722811248,300963176,163516666,'','59','635QO749DP52Z07QO0321X4533V1W400X1B181W98N7K12BP18M87P4CRWBF3X4WGIH2W4232L3WS',NULL,'66617FE'),(6948852813722811249,86214813,163516665,'6W39N83M72104796I0576C1F74CY2O44J8DKZVQ','IJK90248YU6C8L86HGY85T2290GB2ORJW89ANX17','L3','2005-11-06 22:13:33','76MV62LYD8RA7YI14Q31'),(7836525607459551197,608268810,1632238758,'6YQR0N3NYUX9493580SD1T','64V1N1JMQ1I80DBQ5I11T584IS6H74HBB63R72','','1970-01-01 00:09:40','60RB2C0'),(7836525607459551198,961532694,1014141185,'4MWZ6JGFP5EWANTGQ7W0255H85B5D997PO4P2GC36A9D752U','8EQ8F8WE6FQ6',NULL,'2011-06-19 01:54:28','4M2VUX6XUGAKRY82S22XB0SSR5U30PG'),(7836525607459551199,608268806,517234107,'AJ7S1R5164N2P5I67R338AJ2','NLBY','W7HEA07O8EN61612G744596','1970-01-01 00:12:57','IMS53'),(7836525607459551200,1508310670,1014141184,'93117V37M7SM6J12IV5B4LYKA615VZLZ2DV83EE250AB9Q74X2BNN5V1','','09','1970-01-01 00:00:25',''),(8758862811145028774,1740468700,2045130308,'','C8C5051AOHB','H6HN6D6ZY',NULL,'OZ9H61F4'),(8758862811145028775,1293562302,2045130307,'7L9B711S395597R0IMI63YU316BC6L22XKI3RLMR5','',NULL,'1970-01-01 00:00:05','GP0X30'),(8758862811145028776,1955217061,2147483647,'1RQ7J7BYVXG5X','K9W','5AY9ESP6XP1B9C21GA4D083J2HZQJQ327925Y71VJD640','1970-01-01 00:10:18','05AL42V0IIGM35Z29N6L4PXN6348P8'),(8758862811145028777,1508310666,1830381948,'77R7HW1DNFUU13JHVDQZDUKH084UPX6','3JGH183WA3UU61WF','IVI81AWUFP4WW','1975-03-23 13:46:23','VP0ZA7601FA0'),(8758862811145028778,300963177,1632238759,'U1V2','R2A6ZZKV4','EQOG6V8B3K15F46HUT13C3K8','2002-09-22 11:08:40','8'),(9223372036854775807,1176281056,731982475,'FMR907W5B99','15L633V775',NULL,'1994-08-21 17:24:09','S4');
/*!40000 ALTER TABLE `cb_payment_order_data` ENABLE KEYS */;
UNLOCK TABLES;

--
-- Dumping data for table `cb_point`
--

LOCK TABLES `cb_point` WRITE;
/*!40000 ALTER TABLE `cb_point` DISABLE KEYS */;
INSERT INTO `cb_point` VALUES (502,1632238758,'2018-05-17 00:57:43','GMW61675H1S',-1493086234,'D55IZH','4VE671W626U7S','FVT7OY1N26WFFF8N45BEV982E'),(503,1228889550,'1980-05-08 19:52:22','17A0834H',-1634820835,'D3','0SX18V7KSA27','7JYGWW2124JM177M3TOCH5R8779S00966L5802854QN79RG148JQ0X0PH10H'),(504,1228889551,'1970-01-01 00:08:23','V173184C3BR5VG30TG6XLI19S515DK32DB6D40I629455RGU49PCR8GBLNO',-53344935,'P','6BW','60GD7969IYVML72UF16HL'),(505,731982473,'2014-10-17 12:57:14','25',-1342990813,'2C','MR34','7B5R777S8LH84W8HKOG7D0UIELIBD4DMB5D17160KIVR6XHS4KZ2M3NB8'),(506,731982474,'1970-01-01 00:00:09','K1C08O7Z9FIG8NK24TQJBEYCEQJK652336J2FZ',-503038964,'I','72','HJR4DRDYN2W8948H18H3MQW340ML4CP5ZY2SO79Q48UB1'),(214748868,378265031,NULL,'',431,'B3376Z007II','46','8B8BUO57'),(214748869,378265032,'1970-01-01 00:00:07','5457X8KE870I35VEX61526WLEXSZY40ZU3E16447WL6XC7BDM4K5707NK5',-2080189044,'12WUQ8','LH8G','2Q1M2788L781'),(214748870,731982472,'1980-04-19 13:28:55','2Z1W07H47CAY',-1246762652,'7PH26M9W','L3DG','J3D0J2J0XV6ZJ43N4R7'),(214748871,1228889552,'1991-12-27 18:29:30','0F84E5J2DM4639ULC42EC7W3F6L66937VTJE20124Z',-1108774593,'Z4818','096O','25970V7IU'),(214748872,1830381949,NULL,'',-1320314259,'OWE43','22LJZZRYW','3EFVF0'),(444479119,163516666,'1992-06-29 10:07:25','8PFHZZB4',-784526851,'2','2',''),(444479120,2045130306,'1970-01-01 00:00:08','4QM62J887O331L6QJS1LT0CS572733DTNJ9F36477S9P49ZK108ET02067DJDK0EV1B62Y9J4UP7',-316249425,'OF','8RA08','P97Y595DC2'),(444479121,378265034,'1970-01-01 00:04:13','0CT157UC0',-295730503,'A7R60','S','A2U7LF3FBN'),(444479122,517234110,'2005-10-27 06:09:23','O98E49U42OCSB996',-1,'POQ','J','VMC21UU5S8P5Z012243H4PV42E913NZ'),(444479123,2045130311,'1970-01-01 00:00:10','130UR67H234HU1',-1884579158,'3L','4D51D','E44H75BCFWJ46WZ0616D437WG8773GB8V1T8R35689A2W94H8RXGEU348'),(659227484,163516665,'1970-01-01 00:00:06','UM58K240I9',-2053990707,'1','4','7RD7Z02'),(659227485,1830381944,'1987-09-13 22:33:41','X4T99FTEELYGF63EXQ15V9CEW8L416QD23542O158HR03Z6BY3S56',1,'WT2EVD','U','52MY6NZ1E4FOI22P857TNJ7473Q8B4I085O18I086BAOI2V8862C0E'),(659227486,163516668,'1973-08-03 02:00:45','56DLM9371Y08P0R81897SWU58K0T1Z2E038I3DZE1WORGXDQ1L5NTHM88307WY275Y72M0',-533480861,'1K','LSQ901R',''),(659227487,2045130309,'1970-01-01 00:01:30','KRLJ',-2012304835,'81','O9587','3YLK8O6Z1D4H5B5MNQ3ZJHQ8YA507C1QW7YV2B4QLV3898EZ'),(659227488,1417490395,NULL,'',-1781220544,'74','M','I726XWJT525BL11LG0CV24Q2N17Q76L0NMU87L9JCBYF'),(961757506,1014141184,'1970-08-25 05:33:43','88',9262,'YP589','9OPKT','0EEMT1BD5903KE9M3'),(961757507,517234107,'1970-01-01 00:00:05','2U9612VY695L1T6868G10S10GOEKX7UVM2F3MIA09241184C0',-1590368253,'554ON','W3619','JT34R63'),(961757508,378265033,'2012-12-13 06:41:36','0J81I9TPS',-1469974876,'CZ','8X3982C','24X0T8LT2E7'),(961757509,1632238760,'1991-04-08 04:08:01','H709871HT88NXUTT906',-1599378159,'20C2KS0YWF05503','8KJ','84C6K1D2U2C62S5MS0919177'),(961757510,517234108,'1970-01-01 00:12:22','335',-1694295769,'','C1','5U393O3N1'),(961757511,731982475,'1985-02-03 02:12:24','0R0JLE5QRVM3A',-1995099208,'5','C695ELA64','MQ3V66S191IHIJ289YUQ786MYO07A11C3P7X3109CFFWRK1V5JOEBFNSYG2O63ID4368ESJMHY5FJ68B5WNIROO144'),(961757512,2045130310,NULL,'',-1088113196,'Y8YZ05S7','I0T','K824ORIQQ1LFH0'),(1176505871,731982471,'1970-01-01 00:09:43','W56J15H',8009,'','','8VMYR61686L049896Z8N25CC6UZ99O326CF84MYSN0O8RMYW16XSN2F497I2U94Y8Z1WU31'),(1176505872,1014141186,'1970-01-01 00:01:37','7A8J3767CDTZLT6',-965877512,'4Z','5','W34EI'),(1176505873,1830381945,'1970-01-01 00:01:24','O9BPQR6MOM19NO6PY0VN7289',-448,'PX8G6048T','W201G','A26B84Y90NZ644M04B4NH3BHU0DW972PN3N22Z1PN491TYYMRX55259I88B6LR00968I'),(1176505874,1830381946,'2003-05-20 06:54:40','HULIVP3WUQJ2528M05Z2IZX0L6A4N89383WN2C9S',-120622965,'7','552RM',''),(1176505875,2045130308,'1981-12-04 22:21:36','69S1IMK5877H580R75V2793606',-657474413,'5','J','E9D0344V7YCE0YAMPT8W0ZW68154F4N4'),(1176505876,163516669,'2001-05-23 06:54:06','1PDTN2K569WC4453319269G9PJF126',-2939,'A80ER117UL6Q','37211IC6P','O8I1I7A8BEF7BA7KN46C64H9999E798785U8C88B74VF46J128E2G456Z93X1X1T7Q507B5'),(1176505877,1830381948,'2014-04-01 03:39:59','R6EI8TB5CCNK',-1551466460,'FY','97','32M625G5I7HOU3M8G8X2V3D0BTL07749MKT3'),(1176505878,517234111,'2013-02-02 08:45:34','Z',61,'E87L6','785','Z16'),(1396582700,517234106,'1970-01-01 01:58:51','S3V9W824LD568O2NEZ40U0E7',-646434793,'C','COEIRQ9Y6WT459','65HZ7FE14SJ'),(1396582701,1014141185,'1970-01-01 00:00:15','K5A3SMOXVJQ1SNWM',3891,'E15DJG2','9LK1','FIM8522GL6YF9B'),(1396582702,1830381947,'1989-05-04 17:12:10','5O08LVQCPZ7867FY2Z0G7941DJ',-6433,'1DY9B7Y3AL','F0','VZ4998O4JZAV3K6NIYB1XL8SR205'),(1396582703,731982476,'2011-11-07 14:43:26','TD9813X131T6Z9HGRI4C5A8FQ09748B5882347',-1726124837,'P','6','G6114NX5O5O'),(1611331065,378265030,'1971-11-18 05:09:18','95JUO2OV4IN1H46VRPETEM96091Q4AKN23G2H6J5I4W9X339DPMU6I503N4',-1706593896,'96','10','FI9C90219T321950JB74H765VCOTC7ENRBA0B8S5IUR400I02HF89HJNR1JV6GKM736OWI0WR18'),(1611331066,1417490393,'2017-04-10 03:46:08','89MBO7B0QXO0F5485E',260,'81G7421','',''),(1611331067,1632238759,'1970-01-01 00:01:17','A79W9O7146804N6AHUK',-260572492,'6','DE421','WSJM4I548KVEUB80WIZ544AD84N3'),(1611331068,1014141187,'2019-09-16 22:03:10','8L4382024831U952HVYF9Q',-1610863144,'1','51','53Z4M0GY15ME0606FDCP3OC24Y7YU8P4BYG773CU536'),(1916302565,1417490392,'1989-03-19 04:14:13','HSQ5',-1466582504,'O','','0D09'),(1916302566,1417490394,'1991-01-21 06:25:36','7128PZB6',-296850244,'VS','47893','6HJWA0MKOX852R875Y7ME6LI73D546N31H3H6H7'),(1916302567,517234109,'1987-12-13 02:33:01','2766484',-1,'Z4','H','Y9D130WA23'),(2131050926,2147483647,'1973-01-04 04:15:50','OL3W',-3,'N04D74TSE','B5','Z'),(2131050927,163516667,NULL,'',-2096249973,'W0SLQ9','CN2648','HC0L127RW1N4A7E21FFJ7WTQQD53105WU5O'),(2131050928,2045130307,'2015-06-29 12:12:14','7JS4N',-98,'9','89','2AFV348B706ERNE4J63J8R7'),(2147483647,2045130305,'2009-08-24 18:28:42','X034DHY9EO8HM0VSXF2Q',6611,'T5TJ5','7TF8','5X0605O2RW1U0S952Y5Y2NZW613BD1');
/*!40000 ALTER TABLE `cb_point` ENABLE KEYS */;
UNLOCK TABLES;

--
-- Dumping data for table `cb_popup`
--

LOCK TABLES `cb_popup` WRITE;
/*!40000 ALTER TABLE `cb_popup` DISABLE KEYS */;
INSERT INTO `cb_popup` VALUES (998,'1971-06-20','2013-04-27',-75,7491036,-6183848,-1566398,-7688669,'273Z','V67V1E71G6OXA32DY45X6G21RT0T30C3A6ODU3N682GARD7WN07PZ6A8X4N77V',NULL,16,-1977506728,29,-10,'1974-05-02 09:01:20','X2C4W6216922',1298667842),(999,NULL,'2014-10-27',81,4633446,5,3061230,-3254011,'','84471961C3E6K6N98V58IM77L675R','VJ222R8L3I3D9U8HY301UF4',-87,5,-77,10,NULL,'Z5D',11449838),(1000,'1970-07-02','2017-06-30',-41,-6320969,4312,-4270779,745298,'UI','61','5YGG8679PM6I9',121,4312,86,-6,'1970-01-01 00:03:03','',943641925),(1001,'1970-01-01','2018-09-24',53,6076579,2805375,-4356980,-2541811,'MT3','AL3ELO17G03NK9OP5EL87G78KD00044L4','',-15,-1733636481,26,8,'1970-01-01 00:00:01','2I073G8JWUQ5',138249356),(1002,'1976-11-17','1996-02-20',-7,-54,-1049360,5292595,-4793355,'R9O0B7','N2P393K1EUBLF95','P',-33,-512754448,-22,-7,'1989-09-01 02:03:31','ZW6AOI6U7J5JN1O9G38Z74R15SG14VXA42D6J38N1W75271946',1238417971),(214749364,'1974-12-09','2016-10-05',46,-401609,-4275215,-1881866,-85,'Z','PAI9F','AMNI02',-6,-1791048719,111,-115,'2002-08-27 13:48:35','B8F7',610486518),(214749365,'2019-02-20','2006-02-04',-64,3631814,-666,6073982,8,'Q','XHB2U141','',-37,-666,83,95,'1978-05-14 23:04:15','',1440525950),(214749366,'2017-04-08','2003-01-31',-27,1697571,1933726,-406,-8,'5HU','4PYM9YERG32H36563L','',14,-1768062562,-64,95,'2010-05-29 15:02:19','Y5Y7X269NKNT3R8R6',4068),(214749367,'1970-10-16','1978-03-05',-71,-682059,-7457327,5763917,3813234,'S','XLAH811','E73',6,-1156696623,-6,6,'2012-10-08 05:32:17','46MZURV67IH',2044195661),(440656074,'1996-08-12',NULL,-59,7692869,-6644,-7576140,340486,'M4NGMKR9','','W2RV620DA7ZZ46C99I',-78,-6644,52,-122,'2019-01-19 04:29:37','2I4Q4XE0F5TDCQ7W1N295B74GJ6JT4O58E8C25SW5FD',1074554292),(440656075,'1980-04-09','1988-03-11',-7,-3202183,2828649,4243942,921,'P4ZL9','I5F82LLASO',NULL,0,-2069157527,102,-1,'1996-10-12 09:48:21','2AL5A9Q16JLTA69300',1925235174),(440656076,'2017-04-07','2002-01-15',7,7864165,3550320,-6883379,1152609,'1T','8ZA5WO88Z680S4QL752200XVO2I8903W91T8D3','HKK54A091',-7,-2068435856,53,-115,'2003-09-27 15:23:02','98L9BJ264I8ZJ7',924252109),(440656077,'2009-03-19','1970-01-12',-19,-43,2759270,-5040457,6879870,'7','6XI',NULL,87,-1398138266,-82,26,'2003-02-06 21:06:03','V',624105143),(440656078,'1999-12-24',NULL,20,4,-2762787,343,7008167,'98A0WN','',NULL,62,-2091526179,-103,56,'1976-01-12 02:36:36','8TI65XG880B',34),(440656079,'1970-01-02',NULL,83,1659018,-2339027,-6,-6021767,'N','',NULL,-7,-866365651,-103,-47,'1970-01-01 00:00:02','URUNK66VSZT6526CSZQ7OG4HM3ZGL',680),(655404440,'1994-09-24','1981-12-04',-112,-1156592,598168,53,-8211301,'9','576R5973583S9FCNY6387X30U2WCC4','T9D2F48P',48,-2088165224,53,27,'1979-03-09 11:41:48','',5),(655404441,'2012-05-06','2020-02-12',-61,2916675,34,-4600733,6,'2','U9G958Z033W4C27F7VHO449S3X33Z8S7846EU696PH9B3CIP11U86',NULL,97,34,-29,104,'2004-08-15 13:54:35','77GLTSK6J02YL4TEEV608Z90FE2BQPTEC8WB0C5JC8P5F52H59',1379519587),(655404442,'1986-07-12','1994-03-10',93,-182,1135,6457001,-5925939,'H9U7Y8NE','129','4C4005F804N482QD9621J03',16,1135,59,89,'2018-06-19 12:24:30','52EGZ7394RUGW783CP61MN8WJ01CO8',1575126697),(655404443,NULL,'1988-04-04',-25,-2052404,6329075,-7223804,3981988,'','2K6FV395GZUNGO','4HFSSY500NT56ERBSO16',12,-153054477,114,7,NULL,'36V64M2',2098316804),(655404444,'1973-02-26',NULL,16,-5874927,3398312,-3689703,9302,'6SJ1','','LZFZ2XK53B4FM7B8NY9HJ7892U74E9KY30Z',81,-827073880,79,44,'1973-02-05 00:13:48','2H661E259W1K',591901465),(655404445,'2010-02-10','1977-09-15',-125,49,-3619664,3511577,8137366,'BDVF2HMOVY','9BMF','SZALY238M8',-85,-347552592,4,112,'1985-12-26 20:18:25','XYR6TGU6P4V99158WFPW7D8VKIXA96L02G0X89WKH1TU',347444505),(1042175835,NULL,'1970-10-16',41,932,3072741,689,-6,'','3716PKKZT','8DK5FX085206P6T11S632M36S8CF',-23,-709958939,-52,98,NULL,'66W68EI5860S',68),(1042175836,'1971-03-10','1970-02-13',-93,-1513303,6119731,4115406,2548703,'VS6M','67HY1K4763AK0BJF8M4TZA','LX6A6C32Z7',-59,-1361223373,23,75,'1970-01-01 00:07:14','GL5H5SC4E9499EJT8X3H19E0I11901E43K592N8Y050W82H4V7',180276174),(1042175837,'1970-01-20','2018-03-25',-11,16,5408,-24,-388677,'3U41','5VW17L88Z4J0Y48B7KQ0FC394UXQ2L2Y58','T02T1077807MC87BGF4EV965K62H3',117,5408,12,-126,'2011-08-04 05:21:47','7S25R905493TBZE',241),(1256924200,'1974-04-10','2011-05-25',63,-1859905,3198552,-2553613,-3703709,'KZ','308YN7282W425ZL9WQM258C03942Y','G9Z6T2',-3,-458174888,115,-29,'2018-09-08 00:20:06','K55A2HA',408488179),(1256924201,'2002-08-04','1970-01-06',68,691263,0,93139,3207967,'V4B6','MU77PB908J3A6703NVJPA0I9KY0','XZ066063I56PUEINC624S60TL65R',-58,0,-21,71,'2015-10-04 14:17:19','5',763456467),(1256924202,'2000-12-12',NULL,4,-230902,6,3,-1788003,'2PV','','HMXRT97W0R5W',-23,6,5,-82,'1979-11-09 06:18:17','F4GW1K1Y5U2358JLKL09X9TKQ397L5M198',3),(1405677927,NULL,'1970-02-03',-42,-4918954,-4355,-2463455,3029830,'','SS5F3043BMXG4XPBM5FQ3G91VIC71S57541KW6C8VSQW3HMOD94H0511QB1215','E7U7TT499NV560V',88,-4355,-95,-58,NULL,'',408578337),(1405677928,'1979-01-05','1974-07-09',-21,2747041,-1657045,-4625832,1394016,'F','BW61X3EHZCQU21OJB4I40G3P','19RA5SHQ80N165519Q',46,-1939425493,-62,6,'1970-01-01 00:54:52','55E66RQU07G4L6YU9N',2100914776),(1405677929,'2005-10-03','2006-04-03',11,3305219,9371,-3321371,3255399,'30','O0V4B449RKE21946Q02Q570UOQW2X709HVA9O3L74E0B8LLG00MMU0QY21','2199ERQ690749OA37',104,9371,-92,31,'2008-02-08 09:53:03','243F5992SSH7IAO6O68NW8EBJRM81Z81GN7NY2X9V2JW26875V',5067237),(1405677930,'1974-07-27',NULL,-117,3118345,-5961,6074148,-23,'R','',NULL,-73,-5961,-92,122,'1970-12-20 04:31:15','08F1RN5H4T27OOI8',199012132),(1620426292,NULL,NULL,-53,6713163,3381,4057932,-4917720,'','','15K6LFC174',77,3381,-52,-88,NULL,'9F7P0728245L8Q4A6VI18IN4',784198476),(1620426293,'1996-02-20','2005-01-08',-68,5873839,2341260,2327967,-1211546,'5','1J84N2582O9SJUH2',NULL,82,-1230784116,79,-25,'2010-09-02 09:32:25','6E',44271007),(1620426294,'1995-12-11','1970-01-07',35,-11,849746,3398351,7562903,'QOD','J7W5','0J3L6VZQFJ1QZ',-43,-1131612334,-51,34,'2019-08-27 15:23:33','',464771791),(1620426295,'1979-08-28','1992-02-11',-37,4704,969346,4,468,'26','348MGSB25Y40XVJTSP39V4LXM227PAF3FQTC15J42','89U7G1X07787A7GE459C7VY28600V90IK047KE8GRSGF0142',89,-40973694,-77,-80,'1974-07-30 13:22:03','792',4),(1620426296,'1971-07-13','1970-03-23',42,-4140167,-7,-3052438,7320069,'7RD8Z','6MO2W5PI7R1915V6Z2B1','3TFV2I720R833653F',-118,-7,44,50,'1993-06-14 13:59:10','17R1U3E427H9F1BIRY1CP0ZC679PYV047N8CEM5G',391212138),(1882202325,'1980-01-17','1970-08-28',-9,-9,-28,3,-789879,'6','1668648RHDM3DWBO35Z315BLU7RX','',82,-28,3,-75,'2016-07-03 20:15:05','339708QHF20R26UD40U0B68B82Q3L875OT8',3),(1882202326,'1970-04-04','1976-10-09',78,-3169557,-7657127,-985405,-5246782,'6','LOM92586CM1SR0242WO8PHPKSMR9U5','',103,-1626658471,-103,-83,'1970-01-01 00:01:34','YA06P8HEM5J31S1B09F',678491843),(1882202327,'2019-01-09','1970-01-01',68,-329,1424291,7463557,5783046,'76','M3L33Z1H','OS189S16IF8',101,-627721309,-95,55,'1977-09-14 13:16:33','H',804381317),(1882202328,'2007-09-12','1995-02-21',4,2432613,3519770,-69,5769490,'0','7SOS11UOM76QVII1XTQ571226R9Y3CYB329DQC57FWG516ET5PVYPU63U7OXA0624FOU5K7AD91549AH8N90IONS6E1M',NULL,108,-474630886,108,-24,'1981-02-10 16:57:40','4I3H51YB4',692),(1882202329,'2014-07-30','2015-11-29',-111,370068,2292982,5,7668160,'PDJ','34HFNR6HA343MVUY8O661K5G1D9WY08108OY11637L7LP99436PL11616C2','311Y044PSGK',-8,-425526026,-24,25,'1986-05-27 12:05:23','IJLHM6',5),(1882202330,'1970-04-21','1970-02-24',49,6943955,-8,83,7901782,'I','833QRV','',-107,-8,101,104,'1970-01-01 00:01:51','IQ',8),(2096950686,'1972-09-25','1993-11-15',-9,-9,-8719,4728753,1208468,'Q','329QVDA38534H2XHSYW','Z',-56,-8719,49,20,'1970-01-01 00:16:39','96P959948M8R0659ROLZ3ZM389EC',919087025),(2096950687,'1972-07-27','1970-01-04',-101,242697,6923241,2729493,5,'0UNE','K944NQGPI6S6G9C604A48H9M03OP',NULL,-23,-1628855319,-38,-6,'1970-01-01 00:15:39','G6B0H51I0T824FFKROMWN8D607O2RNN0CT6KQ',682206741),(2096950688,'1988-12-25','2010-06-02',-119,-8194766,3186962,193460,1699229,'6K','F66P2','',-102,-542072558,119,-6,'1982-07-19 09:55:36','',1333982132),(2096950689,'2000-09-05','1975-05-06',41,4946294,-1470525,-3,-7271384,'J0D5F078W','55RWJX2LC64R5CN6J529HD22R6KDP4RA580SU3T9XG5B59SQ9373C029B9WI','31WUV196SD9J41SX91C7K1VGO737',-36,-1301704765,78,-120,'1994-05-28 20:26:56','2C39853103F3QZ54MQ34E2XV8Q465ORI',387),(2096950690,'1989-05-02','1971-11-27',-118,-4892028,6543491,643,-386,'5X96E','MD0EW41304MY07NCYP1ITJ4DMDW0F9Y85J','RP13NDET9T4M',-49,-136062845,27,-30,'1971-03-08 18:40:50','KU',64),(2096950691,'2003-08-12','1989-04-28',10,-6024647,2067966,26,-72332,'R0PY61LEW','CX5724L9EL94UUBJ0BZ4S247760ZL97S6OEVU3AUT2','Z66WZ9U93T5TX8419S7HIH7MX4002ZL351YO5L',46,-1415606786,83,94,'2012-09-05 07:03:45','3AHE205A',2),(2096950692,'1970-01-05','1997-06-25',47,-176,594445,-5561564,764636,'DY7BZ','7X7D42I71NBM2IZ682VR8I3W2BXG48NUM93PV433U402','H54U343Y84XBVT7A417184TMVC6ZMYO78GV2EU76ATG71513P78SZQ763GO9M1JV54BMX87DUN79E5H1I3Q1X924G8A9JZG677TP8J9C36Y',-67,-511110643,-25,109,'1970-01-01 00:00:05','21',187376420),(2147483647,'1973-02-21','1981-04-13',-11,4828058,-796209,1498478,-5,'E','8DZ32W3VB4XM318055','',70,-780936753,103,125,'1989-12-27 06:23:28','C',815193454);
/*!40000 ALTER TABLE `cb_popup` ENABLE KEYS */;
UNLOCK TABLES;

--
-- Dumping data for table `cb_post`
--

LOCK TABLES `cb_post` WRITE;
/*!40000 ALTER TABLE `cb_post` DISABLE KEYS */;
INSERT INTO `cb_post` VALUES (144514030,605458535,517234106,1326,'W6Q94V6','V259EX0C70','GG61O0UB47QNF7W3V25','4A2O54','07R8','3A21','7W2826N172U8W0U2N354UU0R6678154','',NULL,'2001-12-28 01:59:11','7427E','2015-09-03 16:33:21',979949242,3636090,'1970-01-01 00:00:53',1326,66,113,98,79,23,-472537310,-2064144656,1258,'YRF39VM57Z9H66S4E9074S9R54349V119GXED7',-1517894,'FSM1',-5,14,77),(144514031,2042785068,1014141184,-678686928,'53','','','J84P','13EAGPI396064DI6L4Y6TC3M15','VAM9K35KBVNNUS506U2196S0743R1','Y32PC','',NULL,'1970-01-01 00:00:05','PNINB6B76T4JWJGIDN9W',NULL,1262227127,41,'1970-01-01 01:24:26',790320,-62,85,57,-94,0,-1059365026,-42,-1542743421,'3P247I9J4084TYA9AXNI9313B1MUGYPHAWDQ7KNT953A7RI401',-4452681,'1',3,74,82),(144514032,994193107,163516668,2,'93E9X475Z','TVMKH7WS4MPFM95XQ2OP86U6C8RY2911RJ008G77GYI1G1450K1L42W5390I58N531T74332J9J16XB9TLYY7C4135E5',NULL,'B87OQQ1Y7P8WD','BJLD504730XR1WKPZPX869532OAVW683','18U0','1P9O2300Z2Y0U816H13VUAWLE998R5453NOU5GW64529905A2XWBX96327RB6FF3PC2ZX983TM69','970U6019B6SZCMEOT97','11JP521V4RZYODIXU49C94IS500874Y4QD','1970-01-01 00:00:38','286DRVH1EN5','2016-11-19 13:40:28',1514499069,706,NULL,2,-86,85,23,59,80,-634037233,-6,-1086815853,'90G25S4I3',-3838979,'3Y6S',19,8,-85),(144514033,820206901,1228889552,-1780800683,'3YI43D973T','','C3588M9908B','0GX0L12LS3O03OMQN57E73Z4O93AQJ57273Y2MC1741J4WCV','M2R275702L24VB4003','86WGZDQQALVHM','Y38','N96BXYM69','572RGZOCU7037SV39B47G4NEG711O11Q','1986-10-16 19:48:28','SBW',NULL,106120487,6952112,'1999-11-28 20:48:25',5972821,114,74,-43,-8,7,-3,-1507611046,-5,'47C0NE5WCA2L06Q994ZR8V',-2931417,'92',66,-5,-27),(359262396,274127749,2045130306,-1000173274,'5ZK','65YE8EANRW','','9OH8LRG955KGGN8GJJ5J0M4U75NHK6JV9P1833IPS','1BQU1E6EH45LEV75B5CBO472E4850Y62PW7VDE2BY654VC2Q1O','34OE240T9XIS7Y9','06','9I5','DFQ','1979-05-14 10:54:27','FMR9A','1993-09-08 06:17:32',586517036,-4260128,'1982-03-20 08:32:06',-1928922,-6,2,-22,-78,-67,0,-788,-1360403963,'B196F8N6606XZ7GN',7703084,'W3D4L',-123,89,-56),(359262397,274127751,517234107,-853,'98D','','','J84P','64RJ','359NLSR6UZ9UV','','4P2FY1CYA50R02R56QZ0T6S7A99T2XFRXSYYKM3W977120G647ULP7VLVK61930DO6317OAJS1957E99BM129469D2VTOG8S7JUIMH6XJ33','EX39','1970-01-01 00:00:05','7V08VG03F883JCXBIW',NULL,790,-8081003,'2014-02-06 08:50:34',-853,-45,1,-36,127,62,-4997,-212623999,-1014464705,'T4H30UB81CCCU9FT8HU13HAR13JWJG59WA6',-7,'1006L38',-65,87,79),(359262398,1828036706,1632238760,-944474451,'80','','3HHVTX','BYQEO2KV95MG7M6VSCEBHY323JKP37H7M251','1683MB497K5JVE9O8ZT25A135STF0W9948ELW3J2MFX25IG2UQBG8QCV0NM64W689L58N2UL8Y','7KH3C155U2H4','8O6Q48B43N7Z','5F9YU5O6B18',NULL,'1970-01-01 00:01:12','LU25',NULL,1132282131,4,'1988-01-27 01:58:29',3438253,-71,17,-112,36,-85,-1264873366,-465359531,-42,'',-179949,'01MPZ2ESR0',-42,-14,-112),(359262399,59379382,731982474,-892,'266IU','O4Z',NULL,'4OSA6LHVU8UJDLHZMF9G0G66','5','075GNA8K1VQ822EOPOZU4S156D2TT1Q8U7OF2EI350762Y808A748J05K','5R0T3846KBJGZ30J','20KS5LH7054V6PFV6J9AJ','DSN5LYRR5OO','1970-01-01 01:59:48','','1970-02-21 23:03:14',252937416,858,NULL,-892,-64,-79,-26,-47,-68,-1576084616,-1164256734,-1681183164,'95GFY55G0VEO57QH94187HLQ78O8UTYKG5905Q801Q4H0VW20I',-7109432,'32W79',-60,-23,86),(497198675,1543094099,1417490392,-1324,'','B1A6GESVLKX5Y78HQHXF7A17F4Y1C','25CFLIL1S873APLZ6F9864CN1DOE754NE0YI23QZ62O1LC5P1A333CU8ZI79JTC','P613T6MA09173Y7D46EX3BYE75U0U3X42IJCY3J7J3C','LK643UCB4X0M979WR1619','P2Q9L7ZI','L4EP54HBU0GS966506U609P67CIG2BV2BMPB5T7Q1V0261E20OY5','6387W2A3VUV',NULL,NULL,'XD7YD1ABAYH21520V3BZ9Q424','1970-01-01 00:00:10',2113928162,6,'1970-01-01 00:15:43',-1324,-103,23,-9,56,82,-8,-920309585,-1887567605,'OR9LNV1L09T533Z8',8387554,'69',65,-76,112),(497198676,820206899,1417490393,-595559457,'63P0X','L637E989HC31X2143AP1WK82RZ','D7Z3895T229736RJOYJ06F3693DE7F1P42QR83KYG360JT2L781Z56J6L9KNA0','J84P','J','1DYR','EC39','9HQ3E86LLWW22856Z83Y10X062','BV917VR62IQK','1970-01-01 00:13:46','Z724I32P2I','1970-01-01 00:00:04',75324675,5165244,'1998-01-30 23:45:21',31711,92,80,42,-49,-109,-1104871295,6598,99,'7',-172797,'LA3',-76,69,70),(497198677,59379385,1228889551,-139255842,'ZDT998','62O3TINY',NULL,'I88BY44CW9M18PV21K46W0L4FMUVJ936U5YZ','MIVPHYHPG8R67M','32563P2D6116FO1V6','J543D1H83VHV989A83TIOKJN9SP274L4TAI9502P464IAA','QQTNY64293C5ATBE11KL027G65S3EJ95J9H758S6QQF4089R5W2QZ4Q45',NULL,'1985-03-03 21:06:09','','1994-01-14 21:09:18',1016731324,-2687858,'1995-06-07 04:13:53',3350494,-91,110,60,24,22,-1072619112,-527,-956352688,'8',1709756,'80',-48,48,-120),(497198678,2042785071,1830381946,-2037779162,'6J','4L65U2RQR85LXV5P0CHMPQ703DIP','','I88BY44CW9M18PV21K46W0L4FMUVJ936U5YZ','K','63F59EZ72XT6JH49TWIP5395T6307D6334N6D97WO6B4TS62UPM','6JPT61A2UZ2TPH5545X35DKT4K47Z62B36P3I0O93Z1L240LI1923W7T4THV995M1GB2H6C9QYFXQI24729TIQ2888J70I0D4L2N','O4BDTZ72Y9R','62','1975-01-20 13:41:32','YV063PV03JPOO4X4GZ99','2000-09-07 07:51:03',675366329,5212870,'1970-01-01 01:31:04',652582,-95,76,14,-48,62,-1050123440,-1613469644,-1470497803,'RL3ZAX18K843O521W0KL224',-4110919,'',117,-54,26),(497198679,1208941476,2045130309,-29340518,'G69FQPICLX','633X5J3ZZEJTN3463W863J9XTPJ0GL5R051I8S19UYYJCHM79A275Q6IF5724MJSVDL315723VZPH','B104AX8FYX17JD8L596CZKA87B6ZX9WVS8QQAV510IMJ066G75760K04BD6XN51','1C2N08CTED','L3O58CSHKCR16H960345DV6TNLZO2YS5R860','F4J88BI2P189AS103L34RSP3FVDRPLA23K6325AJ91F4M9U9HX7NF8','7U37D07','B','27G1IZ077J7939CD17Q64W2PIW010M32I73QJ3B4UKDRFX7521F94TNE499Z74O5YECAY378NK42D286B32DCRV4V68ZU1P9C2YH4Y3','2006-02-17 13:55:59','VXOJ8','2012-12-12 03:37:33',1806368207,5865067,'1970-01-01 02:44:48',-4174694,-1,0,-68,42,-128,-1458541381,80,-1123032228,'710Y6N8',2817487,'1HLZM3WG',-36,-86,1),(497198680,1828036710,1014141187,-668867774,'UV24','0188E5SG6YI1Z72R18V6PLPUM80I9','IXL55E4K50MTUI4G19ZIW36UOJHTMR1A','4PU56LG51T57G7DKF54RHR33A20F5JO7KN35XKWB6PLSXK080VS07381U','S1KF77IQ','92J83','5VAOY366EV6I19QXGI4895','IKO12F','IGRODULK4U97CA78L8Z2H03X45OI12D963LEDH9U5TIS0YZ171YK3T182O1XKDTT5T411R','1999-03-09 13:23:56','1S0J6ZZE4IGP05ADJJ5D93ZHV2RRTV5NHBW547MGRA7U0N76L5VS1W1HT83825DFVIIQ7LG5ZW0BGG539R5IX3HI5','1970-01-01 01:32:08',1430056652,-71,'1970-01-01 00:00:22',-6167742,-78,124,-56,-83,-108,-1767195857,-502548772,-937,'761JXQPK7IV',-4395316,'7F88PT',24,94,-114),(497198681,1543094100,1830381949,-529244107,'1X0XU3','590ELL78','P75YK098G','Z02Y3F0053O3Q0','44','D7','F9Y8NR8193NC1HW650M32WNP2T4FBD789RGBOPMZJ66NJ76K56AS415X796T1S1W33JCK417LXI5GXL58Q289','R4L7FE4MXCWYFZRXS6ED6I52B6861B065D145H0842','22F0J08JO3XMV7294I11JRT533FI0A9GRLC54F08IF','2016-02-15 11:16:44','83I5MMWNEC86I','2000-03-25 05:24:39',925,4775176,'1970-01-01 00:00:33',-761803,-108,15,-85,-36,-92,-36,-1241549335,-488553716,'73A9373DA4B',-9,'C1D4M878',-116,54,-1),(711947041,2147483647,1632238758,-1015066108,'QN94PY','RT77HX46173FA3RS4H9HQ9KN1SWZ74309EZEO1D185','N17S84S46X14CPL43O0O0RN61','H7898FUC0B5T8SNFYVP0MV3LPCEOU','8T446U0057329EJ0355V4BQUR7','1FSM897P6','','',NULL,'1975-03-13 02:10:03','','1970-01-01 00:00:41',1102249813,-7997710,'2006-04-19 17:33:10',-44540,-90,11,117,25,116,0,-1035683047,-308189472,'5S0M3CGOQTV1O4D2G9E3I',3342165,'',53,57,34),(711947042,59379387,378265032,-1057505173,'9H','','','UY73X6XS387WU0308H16MXKEJK0888EE64PNCTH0PG5RA61XZ9COOI607OZN973I888U91GAN82V3741ST6MV15YM','CH9RMZ3EO5TKRP070RL2XU0A517153N3A80Z29YW588','395E208IR58F2OSO767Y92WKN7YSQ45','','8WBR788GU15758YL604EHIJK5QD9RCJV7941Z4JOWNU','3AL8D838Z7DUGG94E6IB4K','1977-02-09 08:10:09','Y2Z4Y587G',NULL,21,-4073809,'2007-11-07 09:50:41',7848043,-61,-47,63,74,71,-2046035728,-854841584,-194172416,'UNB1HL1SJIM3J3H2A51C574KS9N2S0T9Z70R88GG6FY1',210,'8R5',-128,-73,-5),(711947043,2042785074,163516667,1227,'T','G4D09ZCPGKD9445',NULL,'O1022KY2P4X4Z67U0TDS8ULZD578726Z301','W1KBCD6HXS864WY951A8W','2H0OCD9','T988W3L1K3BBQFQ70U4JZFJ288380GNY66KE0LG78YDO24N9BD2G','9272V74T40534AYD71I','79E27IL13FN5NNPGKF18V0Y29','2018-04-23 14:46:19','PV7AN4I7F5347NIXFJ600V4VF0OV013R1WBOQS5K3968170M24Q','1979-02-21 21:52:29',520490035,1305634,NULL,1227,21,-121,-127,-22,42,-543899660,-124268526,-837373657,'X0Z8FKK7HFRJ474O51',-7992269,'',-89,8,117),(711947044,59379384,731982473,408,'17IA','63QTCBI3T03F7M6VQ01R8P85CENA5Q1R25QZ18K306T27WIS279FV552A36HXH0F1HIL30A39I','611CPH1I68M8292V95A1','J84P','8U6JP39KQ4971BTFE7QXF805BY7M92YX0EC7725OV4367J7DAO','3QTSNG4GX68A16O81A6','3P732UR9SP8JGYKT9R3H','','','1984-12-30 08:13:54','9W6U16KTT51YO2D4DD64044R2DD281HA5M70OR597589JZJD9VF6147XHF43L8R9295061006C48MJ292F4','1989-12-22 19:25:56',316418598,-4437,'1996-02-17 01:42:30',408,30,88,-44,51,6,-1843644,-1164227346,9,'2532LQ5QL1ZAWBWW8O46VC24X5885P53J2E9T1QW50239944T0',6040102,'3BC',-62,-43,48),(711947045,2042785069,517234109,-1955377456,'7P87TFS2','1K35MZD962','672','9C7BLEAW5CZ461JVU85D4G2IS3KN4157QX69DU46','97MQE174315VG43M1EUL206OWT5393I','0F79QOAO91329DGM1JM56SK8R4N36BXH46JQT33L8X478C26K29SYWF8BL575','Y6WG0V1MKZ013JEWLW8D6TYI1QM','7','06ES64V067X4722P4','2008-01-05 12:33:07','1XI3ZH628M0H9ME5LDJGC3','2009-08-15 15:23:04',942,-7353636,'1970-01-01 00:01:30',-831792,58,2,-14,-124,14,2656,-1563837126,-347664479,'58KOBWR0343',-9,'63',-122,14,52),(711947046,820206900,1417490395,-367,'6R777','7QP7P1F171FHNW3B1EPS3044C85LD5368OTJQXT1U5CIEU5W4K1B6270744J8','AEP05736IS','1A','7UXEG376A1ROT8YL','26S','S148ERNXS5K9239V6053G2','F043C41XBLS55R01274M6JH860816545SIKJYXQ41T61DK8T0PBLKTCLY10EDP144OU9AKGK34517','2O758','1990-05-10 20:58:48','YU18EAMK6W6204EC89U1SCDNZM038781BJLR8T','1970-01-01 01:01:16',502352703,-2311816,'1997-02-04 20:47:57',-367,-8,-58,-65,-94,-122,-675572702,-1853498106,-883939863,'T49D2',7424831,'FAL',105,7,48),(983508053,605458536,2147483647,-50522919,'BEG','4Z8571WCZP12NEE','XU7K9D3C0ZG3203SB4A57LK','874ZW','','1ZE66402J4C6CU','','56FTORAGS6ROM0856243XG8ZQ2YKZBBSOK8QR765V44N518ME71P43XHY288JU','N05NM8E8UZEY43IIU85ID3GLQCM93Y86493K0W3BD1U2C1W54B8I3U264KM72E6DVN68BC7X5969X35QDC51KC3J6K02D5ZP2','1970-01-01 00:14:56','62','1983-02-08 18:16:18',1443997296,-464668,'1985-02-16 16:43:05',8197337,60,97,-5,-1,-21,-9,-414507482,1398,'4TJ3BQ34P3393886IMK36L15VNL4',-7231888,'9C56',22,-14,124),(983508054,1828036712,378265031,-572158785,'5','635GR7F7636',NULL,'25JU9EQ6D670N3','52836734EC6MGMY2C839Q','5H2AR1TJ3C0B6NK923L5F9OXAB4W472','I7OSG1SB32','X06A','X1G9390629ZU46H0BH2O507FCYO9','1970-01-01 00:40:37','Q63676U6OI80U68XUD2Q72494I8WDQHGBG9INMZ','2012-08-23 03:00:32',672323254,-243,NULL,6655167,-120,127,54,-89,-106,-1946072537,-993,-740413176,'F14JRX',-7153994,'J',-120,106,106),(983508055,274127750,1014141186,2,'B3Z','JU61T5RPEVJ9XL4FP4OT','XF8KQ51','XX9L77HGR011VD513A1NLV5WWVED23S99Z4CE9L8X','3SNG8PR6I3','X06963KYGSUL6Z54WC6I9J67D9KF3R6F11G6Z8F78XK34Z53','16V','43ZGVW255ICGMC6P4C9TFX1EWJY',NULL,'2014-08-03 13:43:36','6X76EJ2T4K7J','1970-01-01 00:00:03',5065,-5211526,'2008-03-29 03:59:01',2,-1,-67,13,-42,5,-1544032709,-5373,-1393778014,'2R7Q9O37XA5X08O1FP6TTMQL5BF77L608614I9596A4F7V0XJP',-5065,'9P',34,-53,12),(983508056,2042785073,1417490394,31,'2','LG3446NKQ4XV42LTPRKZS1I247Q5D157K8C0L4P6THK0KTP380O601RMF','VI29QNY8N27VTNI73GAK279D263T75451200U50VFP820JUML02V59HLIYI54M3HAZIL353G','79XYC0CJ17SN8DKXQ9O8769J5F19KDTLQ86ISC4X0PLZ66NF967I2JR35VAG01D7628F69AAH919B2Z41J97U30S6Q57063YK8A9D66ES54H643M015ZS7H82BPUKX84','7J3LDYBMHJV71U1J4E42P3O4M9GNS','TR607P8','6X8L99RC557H','LS5Z6KW1NA09C7MJ5A','E41PV93UFRXTLYE7NI2OLHG6ZI89S4KBX2389C5IQ110F1057694G6V9X9023L5V4CK070YL5RB6K5Y82E9R','1985-03-17 10:02:18','8QB011T43I589J996J36','2009-08-17 15:22:56',1463493509,209074,'1999-03-25 12:39:32',31,24,-44,-119,101,-24,-2006146908,-120,8,'FIT8B3NL6UPPW6H4AW0AQF701Z215A',-4512891,'G1',8,34,-127),(983508057,605458532,517234108,-1859499686,'','K6S','W34K37','349CHS5J7804QVKIX534I254FZ64UFO9L287FE12NP76X870F73A02BD1K','8121CX0E827238I00AQ49SK7E1JN018K0QK5TXK1MU5CV786','I12Y9L1YW0U99NLAK323YTS5X9G3B6IRM2F378M9557E69737C05PRQTJ4YJF6BOC','1O92OQO75912D0938W5YD075E4C2','S1GS00V45561MG8IKWN5O','AM6',NULL,'A8AKI4VVIE','1986-07-25 23:38:21',8,-2710232,'1990-07-11 08:33:54',-5617318,-2,-125,-105,6,-82,-8617,-1474363412,-1148856797,'1X112YLTLE381O2H5R7VZMBA236',85,'9Y3Z',118,24,31),(983508058,2042785070,731982476,-1969922417,'I01','608U8G45V76ZX8O7TKICJ1Y492I9AG3ZOR3H42AKFN335R8L465W62ZB57V4U9VYM6U8O5L5MIZH6OPE1H0H','G9M4814I945AS7H08','1A','NUM','9','H0QB0O1580ET99N','993BRUTWNF345U2744R05JK','5VN9236OYHOK','1997-10-14 10:53:19','WF8O9UM3888A2X','1987-07-18 18:06:44',928411947,-5242860,'1970-01-01 00:15:26',1400463,-41,-58,-45,27,-92,27,-1428050492,-29,'5K7X58P10IGE379THH5YS',-2723541,'0KY822KJ',-29,34,-12),(1198256419,59379381,378265030,-206267198,'1XDH','XLB989UKN801','6PDOE7NB33RYNNT98T115WQ4P30XL61Y1U96281Q4KA6AH4YTL33','309MJO707JNURL5V086I81406DZ0NFIKBL1E33835NCA2325DN5BR2U6Y','89','KEN9UI036L1W6B2WTYQN4R458301GIQ2P93212','B62TF301D16RU5ZU2CMATBJP3J0C4Y7D8732CO1Y8LB1901','82',NULL,'1971-11-28 14:12:49','96','1970-01-01 00:00:14',7299,-490068,'1975-08-03 08:47:04',3448002,16,-124,58,-119,-93,-928,-1202372722,949,'4IX166H6',-729,'689',-100,78,-43),(1198256420,605458533,1228889550,6,'','177D883U0C063N6039B6YVR537KP982415WX8F09T5FKAB3F33MB8CM36354P2T9L6XB','7OV9207122Y389S7S8T94P5B','7S5340C733EI6YX5','','0VOPWI','536G78YKC4N81T8MWKINL6K841B59Z8E1E28295X44X5K','2W7707C7B4EB75A3DZ428CO1','',NULL,'P','2012-02-04 09:32:32',71,-718,'1970-01-01 00:00:10',6,-52,-122,4,-8,-94,-318140733,-1929045312,-1886042150,'PJIB2YV4',0,'6GS',90,-86,-47),(1198256421,1208941473,731982472,-269522523,'','VER22O4EY3Y5SJZB','Y58QCD1739WU97MRTE45','79XYC0CJ17SN8DKXQ9O8769J5F19KDTLQ86ISC4X0PLZ66NF967I2JR35VAG01D7628F69AAH919B2Z41J97U30S6Q57063YK8A9D66ES54H643M015ZS7H82BPUKX84','59G74LH5JL7XI688T6UQ9YU9IINID9YFE78327GQ','QIL63EQM3801PN6OJHPE08J4G9UV9KE2GG5BD','9','P304IH2I7MVOA3Z3QHL73Z6Q8YN9Z048BVV7M5','0543JN6KRJ681K07D022I80CE2KH63K64ZC',NULL,'81O373','1970-01-01 02:28:48',940851546,2535770,'1970-01-01 00:01:31',7301541,80,-33,-9,-113,-6,-1893264810,-432413871,-4,'203H13ZBH33SM2Q18H',-7061158,'8',-4,-99,30),(1198256422,1208941474,2045130308,-820182503,'R18','W8P3FFV3519ISGMR09AU8381','QNEBF5W5G','874ZW','Q2GMJVT85XKY884FR91Q','API0TP5171V2R3EF','CPIP8JV3833B0740XBJ7O3YQ6OV758Q3N1786V','9T5',NULL,'2001-03-16 12:45:48','41ESME5WMF1R6IA3Y','1992-02-27 01:17:27',1865894901,-89,'1995-06-13 07:18:09',-6487527,100,89,56,-68,-49,-908785263,-1786953431,-517027523,'75K75',-4764683,'D7X4',90,-53,12),(1198256423,274127747,517234110,-1147269571,'2','','AJBP0439X7O0X04','11UZPP84RA146RN74CG6JR9H6PZ088N1DH7BLP76CHE82QE48JOV69YF2R9UG0RK165HLV68XE6Q64N6SVL63287357CN6','NEQ44CZ4OB3NEN1XAJUU9ISTESN9CYUE','97AY8XHM','1X6ZH19T3W422BOUD1EFR3','7Y3A5844G2O6726SQJOR87228399PM1SAX461B56','R84145UI','1983-04-04 02:13:06','J2LF5UY0O',NULL,9,-1638529,'1995-10-14 13:42:56',1969725,41,-80,62,-1,-42,-98551675,5,-8,'ZFLNVEC56T7080JDS1C942HI4R16O20PU2E2R',98,'1AK4GU',-8,-72,-114),(1474428827,2042785072,163516665,-370265371,'8208IMQ2','PC9NVOAUI6Y6Q','','7F5RFAB19U401ZKSR2G4EK57E18294H0958R26VZY5FI70G23','89LN97','HL31','908CF660GKA8D02Z94OR0747EWB9C','','','1970-01-01 00:07:57','RK36376NX08B1RJ4736XV6H4ETX7F0068U5CCKQG9OZL20U2V33E9L7MST15Z9FV18H82D4P82U4Q9Y32E99232XTH06B5D0X2HHKN264XU4237H5TDA6F','2015-07-30 20:27:39',5463,-47,'1970-02-13 04:08:30',7221989,11,14,83,93,-26,-1275231267,-1411046645,-660264920,'5YUC364R67R1F',-546,'4OC',-88,-33,-13),(1474428828,605458534,1830381944,-5527,'H94N12651','3W6J2B81CM80KV0V1TO667IO454MHW75C995P4O42L523A72I9863O3974','','2Z6DIT12U8PEF','8','9B9F5961BI797IQ4G78S3C0T193RW0','97BJ1V5QS9WCPX5437MA8','Q63XEM63928Y2','1S53A3T43JHEQQO7Q8G784YJ','2001-03-25 04:52:58','3663216UNQ4154J1C51Q66JU5B54028XN7MSLO68C96OUCI3XT06BCA07LI1234SG8XME42899J3JZP11K2I','1987-10-30 03:18:16',1069416812,-7,'2017-03-14 01:28:46',-5527,16,-36,-109,116,21,-1533299589,-25,-382327412,'BC5',4063596,'Q',12,40,-11),(1474428829,1328345733,378265033,-337484215,'05MZP5','PS03D15','3H','1A','93R7LIWBFMF34','BGNM93H8','06HA','6544NNF5AI4A9A9IB','QO8P89','1972-04-08 08:00:36','9BPU8','1970-01-01 02:22:16',1295138974,-82,'2004-03-18 12:41:16',6448713,60,95,-6,25,-69,-903973378,-1050496595,-661264078,'4',-5095266,'BF',-18,-17,-61),(1474428830,1828036708,731982475,-534206816,'OJ3S','392T712U89J2WA6CTJ76TJIP','7153V4H3A9A3015M','9OH8LRG955KGGN8GJJ5J0M4U75NHK6JV9P1833IPS','6488M3G9TOZ646X95A3VCO1AK1I','U75X','148TJ0J8C7IXI9M861VS38ZTKS90AS5QEO22QAD69CLQG91HH24283O99E4NFR7L491FTFAVT829YVC263W7ATWS991K2G2AY24D','F0Z50FTIT64FZ63I57KKN1O8O88M9GRDZ0M','7OL58','1970-01-01 01:13:58','DH762K842H6RGZA42OA609T4AH42Y8H9X6L5HP74','1986-07-29 11:19:36',1091902974,1,'1987-03-25 16:36:33',-5724512,44,-5,-32,-28,5,-1404752717,-1420094790,-1311823453,'59G8UU3P9O3ZHLTZ9FF',-7004674,'85',16,54,-66),(1689177193,274127752,731982471,-85883126,'U','9809S4M2RE',NULL,'Z02Y3F0053O3Q0','7909V61R0FN92M89UW','6N8F027OGZ9X52A749ZU4EZZ22XTKK1YYS7L6Z2CF18XJT6690CB99RCH','J0KG4U334GM6V2ZN8U9H5DC1HNXJ7O1L90X3P48H2333D4D814B09A896125EI312T82BF9J8E90E900G83A6LZ7T3X6FDAOLTZG','TY6EL860L743V0OXGZRW7LB338S34Z3L13HX6171L6F85XJ2T0N9S84PC6L84R046282013ZA9HVZ53ETHF2E2YM6M','','1978-05-12 12:33:01','2IQFVX9XUX8LQXC81Z57X0314R9VX4N8DJSORI1YDP','1970-01-01 00:00:13',1537274540,-8028776,'1970-01-01 00:00:06',6391562,-82,8,-23,87,-8,-1502136069,-2040144692,-1009042209,'CS1QX9OCPUHQDBKN96',2159276,'',22,2,-51),(1689177194,1208941475,1632238759,-456583723,'NWL','XDA45UC4U7493J5S32Z6374K',NULL,'1A','0J0P02580F6WU','NUNLQR8LMN3806UULVE5XW55V5HN164CBV','8SYZAQWQLN3811WNU199LD00596616M5UKQ33QA46185C5NHK2M538V2C2R31ZA62GU9116872Y1A759UV1I1Q4K42LWWT23D','HY953HV3','','1970-01-01 01:52:18','9099KCB46UFV1EV5147AI4MH1367A6098U968991VK879OO0SM1FQ20M4Z358V5TV57579P72WPS212SM05TXOKIADX65ADOS65R960','2012-01-26 14:27:52',90,-673,NULL,4789717,-40,-113,-39,16,103,0,0,-94,'ATHH2D69OZJFB10W16910471N0F403XY2ZBMC4P783Q',900,'EALK',-94,69,40),(1689177195,1828036709,1830381947,-1676618700,'B8','2','F3LW8XEG4844IDYJI8XW3A0TA9','P613T6MA09173Y7D46EX3BYE75U0U3X42IJCY3J7J3C','','JT639','7L0ELH78G5M5H28Z1TFCNZ81G5686I9QWP824RC0R0056CZ7KEO95PGU13B3592QLOVPQ11Z7SF306SAMUOZ1I4PY1DI3CSJ693G','I392L6','775Z6D46VMP93P4P2S2E181J6AT69533D07785M4PG4846MLVV774B5DRNNT26','1983-03-30 18:13:18','XS1AX94A4H8U38363WYG','2009-12-03 10:01:55',1951497164,1038822,'1977-10-09 12:41:51',-7285708,88,-97,-103,-118,-107,-230561713,5,-49057130,'1670G7SR47HWUIM91L99YLDVM9OR0ZPA',-3048500,'1B',33,20,16),(1689177196,994193109,2045130310,53,'791','144ZVHT0KR7BFDG',NULL,'03YN9Z89VDYW039V81IDU204','856Q39T79108N3CTNO29D9534D86WO567J105AR718K199P73745JGK2Q581S1B72FMN','09RO4036BKTB7YLL543','0CCY9AHQB038Q038CB1XY58679ZD76Q30570EQF7616EP6U28CLFBD61K6','4WX3U6231L9546O','RNZ7CU','1970-01-01 00:11:37','9K37PEVK98P42GF56O096','1970-01-01 00:00:06',32,-69,'1988-03-13 18:04:52',53,-120,-75,-33,121,39,-1503867399,-417618025,-1413970554,'0O402Q777QH7DUQYKBC6HH7950G211A8B',3209,'9W',6,-99,0),(1753834867,59379383,1014141185,-7504,'YGH159','6AZY39D2EEWX7F4IB935FSE539LB','','9C7BLEAW5CZ461JVU85D4G2IS3KN4157QX69DU46','H00IV3749S9Q9B69P85HHR1Q29WONA9J0AFO1Z1FLTGK2B8GM7U928Q805FPR3JPFC','I7TB8V8S26GD570','9T39Q98B2I3MO18L8T1MH12KURITK5JHV81OAU390B9CRXN5T','PJ7GJ47PAV7535408NXN7HI7073JUJP7198DC1T6W',NULL,'1973-10-14 00:54:39','KG64H8A935F103P','1977-03-30 12:36:11',52,-397673,'1970-01-01 00:13:11',-7504,102,-76,96,-4,28,-1384655828,892,-17,'0I9I',0,'T08EC',-87,15,-104),(1753834868,820206898,2045130307,97,'J','1MS03C454P75972A94L','','1C2N08CTED','HQLL6E7127J9OBXOZ12N08LO1AU8FQ5K629N4768RHTCTR48CC21580X3TKF6JKAI8YY4S27AU52Y1819XHI','1V','4T3Y68','6PHD','','1982-02-14 20:00:24','1Y8367OJ7G36D1M402UF43K6MR4819DE0A8ATNAG973VO6K9','1970-01-01 02:05:05',1746080722,6652604,'1997-08-10 22:08:48',97,32,-1,76,-26,44,-5,-674,-408071418,'W',-7138350,'0TP9',9,-28,-22),(1753834869,994193110,163516669,-1753986128,'','SSSNX8','Y6751L2WSMC20ICD2P7GLS','4PU56LG51T57G7DKF54RHR33A20F5JO7KN35XKWB6PLSXK080VS07381U','DOA7E93V919B7MZ38P98369A907Y94BBR0XRQQ5VASSFPKP4ZII4X010A8PLHNQ5Y18R7YQ','B8S244T5478DK70BT','4JPJJO','T083WR36','C40R1ZG22EJ561X88V74VGN8MEP3F4VJMYO30768891X12QTC83BD65',NULL,'2EY02560EI4YM7N41P1NTNE36HA70L4FK75GH0137I71O0397C00XWMX0ZRM3FQ7N544SG4SF4PT7OQ31KXP234UF3984E5529R1A789981UPYS44C7E36DL0316O3J5QC352HSJ73O8FC17C','1970-01-01 00:00:04',89,7954738,'2012-07-20 09:28:22',-767056,23,-7,-112,-86,4,-2201,-25802662,-6839,'6PGPIIX',-8,'AL9X7',-88,43,-58),(1753834870,1328345734,517234111,-1676554481,'12LGF','C9L74C0660LZ68JCM4ZV055660DDUTCR1B2NF269M8JTEO66HPDWWRV2SGUWYX99145FE6',NULL,'349CHS5J7804QVKIX534I254FZ64UFO9L287FE12NP76X870F73A02BD1K','AY88P9OJ5Y70QPX2TDPZ76P595656J25UH2YX5Y0F35I9C','IW','173404ECY7YA25REPU','','QL5S8AY66MB6BT045437UWE594W2M2830PHDR45167183418','2007-06-12 13:08:10','CHYG5EF0989ZPKL9W5536TLZAFV7K2','2002-06-29 15:15:57',9887,-7433245,NULL,-7221489,-100,6,4,67,64,3247,-1574307865,-73,'1V7',-9887,'2',-73,67,125),(1968583228,1828036707,163516666,-201600256,'1','UQA0FY8Y19LE2','','H7898FUC0B5T8SNFYVP0MV3LPCEOU','245QL83M24LV19FB086XYK2J5WPH16732FQ9DKN4S5HNWUSC7KISI0C8N','7D47X5KR6E0GCHF3887363M18T91','F9JS3TO39NY4E7R7K7SYU8XR61Q60579IY6HUP6T7O26UUZ3DXN31O9ZCJ245A4045YBS2B3O1DPQ9CC0U129H03UR8Q3E190LR5','6IN614G3397','5HROH10478S42978Q5ITS14B8464W9JEWNV786J21L993U44A63341PK6684Q4L3812ZP','1970-01-01 00:01:11','','1970-01-01 00:00:03',1783215277,-1131663,'1970-01-01 00:01:12',8114944,-94,-58,74,112,-112,-1153011798,-259578624,1,'LCJPOJ247TBFF7S7V42GWWIVBN7M9VZQO09JG5X9GC38VW6PH2',-3558227,'Q3X01Y8D2O',1,32,82),(1968583229,1208941472,1830381945,-77023674,'5','DT0S9BB515DU556P1S645R4LTUX6C',NULL,'0GX0L12LS3O03OMQN57E73Z4O93AQJ57273Y2MC1741J4WCV','9A7T2GBNFH4X810Z5AF24ZS','P4A02545Y1','D69L582','2','YX3LL0','1989-06-22 18:35:40','EL3PXH6155NA098PNOG94FMFOC00E4DY8M94BJ5L786986W1Y833J57217DF005JKHO1NN9GSEBMR','1973-04-30 03:34:00',2069543763,-5681321,NULL,-1526202,96,-90,-84,86,46,-6291,9,-1417399021,'50P',-2442413,'6774',-109,-61,0),(1968583230,59379386,378265034,31,'P0521M4G6','47WR2YZOJB8TJ3344QIY62D1579FE01Q9F89F2LXFXQ96E43W170ZLY5VWMOQ96','XWR4628S0D78VU0449Q347SYT197300I5Q49609GRGB0EWJ9P1D0383H','A05Q','J2RJEFF5BCOLADOE3F6765KRTZ88YTL8X1146ZVZ36E62DJRW3K1VNF7PL11BB6S9311GT86KNUFF94U028IG3OBV216YJ9YW2KH','OXYL8S7JGBOQT30OAKTXQ9M5N94JBE5II13','28HJMSP1MGCRGF3Y6IG49W2OUHI610N1I1JK38','0M710G6WK4O18I9165K2NU83R81404F70','09G61A0E8T0BK67TG711C1165L0L5','1970-01-01 00:11:52','M04TF5OU2','1991-06-03 14:31:28',452977841,-655277,'1987-01-10 14:20:26',31,-89,-102,-29,-114,77,75,-1078548958,-851851839,'69312SYM12PI7',8381617,'G',-91,-117,-20),(1968583231,994193108,1830381948,-2138342979,'32','6AN5Y2758Y1FUZPHC9NHM2J2M04B1O7P67H8M7AQYG4PK6YKW8PNUW9X97E93075170EZAH20EN979Q386SQW1PHKW759EA55I89A04IU97BZ49W76CYR51K7PAKQR7CZQ4F34W5B4H2NQ5BEOG','67ZMYQL8VSORI9778LMH5EYB1FZA5679M0T8YHT2MT4K200VMBYAQOEG24P002HZ0OS8','7FK','06L3VHF633L474UK67L288298853Q96BCF','O0Y4W5TFPL6KA56N245NV','2EA','Z9K66NKTCB','20S6HI3RT','1970-01-01 00:01:26','L','1970-01-01 00:00:07',132829839,3724,'1987-06-18 08:59:50',752061,-20,-24,71,-42,-47,-47,-564932804,-1625671126,'',7000719,'65A',-86,-53,110),(1968583232,274127748,2045130311,9169,'WCQSL9','B185FWFHL','39369ETZ4B22V34P8Y4KR1OWVMDM14JC329NU3FI71QFGIIX1I06SU5EQRS','1C2N08CTED','GT1N5162X4D1DR87N','L8506H8MCV9KIAMLX5YD8C932G2U334PCVFRAP5CQXJU8S6X0ZFUZ46F9U308WS84XP7W','5EL76842G72112F','','G72E04H628WE2786V7W5Y9NAM4CJVE4675','1970-01-01 00:00:33','MS64LJ42G2I006V04G4Q3S76W','1970-01-01 00:01:32',1425266909,321,'2017-03-01 08:09:41',9169,-69,-100,14,3,-105,3,-2113850376,-1743432373,'0FG3B8I02O',7592157,'95',-53,31,-80),(2147483647,1828036711,2045130305,-872937236,'50W4B','46I','XH96EO17KIRNCGYNX7U19G0I0IZW1','25JU9EQ6D670N3','DC4D5T94PXX7G','Q5KTS72041IY33IU7T6LNY9G5O3300WPY1U54237ZHVASE9GPRE95ATW5U93X0I8D314MGS','W3EG4NJ6QQY196GYP','ZAIDH5JT17NYS2O38R6','89639Y55F0NP164OMU593ZUR647PVH372WWYHAZAQKZZIVA41TZINYN0JO','2015-04-02 20:10:13','6N897684ML27KE7196V8S3MCK077968J7LRS31S100M8P5Q15MR4RY69HGN549F9QN728G6P94WETB9896','1970-08-15 22:37:46',5,5774910,'2007-10-09 12:45:15',7866604,76,39,44,-5,-7,-874273078,3030,-1427726330,'73L5',503,'W',-122,-20,74);
/*!40000 ALTER TABLE `cb_post` ENABLE KEYS */;
UNLOCK TABLES;

--
-- Dumping data for table `cb_post_extra_vars`
--

LOCK TABLES `cb_post_extra_vars` WRITE;
/*!40000 ALTER TABLE `cb_post_extra_vars` DISABLE KEYS */;
INSERT INTO `cb_post_extra_vars` VALUES (144514030,994193108,'2O52EM04IOSMW',''),(144514031,1208941472,'M34GK9953C47215',''),(144514032,59379387,'B48ZBU655','5588T6UN3WGKF'),(144514033,1208941475,'HL8Q2ZWT9D61DNPQ3IQ776L688C6Q8697515G',NULL),(359262396,1208941473,'',NULL),(359262397,1543094100,'1DT77J695HKGC861Y87OP65KIML479Y631S047PQD85H8I01YMJ406E497VPV','W0D5345C9Q1T55V5'),(359262398,2042785068,'DZ4MX9207SK5XH605A8PQ3KC6V74N9TV6F',''),(359262399,1828036709,'340ZS751IC08UFGN95FP0V97QH82706M0EHFXS5Q03E531F096VU','XGRI5S05HQP49JIUCO27A28452FZW1O84901P'),(497198675,1828036708,'TV6S38J446269VD8U039J63P9061NJ04WMXJC9R27K72T71GS2193M820XO2LC',NULL),(497198676,1828036710,'856K9GEWET8Z32NZ9035G374R46695NT80V6KJ9R9469481AV66414RC3Q4D75','4A'),(497198677,274127749,'I0912UB235D7S','T6EX1S8L96N90437A6FX85S8E5N469WMM7M82Q292ZN'),(497198678,994193109,'3FDPH4T0U023VD3PE11',NULL),(497198679,605458534,'2L3FYV030NQ1GFF92BS4D5QG5646LR','6GS0U32VV5N137C02ZI080340LQ0YW03187F46'),(497198680,605458536,'','LI0UOP4WF1833C0ZS9K56'),(497198681,2042785071,'0X7','YPL6KBRE'),(711947041,2147483647,'9HM6E8JMF0S1BX',NULL),(711947042,1828036712,'W8195E6FH2LN4ZTJ1I1A1R6Q0C8QGWXXI8Q843YK255W5','545QH61PJL1BH'),(711947043,59379382,'M5P9LWR44BI0SDT453THD35J4RENZE81A4JS1D5ZX8U07O2','W2'),(711947044,274127751,'3H3457L447I','UEF4H03OYI131L4H289346C82F'),(711947045,1328345733,'C40585A','LS2J154G84Y4W9QRB2O5U2FSK4AZXQ421938U'),(711947046,1328345734,'895D20HGN',''),(983508053,994193107,'0VLCSD8K4TO13NQ558W7E3A120H','YGE5Y5UP2OR2505T3L88695CF7RAO886V6K7A6TK1895225J448083ZO6A370XIMAW706W20NX'),(983508054,2042785069,'42','002C249M7TPOV72XO202DN97390JE'),(983508055,59379385,'1I','2F8N8KEAKGDO6B8QTP460TMOYJTF'),(983508056,605458535,'1J','WOM31QN87183W9PN16902SPMMM1G'),(983508057,605458533,'6R8L8CBF3SVQ8934ZG4R97EMZUJ72AUZ',NULL),(983508058,274127748,'T7ML4MB','B62SN9J3X3LBET01GVRVT0Y3JJ'),(1198256419,59379381,'1R5','3X45X'),(1198256420,59379384,'42KQG7LO04ZV2',NULL),(1198256421,1828036707,'YZ30WO065AC421IU0XMSEQ481N98YHE037','574903GVN79WPC8MOV1IF7M7T48TOO3EA45S852USC11'),(1198256422,274127750,'11509IYG','TJ8FJBK99P2Q8RDOV3LL'),(1198256423,1208941476,'Z6P30FQOPE6B0578K11GZ1DNG69R6V6WRDUIK56I919',NULL),(1474428827,1208941474,'DB65','VZ'),(1474428828,994193110,'V234XP1JB7PI7N5SJ49S637R7','B5DKZ47C8R6ERZT500'),(1474428829,2042785072,'302X5R8KD347V8Y32TC71RG02S0108IN5M5DB325J6WD0KS63N4810','E2OW07T94Q8R91L19ATK946MAQ8PYRDIX4X53TAGX00I'),(1474428830,2042785070,'7BK41943NC0VH24FCEDR5V6W5W338842957296OO63OAW546','5'),(1689177193,59379386,'R3','AV094Y29WWP0M78772'),(1689177194,2042785073,'44QQ200T',''),(1689177195,2042785074,'ZENW52ZT7566I928SR4PAJHS80ZMVGT1','M6G3K2Q57I9592T5K3N3F05XLW1A32JNK3G051EMJP52ZR47TSXJLF8H9IZHG715'),(1689177196,1828036706,'52538201B3E13033P356TKVY3WE1S976K7S7BU281IGHN1WB2011TCC6H1VATEDF3T234BU8B02BX1QPE175','5SU4U25D7E198PE8V4V4UDR1L482AX8YEHOV39137S'),(1753834867,59379383,'0BY9L','JLY8VQ3Y2BUWB8W1QWNX84DN03E2'),(1753834868,820206898,'SQX7G77DT7KNU44D2H3FYP9VS','ID1PZ3S51DRDLYMF97CL'),(1753834869,820206901,'9','43AR2F748T5V93'),(1753834870,1828036711,'X8','3BU8J2V3N'),(1968583228,605458532,'L7TU8','1853S85XCO9A62E'),(1968583229,820206899,'KFE8X1707C13I8E5I3P377DCAA6977UIE73792UL1NEH0LF30NCG513L',NULL),(1968583230,820206900,'1N35NH2RQL69077643371',''),(1968583231,274127747,'708KN4098',NULL),(1968583232,274127752,'E11W','61'),(2147483647,1543094099,'HWQ18M6','8371T3KP33PIK7L7M4V8923DL8J804GEG2Y3P65OSMTBZC2U');
/*!40000 ALTER TABLE `cb_post_extra_vars` ENABLE KEYS */;
UNLOCK TABLES;

--
-- Dumping data for table `cb_post_file`
--

LOCK TABLES `cb_post_file` WRITE;
/*!40000 ALTER TABLE `cb_post_file` DISABLE KEYS */;
INSERT INTO `cb_post_file` VALUES (76607748,359262396,59379387,517234108,'','7A',-1191357872,-81,4717323,8213072,'P1',22,NULL,'W679'),(76607749,983508054,820206898,517234110,'AU12Z3','',27,-261,4089641,27,'',-105,'1976-10-23 07:00:27','38E1LS6XHO7W'),(76607750,144514031,605458533,1417490395,'J6RD','Z2SAXZ68R',-1980213507,-284785525,-6586167,7886589,'83736L3E',73,'2013-02-15 06:11:19','HREFINR2ME9GA4T89LO7HI44M52C3F24C5LHL3EX6YGLF26ZW6'),(291356113,1474428827,1543094099,2045130308,'837X16948RQ4HK24Z8M2','',-411652048,104,5357585,-610256,'OC7',-26,'2004-01-06 02:56:39','1VF72CKKKW1445GESQE4B2SU8L'),(291356114,711947046,2147483647,163516667,'N006WK7W53YT52158U92WJS31','77Y15489FY0611IX39T9RP88M44261X75Q8QNP0130B19526T16656H50DHPRJKEEA606HYQC3PL6O882O3KQ',6778,-993,-276446,6778,'X28A22NA',57,'1970-01-01 00:00:12','L35N49W638T18WZ9Q70P5043P'),(291356115,1474428829,994193107,2045130305,'','8FA3130304R581G24Y82900KS2SV1RW',68,-445991398,-3891732,68,'0',-85,NULL,''),(291356116,497198676,1328345733,731982476,'97N239UCQM0EWI4YTZ4S','Y194V1JNY8UE11K7F17P4Q01C7Y551D5WCLT8Y77Z6NBOAG3551R311X0I',-363676588,-236295271,229599,-2966444,'629',95,'2019-06-19 04:56:03','2GGMHI'),(524613138,497198678,59379381,378265030,'032','F7K9UC2I3EHE304E1502JO',-15572435,-410724904,2092675,-7183827,'5WHN',-63,'1970-01-01 00:00:10','95G3H3633DU7G5'),(524613139,1198256420,2042785068,1830381945,'Z854EIJA','',-849044090,-9517,7784023,-1794682,'P5DJ',-91,'2016-02-02 23:44:01','7AYZ3'),(524613140,1198256422,2042785071,517234111,'QOI969N','IB9M0ZKM8HN63P6Z154EP11Y78MG1EX1816Y193XWV6TUM6R5I2W8',9,-31,-7293924,9,'0',-7,'1986-01-25 13:25:52',''),(739361503,1689177194,1828036708,1830381944,'X656VZKU','ZXOEQAP3C60',-6,-698810966,-40963,-6,'992J3LRMIS',100,'1970-01-01 00:00:03','TY5248DSJZ5485P53'),(739361504,983508057,1543094100,731982474,'B0QV9ZN8H61','3VY1TDN31WDC7T17K5P0JG',-1983454776,-1007627932,1,4645320,'F7V4X',40,'1970-01-01 00:00:42','Q7152105U42EHULV8003O3N9KBYJL5O5JX6LT'),(739361505,497198677,59379384,378265032,'IPXWVH6F2A5IN38D589PYD0YLMEA','',-1501817097,-1555474328,4119,-256265,'9',-128,'2010-01-10 22:25:19','9LX100721BLB'),(739361506,1968583230,1828036707,1228889550,'0','Q75S0X5TQ3R9ABO8R9U17SHOH90Z4H93FG212I86GT9VY6OJ0X59L7IRK',640,84,9107,640,'7',2,'2012-11-03 12:51:57','B6I20L011QW85M95P0WRY9'),(983796990,1474428830,274127748,1014141187,'19O7539TSQ9P7H5I9JB2VMJ8542D1476IM84HI9T321Q7NP82L64B40JR42O8TUBM353GS7Y50X6589YW88P','8G0218374079044',-501646662,-1995471316,-630,-6718790,'N68IKML3PK',-7,'1970-01-01 00:01:32','VUA591'),(983796991,711947042,274127751,1014141185,'9GRKS74U','Q07LQ5UICM9U39JUHP3R5B17Y7SQ75IBV2ZM2K9765T0L4A03Z35W9',-683655169,-2044844248,-3027826,-4177921,'3Z0AW7A',14,'2004-04-12 06:25:09','IM736QES0C1'),(983796992,1474428828,605458532,731982475,'','39DD2GR33AWERI',-1580408341,-1511586567,-4014457,5038571,'T9G',-23,NULL,'E98B83R0Z1Q'),(983796993,1689177195,2042785074,731982472,'V649A1W869ECCQ6M824SOE99A82NQ7927Z5C9A7ZLDC3D50V7078K3BRGG40O3VR1CS7310W329814YEA1X3KH4416N455','0UD53',-1254106054,-1673506889,2,-4203462,'TE',98,'2000-07-21 05:07:27','D23LEN8739NS46MW6GVSI574O2ZX'),(983796994,1968583228,274127750,2045130310,'61M7A','',-1096538779,-45375190,-2182225,2368869,'9P',85,'1970-01-01 00:00:07','EA8X4406F5B74660'),(983796995,983508056,1828036709,1228889551,'16R8P0J','JF3H1IBU19W7W60X0MNHZTTV973R3B3',-1880246552,-742201595,2209987,7190248,'2',97,'2017-10-17 17:36:09','1U3635R'),(1198545356,1968583229,59379382,731982471,'369Q21LEZXF8WZQGEIG1KKN','73DHO7MAFF55K1J507KSC121FKFOUDH3SUR25AC55G9TVF8UBP0R2P6T53YO4XUI2P1845V0',4,-1718713327,-3950251,4,'YYQ1513Y',-43,'1984-08-15 17:26:04','435TUBJG6L48PKHJ0KI215577H0EORR3PD'),(1198545357,2147483647,994193108,1228889552,'2F29Z2L989W0O96888A35G765','W09DZ07GH7OD15',-199382461,-199013426,5727042,-6444477,'6176MMFR8',4,'1970-01-01 00:00:03','6'),(1198545358,1689177193,2042785072,1014141184,'P33N7R6WWN52U4307Z5QS78201ICMESYIYFH','6X978F',-127888955,-560964301,-6267256,-2059835,'7R67C',8,'1984-08-28 01:55:39','JO3138HQX41T91K8MCV2'),(1198545359,1968583231,1208941476,517234109,'4S3S612IJIP994Y82V9K6458219661ZMZP822GJPVL1T8','R',-2044708208,5,5711410,-6276464,'N',3,'1993-07-02 09:07:19','3P5X62SQMEA3M458ZV0C1SFF1GR484A9V94S8IM2434L28LQ84'),(1198545360,1198256421,605458536,378265031,'QWXV32QY44UYGV7J6K801','916FO0P0HQA0O655O9M4W4CB27ZU1W4W6JEF63',-747850264,6,2256133,-1264152,'5',-123,'2000-07-24 16:39:42','UJ98305UY2V4NGBWE227FVLJI7JM61LM4S37IA86561P0ERWKL'),(1334141315,144514030,820206900,2045130307,'8MRY3MQ','38677VB41I62056SNZVMNR8LX49A4',3532,-1905740848,-2380130,3532,'C',-87,'2015-09-13 13:20:29',''),(1334141316,1198256419,1208941474,1632238760,'0L7819P6IN3871S43926A163O6I9O7WB01WZC3T5725S9O078752353308E6DCSFR34F5Z3XHE237Y00I09SLKKP89','',27,-2816,0,27,'B1JIM',85,'1983-03-23 04:25:37',''),(1334141317,497198679,274127752,1830381948,'4LGP3H3O3','PR7FY4GJ724910F3V29402D52J97FZ2Z9P4',-1678561874,-1651323844,2171099,7548334,'',-31,'1995-06-16 08:56:30',''),(1334141318,983508058,1208941475,163516669,'19XQ977NA6U6A132672X2W260106O0C2U2Z7XBU444I8C48','C9YR1U7D95GJBZL3J16ZB79H8A4',-1046673380,-1539764851,7551,1902620,'S5',66,'1987-02-15 08:27:45','05X4070HM66V6D9D3011BNL'),(1334141319,711947043,1828036706,163516668,'','AI6O3Q69NAT',-1125672128,-167150378,-67870,6789952,'J5HB',108,NULL,''),(1334141320,1198256423,605458535,378265033,'D6O','5DJ73WJMA2RGPY6M4LF1R945WK',-119626805,-971,-7578789,6202315,'NUCZLFW',-62,'1970-08-19 21:18:06','SIM339IU'),(1548889681,359262397,2042785069,378265034,'PW51M336Q36IGWO380K5Y30','K4LX4',0,-1336999491,4187646,0,'2',-26,'1970-01-01 00:08:14','O5TKK3750KO80BHSC2Y0KO'),(1548889682,1689177196,1828036712,163516666,'EMHS9FM8X3','DB15',-280175601,-1562195088,4632358,-3351537,'1V7',75,'1970-01-06 19:08:17','003FLR71U67HEW98281539N66Q7M7A5QR87L8577J42S143171'),(1548889683,983508055,1208941472,2147483647,'612','3XC6DLWGNWI6PNND2O5H12I6Z7U20715123X5Q',-943897940,-932,97,4014764,'10H378',91,'2015-05-26 18:03:28','28QX0A8V8AIUME4778S3WNMB'),(1548889684,359262399,59379386,1632238759,'3MOQOV3Y6QTJ3W7YP7','J0YVJ',-9587,-275120499,14,-9587,'D9H23AUDBY',-11,'1970-01-01 00:01:16','N4DSY2186X2CRQKLY9O956E'),(1548889685,1753834868,274127749,2045130309,'U841L14S1HKOK7Z81GRAVMV809ABQ7MG2L342V33B138W9N1I2S','96760993J2YXL',-966101159,5226,-4,-1411239,'42',-41,'2000-01-19 11:17:57','IO05S6GA1N8MIR0HKCYVIYMD44433ROYQNWK7WW6'),(1724711931,144514032,1828036711,731982473,'828679UF47OHKMGP09R0A07R3ZQ5T745SA2','BJM29T2MOH2WD507P7B2VINB2YA05J36O',-476,-826470841,3640880,-476,'72N',-80,'1988-03-19 01:22:11','H6867'),(1724711932,144514033,59379383,1417490394,'CV','6L8ZBSQSI86E38JU9233ASY69K92X6I2BS80TLX8Z9HNQ6J49IQT5',-1703623342,-1536535255,4307863,-735918,'M',-98,'1979-12-06 03:12:31','IS4L'),(1724711933,497198681,605458534,517234106,'6YAX90IXFRT71751855R0','AC01942H8F00A5V8Z58ACY367',-747,-1877164989,-5149178,-747,'47',27,'2011-09-02 01:24:37','ENM1'),(1724711934,983508053,2042785070,1830381946,'W53U18XUR0B9FVQF94U6650ZR6','MWSYI09U0KMC919ZBB0NUJB965L74O0A24B1ZY784N',-1771538597,-846386754,-3416203,-1542309,'Y',-117,'1982-10-07 15:40:29','TVL7S1Y5HHQ3BAK4H4AJ'),(1724711935,711947045,820206899,2045130306,'','W37',-74,-120086635,5637964,-74,'321',-19,NULL,'R'),(1724711936,1753834867,1328345734,2045130311,'66Q09R2H39V6421UJTR3A26F','XT2RA6P',-1234580001,526,2,-1454625,'',-53,'1970-01-01 02:09:07','GTL3QR54JMYE7QX76ENR'),(1939460292,1968583232,994193109,1014141186,'Q6JNFRKEEZC1F1N8ANH93NOTR1818K7075L9T3G2152H1727U26O87NL4','726283T03973YRD',150,-591408920,-5859782,150,'N',-79,'1988-12-19 22:36:46','ZYJ5FP57LM'),(1939460293,497198680,59379385,1417490392,'752UDGC77WVF9L57L5A9K2SH73JM3MFG2C8W6968L248QVI1M163135SNA73OD8H17S09MX0TT483AQUIVB4H6212V80AUP011ZP618JS47I35R2UK6E','8F57I95OLCRLV132095',-1136548035,-1433927803,-7746,-4085955,'C5',-3,'1970-01-01 00:00:01','F62IO9S5AM4189C71Y25IPY24FQF4WEX4VV4SHK8851M80JKK8'),(1939460294,1753834870,1828036710,1417490393,'','97AHZQN696NLZZF13RN5E97N24GQ8MGX56X95NCQ3I5LJKLTV75103DQ52O8W28FOV4OVPGK6CRYR1RN',-1973877434,-1743589623,-7801247,-2554554,'R4W50C',-78,NULL,''),(1939460295,497198675,820206901,1632238758,'3224XJD0E795','66',-675437876,-1561303075,3175800,4039372,'D',-32,'1970-01-01 00:00:02','7M1VMLC4E'),(1939460296,1753834869,1208941473,517234107,'U337J312COW4F4MX2ZH00Q4735TRP52E7947U7W1Z0SJ2FX6S0SOWDN24W5338B3335729O14Q7762O6TCQIZOX10EYJ647M626UA9J6','7MX49QM9GGY77WYE59F93T98DQWS1Q69Q',5,7990,-7852223,5,'6',-4,'2014-09-26 13:13:46','JK6F9V43D'),(1939460297,359262398,2042785073,1830381947,'9','P505CZN4UPP38P2E84G1DNY79EV8E',-12678704,8,1751958,-4290096,'V480',98,'1970-01-01 00:00:02','78FK'),(1939460298,711947044,994193110,1830381949,'','N4ZL588',-152765373,-1344654635,635,6618179,'J763QBGL3F',-73,NULL,'M33X7TEO80SMPZAX18F293Y63Y0'),(2147483647,711947041,274127747,163516665,'ANKD5BH7ZINZ165H1807V34B3JQX33GD1U33786969232CA79PU','5M2E3QDJ308MAAV4L2LHIIAM44C11N63S944DZ5',-1329451772,-1396815936,117,4336900,'K6',-87,'1986-08-06 21:51:32','5I8W542497G1DMAE334');
/*!40000 ALTER TABLE `cb_post_file` ENABLE KEYS */;
UNLOCK TABLES;

--
-- Dumping data for table `cb_post_file_download_log`
--

LOCK TABLES `cb_post_file_download_log` WRITE;
/*!40000 ALTER TABLE `cb_post_file_download_log` DISABLE KEYS */;
INSERT INTO `cb_post_file_download_log` VALUES (171347898,291356113,359262399,1208941473,378265032,'1970-01-01 00:04:20','630IHG71Y2OXTB5369JI66022L4KXHB63P12OS08THEK3O7680','6825I5W'),(171347899,1724711936,497198676,820206899,1830381948,'1978-04-28 05:47:06','N0P4N27APD7J4901Q6S1BSVZUK76I7Q','L99O024H23'),(171347900,1334141320,711947042,994193109,1632238759,'2019-09-30 12:47:09','5A','6'),(171347901,739361506,1198256423,820206898,1417490392,'1970-01-01 00:00:08','QLTFR63JD',''),(171347902,983796993,1474428827,1828036709,517234107,'1970-01-01 00:00:44','I8A7P5HY3OD88VWZ7TH9C15PQ9WWBNY537HPW57CN38LH02VH0',''),(386096264,1334141319,711947046,1828036708,731982473,'2017-06-30 08:45:18','HI41WS51','2L254M1T92457N82J8ZRN253XVZ1N5SDQ4420X06N8W64R98JOFQ70SF68Y44673OL5WP8XJ3V0752QXGV0UI68TD6AZ711OOU8D9MTFBS4Q9XU87VI66T8UD1S4R'),(386096265,1548889684,144514031,605458535,2045130309,'1991-09-30 05:51:55','44998254','57O'),(386096266,739361505,1753834867,274127747,163516666,'1970-01-01 00:02:12','A710MK','0M233594Z17K76FU83U2Q56HD4X17839KP1OE'),(386096267,1724711934,1474428828,1828036710,163516669,'1970-01-01 01:13:28','OXSJ0','81U9E55B420L56LIP'),(386096268,1939460298,497198679,2042785071,1014141185,'1979-05-18 01:12:16','T043TWQS79802V9VGAG2H2R8BHERSLOE5Q70MURA9822W','YN5V8953PNLMZI0IJ378MCM68SX043K2OB6S67F0VPQGGE5YD6569892G8G6J46PBH6K7C9005C'),(500008837,1939460293,1198256420,274127749,378265034,'1970-01-01 00:04:41','3112GQA404338SP9S92SK08ZZB54D6G82TEU224PVGBR0C','24PB0261E303E760J92H7X2Y8T6'),(500008838,2147483647,711947044,1208941474,1632238760,'1971-07-30 05:43:10','8','V59R76L52MY3PB'),(500008839,1198545360,1689177193,2042785069,517234109,'1970-01-01 00:08:33','5VJW3477L9H','H0T9IOM33BQ697LPCKH92892AI998VP6F3ETD2AVKY884L37RXMY6JHMI419KNLA6TZU5SBT155Q51894X1D3354Q6J7FC'),(500008840,1334141318,144514033,605458532,2045130311,'1994-09-05 13:19:27','DDGH','J6J26M435'),(500008841,291356114,1753834868,274127751,1417490395,NULL,'','3NSA4333YA22T2FH3'),(714757202,1548889682,711947045,1828036712,1228889551,'1982-11-25 21:59:01','93S3HL2370NW4B3XNJH9BLHXU5CEW5H2WJ6','G93Q747X'),(714757203,1939460296,983508058,2042785068,1014141186,'1980-02-01 22:59:34','14988ZJBHW89WH3WM00C14YJ3MGK','H77W8KEGUM77CTASMF6H5PBEJ3ZHTOD118IOJL85THH0YG3972M'),(714757204,983796995,1968583228,2042785070,2045130307,'1973-12-25 15:54:47','9J2VX5M0S51W01FLU14VLC27W64QB4221N779F6129R1U','D1CNBV51MHF46DEM8OOU28NRAC7BR1P'),(714757205,76607750,359262397,605458536,378265030,'1976-09-10 12:16:00','LJ12','7IUOV0TY6OSK7165R57REBM39217TQX1W56KXQ919KP659VWOQ86WZR7714HL'),(714757206,76607749,1198256422,1208941476,378265033,'2000-03-05 22:10:38','4R8P56KUGL2Q88I1HIMIS2YQ5C613XARRT98TG471D09','5J'),(714757207,1724711931,983508057,2147483647,517234110,'1998-05-18 18:24:20','GRC259W26P0199UF4GV87K3WD23N4BS39CMGZQ4P54','4855D'),(950847739,983796990,497198675,59379386,1830381947,'1970-01-01 00:01:29','1W0267EN6OL5TVE27JT5J0YB8','055B12IZ6A4A55UM42STJUT9TLSWQ059M41141MM5H83OVW3X5C48PH16M0R4CE21UNGT39T35E'),(950847740,1724711932,983508053,994193107,517234111,'1974-10-17 09:45:36','QC','LUFVF2TQD0Q61E'),(950847741,1939460294,2147483647,1328345733,163516667,NULL,'','9267D58T10347J1I42MR4E98XTK36ETM0Z0NY2FALJHX39N56V1PQGEN177R665297GLT6H718BJ0P'),(950847742,1724711933,1968583231,59379381,1228889552,'1975-10-27 13:33:16','I4ETFZ331','427'),(1165596105,291356115,1474428830,2042785073,2045130305,'2014-10-13 03:43:46','6I3RLWDUF49','46DV5QSX1L917R3Y07U04BX967HINXVKZP38HDS922'),(1165596106,1334141316,1689177195,59379383,731982476,'1976-03-15 03:49:07','S377R1FCPG6RP0NXC10D395','N42918272OUH98640754ISM80OQ6H'),(1165596107,1198545356,144514030,1828036711,731982472,'1970-06-05 12:26:16','74D73B','ETB1CUU1ET742R3T0DD5L2SH'),(1439646971,1939460297,1198256421,1328345734,2045130308,'1989-07-25 17:26:55','046F2B1B45J7OXS924II5JR2','Y853V2WI407VZG46N123I41K'),(1439646972,983796992,359262398,2042785072,731982474,'1990-07-02 16:16:56','QHPB3098NXG5J67','T7QUIG31YI7X9DKN6HAQGMH79EB1469213X101ZJ032669V13YE8BBX5JPGNGTU55N1FJ57H759IJ228G5BHV1SG3B7K'),(1439646973,1334141317,1968583229,274127752,1830381945,'1970-01-01 00:00:07','TPH7OU69V','1Y56RG55K1838QL9EL2BLZ12220MF9GWHXYU87126OD9P9G7592CXM88OZ13T63496389AW08'),(1439646974,524613140,359262396,59379384,1632238758,'1971-08-22 13:13:43','8YX1','9L5KNR6GY863C19VTXM7QPADD1UF'),(1654395336,524613138,1198256419,1543094099,1417490394,'1992-07-19 21:39:55','CO73HDW28J','1C'),(1654395337,1939460292,711947043,605458534,731982471,'1970-01-01 01:46:17','5U','H7ZE91CGK98HM0BK7L5ISN5OBG347UKNCR5Q29192U5K70407W1M47KHE9771PY24D2340D39USZH4IXRX22D20K342X054104934'),(1654395338,524613139,983508054,1208941472,1014141184,NULL,'','Y4SW2R8M75642X6TPU'),(1654395339,739361504,497198681,2042785074,2045130306,'1992-09-04 17:07:16','841R5MBZ27XA4TR','Z4549P12C520429QE40S08NW0LEPAKF9476Q52D8551'),(1880875798,1548889681,1968583232,1828036706,1830381944,'1970-01-01 00:00:42','D53C12EGV2QNP1S34G022U13','6E645RGPUBFAMXT9'),(1880875799,1939460295,1474428829,274127750,163516665,'1970-01-01 00:01:04','T6YEG8MUMCH959KQKJVRF17QIW22FBG99N240OJC2',''),(1880875800,1724711935,497198678,59379385,2045130310,'1988-10-14 21:00:54','FCMI8C1I0T2U3','RAWQ613BLR8'),(1880875801,1198545357,983508055,1828036707,163516668,'2011-04-20 21:19:03','B12W64NNUFF7O8ZZ0J2329KG93Y6PTXF12SAA4N19788S40','638'),(1880875802,1334141315,711947041,1543094100,1228889550,NULL,'','7KM4FX1AY30HYD037Q5W0E705X6KBG54767X28K5Q08N2KI04600W962H45952GR67YWKF8NG905OD8T5SCT5S'),(1880875803,1198545359,983508056,605458533,378265031,'1970-01-01 00:15:25','AWC893K9A15OG3047T5S686N1YS67W47O43I3','R0M8C4GZ6C832061NQ403I3IDR59D57L90U0VDPV7NVVT994ULP2035'),(2095624159,739361503,1689177196,820206901,1014141187,'1970-01-01 00:01:29','M','81U7JU9G1YK80PQT8Y6Z0H46JKY0L3TZBCBVX6MX0DH3EI45317BFLZH87SLGI'),(2095624160,76607748,497198680,274127748,731982475,'1998-05-13 15:03:43','5ZMS3','G'),(2095624161,1548889685,1968583230,59379382,517234108,'1970-01-01 00:00:48','Q6G7LE59GSY','2OL2105AWUEQZ80662AF3HKA6S62Z404Y72RVSUA'),(2095624162,1548889683,1753834869,994193108,517234106,'1993-03-06 18:27:49','8P','7V6RMLCF324B47L4ZP9H88X2Q74NY4221Y3UM4194460ZRQX453BG'),(2095624163,291356116,144514032,1208941475,1417490393,'1970-01-01 00:00:10','Y8N7W8PIK3IOCLW7W3X1O715D7UQ','5027L6Q279H6U89'),(2095624164,983796991,497198677,820206900,1830381946,'1993-09-16 19:11:43','G0','6RJ07H17X75299'),(2095624165,983796994,1753834870,994193110,1830381949,'1988-06-08 03:56:45','Z60IKC99ERZ7Z49WYFMZ6MRG','3540X125I5LJ6F6U1'),(2147483647,1198545358,1689177194,59379387,2147483647,'1970-01-01 00:00:06','7643HQS','NHWTT23V82');
/*!40000 ALTER TABLE `cb_post_file_download_log` ENABLE KEYS */;
UNLOCK TABLES;

--
-- Dumping data for table `cb_post_history`
--

LOCK TABLES `cb_post_history` WRITE;
/*!40000 ALTER TABLE `cb_post_history` DISABLE KEYS */;
INSERT INTO `cb_post_history` VALUES (51339787,1474428830,2042785074,378265030,'U6QB9215LL0V',NULL,109,'35I','1988-01-22 00:31:38'),(51339788,711947041,274127750,1228889552,'U4MBBFULWT2FBI2QYXN0UO','',1,'8YPY0YN2EUJM2W9JMN93X3847RB98G5EVN','1988-12-20 18:04:40'),(51339789,497198681,1828036706,163516665,'Q77V90M2X1O1KZCEWL3UR41K7B5J8176T9IK52GYIX11M6XE8Q225PA959P974V6B','30QL3L51H90EP949XA4X4B6717P6336J4167396QMRO29A8BN51BQ14003SGI',-73,'66H19H4W125','1982-01-30 07:32:44'),(51339790,1968583231,274127751,2045130311,'XFOT4RH0FLTL7FKMFU78JZB74S16C8Z45','PHM3FF84',105,'U033','2007-04-26 12:06:27'),(51339791,497198680,59379383,378265031,'','',103,'BT1VO853OZ',NULL),(51339792,1753834870,605458536,1014141185,'V4N61CJU92ALY82K7Y3P4698A','',-41,'9T8779G3836I','1971-03-21 01:23:19'),(51339793,1474428829,1543094100,378265034,'Z6O6KQX',NULL,-14,'4EZ1A790NUPU75D3JP','1982-02-11 03:31:22'),(266088153,1968583232,2042785070,731982472,'','',-55,'KN514A',NULL),(266088154,144514033,2042785071,517234111,'HI3873N7W17H3J0F35',NULL,21,'4J226W1I50ZB1FZ6CFX57KRN3FVBSBBREKHG','1987-07-13 06:03:16'),(266088155,1198256419,274127749,2045130309,'1G95FFJ8ACBTB8M0WVOIY44KJA83NY6X1TS39P74A7I25T5STD72JZ8LV6L347ZCH63R7DUQD03','Y1F2QORPWZQZKDZD1G13HPVP519RXA2',-50,'T0OG8JH734KQ8115O459W5U0D3WAJ29D8ZUW3S41MI436Q','1974-07-09 08:24:33'),(266088156,359262397,820206898,1830381948,'WQ29458R','RBQ972ZUYV49LPE439SF2O5906Z1BOHUL8',-3,'PPP0NUC81P79P','1978-09-26 07:16:33'),(266088157,1689177193,59379384,2045130307,'JM','8X3Y5O5767G6F73BE4HJA8MBIQPT9N',28,'A1LL04J26B5D4KFY0T34W084B8S13GZL','1970-01-01 00:00:03'),(266088158,359262398,274127752,163516667,'','',1,'903M5O2D0249I6HZ',NULL),(475406216,497198675,994193108,1417490394,'','8HCJ',-21,'',NULL),(475406217,711947044,59379387,2147483647,'89GE9N85A53',NULL,92,'71ND880Y18X1T4','1990-03-06 19:54:21'),(475406218,711947045,59379385,1632238760,'33068ID3456PP5AC5MDLY6OUQ4',NULL,32,'5DP93IU3XC7TH41','1970-01-01 02:26:59'),(690154581,711947046,2042785072,163516666,'D47X03H71M9QAL2UR4O54W498C5011US','',44,'OJSR6JT8D2PWP5UX7705V0B','1974-08-20 07:32:37'),(690154582,1968583229,1208941473,1228889550,'ZU161','78ZSJROAR42EKI2622OJLLZ5M239J48E',-83,'O','2005-04-25 03:16:19'),(690154583,1474428828,1828036710,517234109,'918T343EY3UWF780OKA7IQWTO6C5O75TYI1Q5L396Z8T649W7E7BNSZZ80443D8GZ8E2','Q6FH4S25TTE5D20IY2P6LQU',31,'7U9UC6Y048HZKIBM46JU7ZQRF3SBV077UX1DCILZ98231533ON','1970-01-01 00:00:37'),(917898368,359262396,605458533,1417490393,'5W2K427IF9KMI9242U8FSYW2WKJ9D3Q74168D3B1U676Z09Q2NT7528YX6B094BT76DG','FI',-9,'314BARR310EA50PK66N9605X5CKUIO9M9','1974-06-05 16:18:38'),(917898369,983508054,59379386,1417490392,'Q21E13EO262TV4QS1R2E9','RLI4H05KA',63,'ZP86Z73H82E7B21Y2921Q6P8OV97T531ULGZ96','1970-01-01 02:27:07'),(917898370,1474428827,2042785073,517234107,'JM85ESYXJ35AZ0XYF9JBICQS8J254GD8548LM7N',NULL,-112,'6O46FG37H9','2012-09-07 13:20:20'),(917898371,1753834867,2042785069,2045130306,'LV','N87WBB4OMH79TN67I286950N47ELE',23,'MK5','1970-04-18 12:36:37'),(917898372,1198256421,274127748,163516669,'ARM53D2653ECX6687U5F1261O27','TA9ES456H48217W',82,'0335Y1','1983-01-29 09:16:56'),(917898373,1689177194,1828036711,1014141184,'','CCN4553E26',28,'GFRB9LA2E18JKOF07QO24',NULL),(1132646734,983508057,1208941472,1632238759,'8627N036O','90B670BMC9DD29026Q98DWD5061F86',-9,'96U8DZ','1994-04-01 11:22:23'),(1132646735,983508058,1828036707,517234106,'GN8Z8S2Y193R1E1A8Z79R1KLJM6C21Y3','T545QN2W9QSRVQ952711I4EG88014066K32B5853HP8',-56,'P44LE18U27AI80','1982-04-21 18:48:30'),(1132646736,983508055,1828036709,2045130305,'741WFOJ7W6W25YWD8X72BFORKJMNNYO0VO13FBXS65KI6J58V3KG2J2EOBPV0','2SYB9U6QVRV4W1J4051W0U22K0OXMN9P434C4FBB36473YF0A20J9710ANN3QBLKV2',-2,'95C7K53437H79YT','2003-10-06 10:26:57'),(1132646737,1198256423,1208941474,731982474,'S3U8783QPM8M572C4FS722TNZB342JCNU9W674TI0MIZ060156F11DKXQITY47A00489DB9C2GU25E6832K2Z854D','24NQ3GTRDD58QW1',-62,'TLYY1VO15CGH4Y2Q12S','1986-11-13 08:39:16'),(1132646738,711947042,2147483647,517234110,'NNZPNHR5ZO','',-2,'PUF56BBEP11X77O8A5BZ27UI','1970-01-01 02:00:58'),(1132646739,711947043,605458534,1830381949,'EDB8J26N1L7Z02AH2K4LIO9G99GB45D29ALGLRRV7UHU2EMPBICA8O48S4Y1163HX5V3MV536361979704E7','37100KV9R0562I2',14,'S4004HF1S5X6Y','2001-11-30 18:28:49'),(1330404141,497198677,605458532,1830381945,'2N16QK7X3F0M5T127T5ZYK5BP6VI590C342OU295485Z3P5O44GEH6GN52U5G27O5MET5NLDC8V3751NW8K','',-56,'60B3T','1970-01-01 00:00:04'),(1330404142,1968583228,820206901,731982475,'','N4W2B4KOT05RRF76',102,'W',NULL),(1330404143,144514030,994193109,378265033,'0N2F67E90EL0EWTQXN5FX4T80E3714SH1E7154IUK33GIQM3QU1UVXQAGL8HS','WYGFA56827DP7S211UIVURGBS846C62GK8G811X8RXH1E7W79LH',32,'T3T3','1970-01-01 00:04:53'),(1545152506,1198256420,59379382,163516668,'H98W','9BDJD100M3JX14WFKT',-1,'033LXRAJ','1981-10-06 21:24:55'),(1545152507,1198256422,2042785068,378265032,'IZ052RT8','138WOJ86X5Z12379NL6OFN098224STK1091BIM70687J324HK8J5',-43,'0HHKZZ5','1970-01-01 00:10:37'),(1545152508,497198678,1828036708,1632238758,'H',NULL,-18,'G6L24F1','1995-09-29 20:28:31'),(1545152509,144514032,820206899,1830381944,'1M649SY','17A0R2211QW87J1',-38,'','2020-02-14 17:16:31'),(1822432807,1689177196,274127747,731982476,'','721M2B1IB4I0GO0M42IWE700IU3WB1QNX67Z6VAI98X8BQ1IL1V6IKVD936F566BS5110A2693',-107,'2LQ91FZZJ32Y61KRZ765779N2K38DQ1PTG45',NULL),(1822432808,1753834868,1543094099,1014141186,'6O16HV7G91Q2M36MMVK0RW05439Y5IME295R331M7PG0CT162M003R',NULL,126,'BSUD0I5','1970-01-01 00:00:08'),(1822432809,144514031,994193107,1417490395,'980DI866K320WEW7C4NEF9906KHK2','59LNN818M1VSU8YLF3PJTIB9RJHUXS830DVP3023ZVL193C935DI81XS292OB4A6K2Y1IU',4,'9B3999A','1970-01-01 00:10:43'),(1822432810,2147483647,1328345734,2045130310,'PF1395Z28SF00146AH1V734211E10QXWQTC22S',NULL,13,'Z9KNH20JE64INONDEUM29S09PYC3D17056KN1BHDZTQZU0YV74','1979-03-31 04:21:34'),(1822432811,1968583230,1828036712,731982471,'','0C37BJGCLCB6ME9O5RPF3E5',-98,'',NULL),(1822432812,1689177195,994193110,731982473,'7S198373SQOB76QAY8V77ZJ2E8ZA229CE77O97ED37346VP4XLIO','9217OTE0O',-96,'ZOEYW8O','1999-11-09 00:22:22'),(2037181169,983508056,1208941475,1014141187,'7U403316F8B45O65',NULL,89,'','1983-03-19 00:29:06'),(2037181170,359262399,1328345733,1830381946,'Z114OHY116','5606KW254ZWH8XIU0BGV57W53IV9ICN0S54V8WR',-97,'86IZ75B12UP58ZN221K10H5S1','2016-10-25 02:09:20'),(2037181171,497198676,820206900,1830381947,'O15K9M5F7B20WHU823','VS7ZO86D28MT7NIO26X1U02',-66,'ZL4','1997-06-11 12:51:43'),(2037181172,983508053,1208941476,2045130308,'1E4B3W73CA1ZI0988XD9458TB3F1MDW53V75SRC4K43XZ06Q13P6YL1W6R4P13I','VV79VQ0DUDFL20X7P8',75,'6F53718724QUVZ36','1970-01-01 00:16:25'),(2037181173,1753834869,605458535,1228889551,'W6GZ9GQ7VDR3NA03S098E17QASP90CF4B50M2W43XDC5A0F4FEC27X9ZD6FS5XX18Z7QA2ON2Q1488828WL59WE78B8311CR243102E75FV68LW3CHU2TDR02J1WB53S7Q34O6IPR2LJE7G7K45IA5I','59171EIK3',20,'TB','2019-10-31 09:44:16'),(2147483647,497198679,59379381,517234108,'','',51,'44M3ZFM9TW4Y53YZ32H9S7',NULL);
/*!40000 ALTER TABLE `cb_post_history` ENABLE KEYS */;
UNLOCK TABLES;

--
-- Dumping data for table `cb_post_link`
--

LOCK TABLES `cb_post_link` WRITE;
/*!40000 ALTER TABLE `cb_post_link` DISABLE KEYS */;
INSERT INTO `cb_post_link` VALUES (4,711947045,994193109,'GM8WACX28Z74Y084A0E7B7',-1603610601),(5,711947043,1828036710,'08E56PT475',57),(6,1968583231,2042785068,'',-1845830543),(7,1198256421,994193107,'7X9HMXY3FV03ZQC1N5',-517127530),(214748370,983508055,1828036712,'',-425831650),(214748371,1753834867,605458534,'05295D0Z20IKOJ6PAI5P',6418),(214748372,497198677,1828036706,'6417529SZ421U4B976S5FB',-263094702),(628644776,711947041,820206900,'P5O38',-795446948),(628644777,497198678,820206901,'',-72002304),(628644778,359262396,274127752,NULL,-6),(628644779,359262399,994193108,'25PWXUFD3ZG8S1P1Q22T1UE6AWJ6',-1235894149),(628644780,983508053,1208941473,'9LVP38B8CQ261F51X52619',-1900879195),(628644781,1689177194,1328345733,'HPEPZB7U0ZY5014I',-3),(843393142,497198680,59379384,NULL,-282521010),(843393143,1689177193,2042785070,NULL,-1814316997),(843393144,497198676,274127747,'HUHDX830K89D95O6',-957101504),(843393145,144514030,2042785074,NULL,401),(843393146,497198681,1828036709,'',-1554001766),(960865505,359262398,1328345734,'',-1375442693),(960865506,1474428829,605458532,NULL,-1574311504),(960865507,1968583229,1543094100,'3B621IV753G3G36500T2E5B50GB8K0E86Q4V997TKGU6A2E9GP8A57ARA83OTX80L3',-353829347),(960865508,144514031,1208941475,'5P',-646476507),(960865509,1689177195,1208941474,'2A5V8SA4GVZL4',-1444962527),(1175613871,1753834870,605458533,'22O586J449S4476091G71HI7SBC6XYE9U',-699000226),(1175613872,1474428827,1828036711,NULL,-1283694541),(1175613873,144514033,2042785072,'1JI7Z0B08OP223QT8C4G402A',-1121355096),(1175613874,983508058,1828036707,'LJ252',-243593203),(1469349436,1474428830,2147483647,'31T8O04603WA75X852K0963PURR6S1QQWRQ1I0L86751MG2YR1OBP18C9833OOZXN895U4',-1735783264),(1469349437,359262397,820206898,'85GTZL2LMW02G17K1O76369S25W7UHJ32796A0VAAF5723SI6XCKK13Q5PDSQ76PK98XI67XCQE7SR00V1W4M313304253N9',2695),(1469349438,1474428828,1543094099,'4E8M769OUBJL7R9G',9),(1469349439,1968583232,2042785071,'GS4IB0C1725BJ86H7HBC0235KCWJ2U6LPGJK42PKYAE4W4',-47800393),(1469349440,1689177196,605458536,'',-2119270792),(1469349441,1753834869,2042785069,'7BJN32894JD7L',-700260465),(1684097801,983508056,2042785073,'M7',-688926351),(1684097802,144514032,1208941476,'B53Q8P05IRC05T3',-1720101925),(1684097803,1198256420,274127751,NULL,-910551726),(1684097804,711947044,1208941472,'',126),(1684097805,1198256423,59379386,NULL,-1072566981),(1684097806,983508054,994193110,'F3WY75N270O40PQ',-34),(1859083374,1198256419,274127749,'',-323830535),(1859083375,2147483647,59379383,NULL,-1786104141),(1859083376,1198256422,820206899,'003TTR052F9M577J0Z',-871790383),(1859083377,983508057,1828036708,NULL,-137748846),(1859083378,1968583230,59379382,'',-221319837),(2073831736,1968583228,274127748,'FM323K52D0137W50556N11948DBF1N8R62',-2032944595),(2073831737,497198679,59379387,'2PAZ9Z135NJAFU8O856PGBJ5X91Y5RD86IJUVUM',-927834998),(2073831738,1753834868,59379385,'3DXQ4N023D4T7SVY0I4562W4173IB02DA',-441026525),(2073831739,497198675,274127750,'51E76K0GO7ZC377Z4GUE1',-2144472397),(2073831740,711947046,605458535,'',-20),(2147483647,711947042,59379381,'4T77FA8RNLE51M6PI99',-50);
/*!40000 ALTER TABLE `cb_post_link` ENABLE KEYS */;
UNLOCK TABLES;

--
-- Dumping data for table `cb_post_link_click_log`
--

LOCK TABLES `cb_post_link_click_log` WRITE;
/*!40000 ALTER TABLE `cb_post_link_click_log` DISABLE KEYS */;
INSERT INTO `cb_post_link_click_log` VALUES (8702921,843393144,359262399,274127749,2045130306,'1972-05-09 07:31:36','G0P','J2LU9HT6R92GM57R5'),(8702922,628644776,1968583231,2042785068,1830381946,NULL,'','2078QH93H8Z79S1JR4SF0'),(8702923,960865505,1968583232,1828036712,1417490393,'2004-04-14 13:11:38','A1X3','X88NH8608H09O1OG37229J4W64JLQHM92F355E683P391515GXUU3FUGP5PN65151M83UJXX6ABA07R637W2300Q5S026P181AIHG67VD9QK511IRE'),(8702924,1175613871,983508057,1828036707,2045130307,'1970-01-01 00:10:42','U3K06LD1Q74CSSPO25Z91689K94M9R5T8WX6857BD6YLYN085B','51LZ7703EL5YBE12WLFIK5F'),(8702925,628644778,1198256421,605458534,517234108,'1998-08-24 11:23:07','Z25SU','M03X736H5J228DKF13S3RZ1MA468OTN52CUYQPZ8G0IK9P25V6MQ4DHYRR89P2915GD95781L3V0U98DR51P617NU220WI1Q4M70ZT5ET46M5EN8J7Y49X3YE'),(8702926,843393145,1198256423,2042785073,163516665,'2015-06-20 21:03:28','7HF47IAQTZT232N73Y3OF36DKC0QHI54J1A0OC5NA4228U0X04','ABQJQZX916310Q4XV8EJQM3LM361KQ9X8RZ78IX6'),(223451287,1859083375,1198256419,1208941474,1830381948,'1970-01-01 02:41:52','Y3','U2JSGQY1P2RT084GV074FRT'),(223451288,1859083377,1689177196,1208941476,2045130305,NULL,'','6UL53WO2GKJ25VU5D0Q'),(223451289,1469349439,983508054,1828036706,731982475,'1982-04-18 03:30:50','NG7X1XF8939II871ZK5G','33'),(223451290,1684097805,497198679,59379385,517234106,'1973-12-10 00:14:19','210CH2F90L9192R73B','1C'),(223451291,1684097803,983508056,59379386,378265032,'2018-11-03 17:43:31','K9HCB306ZL4U488RYU','86B3FDZ9'),(223451292,2073831738,711947041,1828036711,1228889552,'2013-02-10 23:03:06','3O','4R9QFZKZ61FD2N8G04J'),(552027488,843393146,1968583228,1828036708,163516667,'1970-01-01 02:06:19','O4J30Y5SMC8BDL31I131H0','85M8QL4L4A3F8RAGM3NGOD77T43903C2G0'),(552027489,1469349440,711947043,2042785071,2045130308,'1979-05-11 11:52:28','MFLMJ32RAB37K','37292N3W8I94L1687SI0176R21D2D8CCW8EJC1HIY5340VN3WH'),(552027490,1469349441,1474428827,274127751,2045130311,'1970-01-01 00:43:45','Q4','6K36VQHH9Y430LQV0RN'),(552027491,214748372,1689177193,1828036709,1014141187,'1984-05-02 08:41:25','R9WY5R0HT6OIS4M5B','99N8M09M6E0EV05G12DQ2E311NZKF1T1IJ1S8RQ3R9TC36BSCL6UC4GNJX410324GLT0NN2P67M2UQ97X095M8450E503KX03G'),(552027492,6,1689177195,1328345734,517234108,'1988-07-24 18:34:12','88OGARL0K15O90U4S24CCC64TCS3UM1QZWV8N8US3U5P0JHUV7','44K60N32E74P6CC54MYY6LV7G9042O8589MDSKG45XG6TR9A8H'),(766775854,1469349438,711947042,1328345733,2045130308,'1989-05-17 21:08:14','2DIC8QRD25C3BYJG96AH372VZGSD4UBPMK83NY2R80U65Y5MK1','7'),(766775855,1684097802,497198681,2042785074,378265032,'1984-08-06 05:29:12','XTQBEHORD7O7ZF55','W2S5D4I37535JPB705N33L50ZT49G32FL63S7DGWN5ZL1ZW'),(766775856,1684097806,497198678,2042785072,1830381949,'2006-06-28 15:46:11','XG2T2DQ5773AKDTY0','8EG53J4LMZE1A2VP3FV947H4E3N39H148153O1K'),(766775857,1859083374,497198680,59379383,1228889552,'1998-11-09 21:54:58','E8','0IY55SH79BMT640OKWL2978W4E946B9EGNB29'),(984087503,1684097801,144514032,605458536,517234106,'1994-10-02 12:40:35','VI52Z58GDD8QO596VR0ZK47BKWMHDREFZE','IEIGLI156G507682ZBL99587H63A9M13K24C6YV3MK90T88235EEOC0L3TVJ478'),(984087504,843393142,1198256420,994193109,163516669,'1970-01-01 00:00:57','01','92ND746VOJ1LJ5ZL'),(984087505,628644777,497198677,605458533,378265031,NULL,'','IJD55Y6'),(984087506,4,711947044,59379387,1830381948,'2003-06-14 08:07:17','3KCD77H3NO2P47B699ST5MS1R8M7272065T0X07',''),(984087507,1469349437,1753834867,2042785069,517234108,'1989-08-24 00:11:37','L','IN67BUR8RR3M0S61J8U5PB0H9405O82941261GSMFQRBOCO4Z70S'),(1198835869,2147483647,711947046,274127748,378265032,'1991-03-12 12:05:55','S84415P4834H715RBY7W87Y85A3U4Z9','ADK5047977C9145K9WI81213D8O3JG91P879'),(1198835870,1859083378,983508053,59379382,378265033,'1970-01-01 00:04:51','8UU3G11C61T2B446IZ681TKZWV4T','Q59X44T238X4EKHUHN6'),(1198835871,2073831736,359262397,820206898,1228889550,NULL,'','T9ZM42G'),(1198835872,960865509,1198256422,59379381,163516668,'2011-11-18 07:37:24','T4GR7Y07OB6CI7G','UU37582'),(1198835873,1859083376,1474428828,274127750,1417490394,'2011-10-27 18:42:33','43K9ZVR600695A30SL2555OD89R2MD0UMIJ','ZO63MP9VF0550F21W3QX94B7K59J394NE3D8P34RX3G4738V'),(1408600601,214748371,359262396,994193110,378265034,'1970-01-01 00:05:44','K5KW9481HAC028P28C8CWWRX6D52V076GF17','2XTPX0461JUKX8510SV9W2RD811N3R2YYO24B0N6T0A066AXU9'),(1408600602,960865506,983508058,274127752,731982471,NULL,'','PN1O8I96E2H6H339Z9FB569Z80CI0W7ECQ'),(1408600603,628644781,1753834870,1543094100,2045130306,'1974-08-20 23:45:45','FUHI032','X9Y8770QS3889ATM622F34815Y3TNB2QT9'),(1408600604,214748370,1753834869,2147483647,163516669,'2015-09-30 00:25:28','2K5Q9D1UYXYJMYYTJ3L626083JT867JH4D47A95BZWP762EF4D','3J27V'),(1408600605,628644780,711947045,274127747,163516669,'1970-01-01 00:00:01','9','OCV14Z5C'),(1408600606,960865508,497198675,59379384,1417490392,'2005-09-09 08:23:13','KNI59YI53CA02K57G',''),(1623348966,5,144514031,2042785070,2045130308,NULL,'','81FFZGC821AT91X'),(1623348967,2073831740,144514033,1208941475,2045130311,'1970-04-23 01:07:11','072R4TB7EKIKC2TW3V3H6NZ38333R58229QM4TX4VY5A2ZK981','ARWN04DCIAH4C1XOXCAGZQD31Z5430RRAMCVFQA4870667W61H3LVI133H1DT2XVD96G8'),(1623348968,843393143,1968583230,820206901,1830381944,'2004-10-24 14:42:45','982B12WE04V65P1K907XGIZ1450H2','77FE1C6Z6N3W121DBK64017O3CV'),(1623348969,628644779,1968583229,820206899,1014141185,'1988-12-01 06:44:06','4T85G9Z55VBX2169YUQYJ2979P751Z05XD1571982A0K70401I','UJJY7R9499CN70H6Z21J87NY6MS74V888NG11U'),(1623348970,1175613874,359262398,1543094099,731982475,'1989-07-12 03:11:56','6E1WBLR24287I200655B8Z543OI19C','11F0VG86JSZ483T97628H54'),(1623348971,7,983508055,605458532,1830381948,'2017-03-03 12:24:30','7V','ZT8P14S3D95G11OCK2V9174U940HRT84QVHW4L8'),(1910335276,1469349436,1753834868,1208941472,2045130306,'1970-01-01 00:00:02','2','2UFK6G0AY3Z14D5S0BQR1T805LK2X'),(1910335277,2073831739,2147483647,1208941473,1830381948,'1984-06-30 11:32:27','V9EGLA7KD9VX5P8JT5X7F773967GAZ5308ET89W2952TX1ESQE','U86NLLE9UIT8YS4720'),(1910335278,1175613873,497198676,994193107,517234111,'1970-01-01 00:00:06','2EZ','9338K75AQE2V38N35U5R1E'),(2125083638,1684097804,1689177194,605458535,163516668,'1970-01-01 02:46:07','YBMKPNO2E3W',''),(2125083639,960865507,1474428830,1828036710,1417490395,'1974-12-23 21:43:41','9KBY26UC7UK43YB173TCA3Q0O','7YZM94S5IF9MDQA580IX52S713WX252818T7W950F9YM00362403842JD42BHW9W6C8M4C05M4W9UHHQ3IA1590G33SZ12G5'),(2125083640,2073831737,1474428829,820206900,2045130309,'1977-03-25 04:58:47','675','FQGC29750U515E8WMCJA6C'),(2147483647,1175613872,144514030,994193108,2045130306,'1998-10-29 07:17:08','19DWU','4V86AJPY');
/*!40000 ALTER TABLE `cb_post_link_click_log` ENABLE KEYS */;
UNLOCK TABLES;

--
-- Dumping data for table `cb_post_meta`
--

LOCK TABLES `cb_post_meta` WRITE;
/*!40000 ALTER TABLE `cb_post_meta` DISABLE KEYS */;
INSERT INTO `cb_post_meta` VALUES (144514030,605458533,'YP0Y2CA3FDT8KDCWX4S645G29NPC65RMT8U9NRHLYRP16BDG805N82LUDK6',NULL),(144514031,59379384,'W0XR5Z3H86V353Z9A98173628OQZF3Y59I2YQ1N36NO980NLT9K11H46OZ1R1K8','IM2W08H2WZ0UJ1G1H12S9F4DVD15ES7'),(144514032,2042785074,'','573R279L0YLSB2KG9ALBN7253J810E71O7ZP48NDE'),(144514033,1828036708,'M99B4884D7CSN685QH84VLFF76VVU7DUH35G762W7WT22U56',NULL),(359262396,59379385,'OQ33942810G6KR222GQ90R1H15053','SWK976U20O'),(359262397,820206899,'O2V','8YB688K127B0343731F9B421AKSCG0ZZ7STH61RXQMTJOP4EC4L'),(359262398,994193107,'PZZPA08R68JN291O54DMTKU6D04',NULL),(359262399,820206898,'RPKSJC7WL210OW924EX58Q36FQPO7121K569ZL54MJ6RLE',NULL),(497198675,59379386,'1S32621W8D9643JDJ4N65','D7MV1KRY6TWH2Y25LS68H1U4WLNIIJWS26DG4HFJLPH5UE4QY2R4K8AA4AOC35N'),(497198676,1208941474,'4Q08B',''),(497198677,820206901,'3ZG07N6J654F3GY106VF9S95','BIL4LEG2062S3SN5OO06CN8A13F18A80Y7663NU14Z91'),(497198678,1543094100,'4A3RD92X4E2A329LKG94G7LVI4D74K11U6Z26M6SUMA8QA21B8ZI0G285CF0QR','F8004G2BY61FW7Z97FLZ87528WR8M0X716Z6DH1W1S743K031945RWO79O67G89GO99MYXM6019M77N4'),(497198679,1208941475,'A53981IH66VX687DC35WT296457S9D1Q1IY7EN0MQW4','3HOJ9'),(497198680,1543094099,'B014NVCPE7T3O',''),(497198681,2042785071,'ELO4BUOZ2O0J569DJ1K',''),(711947041,2042785070,'4','QW'),(711947042,1828036710,'4265862MC4NWZ00JDW1F','7Y8T'),(711947043,2042785068,'M2YF5426XF6GFZI79UV7ECERPEZ3M3P73C3WR87P5VYH448E5U3',NULL),(711947044,2042785073,'','MM7SPS555OF371PE4H8L0B0K625OTN9'),(711947045,1208941473,'33C781I0998Q','6196B5UWT0W83125REBAKYP54QN9646551E3R1ZF7JPEWV54NEEVNW'),(711947046,605458534,'ASPETQ6Q83O9N0TMI46D4DOHM182','264CMUV4207013081776AVPPAOVB08S8P30935EFWC77TE4U0C772SD273PN28RPR0K2K5895U4J7X3PE0N2P72830R19TEQ1YOU42BC9YQOES6C0MWVS1JS99YOO9VVNCMK1B6NBLZTU'),(983508053,274127751,'3AJIQ6IC87Q65','5755QSL30J8WI2D072XJ68L3634JSD6796EKM6TY7P5'),(983508054,605458532,'S09VKAP7JFJ8D5N98B4FX215Z9B6FOYXJW0HWJ9XS774P86E06DUXMYJ576D6Z4W762G45HB63J1H93RHVFP1E3JC5WY776XBW8P','TBUB209M03ZIH8AVZ2LB3F1I36'),(983508055,994193110,'3M4UQ3W5WU0507UV7','FXCYF'),(983508056,1208941476,'8C5',''),(983508057,1208941472,'85486512UQWM2J4I50F08D1OYN4SPEZ2ZG',NULL),(983508058,274127747,'O1RR31H3V4SK52',''),(1198256419,1828036711,'8','94FBOWCGGP1G505PB2K803N4OGV1QU84L634M6G3R9195MCBMX05469KDF'),(1198256420,1828036707,'1FF7MV82W9I241GGC','BS12JTX2B7937EPZ9'),(1198256421,2042785072,'E31P68EV0ZF2I35',''),(1198256422,1828036709,'90596V9917216MSU51O3669T5V78G',NULL),(1198256423,59379387,'IKNHF0PWM07824MH48HA570TUY2PKXL741C767J','H2D6T47'),(1474428827,59379381,'C604F9V7','SZC68C55L67'),(1474428828,274127749,'910T','028QZQT'),(1474428829,1828036706,'8P',NULL),(1474428830,274127748,'N8I21I6A78753V0K5D4HOMKDSJ0I9KA8BWW48S4A97Q121M77T6651398572BDDN350941203OVO2CGN2392T62','QT'),(1689177193,994193108,'WP7H427TRSG5183100J976JIU3N5R2M14LQXL98L256OO81NO38OS14514J7XG6K356OT18E3TWXZQIUS7GPGC9NP7DLS8BM8XCB',''),(1689177194,274127752,'SHBX7B0EFBLPP8Z2I35K75O3QW494E4216IN281N7RE4LB76KAVU0JBY16QJ98',''),(1689177195,1828036712,'S',''),(1689177196,59379382,'M1Q9VN75N38R90XR01PO6U1','WN45XL3PAN82M4816G2'),(1753834867,2042785069,'YDVG6P78I8SC7699U8BZKQZ47SQ4R73EO8QHK5O21K6S0U6O299AR90F2S708UB6RRY','J0Y4C'),(1753834868,1328345734,'YB6AB4J8CFP4K4S9U','8Z5Z6CE84O8'),(1753834869,2147483647,'9YL2528VQU77O9C439B1UI1O401Q9XX4Z5X16H44QE1M46WNX','8CT93FFWA9'),(1753834870,605458536,'',NULL),(1968583228,1328345733,'DL3H7EW31I4H68H9VD1R4J89','38'),(1968583229,994193109,'',NULL),(1968583230,820206900,'243YEV1B91ZO08760BU0L058PAKD61V7MV4A25875Y5209K4Q4QIN96X1VXF76',''),(1968583231,59379383,'0W4TDOC80YFVJ8MH4V300R2KTUPMX0GNQAF9Q3W190ET4AS9NLETW3UTU7NR5VU0Q26GK414I1N1HI6L1E474D9O1N49528E8W3P','O7QXU19'),(1968583232,274127750,'19B','9159XH9J3'),(2147483647,605458535,'6LUKV0AK074E96XYS6WEMJ','3LYPOKZO7W792XEQHHUGWX5WRK367WQ3173KY909236570CPXA1X72ME83C3X12EW14MVLW3436OO1CJSW87HK62M59KL23092Q48272D2RU3LOXMR5G5XQDW6PT3H262851K8YZPRN26ESTJ8D6M');
/*!40000 ALTER TABLE `cb_post_meta` ENABLE KEYS */;
UNLOCK TABLES;

--
-- Dumping data for table `cb_post_naver_syndi_log`
--

LOCK TABLES `cb_post_naver_syndi_log` WRITE;
/*!40000 ALTER TABLE `cb_post_naver_syndi_log` DISABLE KEYS */;
INSERT INTO `cb_post_naver_syndi_log` VALUES (43439068,983508054,378265034,'0068MBC87G17H000RUGID88K','80Y9MM55R23MK7Q07GTY47Q','7Q569','R9081YA3CW48228J3228V7H7S13DK8P05K7A79DW514D9CS70I5RD0CDUIJ','1989-02-10 14:42:26'),(43439069,497198677,517234107,'J92N44P','52CC','C2VRA1880DN6058DA0HS5PI23B1H63ZY56C0D2345F8QTCSOC5R8M218K828AFSOK725B2','91M1K3D65KSEP0V5BV5C127FX6EEP9G311482V0JBKB5H7LK76OYRN331','1970-01-01 00:00:04'),(43439070,1198256421,517234111,'R902QG','4OQ340JDELA3I06','09HHZY8C7','Y','1993-03-22 08:01:27'),(43439071,711947042,2045130311,'0','','A47F283P7IAF7VF71E5R3W48X1FX2N96LC0QI6U0G1HZ6QBJ5UT43XK','47J1YC','1991-06-05 18:12:52'),(43439072,144514030,1830381948,'T08P47J0A3XNUABO5765Q5','','59O114NZ95D31Z','50FU590VBW343C50195118','1973-11-22 12:01:37'),(258187434,497198681,1014141185,'4','P79560V0F0EMO6','5EDRUZND4K1704FYF908L926NII3899','9T5VB4H78939T3F0VC3R6S8P7N9H5','2004-04-21 04:53:49'),(258187435,1968583230,1632238759,'60N07Z8643GTM70F61N136X6Y4U9D','K730PTUOR3M487GOCE76K4DF4PG3130','X','074T8HM0911XPX5503D4X1T1V25841CM3A4QAQ4PWH713UJW89F21D819OH7X9U4B798MQT5NHCC960698F7WPTNTVSK6077NBE38I7B420T532L6XGZ37OV241','2018-06-19 15:56:19'),(258187436,144514033,2045130309,'46VHKID4P7J','76W','PO8204E93P6181ASNY','OW3199B799FSG677735WI7HD','2006-08-21 10:43:23'),(258187437,1474428828,1228889551,'G70M6883E1JAY3S1497UV14MXAU95S17NNBJ4UN89J11WH6745E','GZ0','T7IB027N05','G2W2','1970-12-04 12:31:09'),(515122825,1198256419,1228889552,'UTT1HE82','','01WN0081QNB4670OFH2SWYT0QZ8P6L7T1G6L3QH74J1Y6QP208566ZNQ8F0','','1983-01-25 05:03:40'),(515122826,1474428830,163516665,'65S8V793R0C53TIE6SMVV39O0M2VTO4J9JT3Z6JPSPBFU1EGN5RBR173','UF00VIT2SBWM85JCQPVSI32267085Q58V028WV6352R38WL895','3CG99LH127ERNG7','229CV857572','1970-01-01 00:01:27'),(515122827,1968583228,517234108,'3WHF4T46A065Y1X41K27Q75C0U','N8MVU7F9ON47FSZ833B265DG5S5296O5WC734ZVY4M4P6K58569YP6MQYTQ4T6W7H92X8','AP58V99J3LCY9W2KIVL05CGQFC49ZR7M18TOU4Z5FR8T','7327K369','1970-01-01 00:00:01'),(515122828,144514031,517234106,'EEMX4E7376BE32ULE0W69O08263W58GD6B1JW91Y1','','J09058SY0B8A2G0AOWIV29O5GXW70HNI33F0HVVWF','5','2011-11-10 09:22:27'),(515122829,711947046,731982474,'K40F3US125307F3IXSWI9E1VCHUSV4ZOF9SLS3CVKE13AL59A91NF83SUQN2GN','APZ1851O5522V5D8PNH0RMYKP55D838OCT69XQJ94GV62H40V3337DDB4BL92040N5741M7RT9D2','1D892DOC','Q1068','1987-01-18 03:19:29'),(515122830,1689177196,2045130308,'9YD0E938P208I2','49R30NV','','H7H37X0','2017-07-21 19:14:51'),(729871190,1753834870,1632238760,'P6142W1FYDN79R9Y','Y0PX3UCI51B8ODRNY33','5AO1O5ER6','7C350H2NMDF','1970-01-01 00:00:04'),(729871191,497198675,2045130305,'6YYLOWWU6FNE8M9ND162TY0J60YUC843CX24AELYSJ6T8HVESO50843W49392LL8XSVTGPQ6W62U5B84MB3O227M33M3TVNRC58P78GF09FRFB20Q9005F584V44FU2XNVS8UGO0JKET0FJ38Y928469O81E','LRJQPI0IMO4E5Q9O84G2RHD073024J8A32E1T13H914D5C230HQI8PDU82UJ2LXO55S8TZR71JB5L81D05','PB97PHH4U8B392874B5P6V','V35JA5201','1981-05-10 11:35:48'),(729871192,983508057,731982471,'H9D7GPTF9YA150J5A0UQUNI2','','O0K309B68L45KZB8AQ20YX65ZSF66','2H05TNULPWV4416136C8','1970-01-01 00:00:08'),(729871193,1968583231,163516668,'5LVM8949MB3WH6C82A','A7CO46LD48F56J930E58YG6KV55F394I8MZZ','14T4','3D91H1P828P01V3655','1994-03-22 15:45:04'),(729871194,1753834867,1417490395,'19T7S2HTW15M6KLXZHV5HBB27T5XR5U7FGPAUHH30','6W9O0E','266KV16SVR085CEM0ST70O8362NET02Z8BTA','9YR93','1975-02-18 09:16:49'),(729871195,497198680,378265031,'40SL','17M','CWQ3KGTT5983R2J4175WGMU35QKW684Q1QE2GA0755','1D4NLMO0ET44','1986-07-22 20:54:19'),(729871196,983508053,2045130307,'M10MU4T6C9X0HS8ZTT5B6WGGU7R9IXK6YJ9ILI6H361DQBCPWO877RI2O','970O27WTLG009','S84UX1MVTC9QB3573835F5888923OY186','62UJQQQBI34B71EMY8JJV67H12A36HT','1991-02-09 03:08:53'),(934663507,983508055,1014141187,'08XS1YNF187BB163Q82K7','WWW3E5DFEL7NE79SL3','4GN4V37218X9ZU06UBZDXJR623B3D96','CM54FO4001EZ9','1984-12-15 16:50:26'),(934663508,711947045,1417490392,'ZZX8001','DI9NV','A9RF9J551U495A1I4D9AI7T10BHQIHC0W7766DY7SL2U02XH7CLEE94B0Q85Y5E0PV','8G3L5SS74H9DQ55I6Z50YUOT8ZY05O03Y9WQ46A2SLID5KQNJZ','1987-04-19 15:19:09'),(934663509,1753834868,163516669,'','4919FK0169XB1','H7V59B9C4F477ZG','5A2AF5K84MTRA1Z0J9KZU411E3C1921K',NULL),(934663510,497198676,517234109,'3K50Y5XV3E25ZC5F7X05JE0F','C2834D646LKWW6200826136APGB1MU5E7K9Z0WG2Y6AV64X5','WVVS2R64XQ9SHBT78UKDUW4PVQ','MZV0','2004-07-12 13:39:02'),(1149411872,1753834869,163516667,'536GOVE1537JRV1SW14901R8M9389AHPZDB9WVU6KES58MOZ51FIVE6K8E50OO','C1JSKH7','C5ZI','T5N5BPKN8HU8338','1982-07-26 15:21:09'),(1149411873,711947041,731982473,'WDB95S3Q466R7V5410MF583O7PV401G816V6P2506OYR5E1UH5J1P24','E5E2M5CY83OC8CT16G7VA8R3O3','85T5XX0K3D7PST739NJ5N1F','29E9HPLBX6K00L14HP73P28QJ469CKE9Z12OR17720S194CK55K8396LHNUK0','1970-01-01 00:00:11'),(1149411874,1198256423,1632238758,'6KB271Y24RR287W287UEAZ0M93DJQ44O1FY7GJOQK576BY18JNV49M4S26Q17V8D865W84UNMSEUS5MGBZD8O43G30L6C','520R7F40P28W0EP3W06325P3J2','','','1999-05-03 16:38:38'),(1149411875,1968583232,1830381947,'A5MXT32C9TO61220JYS5KAAD7NWOU17396ZU53CLT3JG1H5X839GY884Q30X4HU23MO7X61QRS48FRUVX4HK70TQI513HJ8A85','D','','9O42IG26L','1970-01-01 01:27:40'),(1459484841,1689177195,731982476,'VFGCBWW4U482IB11I020WJU90PS0QEXA75M08X6IN7464B94E4ZEVR','74IOQ1P05J2Q391Z','','P17N22B66NRG2042J','1999-04-16 11:44:20'),(1459484842,1198256420,1417490394,'ONMATBITRO7FW0W919X56GN452R','R3','X3KS','LYZS9A56HO9Y65U172232E30XEK2F7B1IWL6','2019-08-30 13:28:01'),(1459484843,1968583229,1830381946,'MK3UW5IR4YKPI199PGT8','0PNDC7MGVI280NC714R8Z5ZQVWB4XZ9A0ES','U269W0219RHXO39R1','6S','1995-07-07 11:06:08'),(1459484844,2147483647,2045130310,'','62696B0','','UO45360I401S4AMO97K370',NULL),(1674233207,1474428829,378265030,'9206DR12OTTIVE5X5Z464M','7VQ68URS9HA7VRH29251GR77YS7081OT6O1F3954794765373725F','TRNKLEH129I600143U5675J8J26ZT1DVDZO74F7XKLL819AW46UOB29DY781O438M5I8NBQ2I4OL10H155A56YY5L14XQQ7O964DXM5VP799WQDU8M140Y8S9Z67U05RF87Q2ED4R346A58S1GTPTRH6W23LSN151OZ965162JLRAL27YP9T481K1W4JJ','7M2032QB1G9K13387VY1V6399','1970-01-01 00:09:08'),(1674233208,1474428827,731982475,'IZT51JLQ91K7HC2F0FA07C12G80CK827221A7M630L6U','34YB14RY21GLP5OA82XB69KLG60350O46L4M6HYUU716D885BCS98MU','7V2O4L1Y3I918QOC362W6H2C5TG65U8HKZE09','61','1972-07-20 20:33:05'),(1674233209,359262397,378265033,'VNPYO757S5UK87R20FR3DQ74XL3ZTCE4','5T3J','6H9','4Z16E14685F37832K6XMPWYRFR31K71L0503E5886YYQ5SX2P4JGSP426FG615007RNYJ8X10G17DT010','1980-02-19 10:17:42'),(1929974203,497198679,1014141184,'N63PU6CS4W3O71AGX0KZ642E479725I3','U7L','976848BP2D8E1TDZ38QIDURG36WHC8R28R4E0522O35N','KXB3KE','1979-03-19 14:28:27'),(1929974204,359262399,731982472,'5W9I0ODLVRSB3R94U9WW866','Q10A839UO3WOZ517BP9975H9686161V2TZH191AT5561','X7Q4X0YC5BB9C56027EJ4031002IV0AN0QP6N9Y5','S2XT96GF2Q4G048D','2006-09-04 06:44:13'),(1929974205,1198256422,1830381945,'VD8K29Q56R','2633C','19F47OF066','M4K0V2MA72MUQ40RQY673M793K14KMOVC4P412','1970-01-01 00:00:37'),(1929974206,497198678,2147483647,'','44','Z712P6Z3A9ALT','',NULL),(1929974207,359262396,1228889550,'ZA4665P2J8A52024C8O72','1HA8Z871','PU3TT77012O9X53M647Y91775Z20K5EQHX','','2006-07-18 09:27:48'),(1929974208,711947044,517234110,'6SP0GAN0I6Z449KEKKC8I75L90TY6S0H407','52','','62JE1L74N070ZIQ4ML61X3A45AT7VLLFJ2FS73LJ40','1970-01-01 00:03:09'),(2144722565,711947043,378265032,'','YOGVF3LB4IA43Q3Z493H93CTD0FX7823AK521C73D70G44','T4931ME7GZM21450F1515MWG4H6254Z1PWT78','T371K',NULL),(2144722566,983508058,1417490393,'64GOXLQH2A53A9H','5Z2O3O49RRU3679OTL8','4MYGS19H5H7QNMC5','37MG2A11A6AH863WS1PG1HDJW4Y6','1994-03-04 05:57:54'),(2144722567,359262398,1830381944,'NQZA0H2V55Z6N','0C8921S198H360U9763F90CWYZMTY9118M76C5WY4596I12TCDKUQSSA','5927IS3RH457U36VH96Q8157R','0Y12AXKA74V9','2003-06-10 01:09:15'),(2144722568,983508056,2045130306,'FG8','2P','52453XP1URO5ZLFVE26326849M553XATJOSDS58','5G6X1RDKT61DF','2020-02-23 21:04:33'),(2144722569,1689177194,1014141186,'','5FLSVYESJTMOLZ45B3D32HF96NISQ9870X988A','9OPZ','937V247E44GUZ9S1H5V9F2',NULL),(2144722570,144514032,1830381949,'','49HRG5UPN685ZAFX2763X9I9AVEW2','U7H924SOZ47955Z78D5B0WHWOU69U7I432R450U1AX1DAQM2O039MFTP3DX28Y49ZNW6NG6743SZ59WGN9REES8E4E4K11234AY3H71U587Y91Z611AD51B','1QIJIEI4T456JHPV5U1IKV06W401V634UY9ITOT93S3EP85Y1TWV61G',NULL),(2147483647,1689177193,163516666,'L841A92N9AXP8H111X09126CU6N6173U6F20U8D1F7L5Z3X','32N9BXB0R8139','','','1970-01-01 00:01:59');
/*!40000 ALTER TABLE `cb_post_naver_syndi_log` ENABLE KEYS */;
UNLOCK TABLES;

--
-- Dumping data for table `cb_post_poll`
--

LOCK TABLES `cb_post_poll` WRITE;
/*!40000 ALTER TABLE `cb_post_poll` DISABLE KEYS */;
INSERT INTO `cb_post_poll` VALUES (138179331,1198256419,59379382,1014141185,'1970-01-01 00:00:05','1970-01-01 00:00:08','LD9GVK',-1508080765,88,33,2,'1988-12-15 13:45:57','JR908RS3SO9L2XCZ59DT39BYM0BLBBD61G'),(138179332,1689177195,2042785070,517234106,'1970-01-01 00:00:29','1984-11-26 13:05:26','TW4E',-458278301,60,-119,9902,'1982-01-02 19:16:06','819Y6B4'),(138179333,497198680,994193109,163516668,'2002-01-17 21:34:06','1991-07-18 18:45:56','3MLI6H35XA503W9OF57987AL2KS325Q6QAJDHRX6ZS65I764BYH21T7UP82C15',-1787237819,-4,-8,-74,'2015-09-19 12:05:58','998D92ILI984'),(352927696,144514033,59379387,1014141186,'1985-01-31 14:11:47','1976-05-29 05:25:03','S6Z34NYM57U5BP6717Q89PDU7U171U9S19S839',76,69,-37,-9,'1970-01-01 00:15:43','C2'),(352927697,983508054,1828036709,731982474,'1970-01-01 00:04:37','2010-09-14 09:43:47','6419T1SQB2S2K2W6',-1901978094,-27,30,-337898600,'1990-02-11 22:11:50','03543K6F0SZ82028'),(352927698,983508055,1328345733,2147483647,'2011-05-10 04:48:49','1970-01-01 00:01:08','14H1WMM6G63772XSEM',-1939787846,-79,-101,-237344084,'1980-08-28 08:04:55','M791M81'),(352927699,1474428827,59379384,517234111,'2011-12-20 10:04:03','2002-09-03 18:08:48','929L',-25,-89,-93,-453369000,'1993-04-14 13:08:50','VG1PJ3J2'),(490518636,144514030,994193108,731982475,NULL,'1997-12-16 06:29:50','',-959359609,104,-42,471,'2001-02-24 14:26:35','U6Z3WZYFHK63499'),(490518637,711947045,1828036710,1830381948,'2018-06-05 15:41:26','2010-07-23 21:32:27','T68S',-105517434,8,84,-139408906,'1999-11-28 08:32:58','913SOO25MIWSDZG73NK59FSIJLZIJUQJ9A3H90F336IT'),(490518638,1968583231,1208941474,378265034,'1983-01-23 03:19:04','2005-05-14 15:17:20','3Q3',-3976,0,-66,1,NULL,'6N'),(490518639,1198256421,274127748,517234109,'2010-07-04 14:17:06','1974-09-16 00:07:13','53DJ1913BP6Q1N2',-1137282751,1,-123,-646918458,'1980-09-04 04:52:29','WXZJ'),(490518640,1753834868,274127752,731982472,'1970-01-01 00:10:15','2015-05-17 21:10:40','5213085ONPE8Q7',-937558992,-105,-8,-11198121,'1982-06-02 10:28:25','8183R7M5465K5KRB495RNC48ZM7OGSDHXSUR25M28387S58RM7'),(490518641,711947043,2042785074,1417490394,'1970-01-01 01:39:58','1982-05-15 22:39:36','9M3IBD5PPJGM2AI78C49U39THJE11U7QB4',-2472,-7,49,-1859765128,'1970-01-01 00:54:05','F8TNNAIBMPFDJ4N2MN0FL174O5G1G1QIO49ZCQ295W6XE'),(705267001,983508057,274127747,1228889551,'1970-01-01 00:01:06','1970-01-01 00:00:03','699I06KI963Z55I56M86P697HF84Z5',679,-21,-109,-1750617635,NULL,'5926'),(705267002,1198256420,605458532,517234110,'1970-01-01 00:15:37','1970-01-01 00:41:13','81M75L9ZYJ7X304B2MGT3T2F0255S72P4R5Y7GPB2521B1051VXXCN24XOPH681986FXEVORH058I',-1443699794,81,75,392,'1998-04-13 10:01:40','1B1VC'),(705267003,1198256423,2042785071,378265033,NULL,'1979-03-14 21:28:38','',-399411806,106,-1,-1024491064,'1975-05-02 20:32:28','ODFJ7018RBC000HQ0O3GQ1D3ASJY1RL5KS268AJ1Y3'),(705267004,144514031,1328345734,2045130310,'2002-10-05 19:31:31','1972-12-01 02:40:37','N1W715415LYIQ533L4T86ILM06Q5R7499Q5',-408627201,39,71,-580317883,'1970-01-01 00:00:08','31R5MMX0Z5VR7AM2O322H4GSFO8M1JO1O9U'),(705267005,2147483647,820206898,2045130308,'1970-01-01 00:12:22','2004-05-04 16:20:39','2OF626KZSK80995A0TUFRB0838FXORW',-808341175,-83,54,-1834393845,'2005-07-09 13:30:05','Z9D0RTKTM7CDCB2OYYF1'),(705267006,1689177193,1208941476,163516666,'1975-10-20 04:21:32','2010-03-12 04:21:14','K',-1779794274,-113,-114,-9373395,'1970-05-06 13:01:49','L32310'),(705267007,1968583229,605458535,517234107,'2016-08-02 08:45:15','2009-05-22 08:10:13','N1CJTV9J2JM8RIAKOZJ19BF8WQ4K6Q6V8J6U1P1X50376SUYQ0B78887EIM9D7540R78Y25OXU6NAWA57SR6ULW2YSX0W12ASG1UEK47T25WUS2430R819880O9S44S1PYBU7RDGB53K933950W6LRD737X7NH7BB0FTBMR594',-1520932461,-33,19,-430384000,'1970-01-01 00:01:34','5A9W7D2CJCXSDF74Z3S'),(901714256,711947041,1828036708,1830381949,'1993-09-23 04:44:48','2011-12-18 04:18:40','R65C2O160858L2',25,-90,32,-841744332,'1976-02-10 11:36:01','RRK96HCY0W613KOYELW726L553GGE37I3Q78EG7GFB3R07JZR6'),(901714257,1753834869,59379385,1830381946,'2016-03-31 13:10:27','1976-03-19 05:44:33','9B19PZ3OLCGFY1143E544B4FHD684YD8ZEBRAC0T8PZ02O8681EG8B83ITKGEIQPCUJ695SVC7I1HE43S5SV6HB1M21',-1243573551,117,81,-2021407288,NULL,'GHE202U41PNL5M3DEM4FU76P9L20P'),(901714258,983508058,605458534,1417490395,'2007-01-25 09:33:01',NULL,'DZFP58COWVJ63E2',-2126971317,78,-80,-1290074389,'2017-07-22 20:52:28',''),(901714259,1689177194,1828036712,2045130307,'2019-10-13 12:21:00','2007-08-28 15:25:24','I153JP3L14R54RTKSZQMO42KHLG',-4,12,-18,-1579547036,'1970-01-01 00:00:48','LV4W3S501'),(901714260,497198678,1828036707,2045130305,'2013-02-25 06:56:41','1987-05-21 08:53:35','5T4Y61',-1504429047,-46,-82,-362855887,'1979-02-26 04:50:35','K19P3W928TQZ9294X'),(1116462621,711947044,605458536,731982473,'2011-08-03 21:52:57','1989-01-06 04:07:56','WM3QSS971L80R49N5ACN490S66VA',-1485706813,56,-107,-813316921,'1970-01-01 00:00:03','VMYWGX24K0'),(1116462622,711947046,1208941473,163516665,'1995-02-07 03:26:05',NULL,'E07W',-610346194,71,-80,-324,'1970-01-01 00:01:40',''),(1116462623,497198681,1828036711,1632238758,NULL,NULL,'',-1435960877,36,35,-376752989,'1989-09-02 13:41:16',''),(1116462624,1753834867,820206900,1632238759,'2016-07-21 20:34:26','2018-07-15 21:38:38','97YY128TL08I85F1V',-1760523296,-53,-67,-1913743635,'1970-01-01 00:00:40','2V3CGZW89W5'),(1116462625,1968583230,59379386,2045130309,'2003-06-27 04:55:12','1976-01-13 16:05:16','3J9N2X446Z2T2P4903M2RGZ6X50F4HN50273L1D69HX80JBY005U0R34A0D41E6',-1656458607,-88,17,9385,'1970-01-01 00:00:19','9J424XA1XA0N4TNJ429Y'),(1116462626,359262396,2042785073,1014141187,'1981-03-04 18:08:54','1984-05-14 07:20:48','6074STU8Q',-1379007587,-86,29,1866,'1975-08-04 20:28:10','KB4YLYTXC1'),(1350243699,497198675,820206901,378265030,'1984-12-15 18:11:52','1988-07-06 02:40:55','0ZMEEQ48855F',-1558221603,55,93,45,'1982-08-08 04:25:41','6FU6OME12076171G3S3WM35Q55512AY227A58M'),(1350243700,497198676,1543094099,1417490392,'2010-04-28 20:02:44','1979-03-19 08:39:44','287TE4DRE75YIL0JZG884EN58IZ1',-777216223,48,-95,-4187,'1970-01-01 01:09:48','10BJ1S9GP'),(1350243701,983508053,2147483647,731982471,'1970-01-01 00:10:15','1999-05-08 02:32:30','23K508H45',-223385842,-6,-29,-710711760,'1976-03-05 00:43:14','T4D89F431L24'),(1350243702,1474428828,59379383,1632238760,'1982-01-25 10:09:42','1970-01-01 00:07:21','0JS5I6198H411',416,-43,-23,-412281822,NULL,'F'),(1564992065,983508056,274127750,378265031,NULL,'1987-10-03 05:56:14','',58,-34,69,-909297103,'1974-08-21 06:17:54','T'),(1564992066,1968583232,2042785068,731982476,'1972-10-24 22:15:43','1971-02-24 04:25:47','9KPPXBCNVEG6L5S443AB2',-864101717,74,-113,-67528114,'1970-10-15 23:07:44','5KJ'),(1564992067,1689177196,994193110,1830381945,'2006-11-18 21:29:11','1970-01-01 00:00:06','W83253SKJD16G63MMIT0TXEU99GHAO9N21RDE3WK4218K0EQ3N0VA38C32I0O1FG2G33GCG1NUABJ6',-1226223187,111,-37,70,'1970-01-01 00:12:23','6JGOAWPL185GS'),(1564992068,144514032,820206899,378265032,'2001-02-18 21:58:45','1970-06-25 08:16:16','6L7A5WT70735T6',-2070330792,-12,-40,7017,'1970-01-01 00:01:11','9MF3CP89366274H447'),(1871391821,1474428830,605458533,1228889552,'1979-06-28 11:01:26',NULL,'49LPBPPAR7RK683C6Y82',-30,88,-34,-901966511,'1996-12-23 15:28:18',''),(1871391822,1474428829,2042785069,2045130306,'1972-12-06 15:02:02','1970-01-01 00:01:00','71P4S723L93S90EZJ4R68ZTI23N1QHK69BZ973JMA9Y2B56YR9R5AXU74G0BY3300FX',5929,65,40,-111458167,NULL,'0JT'),(1871391823,1198256422,2042785072,1014141184,'1970-01-01 00:00:05','1978-08-27 16:53:02','EOJ65VI3E',-176506533,-46,-16,-396655898,'1970-01-01 00:15:25','8C3'),(1871391824,359262399,1208941472,1830381947,'2019-05-16 16:20:28','2007-04-17 23:48:36','R5K78RA719QXP61YIHD',-275365228,-67,3,-670880123,'1995-03-18 05:54:48','XOC3PAJ9EXGZ1JI41DOG4'),(1871391825,359262398,1828036706,1228889550,'1970-01-01 00:00:10','1970-01-01 00:00:09','UAJ8C14CGYKZ2UU7P81',80,97,80,-741089569,'1971-04-08 20:19:59','P8JCP4S92A37ZP42BZ4063GX0800L1P8'),(2086140182,1968583228,59379381,1830381944,'2018-10-10 02:17:39','2000-12-16 08:18:36','7RRYG2I6',-1001341854,-103,-128,-9971,'2004-05-23 17:55:32','B3BWC5Q0FL877JN8126QFU5W58MK4WL864R'),(2086140183,497198679,1543094100,1417490393,'1971-01-02 06:12:32',NULL,'9BF7GK1IDQ9O411AL77ET27G9D371Q0GG0T9M2VOE',-9215234,95,-23,-1839681095,'2019-10-24 23:43:44',''),(2086140184,497198677,1208941475,2045130311,'2002-12-17 19:06:12','1970-01-01 00:05:06','3NB822HP06T9YT9SV',-1195653248,-97,74,-1549508249,'1994-06-26 23:24:11','5Q8IMHL51K8GV1YP228LB9RQWU5E679NR95302MEAX9'),(2086140185,711947042,994193107,163516669,'2007-05-24 05:00:43','1995-03-26 20:35:33','J14AI912838HR64949J9N3H9AQ580YZ21',-1754036670,111,-62,-2109650700,'1970-01-01 00:00:05','J1YK878J7L99URM6Y54FF7L7WH'),(2086140186,359262397,274127749,163516667,'2015-10-09 13:19:54','1970-01-01 00:04:13','R8B77F150D0NONQ',-1170502262,-1,78,-94,'1998-01-15 02:53:54','G7BN216W2X1XG'),(2147483647,1753834870,274127751,517234108,'2000-05-18 08:00:14','1970-01-01 01:06:17','5S3HHGNSO4M360X2FU68BMZ903B4Y8H2O39XE4NAEUXIPGIN3Y0ORWOQ6',-1183282740,20,120,-68,'1970-01-01 00:00:02','3SGJ30K');
/*!40000 ALTER TABLE `cb_post_poll` ENABLE KEYS */;
UNLOCK TABLES;

--
-- Dumping data for table `cb_post_poll_item`
--

LOCK TABLES `cb_post_poll_item` WRITE;
/*!40000 ALTER TABLE `cb_post_poll_item` DISABLE KEYS */;
INSERT INTO `cb_post_poll_item` VALUES (5756,705267007,'7B',-1709513906),(5757,490518641,'3GMHM5XOD3TY',-2021067356),(5758,901714260,'US0JD91XO7M15IZ581H2OU83H08FJ701DVT8H857WUXIE1TTFS18J43D029Z26M79K3ZEO209BF0QVIWL207O1Q3T9E4XF07GU627ID2Z3872CLYG8YVY',-764677164),(5759,1116462624,'9NI5J69T1N96',-879096262),(5760,352927697,'',-2028297270),(5761,1871391823,'V4UKS2WM77OX20630035TO4F452IGT5DMA2L6HA62M0090U',-1522693278),(214754122,901714257,'0H51H968I091O76VK7',-1872491733),(214754123,138179332,'JMQ7L4PD9CJ467B5M976',-1069173915),(214754124,2086140185,'',-1527253244),(214754125,2086140183,'DP',60),(214754126,1871391821,'87',-497847134),(214754127,490518640,'16Z6OI',-659623280),(453248277,1350243700,'C149E',-720),(453248278,1116462621,'I5V6W4B0Q9W8M',-890410041),(453248279,901714256,'D393KB1J32KU2V064ZFUWO1P284Y561KFR8752PXWZ515G0MK8L86Y1WJSTPA4J9I7QJ6J85X1IUD5I',4736),(453248280,2086140184,'RH6A011O6Q6V08W3D0S1G78X0M0ZV815',-1310856391),(453248281,352927699,'D',-1797949378),(667996643,2086140182,'4WMT2EMXON9O85ZI5YKSP2519JK6O5FJ3V',-1207108441),(667996644,1350243701,'7U850N8AJEH7LB5',-764937417),(667996645,705267005,'FGD4R7YU20U4Y32E1CT76W4P746SBAC9A80PWU3O3V',9564),(667996646,705267004,'4I5U6H26SBR100DFWT6QKB566DU70SC7I1893K7QJF5',-836973757),(667996647,705267001,'8',-486),(940314193,1350243702,'70P446XQ166N',75),(940314194,490518639,'I8WTZ1EL1339XOO5G06Y1N3HR961S1D98S7T1NO44HHJL4BVF570A4KZG3V7MM',-477165304),(940314195,1564992066,'T68ZAAZJA1ZIN11IC4B',-173733725),(940314196,901714258,'6H3GQ',-10),(1155062558,1871391825,'O6M095E08LJP8B1OOHE2A2SJ2Z79MX32E7P1632N8PWS9KJ8OLO6PTU7MPG6X2LC528K55',-42469005),(1155062559,1871391824,'C9JT6P16',-501609738),(1155062560,138179333,'2L32A286Z9DEMBU71B0C670',-1269053815),(1155062561,1116462623,'5QIB2K6A3LP35J44B3E74J724SEAE499R72EH3W968XC9P26YC205AO501Y7028',-981862581),(1396084512,1116462625,'S5D20',-927727465),(1396084513,1350243699,'O2ZZT36B32U1B0GTP87606G',-1799760308),(1396084514,352927696,'C57IFY8364NC5SR6G39LQ4TH01R648S05S6E3W3',-66885812),(1396084515,901714259,'009AD990J6CBS9QJD66I1H6K7S3FVB8IB',-445),(1396084516,1564992065,'85PK2P92633Z2E9J2O9JS616940NY27XZ21',-1747109452),(1610832878,705267006,'',2),(1610832879,705267002,'O610GQG22YGVW1WH2',-77),(1610832880,352927698,'5327GB7Z4315575594F4NN9HKMS072408O610I8X5992',-2024672397),(1610832881,1564992067,'9ENZ1C70I9',56),(1731625162,490518636,'526014F8EB06H28K7XDFQ',8),(1731625163,138179331,'A2',7693),(1731625164,490518637,'VZR74WFPO8AMZ236',-1689716341),(1731625165,2086140186,'REA4WWOBRG49O0138335T36Q34NS',-1125305698),(1731625166,490518638,'HNY6118BP776GGO1127852V34F2E67J99ELLIO35JWY6Y',-1309139710),(1946373524,1871391822,'V7R79S953HWW05',-154582129),(1946373525,1116462622,'MD95K9GC55SUZMRDX4QH0HS6YW',-519777533),(1946373526,2147483647,'BIK1CDCHT7YFQ4W090LPG1V6G83Z1F4XKAAWAW1RS2Z0S41Z8E98J368TYFH0535LIWM1G666YN2817T34V45JQ3671A8TT6ZK57Z3JPC6574PF7GWA4MD99Q8',-1393489908),(1946373527,1116462626,'G8LQ',-2111164208),(1946373528,705267003,'K',-2015931403),(2147483647,1564992068,'3DVL208LGBZ1990',-784714234);
/*!40000 ALTER TABLE `cb_post_poll_item` ENABLE KEYS */;
UNLOCK TABLES;

--
-- Dumping data for table `cb_post_poll_item_poll`
--

LOCK TABLES `cb_post_poll_item_poll` WRITE;
/*!40000 ALTER TABLE `cb_post_poll_item_poll` DISABLE KEYS */;
INSERT INTO `cb_post_poll_item_poll` VALUES (95542457,2147483647,1014141184,5756,'1988-06-28 04:03:33','6BYJ318P81R8BX'),(95542458,1350243700,2045130305,453248280,NULL,''),(95542459,490518636,2147483647,1731625163,'1970-01-01 00:13:12','1N086ONR9RL6A70U'),(95542460,1116462622,378265031,453248278,'1988-08-12 11:02:04','IG1'),(95542461,705267001,163516666,1155062559,'1970-01-01 01:44:00','D0R995AGUS6EO5M'),(95542462,1116462623,2045130306,1155062561,'1986-03-11 13:15:02','Y313Q33D4EY0NU2M6533SX2E0E156UJ1IXIA3W7TAK91QM9Q9Q'),(310290822,1564992066,378265033,5757,'1974-05-27 13:14:46','8C4F71LR69BPM8N00B8DQV5055MF3I95746'),(310290823,2086140186,1417490393,1610832880,'1970-01-01 00:10:45','97UT08071HV4SF2'),(310290824,1116462621,1014141186,940314194,'1985-10-05 11:55:39','2Z4603KI'),(310290825,1871391821,1228889552,940314196,'1970-01-01 00:12:37','6N8DI2H'),(310290826,1350243699,731982472,667996644,'1970-01-01 00:00:09','WA29A6X067CD659C'),(310290827,2086140185,378265030,1155062558,'1991-03-19 21:41:28','5903LSHT40TIU9NXT2AHWT78'),(567139908,2086140182,1830381947,453248279,'1994-04-13 17:08:58','YPFQXGYNPG46U6OLXV21A1XY2S7WBR3KQ1P5V7Q2O20ILNV16'),(567139909,490518638,1632238759,667996645,'1982-07-12 17:04:51','2483M7U'),(781888274,1564992067,1014141185,214754125,NULL,''),(781888275,1871391822,1417490394,214754124,'2016-10-10 02:56:51','ZJQ0NEM3626'),(967901815,490518639,517234108,667996643,NULL,''),(967901816,352927698,1830381945,5759,'1970-01-01 01:31:19','7'),(967901817,1350243702,378265032,1946373527,'1979-06-15 03:46:14','15T8CX'),(967901818,901714260,1417490392,1396084513,'1979-06-09 08:19:09','35207XZ79'),(967901819,901714257,1830381946,214754126,'1979-03-10 19:19:02','8V3BN04SM7270CWY307O3PU'),(967901820,901714256,731982471,214754127,'1970-01-01 00:00:04','488FLW92N3CA0483D44G'),(1182650180,490518640,1632238758,940314193,'2011-09-10 15:42:19','102NC0'),(1182650181,2086140184,1830381949,1731625162,'2019-10-16 04:36:36','BA32921AHN473J9A0875'),(1182650182,1871391823,2045130308,1946373525,'1970-01-01 01:42:35','35919SIHZ3WUJWHKR24947S3FI1817YMY36FOVXNUFL4SD65PL'),(1182650183,705267007,1830381948,1155062560,'1989-04-25 23:26:02','3A82BG8UB1'),(1182650184,138179331,517234111,1946373528,'1970-01-01 00:41:10','0L50F'),(1182650185,1871391825,731982474,1610832881,'1983-06-28 17:31:17','4'),(1428438591,138179333,517234110,214754123,'1977-05-05 09:10:36','W6GU81BN17JA0B0D1T7J78ZM82E85M15'),(1428438592,490518637,1417490395,5761,'2007-03-23 08:30:23','517G1NT91ESL8796LR2196ZP69T1005JCVK8N7G75A3727QA8T'),(1428438593,2086140183,2045130311,453248281,'1971-09-18 14:58:04','LBYJ'),(1428438594,1116462625,378265034,1396084512,'1970-01-01 00:15:31','K'),(1428438595,1116462624,1228889551,1946373526,NULL,''),(1643186957,705267006,163516667,214754122,NULL,''),(1643186958,901714259,1014141187,2147483647,'1973-11-16 05:09:47','T090AQR034HDIV1D39CCH9C6LOS'),(1643186959,1116462626,1632238760,453248277,'1990-08-31 23:46:13','6KT6Z63T3E'),(1643186960,705267005,2045130309,5758,'2004-06-30 22:44:41','OUXE'),(1643186961,705267003,731982476,1610832878,'1982-11-05 07:26:49','9FL'),(1744685320,705267004,1830381944,1396084516,'2015-09-20 20:28:23','K97HZG02'),(1744685321,1564992068,731982473,940314195,'1970-01-01 02:43:05','R277K'),(1744685322,705267002,163516668,1731625164,'1970-01-01 00:05:14','X808ZLHH4'),(1744685323,1871391824,163516665,1610832879,'1998-10-15 22:11:38','MY616B'),(1744685324,352927699,2045130307,1396084514,'1970-01-01 00:00:01','GARF7U323MM2H7GHQ8OJZ30B0PD3F6J31'),(1744685325,901714258,163516669,667996647,NULL,''),(1959433682,352927697,517234109,1946373524,'1993-01-18 19:31:38','C'),(1959433683,1350243701,731982475,1731625165,'1970-01-01 00:15:15','19FLEZ32XHCO0T176110X42GKAZ039'),(1959433684,138179332,2045130310,667996646,'1978-10-06 05:22:29','FG80'),(1959433685,352927696,517234107,1731625166,'1970-01-01 00:00:58','640Z2RX0FOQ5GPCDPIEN8E3180W575RXYW4YUJ'),(1959433686,1564992065,1228889550,5760,'1997-09-03 11:44:31','W26XO5'),(2147483647,490518641,517234106,1396084515,'1991-02-11 23:52:14','6OC39624WS53VUXU69T2MV5');
/*!40000 ALTER TABLE `cb_post_poll_item_poll` ENABLE KEYS */;
UNLOCK TABLES;

--
-- Dumping data for table `cb_post_tag`
--

LOCK TABLES `cb_post_tag` WRITE;
/*!40000 ALTER TABLE `cb_post_tag` DISABLE KEYS */;
INSERT INTO `cb_post_tag` VALUES (9,1198256419,59379383,''),(10,1474428830,820206901,'BE'),(11,983508057,820206900,''),(12,711947043,274127750,'53GYYMWW46730S3T2'),(13,497198678,994193108,'2YI8V4882UH'),(14,711947046,2042785072,'9'),(15,497198677,274127749,'9W59CAG2CY6223071J4TO296KB0XE3E446D3GMLSW66JA027ZN14S6'),(214748375,1753834868,274127751,'7YI'),(214748376,711947041,1828036710,'GHRH8M7W820J620094'),(214748377,1474428827,2042785074,'6UJ8T0DOLNH5CYXU7'),(214748378,497198679,59379382,'F7N0QU4X5WR4H2339'),(214748379,359262399,1828036712,'5V8I756OP'),(214748380,1474428829,2042785071,'PY58WG'),(609531098,1753834870,274127752,''),(609531099,1968583229,1828036707,'17A57Q2Q6QE7VG2P23MT16XT41FZ3I184'),(609531100,1968583228,1208941475,''),(824279463,497198680,1828036711,'V6771XIQ97926LF26N5X79W2A9'),(824279464,983508053,59379386,'7GXG1PI3P6KCYX6VG1T'),(824279465,1753834869,2042785073,'9Z6682338L7MLE5V6E5868H7427QZBH5YFQ979I5XI5IMUBT24C6XY7'),(824279466,497198681,994193107,'6LATC3L6G8CGQ32I2BTYTB80211GKGU270RG2ER24UC8'),(933463763,2147483647,605458532,'72YS937H32W0PDUKKE82S6P5A9PRKXWB461SVIHI00H9'),(933463764,497198676,1543094099,'7CI0GW1V2L'),(933463765,144514030,2147483647,'5IK18I76LZ66'),(933463766,1968583232,59379385,'K42026A723WQP3F0MV15T1UH'),(933463767,1689177196,994193110,'66N550819QF87A5K1EM87GGE0AXURSE43LQE416P419J108LYIKS9J3LH112DSIG2K3M7QCL1EI88'),(933463768,711947042,1208941474,'V9KDPQ83K6887Y96VKQ'),(1148212129,1689177194,59379384,'WJ0NC8CF7320I920YG712RI469108'),(1148212130,1474428828,1828036708,'2F2000Z7PVU5FQ765MQ81O0ACN8T0L8U1A5LWA585G26W66CHHT1AI97K2018GKI91UYZQ1'),(1148212131,144514033,994193109,'D3'),(1148212132,1689177195,2042785070,''),(1148212133,1198256421,1328345733,'249TJN9TQMVJJ84063OYQ3BIL53K96CF607P483VJ8SV2CFVWII3I98A814ST610C8HINK7SGHDI68490JH52807H4L3964W0L186'),(1300080565,1198256420,1828036706,'T87L'),(1300080566,359262396,820206899,'Y'),(1300080567,359262398,1543094100,''),(1300080568,1968583231,1208941473,'212Q'),(1300080569,983508058,2042785069,'S30C81R635716'),(1514828931,497198675,274127747,'0W361XOO884XRV7YYXA283WHN8D11T08QZD3SIT'),(1514828932,983508055,2042785068,'HM'),(1514828933,1198256423,605458535,'M30LE396TXLTXU8SGHMH01I699H799ZJO'),(1514828934,711947045,1828036709,''),(1514828935,359262397,820206898,'4Y72'),(1903888168,1689177193,274127748,'35IEU376T5G94ZVJG0M26WXB7JE7QCA8S'),(1903888169,1968583230,59379387,'SDK75MXMWNF8VF'),(1903888170,983508054,1208941472,'BLRX8B9I46IUWT5079O3I2F3939U0K9062F8KQH715F'),(1903888171,1198256422,1208941476,'GGR4922772G75J822F8CX361UHZ22VH43UM0W5FCLEU5BR40'),(2118636529,1753834867,605458533,'V3Z0D8O8SZFO4ESW1DL546O6LC1610L56I75594BQL0Q8VS043147CS33'),(2118636530,144514032,605458534,''),(2118636531,144514031,605458536,'SUU79C37QGRQN6O2H9X557Z1G'),(2118636532,983508056,1328345734,'9503Z6WOW7592QXKCX4H9U3252DZDCM715DY8CRQT0J356P178TY5N19B961IC7O2487DT69R8YFT4O69H4HF'),(2147483647,711947044,59379381,'8DZVHGS0N328R4986');
/*!40000 ALTER TABLE `cb_post_tag` ENABLE KEYS */;
UNLOCK TABLES;

--
-- Dumping data for table `cb_scrap`
--

LOCK TABLES `cb_scrap` WRITE;
/*!40000 ALTER TABLE `cb_scrap` DISABLE KEYS */;
INSERT INTO `cb_scrap` VALUES (52905703,163516666,1198256421,994193108,1014141187,'2018-07-20 20:05:00','3BF7CU3078'),(52905704,378265032,144514032,1208941475,1830381944,'2009-10-31 16:19:31','29C3TOE8Q1677P9F56Y597J95B64XZY38VERF1IIWR2X4E749HOE0C2LAHC2P14L7'),(52905705,1830381945,1753834867,1208941476,517234109,'2017-10-16 16:33:57','6N14H80'),(52905706,1228889552,983508053,1828036707,1830381946,'2006-03-02 02:02:56','J4L2S'),(52905707,517234109,497198680,1208941472,1014141184,'1978-01-02 04:19:23','L4ZIXDUJ5T73PINIA0AL947514S8'),(52905708,1417490395,711947043,2042785069,2147483647,'1989-04-10 02:16:26','M480R3656'),(267654068,1417490392,144514031,820206898,731982475,'1996-08-12 20:16:07','0'),(267654069,1228889550,711947046,1828036711,378265033,'1970-01-01 00:00:08','5R3N'),(267654070,517234107,497198675,1328345734,378265034,'1970-05-01 03:13:42','23ZPZ18XEA54NI54U7HWES35EWHA13A5C6L4Q957HE52B308E9VV51U8O05S47O9863115'),(267654071,1830381947,144514030,1828036706,378265032,'1980-07-30 14:06:24','ZZO37JN1540C42YT3I7F440W5E9R46IGZIY'),(267654072,731982474,1753834869,2042785073,517234107,'2011-08-11 14:01:34','P617MDUF4Z8D3LI'),(267654073,731982476,1689177193,1328345733,517234106,'1989-12-13 00:41:58','YXIYO'),(643759605,1632238758,1474428830,59379384,1228889552,'1970-01-01 00:00:57','3QZPN9L1M9Y'),(643759606,378265033,497198677,605458535,1632238760,'2009-08-09 16:37:55','FRS26YPLT0W5SG514H5TC66MD6HJFPWKZ5018826683NOTFC0786Q12SE9S8ZT67PPSTY5E1E2198077774SM22UA7II7LRZN3541F985DYOAVVAO569GQCMVG2C621E8D0O11B6D'),(643759607,731982473,1968583229,59379386,517234110,'2012-10-29 13:20:41','4FD057PKVSN7X7H'),(643759608,1830381948,1689177195,274127749,1417490393,NULL,''),(858507970,2045130305,983508056,59379385,163516669,'2010-04-06 23:24:21','62ZJVST7M854ONVAH5'),(858507971,1417490394,497198681,820206901,2045130308,'1970-01-01 00:08:59','Y08B34QZC4XJ22K8LZF106V'),(858507972,1632238760,711947042,605458533,2045130307,'1970-01-01 00:00:09','4CDSUZOS829T892DU1ZYR6AYDI0399OWW56WWN096J028JDO58CH90Q37Z9F'),(858507973,731982475,1198256423,1828036709,731982473,'1970-01-01 00:09:50','2FH5AEE3NQ2SXQEDDJ405W1IZ82F08625N7F'),(1034089374,1830381944,1968583232,2042785068,163516668,'2018-11-09 13:51:29','Z295BQ59WR6MK63I47YALLJ0W050UHD6AOM8NY21IMZ6643ZDHHMQ7M885ZT2PK4'),(1034089375,2045130308,359262397,2042785072,1417490394,'1970-01-01 00:00:04','148HI8C652I'),(1034089376,2045130310,1474428828,820206900,2045130310,'1970-01-01 00:27:53','YH823'),(1248837739,378265031,711947041,274127747,378265030,'1970-01-01 00:14:27','C20V3TRS928SZ'),(1248837740,163516667,1198256420,605458532,731982474,'1970-01-01 00:10:52','V2675K1EBRAI2NSZH6Y43DPQCU275E46H2ZF4'),(1248837741,1014141187,1474428829,274127748,1417490395,'2007-11-21 11:14:10','O247DW3N1GVAS6259Q9U6REI4YD68NESQ'),(1248837742,2045130311,1968583228,1828036712,1228889551,'2017-12-05 10:56:36','4RU354IY67IJC66D2XJD'),(1291886686,731982471,359262396,1828036708,517234108,'1970-01-01 00:00:02','64622X5561TDI'),(1291886687,1417490393,983508057,1208941473,731982476,'2010-03-24 12:25:24','91ANX36765219OS5IMG6230782859F4D96ZJ54CQG3V40Z847I'),(1291886688,1014141184,1689177194,2042785070,517234111,NULL,''),(1291886689,1014141186,144514033,820206899,1228889550,'1997-03-28 04:54:06','9KTU0XY2X0LEJ0C71Q4S1WY69CN09Y20AR605BRZ'),(1291886690,1830381946,497198676,274127752,1830381945,'1970-01-01 02:13:44','0PB91EUO0C657Z45Z58G'),(1291886691,378265034,1474428827,2042785074,1014141185,'2019-10-29 15:41:58','1037VT199817RRE201J5SN6RJ62F455YD4YD8L1HW760P0RGKF9CU10W8L'),(1291886692,517234110,1968583231,2042785071,2045130311,'2002-06-21 14:26:41','J21Y4A7981B0NPQI84AWKIG7E13TR6QK24WSX5NP158QO50L1T14M5D5RE46B8PX2Y1Z0E'),(1291886693,517234111,359262398,1208941474,1830381949,'1970-01-01 00:50:51','9OBWX0RA693EHLB785688QCLHII87H55E51689279UYPA3AH7H2HRZMYWK6KG1Z98DAJ2Z'),(1506635051,163516665,1198256419,1543094100,731982472,'1980-01-13 21:14:03','98PP2'),(1506635052,517234106,1198256422,59379383,1632238759,'1970-01-01 00:51:47','4F16KA2ZVE3OHQ'),(1506635053,2045130306,1753834868,274127751,1830381947,'1971-08-20 21:31:27','J491D98Y2455X90C07599ELDBP4CM1'),(1506635054,1014141185,1689177196,1828036710,731982471,NULL,''),(1506635055,1632238759,497198679,994193107,163516667,'2015-12-05 09:20:59','Q8I98V'),(1506635056,163516668,983508058,605458536,163516666,'2017-11-27 19:23:10','79K'),(1506635057,517234108,983508055,274127750,1830381948,NULL,''),(1506635058,1830381949,1968583230,994193109,378265031,'1971-04-06 07:20:15','5OAM0BE46K'),(1832587757,2147483647,497198678,59379381,1417490392,'1970-01-01 02:22:53','E861PN5TH4694XA'),(1832587758,731982472,983508054,2147483647,1014141186,'2014-03-25 04:40:53','FQ00P26RNJTPT54ILXEW6'),(1832587759,2045130309,359262399,59379387,2045130305,'1970-01-01 00:00:10','T91CZRB80EF9339S0K83284S63L01U1ZH1W7JQAE8H67OG9Y69GEYWN335189264OK45E2I6670461301HF76I18IDWAC40585E59S8B0OA26'),(2047336119,1228889551,1753834870,605458534,2045130309,'1973-09-23 21:49:49','34IT254PUY6UK4DWZ2NJ2F3T7UHDUN0I8I8M109O'),(2047336120,2045130307,711947044,1543094099,163516665,'1992-08-17 09:18:58','WQ4RF86FO877R227LY0GX'),(2047336121,163516669,2147483647,994193110,2045130306,'1970-01-01 00:39:33','8I962S3ZX69498HZEI9X76EY8GY2O3ULX26M6QMXJ7L50X46SLP832NL6IOZ5L6Y1'),(2147483647,378265030,711947045,59379382,1632238758,'2016-07-09 20:01:03','HLFY20X973');
/*!40000 ALTER TABLE `cb_scrap` ENABLE KEYS */;
UNLOCK TABLES;

--
-- Dumping data for table `cb_search_keyword`
--

LOCK TABLES `cb_search_keyword` WRITE;
/*!40000 ALTER TABLE `cb_search_keyword` DISABLE KEYS */;
INSERT INTO `cb_search_keyword` VALUES (147645845,731982471,'U380PM0759CHEBX53','1970-01-01 00:00:04','SD64XS7J7V2T85'),(147645846,1417490393,'0','2012-08-11 19:33:55','SR52ZPLUEX86GR68N4B93LQ7Y7VI4200FM0J48LE15109J4E1S'),(147645847,1014141185,'GR8J89M769Q8GEEC13039G30D7137187KLNMW12L1486XE502Y1T5','1976-11-16 23:51:33','7P2RLB7Y'),(147645848,2045130307,'8X96Y7LQ45S424860286M725593QY12T78','2006-02-23 20:41:15','F2LX6F1CXO9'),(147645849,2045130308,'23608','1970-01-01 00:16:26','8997WV'),(147645850,731982475,'A25DL','1972-01-31 03:41:38','VCWT49X9G0N8'),(362394211,378265031,'12D59YQ0M1OO','1970-01-01 01:42:43','45E98X923355'),(362394212,2045130306,'HLX','1970-01-01 00:00:21',''),(362394213,517234107,'4RGNF142ZZW7BPV247Z4883','2006-05-15 10:08:28','A'),(362394214,163516668,'ZT23S737084','1992-04-21 20:39:43','TFX1796C4N3O5MRYG0893J12485LX17J473JD'),(362394215,2045130309,'AKZKCI78723X5SYZ7346ZTTR22REJDY','1987-07-20 07:42:45','FXQP3Z3X01C7177G'),(362394216,1014141187,'K2KCS9E9370PG5AALE0Z1Z615K693535T44JIXY5','1973-04-17 04:54:27','M629WQ6YF198570S7'),(619156984,1014141184,'',NULL,'0S'),(619156985,1417490394,'I4O028234F4J055','1979-01-24 17:58:37','8J5D0'),(619156986,731982474,'5E4V8','2015-04-12 05:13:04','86O9EAEW3E7L88A7P18I5RF2'),(619156987,517234110,'I0O6C4950R3YDJO8448SQ659OC4','1973-03-28 13:19:34','PKSX2TI3SK18NM5UF4TQX441'),(619156988,2045130311,'',NULL,'0555OEPC58626O3SEP9409U9IEFQBD60676716O74AJA5V4H'),(833905349,1632238758,'N9QV2ZXBOEXP4VBMSL6RJPNTLG2CJNZPZT9XNIKE1AVQ5BLBR1G36RPU6N3KM460WZ1E4Z90YOA6K92N9J648D7N','1970-01-01 02:27:31','P61X5'),(833905350,163516667,'00423G2','1995-08-18 19:06:36','5Y61RK5G7QDZI7DT096WUKPTI6S417'),(833905351,1228889552,'X44493749XVC1FLR67F861VQ5H9GEG5BX6R1','1970-01-01 00:15:11','6D9FETM8LR2YZ782TZ0P655086BB63MX6W3376'),(833905352,163516669,'',NULL,'0X1P71XJ6J'),(833905353,1830381949,'989CD32K8NVTPYT5P','1999-03-14 21:40:46','8'),(1001140011,1830381944,'VL6YM8F71I5FM125L62A6UCZ80358O7H','1979-07-29 11:14:57','QI0V5K1BE74B2C5URO7DAWTQ05'),(1001140012,1830381945,'R','1985-09-02 11:38:12','EG797E85WKA756'),(1001140013,1830381948,'',NULL,'1AJ'),(1001140014,731982476,'15A3B','2007-01-30 20:17:30',''),(1215888376,163516666,'L3G22M48MS5R0DG1020B923Y8','1974-02-11 14:27:55','34FZ61FCL9O4G8'),(1215888377,378265032,'L7','1978-02-12 08:06:30',''),(1215888378,1830381947,'BD0KM44ZD6T6B25Q1665Q50','2003-08-11 00:15:19','57T4'),(1215888379,2045130310,'T9ZPY62894DF3G2O53Z84B510GC08XT1QB34WYYSTR38494A2U','1978-05-29 18:35:47','F20Q974GRUQSY02HW7I2F0BL43PM4FTN7F72D22FP9W'),(1215888380,517234111,'W3NX005','2000-03-17 16:03:11','9Q'),(1397392333,1417490392,'7','1989-06-29 14:40:37',''),(1397392334,163516665,'38R1358UEN7U4AAEL3014','1993-08-20 05:13:13','4Q'),(1397392335,1228889551,'3X89296Y31J6W84Q1','1990-01-02 14:26:20','TE9CXJLMIM0748258FH86SP2KP16UZ4075QQ164JHN573Y7624'),(1397392336,731982472,'7OP165K9','1970-01-01 00:12:57','73'),(1397392337,1830381946,'50N03D4I4BJ09SJ1946W9N','1972-03-09 13:56:27','3GB10FDXP7UVF1W51N9M6XZC97MY31'),(1397392338,731982473,'',NULL,'2ABP5M'),(1612140699,378265030,'32K790MBC6OJL9A7IK','1999-04-24 20:54:07','NL8'),(1612140700,1228889550,'',NULL,'71772P4VY6353Q'),(1612140701,1014141186,'H4090523M5BOD9LF969G95X689KC63OF1933SPNME7Y0V','1970-01-01 00:00:04','5WNYWM0QQMW5023162FAI'),(1612140702,378265033,'8G9699FZYQM18492T3G1KE5Z7FH91Z484UY3PKV64049','1977-08-30 04:42:04','4Y8KA335RSRL171IGSV628EOVHIQ0RB60G4'),(1612140703,378265034,'812GM05TE8X1X12E6LRHSN1I2OSQQNJRKU4E009Q7P2E6C0Y23WIX37F68C57FC','1970-01-01 00:00:27','SAJ6G0NU555D4FFA9G69WWTL00CFCGAG4283Z91VBB97210785'),(1774005375,517234106,'3IP48','2018-11-12 04:03:38',''),(1774005376,1632238760,'81956CHJH73C84C5F294K9P33T','2017-03-28 19:45:04','3672M7ZK9D1'),(1774005377,517234109,'9NLEZ078V4J8Y8WLR','1970-01-01 00:10:18','1'),(1988753736,2147483647,'Q8R918M5Z4716ZT0V1K6J5I0W54IDA6H8SS329A3B4H0','1976-05-20 13:59:59','N4EUK5'),(1988753737,1632238759,'5D2ZI83G6M064S0710YB34O1K172Q1RFL08O08ESM69H72Z1P6G3IN3UDE3U','1984-06-18 09:20:22','ONATRQ6P87240G296J52542X57OA3IEWRQVG7'),(1988753738,517234108,'POB61EFXWXJF05A5865W994RGRW94VO2S1R9H9U34E9V0T92408CSIQL955UVPKZ39J9J4069Y0DL0F9JCDWI35A08437G','1986-06-11 20:40:43','5R1'),(1988753739,1417490395,'2XUUZ0','2004-12-25 07:15:12',''),(2147483647,2045130305,'SQ','1976-05-08 23:39:10','8LW885L57133ZYX8D3NW6TH008V4N1W78C71QW19G5P');
/*!40000 ALTER TABLE `cb_search_keyword` ENABLE KEYS */;
UNLOCK TABLES;

--
-- Dumping data for table `cb_session`
--

LOCK TABLES `cb_session` WRITE;
/*!40000 ALTER TABLE `cb_session` DISABLE KEYS */;
INSERT INTO `cb_session` VALUES ('','VARA1ZC66AQ7K135E89AYL2KA',-1683346101,_binary 'VU\0Y 4\$EOt>\*uOI\{5k\\\\[0eI\0^\AQ.\%GXTF8z\\'),('008DD52N71M2P83591QZ839X68G4FHA45JWQ7815N51943148E5ENN0G0F1RG2GJ6XGF','3',-1905122127,_binary '	u\F\S\iFX%<e7+b\eGf\\v *qP\\"CpzC<(v\0S->_ez&\\v\<\\$3\!\\\Y[\\(`xG\q\\\"E#)>2/\0%F\sb65\2\'),('0122JBJ8HE5503J3G4Q802G41VJFAF749','MB',-584963864,_binary '\j\ENo\\-X\mq\'),('03X15IML3ZVOK52Z1BA36P6KH573','',9,_binary 'NeWK\'ZS5,u\\Y[\|	6\\{=\	P\FpY8\\\	\\1=\\0l)<\nt2\06}kP$_\\^#\\\\2\n*I\	vwv,e	6N\n\'),('0724160WSZNREYVQQCGQQA507U4O4C732R020229UODLBDQJE0','MY0C4Q4',-1147729142,_binary '\nRC\\/2ct<\W4JS\C\\'\nL]\\0E4ZhFC\P\/x\-\l@@v	b\\\[\BSQSgXnsH!{	+L*\4C\1J\'),('13K801JCHVX0','Q6KD9QI0DKHX4',-8860,_binary '_\-\R(\~\\ke`\k\D\Z\W\b#H('),('1N03DX84G','875',-9743,_binary 'e\rC\\zIf.\\fh('),('201E4IT4BLP28MQ1234X3403ET3HB','XB660',-778197536,_binary '2j\fj\	,;~}`M%\Z`_vTpO2B@-=[\\0(\W^E\.C[\\n0\Z\kuDRx\r$>N<\XI>^\N)grwD		f1{v+AQM)y3'),('24391K1G59H41F13MRR6P93STNLP','S0JYAE5DI1167WW',-956743560,_binary '.U\wpoXQQJ\T	\:\XN\CIZt4U;O\Zm\n\=S}\&G\,\xT#0c&\;D^PK\PG\#iA\r\\\,M\O;\\Xc\C'),('27A9FK2OI4N83','',-123750435,_binary '`jwU\\\@\0 j!	uaD{\\c\%f\09\nd4R\\\OM[7~Pr\\cHJs\%a~\\		\pm5};\)u\8Qo\\\\n	\0$;i\\\\|\L\kW>P}*H\\mL\0\ms56O\T\	\pH#\\0\ek'),('2F7U6H31R408D1Y9QH360RMB7846P223AWHAY38ZU335M9769SG6F8P6M5DVR10Y65926WGA905M268C5X9P1O70EYX541','1',6668,_binary '\\\q\4\_\j\"	\\,c:(97(\;^\|Z\\7EzS;gH?	On::a\<\Z\]GRe-\<J>\U\\\n3\J\H_TK3C\\	\\b4\n\/`'),('2K5P8N2L8LB5U6X','UB534',-2121279134,_binary 'Yd\r6\4B\\e'),('3','KY2B3I0Q',-6,_binary 'a+qe\0;\;D\*\'\\\'\\0&T{N\nKYFn\Z&cD\\'x\\`$\\ZC[&\rDR\D\-\kpN\\%Tm\	v\0FAOCGW0\iEp\0zo\	\\b*U'),('3SZ69SJW25','8ZZ52',-344089184,_binary 'MR\\Ny\5\!Of\\\\\\;`G\\Oy-\[U\a/O!m=,Z\f|NqF 1\+dP{\n\8\";\9\%\?\0\\-+fZ\Y9H-'),('4','556C',-1756058174,_binary '\r\N\v{%\\oN\l\0NA\}A	$U2apZ\@\).=\d\\nKn	@	'),('408G2GKS0EVCUXLXMARI6HS5G','SK',348,_binary 'h*\W\n\\0\'),('46DR3728897','A6BU4V',-1907969620,_binary '2d'),('4D635NJZ76YPPG7','X',6,_binary '%c_>46o\;)a\	8\	='),('4I4B53A8WUNI740A76XVWXMT4M4YD3MZY451XWZL95ABU3196N07M4B67269CD96TZHYJMOH071WXV19446U3JI8ACA9FC20K08PTR88QNR9321VBX90S872','AQX376J4',371,_binary '13YM\]6pBi5\i[z\\":\mJ\L\\< pD\	\\|\\'),('4Z7PEPLPLG7J88I4YIVCA12D673F054VI71NP72','2H14B1JDBT7A989711M0GC',7,_binary '[\\y\\\\`)<N`\n\\'-\'\0]_Scz7\O*\0nS>cIMD\/	\\!mOsAF:\92Fgi`'),('58OYW3BM9368KU80Q3XMN60J8S8OCE4TR0LK2Z6C3K','LO02T39',-120826317,_binary 'V+\\k][\r>	Z`N-*aG\N\^w'),('5B469S9YNR899369','',-318672866,_binary 'O\\@\\k_\S'),('5DIU6X69227U','7',-587019414,_binary 'F$\BDW\Z\6@#\\Jdpn]V\^\\d:\\\;w\f\\j5[3>\x~b\0^\0\\\d\r\"zw	\h-p7\dS+f.Kk'),('64XRU3G108G9T1N','CT',-1830286991,_binary 'R\\Vw.\\	\LLJ0N}\\\n6R\~\8)m\'),('6FS0D02209V45788LTA31K523JZUXPJVM0S3V173VORY2VL3SJ7','54LK',-1822388807,_binary '/\.\'\\8\D\cLe\nZ9Z%]\0\\\ P\0Xb$\}\x:\r7~q:SY8b\0,A,\0aRO'),('6TWNN1N1245311YOG2B5992LYP556O64761J1CEQUOB5M6431UR3K8M','A980F',-795514558,_binary '\\T=\\\~tqHc:=xyq\0[2B\Z\'D/\"Kg\\\\%[\:X\t\\Zz3	T'),('6U6OI62IKA69X8DE8W030A66058RJIT5E59G0B14I3SMHZA4G','T38PKJP1DTI1L58I2MIM5IVJ141E7IH936K',642,_binary '|\\\\\0|c@~\[\\\X]PB	y\M\o\\5\#p\0\0\'l\\M\W5Q5	50o\jb\N\\0\a1\'r\\enjIci\\\0\\'),('6UH','TZ0',-1522852147,_binary '\\l,:hb&2\\\F\(P&sK\\W	9'),('6ZKOPRJ8','4UR5SYBK53SD7M1NR7R2921DU9',-2847494,_binary 'O\6mKqVvexMO\:\"F\tBA(x\\Z>Yu|g\\04\'),('86FQ67806','5L5IUC6',-1562706549,_binary 'o2[\0PofFa9JRl	\\G-W'),('87Z7FH794D46C978Q394DR97T50RX3U3POGVT9PD8L7T1X87635447ASL5KOI167WK6XK3I1W1Z0T8H6P9FO7466U4ZVF2A84J0D95DZX9850P44P0OM5','V9BD9EF488US',-1335825912,_binary '\"sS'),('9341H0W6009F8C2X7K4YQ19XGGSBLR1O1925EC70CRKZ97OX822655I874K','',-936,_binary '94O74\")|\H\,b\p\\nT??**\m\m\1K\"os#;a\"\0`}\IZeb8Y,bp\Z/\m8\Z\\lT\H'),('A5265WD433F6CY519UD3GBWC5J30S8H557V','159297ZDX0ORF9Y8A',-777417958,_binary '\Z\OTb~*Q3b\Qc;8\=C[\5N\\|\\\)\\cQM\\<F>xo7$\nX\03\#\jP\\(N:	\\A\\'V\W$k-*IM{'),('AJ7303Y1OH9UL69C4C2KGJ27ZQFL2UE3MM58Y98X167060Z84E01IQ56V92B28B8247T7NJYIS06C','N9O',-1079775714,_binary '^	\0Ky\\l0\r	<\n\\d'),('D5117900RDB3MU1W1ARJXQ32KG2RHTU2HEXD219099PKXZF09KTZ1UI6107','UZH',-2,_binary 'W\nK\\\8'),('H64','PK2H9R',-10533466,_binary '\!\\|q>\\W\0gIX6\[\on(kr\BY\\\\j\\iAs\uS#\s_rOF:\\ Nd\R .!Z?IZ	\ng\0&4UD3\\S'),('I8L45GBL1J50U0VP69V9J61G19I75V59T85BV2E5D2WQD3OI92O7VU6LZ','N',-110005667,_binary '\Z\r\ce`5\)\\MSz-\!\%a\\Z9Hlyp6.?n\7 p\(}Lp\'\\]\\0\\aW-{t\\\(@Z\d)u5()<l];\N&\\\\FUkSr\9\M*	'),('ID3D0UL4CP85GJWO771','J6LV',-84,_binary '\	+\he6\3'),('JEI5RMMHT504QY0EH86C5FCB8MI61M7S','K8',-185282938,_binary ''),('JS27213259NZ98T3P7D3HR79P70D67HDN5VC6THIB6A608PCB86WLE5P0U7BXE1P','RFD',-1776419411,_binary '`u\0\nT_\YiA%\\\u$	\\0h!E:HDc>\K	'),('JS74Z94WZ701RK06B3K6HRSI37B9ARIVO','743',-19,_binary ''),('KG8D6LT5G2ILXTVS6SLIC61461X','93',-2068817607,_binary '\Y_Na<~r\O[\2v.L-)N\\\\hv0	O5F1\\06?\,;\gv(B-?\\BI6\*	\\\r{y.4.{cP+\b!) H;\Z/W`D\0;]J|'),('O4W2M1O4G8327','EG3',-2130429530,_binary '\\Z#;\\KHedN\-#;#3ZE\r[!JU{\r\|k\\mpox$l\=\5iV\\#6\ZLG	\<T\}\\ZV'),('O9N77T9GIVD15170NCF','C423Y5E7B',-66139819,_binary '+1\[v\r\'),('P9W9','',-2028340529,_binary '4\\\D\\?M\1P\A:\9h\R7	+[\\\\ZeY\3{\ \A6\U1\a[ym-lE\Fi6)=A@ \8!N^iA35\'),('S4712Q','26XYOH23VI7',-828099019,_binary '8J\\>	\ag.yD\ZR(,WO\%\\{l7D&K<q\5Cbf\[C<`\+l\\b[Z\!\NjeXT\Qf\\!@S\_?\09\V\\IALX69f'),('T1W1I2J','WCG9FRQR99WL0T',-962381456,_binary '\y6w	$\^P1	\\\=1I	7\\\\\M\\pp\Zh\\ e'),('TUZIL','9RO9593967',8,_binary '\~\xZv:	V\\\!\\\G*s\5MaWG\)LI6\S&Td\r\0\EX%)7\\\<0z:\o@LTTI\[V)I1v<D9)g\cLoN	,4	D0\MH\\4\";\rADaa\'),('VILPEDBWF64K4X3XEWT','2S',-1196141166,_binary '!\HFNlL\?M\'\:0\NI\>0~:T?\/\3Yp>H8Vl}3\"G\U\e\J\rX\\0tTdJ2v\9Yl\_'),('VZ21','',-613,_binary '');
/*!40000 ALTER TABLE `cb_session` ENABLE KEYS */;
UNLOCK TABLES;

--
-- Dumping data for table `cb_sms_favorite`
--

LOCK TABLES `cb_sms_favorite` WRITE;
/*!40000 ALTER TABLE `cb_sms_favorite` DISABLE KEYS */;
INSERT INTO `cb_sms_favorite` VALUES (27637742,'2TM45Q8IQ6G2BHFP9969DR445P6GD816A3A396N5F351146CR1','SI84Z51V228C1DZXJ2E','1970-01-01 00:00:12'),(27637743,'7Z73L8883513474TL68H3HG2639W561HKY4664FITX581O11DX9X7UA5G99K7H018GP39VRSP9ECI0GJ66R','F5156HJ92LN6RO0RIOUK9856J8GLC3360BQTG0Z95PB1VH9ASW61WH2U07UV874HJ35E4F5P0TQWD3RD52W4','1979-05-31 16:11:48'),(27637744,'75VC7881NN51Q8O22624228','Y','1970-01-01 00:00:05'),(27637745,'0M7VX5P29NV9N677Q32UOK4VJ4MT46AGVJ9V0Q',NULL,'2001-05-08 01:36:45'),(242386108,'','9RS0M1V032ZR4U49418I1HQ913OFPMQDP94VJE3VJ5G341VU9XMG03283TC57OMJ8H',NULL),(242386109,'J3KW93770RG4M152U24AMKU28A90VX5KH0705P8PV545495D12EO28UL83S8DOLK71FY6RL2ZQR53Z59X68PI9B8ZY8LF6BHQ3Y30D325196D04TFVH08D173A','47Y097RVU48531M2416I8','1996-08-29 20:03:24'),(242386110,'V4FA2J1638B02LOBA8AFG11R7JR6K45LF2O7TPIN4','','1970-01-01 00:14:07'),(242386111,'994U8I5NOZ4M0K0FCS0PN14N2JU0','2YLKOX8U0FC','1970-01-01 02:12:32'),(594554363,'B0Y9FE97PF07ZY8D6100399QK82XEFNF28D9646LP','A03HQ0K1YT0AI19D','1976-08-09 03:58:01'),(594554364,'4ODM0K4',NULL,'1970-01-01 00:13:30'),(594554365,'E6J56L494DF333V95K7001O68433295D2C29I0TH3LCJOR07DTSO','T5L161MP5709WGV9CQ1P2V6538740MP1W7','1973-08-17 07:55:00'),(594554366,'1640T1SU','D','1999-11-29 00:33:16'),(594554367,'67KEEYS0Z6','X3UF','1983-04-12 15:57:42'),(594554368,'8S67',NULL,'1989-02-10 10:16:52'),(809302728,'88L6NHM66MS22023HR54834K','9517G7','1988-07-25 09:59:06'),(809302729,'8XZTA74Y31N64K6ZD9OW14SP8MQR4B0','','2010-04-12 15:10:58'),(809302730,'33G712','','1990-05-03 09:59:27'),(809302731,'21S73J2O56826W3HCX953SA8LF8Y8USBCO036L4W06768770N2F9W9R','','2007-07-09 09:00:58'),(809302732,'31C6D2SH8','F9HZYNQAOHLD','1970-01-01 00:00:07'),(809302733,'M42DRE13T95L','2K1BFLX0NNG9SLY2','2012-08-13 06:02:21'),(968190752,'90TK5HLXPMA75U96CO6791K2GCIS6','NL6GWTPJ2M051LD31M29WM117S25IZVH50LSMQ6','1970-01-01 00:03:22'),(968190753,'QEA4247744P92O199WI807549JW77M09B298W934TU9XG53O4UWRAU18TSA45YEJ','2','2002-09-14 22:39:08'),(968190754,'L69','79C6PKPZJ','1985-04-27 18:07:36'),(968190755,'DM468','55TB4DFK4C0CWBO13TTLX6I10J6TP0Y7WH30U3FQKD8W87441P2R56OR3DQ6094','1972-11-27 12:01:12'),(968190756,'487L47X6S3B503HP323EFB',NULL,'1994-08-23 12:25:22'),(1182939117,'1M7P601DS5UBP41JX507I8L84H3P2GMV8E',NULL,'1970-01-01 01:01:01'),(1182939118,'','2H761QVB45O1Z7Y2F9WZ2819GHHWJBBVOUELPG902354ZRUWI1H4021PQB04D984T4B4QGTM4',NULL),(1182939119,'FE72477M6KVRNI23V8992810824AE90I340BWY9LE2F076522HBMJYY47E9WZF7U9','48810D39H926XRMCH6YI5QAX2D7UCX7256ZA21DN62J2655U2T','1970-01-01 00:25:27'),(1182939120,'94537R6Z08','DO12V','1970-01-01 00:00:43'),(1182939121,'46K2PJJ56WZ7B2','','2009-12-27 06:32:40'),(1502899557,'W45CPM41QJ7Y27V3YQCAIA6X9IM10M9X2VWV773LJ9SKMIB740R3838DD2NRS2LG7C1976N7SD8754H813U14R3EA02ATR8Z2NX5RW1M2KUV1MKBLE0BID76573Y7HUPZF1',NULL,'1978-02-22 21:35:28'),(1502899558,'3DU3R0IFY1B9US88948D7A5EUEZLP6SNX964A1XNO4UKA209ZRUP5M95W0Y9SABFK0Y','J4380G2552I44','2012-04-09 20:13:33'),(1502899559,'5','S6YH8KB9SGU8OU2GGKPX5A788NPX435222FR42SNM4XH','1985-02-01 21:51:50'),(1502899560,'344573OHU87IRG4FRY','957','1970-01-01 00:00:15'),(1717647922,'702B5RT83FSY0ANN13U8X1VXI1CCVATD8YA1',NULL,'2004-06-03 00:26:08'),(1717647923,'86Y0MZ8OAPRCBC0MCQZOP2N10O60452R5WN7KZEP8DW93K5CTT8J2N711HPQCXB60L798GBAC69OT72EB502ZJE1Z8','5H47PUR3C7EF168B5LXPIK2GV','1970-01-01 00:00:37'),(1717647924,'515T2','9LW1B8253H3JA5MYR38I0F6797U46M','1980-03-15 06:58:57'),(1717647925,'','',NULL),(1717647926,'97N3U500SR05A85J','BEYY485E9FFEX1452L40818Y2O984XCM8N9OFX5S3J82008W','2011-11-12 07:55:42'),(1930310746,'618I2V1',NULL,'1978-05-25 18:35:25'),(1930310747,'','2D1Y8R12Z79603XU8H7Y0G85J1I682C316',NULL),(1930310748,'HW7VM','B4RI742RHS4','2000-09-14 06:42:43'),(1930310749,'F8KQPHP5DUHM801',NULL,'1992-05-27 06:41:31'),(1930310750,'F87BS0TJXO694Z4F60477H704HZBT2740N4SJ8431JQ4N1C',NULL,'1970-01-01 00:11:09'),(2145059107,'MK4EJCGR7G35AJTH71J7CHE374W7N24R','5T1AQ6HL3IA721QG886JF23Q1793','1977-12-25 22:06:42'),(2145059108,'27Y4URHD317962W32MW3A7X6QSU38EJ15ZV5KIM8592EG3RIJ61','NT90T7H982K0N5NRCJ81R','2007-06-29 14:35:22'),(2145059109,'VR1','OG6B6N','2014-03-15 11:07:14'),(2145059110,'Z1','6','1991-08-16 19:23:20'),(2145059111,'W0T','3','2011-12-28 13:29:39'),(2147483647,'8','','1970-01-01 02:26:52');
/*!40000 ALTER TABLE `cb_sms_favorite` ENABLE KEYS */;
UNLOCK TABLES;

--
-- Dumping data for table `cb_sms_member`
--

LOCK TABLES `cb_sms_member` WRITE;
/*!40000 ALTER TABLE `cb_sms_member` DISABLE KEYS */;
INSERT INTO `cb_sms_member` VALUES (182382000,2018213215,2045130305,'43F68Q5VS6I7VZQZ880V4303','78DKW1V6V30O255V38O553959TIONE596Z0CO3',-3,'2013-08-15 19:45:39',NULL),(182382001,1366346084,731982472,'071RP7S','9066O6R7QT',30,'2015-04-26 01:54:58','1XQF0Q0HEH5UU6ZN293C97N56W0FWGY6UOS6T01'),(182382002,456425704,378265033,'Q5CQ','',-48,'1970-01-01 00:01:01',''),(182382003,671174071,1228889552,'JZ07H9Q3LKG963A3D417838Z1N5492SQ12O158I7BOU8E6B706PQK86287XMKR4F0JQ94899S7LCSB9Q79EJ60243J124D10Q2MK8B62S30553UJX1RT23U7562Y5FOR57537NQ631R2OB9OCETX6VAIR53H65RDLJM29V7463B','34Y2I374949CGXF',42,'1980-04-15 12:53:48',NULL),(397130366,456425702,1014141184,'','N8',-50,NULL,'60205H'),(397130367,199749236,1830381945,'347H6D8J89RJB6OEGOHLWQ58R2M522G68ZX9','943248O9D8JU4N4E3Y7PP5',-64,'1993-11-24 00:44:32',''),(397130368,1249128246,378265034,'W9HBYR3X20K04Z7KDHVW873','5SBY35VEN4X11M4AX45W8P55V463TU2C',-98,'2002-08-02 09:05:15','01L3HFI7'),(397130369,1366346087,2045130310,'B5SVB2R8FI6466PO6JG24C4328CZ4M2573604F72RKFQ91K0J66RZ1T5I578134281','6P1Q2O6UVAUIC6C2HP5TM2JG338N78WR5PX7S',-43,'1970-01-01 00:00:01',NULL),(582252216,1803464853,2147483647,'8OKT9PY6J03931966PS1VLBL2AF8TILQ','5D2XDY',44,'1976-01-19 23:28:15','7FOTNL4ZCM38FN068264X9F3P66841Z7ALFB6K2432WBH021O4KPBS80HNHL36SU5EGXB'),(582252217,199749235,1417490393,'','44J90K12PFS16VQIU41I2EFF',-53,NULL,''),(582252218,2018213217,2045130307,'M75N9J191ZJ53IS251IY52Y925','S48S8K5NBI1W',-84,'1970-01-01 00:06:11','TJJD29P2KB8W9GN'),(582252219,1249128247,731982474,'RRFJVRTZA7ZIQK8VS55UJ643070P0911A','X97PR9CP7',-15,'2008-01-02 18:56:45','R4752L4D619E9SJ75L629BH2UU10689U2AI1E112YLS4706T61Y8R4J02NPUIP1Y7VD10OJTEWX66L75S2'),(582252220,1249128248,731982476,'12F758WR6ZI852','52G32R400620B7XVS3201KN0QIBFOIB52K',-118,'1970-01-01 00:00:02','WP5LEMIWB36D53808RZ'),(797000582,2018213216,1830381944,'1YQ36C718Q41V0NMLIZ9T022FX28O6P8LFL262GLFI8KVELU99O1B','855O5648FJO60777BSLAY906P20H',-123,'1970-10-11 15:01:18','440F960B0O17OMX6CP58ZS0P3'),(797000583,1034379879,1014141185,'S5061','VF4094UJ7Z9758SZQ1',42,'2019-10-12 15:14:18','02NL759'),(797000584,1803464856,163516668,'N32HD9','',-65,'2008-01-01 08:06:38','HMS5KZWA68A1JL6FCI9OP2E25K2H4E46D4117LG7GO7U'),(797000585,414497603,731982475,'14V3UH0MPS14J1RA4N5UHR2X992B9H3L4AW','1OHM19139J',-3,'1971-12-14 05:12:49','2V'),(951716014,414497599,378265030,'9X3','',86,'1970-01-01 00:09:59',NULL),(951716015,199749234,731982471,'P02Q800CT33','DI91NKX',-24,'2004-12-22 15:12:09',''),(951716016,456425703,1632238759,'D2KHDK8C279','4M1MBCPBP5575AH441',-75,'1989-12-23 11:32:10','W135H83QI7B7RQ4PCA53N5Q6K8B7B7JD6E097YG4VKE8QP3H32622TS48L4L92F9D8GU18DUDG47682D879H0P9E62WJCX6EPI4TXHUC3'),(951716017,671174070,1632238760,'OXE05NMU5807WFJUC5Z65X39O6MCXIFB29F6I9D0PJ0V27WTVI475364I57R6A41LAA2SA765ZZ5174','29G54',-78,'1970-01-01 01:07:07',NULL),(951716018,1034379881,731982473,'G192RG00K','7O19LXSV9555H',33,'1970-01-01 00:09:42','380QJUZHK47'),(951716019,671174072,1830381949,'GVMAKE5RFB32HBHI5W3JA909PIZ78XI00ZC91ZDP8U34765BO562K18','R777969J708EKBHPO6TD40306B604T95024P9470904Z2DIZVG1CR3W0S91C7EMT7KU4293BYJX01RE5T840',16,'2014-08-04 01:48:41','024TFSLE2TJ96223QVE4D33J1LVK23890XDW448R1RV23TN48N480OBKOCX6SWQ6KJ1W'),(1166464380,671174067,163516665,'9W3','53QB1P9',40,'1994-06-19 10:07:37',''),(1166464381,1366346083,517234106,'MPULO3E1','99IS038I0779YZ6OF6TSZU95S8IGYHX10HG2V372P59V63I97B0G295RWX4969TLO11S184W33ZQ6LPUFQQ086UOB71F5VR51TX7V1WV70H805309L0BWS534YC9URB5WB2OTM8RLX4LRX6G7U9MFW59MRIBH7D7082OX8I42974J1IR3W94AJ51CY615E71FIM969C5OV97Z59BUT4HBOA',0,'1999-09-13 09:19:30',''),(1166464382,671174069,517234107,'37069Y7M59278WP3I072','5I2LXN5RU1726O81R033O9X26T9L65HV',-23,'1999-11-09 04:49:18',NULL),(1166464383,1366346085,2045130308,'B367VCYZ1GG4FW158QQBJ5PE21658V4C4M8O093E815899174Y52Z457N','',-32,'2002-06-30 15:39:59',NULL),(1166464384,1581094451,2045130309,'','9F7FB99T0Y7VQM8MD09T1EJFU0O380X6K7VUZN36FS8484DY8NI2W9PAGCGQ55V8P2S2',119,NULL,'GP18U674'),(1166464385,456425707,517234111,'4ZOV657VE8C5N45140O085AHHIAKSXQFK44F80R5A0','',-15,'2011-04-14 18:36:20','DR3L8A9U5L0D9X90KGMM72XIG8685025LJ843QTX5W5Y4ISF389833I285XG7YY41N92M1ZHDL3AM3F6IRDI367I962WCSDU5U7B9LX34GZA77Z3B8Y56KEH1QV3IL64Z94Q86440V6R876D1W2HG2GJ'),(1448278142,1803464854,1632238758,'2O3C19ZU446Y711SA600736GRXY2','C',125,'1985-06-16 11:41:19','8300Z62XMP5FJH94IZ60QK21PJCR430'),(1448278143,1581094449,378265032,'','1Q2',-109,NULL,'3851'),(1448278144,414497602,1417490394,'F20','',57,'1970-01-01 00:40:53','Z75W9FK'),(1448278145,1581094452,517234110,'42FPMV1AVWGBELV9U521EX6D71JURF4BS47954684FEUC294E5FSM3CZ6A9V6W9I581N9BONH7P42SKEKA9G29292S5Q6LQQ','76179936N4L124461F313BH70HN9581941UM6FZ8NYP729J81CN09T09I8H1G0E45IZLP51G8B3RFXP20',108,'1970-01-01 00:00:25','8T0709ES1RFKZPM6N78D09Y1J8RYOB6482M'),(1663026507,2147483647,1417490392,'27W2INKRB8U067TPF33C65880N720Q171M242E0','8U66M5R20C1CM91GZ54G7E3E6TWKZ8G9JIT2',0,'2008-02-28 05:48:13','M378L'),(1663026508,671174068,1228889550,'95ZA1131C9S609A075R08L4Z3CCX27WUY59VW5644RZ1TE2O14UK442','7VPC18',-101,'1977-11-04 20:37:23','JUN11KC5D7HL5U8F7LW3RYB'),(1663026509,1034379880,163516667,'511D0925AASV9PBR','O9B233Z3345O7AO5VQ130Z9HH1QOP9D3Q5127',-99,'2008-05-30 20:53:23',NULL),(1663026510,1581094450,1830381946,'','41I4F24G2B13Z1',-33,NULL,''),(1663026511,1034379883,2045130311,'03569R9S9S0P37P9RW','2G419V4XBSMX03M8PR6Q720',5,'1974-04-06 02:49:08','M6X534'),(1793644302,414497600,163516666,'4XS6927T2UETDML8U74S906B7G04F893WB0S0K6GXK5FG6J43WD7JR7N7CXV54VLVSGW3A1AZ4M4VO9BFX16ZL8791S92190062XTE7A53U4M9KP63F8E33YB5J7UGNF49X6NQ771G6PO1TQW55OG15H98A3GQN','3MXE',-96,'1970-01-01 02:33:08','03D49227'),(1793644303,1249128245,1014141186,'IGKN3580F2EMZF2399U152ODW3RM','6TUD122HXT7DYRE1W391H9B3RWINTC95W3V5O0499UM44A117S1GC2',-40,'2018-02-02 05:30:04','JG4AQL'),(1793644304,456425706,517234108,'02X346RK1F1154O68LLOB227FNWR4Y7E42A2V4B36ANIA7U76D7NR8T64112','9H0N6MXK4LW1610',112,'2008-05-10 02:35:11','6D633UY'),(1793644305,1366346086,517234109,'R3JR0PD32I751N6V3N5736IJ3L9IR9D38BEE3YZKFWCYAXT5SO82206L3I8L0U7NJORHV4406NXZ36T758R40CP20DI4E6FGEA577MP66RE','032KVSTEN0',-72,'1973-07-30 16:54:22','92'),(1793644306,1034379882,1014141187,'4QYAHT01FOK2LJ656729QN59VPNCRFP65K1','49D7GJAZN',34,'2017-08-08 16:07:57','38'),(2008392663,1249128244,378265031,'I32307DR06PI3','TO4D36091CT74VP7L15IL504O3Q7',0,'1996-06-19 17:46:11',NULL),(2008392664,414497601,1228889551,'WJZFI5N52DH1282VBOB8BJ9737NL317B770M4','KHA91NM400',-91,'1974-03-16 23:32:50',NULL),(2008392665,456425705,1830381947,'RSBI8739Z41D8OCS026S35TFG0L36','N1RR51AB0JVGC546AV87N79H2W66I6OW77TO283L92HSKJ58064M800PT28870AWF3J7YP2TO7OXA9192T01P',-73,'2011-10-10 11:59:52','0OQMYGOIU91GGUCNZSHX295VXY8L1XO05500J43XMSW2Z2C1'),(2008392666,199749237,163516669,'JUMTL3U3L2PY49K31HY5TT280B9Q','J6UZRS86BMT70J215P3SC8H068Z5Z3U6VJCTW71',118,'1970-01-01 02:03:37',''),(2008392667,199749238,1830381948,'E6RO107166YD','WWQ8UIQ05UP0Z148G0T22VF291649',-35,'1978-04-01 06:49:12','TQ6JDK95021XB55A4C5'),(2008392668,1581094453,1417490395,'E3','O62K97X2',-71,'1987-06-22 10:51:25','UF37HL3256U95ZG92N5OJ7X819DO7BRH38'),(2147483647,1803464855,2045130306,'B6056TGD77M2816KNF6','LH1CNI73BHG04W0',-30,'1970-01-01 00:10:49','S');
/*!40000 ALTER TABLE `cb_sms_member` ENABLE KEYS */;
UNLOCK TABLES;

--
-- Dumping data for table `cb_sms_member_group`
--

LOCK TABLES `cb_sms_member_group` WRITE;
/*!40000 ALTER TABLE `cb_sms_member_group` DISABLE KEYS */;
INSERT INTO `cb_sms_member_group` VALUES (199749234,'8RW9Y18CQ7TEC4ZW2MI512E6BWDKPN436P58C1A3N28IR2S8',-1569415,'1995-08-24 11:58:05'),(199749235,'',-896,NULL),(199749236,'5I2253OX',464230,'1974-08-15 05:23:06'),(199749237,'',2494718,NULL),(199749238,'YOIMPX336NDFM7BW265F2756RD47',1262852,'1974-04-19 10:38:42'),(414497599,'06',9,'1970-01-01 00:00:10'),(414497600,'8JL6MU88Z9V5895NTG39MEF3OY636XPCAX86076B40ROH1RV04LEO58BM6Z7DK9073QMT5H61',78,'2000-02-21 09:03:09'),(414497601,'5752O4CD226A26P6',4918259,'1970-01-01 01:02:37'),(414497602,'O960058T8FLL0S458OS565A8ZA270S',-7714973,'1980-11-02 21:05:58'),(414497603,'68E1N2',2147,'1970-01-01 01:37:12'),(456425702,'',8140,NULL),(456425703,'OW19V9Z5X98V18V7TEZF70M',1071218,'1973-12-04 11:33:27'),(456425704,'',-9935,NULL),(456425705,'385KKNMMTG39T53VD',4685705,'1999-04-01 05:33:23'),(456425706,'V9F8320EHIUAGIABTB351DBZ1006QI',552,'1970-01-01 00:00:10'),(456425707,'62G44LC157I',4014490,'2015-12-13 09:31:22'),(671174067,'',417433,NULL),(671174068,'464S5B062D5E10E30EZB0UQ90A85A04JL1644J7880RQ6AM',-375,'1970-01-01 02:29:24'),(671174069,'PAWQ113K31404T277OOB3KL580B0SS10',5850232,'1974-03-02 01:40:05'),(671174070,'DLR6BY5C07J',5108277,'1970-07-20 12:46:46'),(671174071,'D47',807281,'1970-01-01 00:13:49'),(671174072,'7B36W7H42STA1P3DZ5M1JL27',-2788419,'2001-06-23 14:27:47'),(1034379879,'CRV6291',-4237423,'1970-01-01 00:01:22'),(1034379880,'1HJR3I',489643,'1996-01-31 14:01:32'),(1034379881,'',-5831,NULL),(1034379882,'5S',-419,'1988-04-24 06:00:44'),(1034379883,'38DN1H0',-5532980,'1970-01-01 00:00:22'),(1249128244,'09GB7250U',999354,'2007-11-05 06:36:31'),(1249128245,'097R06H71CI388R5LI2M00Z992I3Z9J9DC',-3360365,'1977-11-13 21:33:14'),(1249128246,'59TDR68WHH488F9',-3745323,'1973-02-02 11:53:50'),(1249128247,'FF3YLOQ808PHHN9Y6711K34TR135B81Y9MWP400H56ZYB7H2B3H03R74EXFSL07YA53VB3516D9DUF9VJ6L6XD84L57P4MGH235UI',146,'2011-03-30 09:22:01'),(1249128248,'B6N1',-6876601,'1970-01-01 00:00:15'),(1366346083,'6QH99WP44YD70S8101NYBV2638F8T44S9',-7,'2013-04-07 12:42:09'),(1366346084,'DU9JTW7CAU',2294758,'1987-09-06 15:05:14'),(1366346085,'4N2I8PTJ049ZGJF8GFP6EJ7TPUV663403LSXF099W47JMK6VVSF60L9B637MM4C3W2C5D6X718V6532KOT7Y4L1QXG652KTP96FRX313Q12R0',-1595919,'1970-01-01 02:45:36'),(1366346086,'837CQ6A031W40C691UX8IB',3591372,'1978-04-07 02:23:14'),(1366346087,'UO392O2WUYXL909ZY118RM4Q8CDJQ93IN8NU8NFI3Y',-219,'1970-01-01 00:00:56'),(1581094449,'47',7398884,'1986-03-05 04:33:48'),(1581094450,'6B96HGBA',-82,'2017-09-21 17:48:56'),(1581094451,'I5HRWXS5GUPZ2BU1SXP1M748RE89EIERZZY38VGKL13O6NLU9U2S8931E05GGXTGQM5S884NQNAGT90353V3SGI893ED38LI49SZ4PBDJO2NNFS1KHR63240BJ95K2LAB5312M91JI69VS5',299,'1985-08-22 18:58:21'),(1581094452,'',841318,NULL),(1581094453,'M4574I036EXX1PPJ621Q0210MLK1BZXJ1LCYNH5C5IW4S1016Z6Z83MCO7',8486,'1970-01-01 00:00:30'),(1803464853,'WFCRA0550D9IVBG653N21566SPCFTM998',8095203,'1973-08-15 01:15:23'),(1803464854,'4959JFA1TS87OOO21GG54934K92Y',7198939,'1970-01-01 00:11:54'),(1803464855,'9F537N3P77G79RD0IZ8Q431L584X93X600VK74EQLLN041G5U1K10012OG0NBFA64Z3C0557W53U11Q9GRD676O339CCGGD0SXV908F941KMAP15VR30E3G4286PO8PFQ',-6855369,'1990-09-10 08:07:29'),(1803464856,'',96,NULL),(2018213215,'22H915287824Q9R624YV3CCP3D78K9T5X38406Q2NP8O3CY892HDNR4P7QD9O1V2D980X11S',-7195005,'2017-11-24 19:47:16'),(2018213216,'37',3079283,'1970-01-01 00:00:08'),(2018213217,'',-821989,NULL),(2147483647,'00080WIAJ5Q8TSWFVZ1J3GS735546021I0384G7MST9',-5600558,'1972-08-12 09:44:14');
/*!40000 ALTER TABLE `cb_sms_member_group` ENABLE KEYS */;
UNLOCK TABLES;

--
-- Dumping data for table `cb_sms_send_content`
--

LOCK TABLES `cb_sms_send_content` WRITE;
/*!40000 ALTER TABLE `cb_sms_send_content` DISABLE KEYS */;
INSERT INTO `cb_sms_send_content` VALUES (62372329,'G22KP7V98',1842502693,'TKPZ4W89Y18J9R0N0KCGPM008QY8F1N333645OQQGBJGP243','2003-09-26 00:39:53',6358257,5397541,7638943,'2004-12-11 15:13:31','VF04P4AKFD65VUB81'),(62372330,'80P',786745390,'50','1997-01-18 07:10:31',7574547,6604846,3566294,'2010-10-12 11:42:06','4127K9K'),(62372331,'NN25407E5Y6SVOX4',1873606461,'UZYFXZ8D6ZN71TM48TVV8KAR4WO4JQB0E4O4JM624236IC8G62Y465VK2G9719IA0SQ6034791BJVNZ22H511U08ZK0N9D84U85D3IS34104A9X5742JH5COHMNDKZHLEL41','1980-12-28 20:26:36',-1560573,2946877,3081959,'1984-04-12 22:58:13',''),(62372332,'FQA9YMOA9X5UHN5LY7YOQC4HKQYW21H60LTY24TS',2060167637,'1','1970-01-01 00:01:02',-7163198,4958677,528949,'1974-06-02 19:07:33','3O8ZTX1B3JLF'),(62372333,'HZ',111277019,'7E11A98R7K9','1991-03-29 17:47:15',3842709,2225115,-2398,'1998-12-14 22:02:23',''),(277120695,NULL,8,'V87I4Q4032F9UMCHU3J40XRW1K19Q85AO9Z196YM2O0QZE07L9A7AZ5AQ04F0046B63X71QX2J20BQ9H4RGWWC7VQPT8WO48UW0BEN3K5X2A3O4NCMNWLFO20N774VCZ2CDOSOHP6T04','2018-04-19 18:31:12',-6419133,8,-7958605,'1970-01-01 00:00:09',''),(277120696,'GOGS918X380D9491P',8125,'ZR97KV19A0TQE9HIO5156ZT675JO5GAERW8HCFR4CAHK6JB1VGT627NYK2','1970-01-01 00:01:34',3261248,-8125,181236,'1970-01-01 02:15:26','H'),(277120697,'6XYF411L0JMLWK5X0ROOT8KN0ZTGSGG8W',645953555,'PUS60126PWQ637BS1LI582A95563RYXP3HWR423B75YQ0T282','2017-06-01 03:41:16',3833841,30739,-6176540,'1972-05-28 02:49:34','NPMJJ3U'),(277120698,'AZAQH6',866710633,'24IVR48YL4R6EJ1T028FFY0802RF88','1972-08-31 14:51:13',-4884454,2684009,-3418636,'1970-01-01 00:24:21',NULL),(277120699,NULL,1406178702,'R1436Q7L1WZX04597VA8138MA16I2214REGDG61VWR03','2005-04-25 06:37:45',50,5281166,5764,'2015-11-27 13:26:33','XA582597YZ4XUK285R4Z6E9F7S93Z054'),(557649595,'',17,'LG86KQ','1978-11-20 12:32:09',-6750653,1781,-3546015,'1970-01-01 00:00:18',NULL),(557649596,'',9,'F7','1998-08-27 11:35:00',6680879,9,-7639549,'1970-01-01 00:00:10','NB1WL3724ZNEJF1PT2ZSBU10553G'),(557649597,'H8CPRP9EFC',60,'M1','1978-09-09 14:24:53',7172317,602,581,'1970-01-01 00:01:01','8Z39VKQB19PSV5CZS06G'),(557649598,'4500S7JWPP0LSP079D1E0GQDP773R2NA1SG6',1750708027,'DHQ8TLB54WDJNYE8A1VVKN9F39LEHA0','1970-01-01 00:05:12',-676,-2511045,6581765,'2006-12-04 09:26:58',NULL),(557649599,'H',707027935,'Q4MML76RLD32QY8577','1971-06-22 04:40:03',-6784197,-6003745,-6123064,'1984-04-16 04:33:10','95189398H822M46C0B7WF3L63LCT6C69SZPO9RF5T84RJC0J5CU8CB819'),(557649600,'CW4ZKUCCNLS12I7',889962799,'38N2B0645K858AQ0UD82R092ZQR01808B08GKH3T07F20O04N0OIG','1978-03-19 14:45:42',619,-7618257,-2371565,'2011-03-14 19:15:54',NULL),(557649601,'71G1673IV',1652539305,'X1HP149NHHLKZJF00961M148E2GA22K8BMA5I2PCT2V1ZDD3A0241PG4X751O35WQ78OAP6Y0RIA1JEF','1972-08-31 16:17:38',13,-16471,-6384462,'2005-08-14 02:24:26',''),(772397961,'752164S29A6G9R9DYS',548994154,'464Y823OD29R75I8XM4S2K2608U4TW7D0R0B7C43DS8R5LFFH7','2018-06-25 16:33:33',2575935,3734634,-5719774,'2019-01-05 14:24:30','AP4QFAPZS5ZXYO550P4B6Z374790TQCC2C8PK1B'),(772397962,'',583072887,'0PC','1988-09-17 02:19:49',-1291773,4258935,-3,'1980-03-09 05:04:02','W1UE9JIXWX51'),(772397963,'DAFTF89XZ78I67SWE1JHA6N759KA6FT39Q3VIP3M2',96805728,'','2001-11-11 22:27:23',-31,4531040,-682,NULL,NULL),(772397964,'',347036579,'4KAXX45GV23BSX9V16JAYV4ZI98FM42W9FAWY8B3','2004-06-20 21:05:32',-6517662,3103651,-269,'1970-10-24 20:26:34',''),(772397965,'1MNDEZQEL8P220KKF03YT91Y79',782062515,'','1970-01-01 00:05:03',627691,1921971,488,NULL,'0AR'),(772397966,'5',1017202831,'Y8ETKLOXQ','1980-11-12 13:27:49',8820,2181263,-126,'1990-03-15 17:45:54','7KK2L37ZL8XYQ86GPR279T35EAL1GP33MOH6470930D7TD0AA0FI530C189TP1JLA2VRW921PJ2NLB7004CEKT2CV7VQULGNN0S3R82PY850'),(918768331,'231K4NBFSWRBO06DW',204614457,'OK481JKX2UMKW3JNQXC05782P25','2005-07-22 18:22:33',-147157,-5100743,-4970109,'2005-12-31 13:14:11','38Q872TIMJ6C1L0B1KW0EI080TRN71A9P04C'),(918768332,'1',1460,'1UBL8NX3','2006-08-29 20:38:54',-4117449,-146,5508129,'1970-01-01 00:00:20','R94037K47200'),(918768333,'57ZEZH30956GC5S1I734517',1972313911,'MP82H1C35UZ14E8RF9WFH630RWJ24SCI3647G1QRL168GKB91Z54055X1839OI82L3Q0EJ8OE9B1','1989-04-27 11:17:34',4894962,991031,-2341643,'1973-03-17 06:02:52',NULL),(918768334,NULL,1861036892,'YV75',NULL,4349757,7154524,6653266,'1991-09-23 17:24:36','7'),(1133516697,NULL,881911550,'FW0J43Q7K00SG68NNO22R802MCC1A32VKP','1975-08-23 09:27:29',2292724,1107710,5727914,'2009-01-05 20:41:22','16N5221D02D'),(1133516698,'4335Y40A7',889921670,'H1RM3Y624F3270W419091E0153745H20XL86OEWXX3J3170GF88VFLO3H7IW765U88DA','1996-04-10 09:10:45',-35,-7659386,5950204,'1974-03-18 08:31:30','382950B'),(1133516699,'',446424710,'V7','1970-01-01 00:32:35',5857743,1828486,1,'1993-06-30 10:53:27','57Q33VRPW'),(1133516700,'MOW62AUD19396',1812335956,'M25OV509GX','1984-11-26 14:21:15',-7080285,-7991980,7681226,'1983-04-17 10:05:47','4G5YV01VB9G2570E3AYD3VK77W1MW4TV2T33HRU4U'),(1339035432,'9I2411T7S703GV6OGWQ370Y8H',1753580210,'T5HJ33CIN9X','2001-02-08 09:42:24',-6020648,361138,-5138295,'1995-11-17 10:23:49','VO50N6'),(1339035433,'18720M7Z4URR0E5N47479687V910Y7EVWWI',1438022283,'FYUNN3986038OG56KJB7L7','2008-08-24 09:05:06',8242032,3570315,-6771255,'1999-09-11 02:20:51','69K19EF5W4806Q9L218IM52NV7CW98L0AZ0D85O'),(1339035434,NULL,1763662804,'','1970-01-01 00:06:00',2162889,-6333484,-16,NULL,'X89O6S'),(1339035435,'8SXG0PH41LD6Y',111123499,'24ZKNF7A6DA61L69X14XOF8U34A26WB273E58FCFF704Y35UYY39AP72X788JA10V62X8Z82','2007-02-04 01:35:51',-1954,2071595,7839646,'2013-06-27 10:03:35',NULL),(1339035436,NULL,720078760,'247R8Q959JMMQ11F02WCNKWNINQ1T6L2K1V26OZ377U4BYUXX8A0B0KAT85V6STGQ2B9GW7BXV8XN','1972-06-29 07:11:00',131,7047080,7485818,'2018-08-19 00:21:18','CHFEZA8K94DR76'),(1553783797,NULL,1871714218,'48W7B8LHZT77P06YWYCZC3G1CG4Y8IQ37',NULL,4574919,1054634,675,'2008-06-13 03:06:57','5TJ9280Y'),(1553783798,'9ERI7TNNI8654520R0947FW8O2L461H54919CS644FGGV0759I24IEUB2',94,'25C288H3C79ZG27A17Z2X4E8IM505BH6XQZ24ZH7XW9','2000-12-18 20:06:29',934,9461,-6332709,'1970-01-01 00:01:35',NULL),(1553783799,'TD12S4N1DII91RZM0HL5WHELE55',19,'TL5VM1FR6G85TSC2WWOOS3I','2005-06-08 06:50:35',5161832,0,-2779872,'2005-11-11 06:31:38','6M578Z34C260L55N91YKHS5P'),(1553783800,'3ME5P5X6I5622I64620HHHCLJ85',1324214723,'35NC08606DHH671XLH5','2015-10-15 16:28:38',4742915,7203267,5079787,'1973-07-08 23:30:24','BLF31QTBGPKM5728D9O5906TW8NP0QW7L090VL731H9OGM39'),(1553783801,'U11UG4743B19U960HFX46MZ2RMY66KR39LDWH8R2B6R5JSW465K7SG243UGOYA8CW734052692WKJF6AX104G290O0F517PM2MHSIA5682CQ6',9,'72H5K9FT9H4X76KZ244WFZ06N7','1970-01-01 00:01:29',55,9,-8356740,'1996-05-18 12:46:24',''),(1735201311,'4987804T1B002C9',626637708,'9D2D0WIC245I9XBPBI720E032L13WZU1X2S1','2003-01-30 02:27:27',-3284567,-2507892,-4708291,'1992-04-17 15:30:11','9K93D4E641281641W4Y41G5N45'),(1735201312,'SY743BI69L2PJ7T6OSFJ0138B0768T',167118487,'1861ZQWG8QRY2S7IF5USN9Q079TFE634EO71H97A9GNMHS5RWW1JH','1970-01-01 01:52:49',6089432,7734935,6388211,'2015-02-14 21:13:03','J5RR'),(1735201313,'0GHJ2K',1424639335,'3I8KZ85','2004-04-08 19:05:53',-3,6964583,-8,'1999-01-08 19:04:09',''),(1735201314,'D3MYY9AGN8P10X21PV8339B801VWDE2845DDW59O89S327844S405OW2UFL720687V3F53SM60T9FZG2MLDMHCD9GNQD0',2135811554,'D9NC99721104Q5','1970-01-01 00:00:02',-3035952,-3283486,5980,'1980-09-15 21:13:18','4QMQF20T09H'),(1949949673,NULL,1849186005,'XKPF3Y903ZM65SSAGTNH3U09664Z81C2756V26459B53MM102E7QNS15IUR2SD45X',NULL,-1392408,-4696363,-5583649,'1987-10-24 06:51:34',NULL),(1949949674,'LZ654NHU40I127D5120SJ2435OL2',1521676861,'9LYY3IHZC119U3S74V321Q96YNL3C','1974-05-31 01:19:57',-5308409,3338813,89,'1986-03-08 09:31:28','6V4H571I0L0H1ITPX2C390'),(1949949675,NULL,307011892,'PW68VH8O930RE1I5873DYAAT54Y42','1970-01-01 00:00:06',7834813,-3366604,755,'1970-01-01 00:00:10',NULL),(1949949676,NULL,159,'755LR1315R1U0N','2004-04-08 01:47:55',-7074276,-15,0,'1975-10-10 11:43:10',''),(2147483647,'FNBF9RX40194451T1TD2Z38F30EQ3WF3NNMVVT8E6984DLGDCS3',0,'F20GD1N1Y1','1991-08-28 22:21:13',1215638,7,2591252,'1970-01-01 00:00:01','');
/*!40000 ALTER TABLE `cb_sms_send_content` ENABLE KEYS */;
UNLOCK TABLES;

--
-- Dumping data for table `cb_sms_send_history`
--

LOCK TABLES `cb_sms_send_history` WRITE;
/*!40000 ALTER TABLE `cb_sms_send_history` DISABLE KEYS */;
INSERT INTO `cb_sms_send_history` VALUES (79741131,772397963,8,1320940550,'JD99V3K5WC23WYO458Y','0S3STK7359SIB0',-86,'2012-07-17 21:17:30',NULL,'6TJ0JTV0V7469HKOI263K3CFQ'),(79741132,1735201313,1969570775,1011596183,'2KO5AOV','3F',45,'1970-01-01 00:00:06',NULL,''),(79741133,1133516698,738790118,34,'922HXB0YFQ9PXMD4B','3RK6PHWVK320QYJ33EK404X6I6UOU8L382D7OE3P',11,'1970-01-01 00:15:34','T2086SCR7',NULL),(79741134,1339035435,2,8071,'CN126A50Z30HSP415NT','',-4,'1981-01-14 03:31:18',NULL,NULL),(294489496,1949949673,1701640586,898871710,'FFPDWTMJNG6IF8J27E9D3F9703T7P6NPJ46L426Q25B9TOW6V7YA61Q2Z2GP','U5VS',68,'2018-03-25 05:47:54','GNIX7RV9RI7U9ABWRKB','90Y0H8'),(294489497,1735201312,1429208749,389,'64MO','H1KVD3X35303MWMVTJXZYPH4YP08B2O',-56,'1976-03-16 06:20:38','OR797UNE2H3F7RPVWN8P44IB5M','L4'),(294489498,277120698,331973755,14,'','I00U858',22,NULL,'',''),(294489499,62372333,974317702,2041368248,'J5C59427AP84B','5PA704B74N49S',-79,'1999-01-25 14:09:24','X0337F999N2I','YOLY1VA55Y8R4UX9V'),(294489500,1553783801,6607,853,'1R974K9H62HH461CA13SJ4ZYB885XUL8KFR','2F1ODZ4S2603SG4X1Z2911U10CLWI33GY43228UR765',64,'1995-07-09 11:56:32',NULL,'UUQ508884JO2GF5SQR1M6W579Y3A'),(431823081,1339035432,177068432,979683826,'36E82C95LIA92TUKF1588V81X68G03J8OAL52871HG53B0MTO1G9D6Q7U4M3R8HW3INP92S7','',98,'1970-01-01 00:00:27','0UP8Q5G5N4J1M2SQUZO','IJSLZG3EN38LA8XJN4E284J70L'),(431823082,277120696,5,1120960024,'O','43AY7C2T48A9M13RG26YKVL9S1S',123,'2000-06-17 00:52:15','19',NULL),(431823083,1949949674,56369559,5874,'444C59YEADVEIRP7RDDQ9IW2BEXXM53QQT7J766040U0Q','5T0LI527SC09645UPB9787A2C1B2RGWV4RJ2O8AWI69YZ',-61,'1994-10-17 17:00:10',NULL,'5UG1X76K95YQOGKFPXQF3VC33884G661MF8BYO10DSFVP9608S1IF88XET634K949UHBIZEE2KDCL5'),(431823084,557649600,1471367070,2106067143,'K7LS8R8VMW7M196WP668JL98Q46K','6883',120,'1970-01-01 02:26:00','6GNGOD7P801','304D85SM8B7W4W'),(431823085,1949949676,7500,3,'0HS08K15HQQQT1EY9GRXHS143L0Z7','152WN5BJ3',43,'1970-01-01 02:27:20','','71P'),(646571446,62372330,1313317119,97281215,'4UHGJ8DVO0HV','HA4',9,'1970-01-01 00:00:06','57U1V75R169J2F8H',''),(646571447,1553783798,1809287309,1030809547,'','L6U18AMM',-19,NULL,'F6UIPHFV','C9439K8Z41MMRT6523F1VO8UL24AT8990'),(646571448,772397964,2012738681,1373928491,'1T3881NL85HP4NF2A404TT6T28V9T462RB9W45J47D2AEA9','YU8L88LJ83T0565VE03922PX9BSN',-3,'1973-11-30 21:01:54','H805GA8QH4',NULL),(646571449,772397965,96,96,'','6C820N',-25,NULL,'','1Z09TOC233T3BRCAPAA0'),(646571450,1133516699,0,9575,'SQY023','14GSA7D271NT2KJ02NT99',-57,'1998-01-19 14:41:41','',NULL),(1001430516,1735201311,465776340,861983224,'3507I49R7O03A38C08QHC90S51757','127GOBKC0RZY1Z6040K56ZNT5N02F2XCBTS0IZ978Z49TJ88JX0T5V638SHYUZA21EQVPM8951A274368X26T55V2945BC453VNWW4D34XHG6V08W4Z9D8V2DV94VWW1K41A9AORT325U',47,'1992-10-05 22:35:03','','A7'),(1001430517,772397962,320794011,907877252,'4H5DA295S4B41OSXHQ09CA578LMD017','774UX70S330FG428K59P07R1TVAYV',94,'1970-01-01 00:00:10','4O79R80OT8F78H0H285VH2EKOV6RYP0ZV51685X16Y08T127A6MXFUHV10UYJ11P8JOKOHJ5EE27I0P','9Q69H'),(1001430518,918768333,1668524166,970100601,'472VN939QRFIQF790OKDRX63FO','6GGSZ7',95,'2000-08-27 08:35:57','O','L2L468H37F7F41281N755S6U6CX9QL868ZFK811B2QP6VRVAI54YRW1NMO53'),(1001430519,918768334,1755598341,1,'31CE31ZK30UY34P5PKU155556BMTC6T665V','42G2V85',123,'1982-05-11 11:48:48','5ZTFOSMPE4S3',NULL),(1001430520,1949949675,1,9669,'5N8G215814M7BN1TC210MZ6O954762003F1EAH','92G45WEC93AX5I943K7',-119,'1970-01-01 00:00:01',NULL,'8FPQ5M76233B9NWTP0CGQ2JW6PI2DE'),(1216178881,557649595,1249010501,332849380,'4','285ZV0UC8RQ7HW0RVYOAXF9L9P46QP8UPN6BF9JM8GLD230A39BJGL222W92R45ZND864661A8S21TT59TY24N3K596GJ8',58,'1970-01-01 02:40:30','0C85BT9ZHHCN0QTW8Y74U74G0B1Y3D1H0','OIXI7C00R7Y97PTM8GWY4O40L29T9W7AYB50LL6566RF6T3'),(1216178882,557649596,1540541446,92,'WSN0V22F8XR4JCEVB763CN3GO668','F0J51T35E',21,'2010-02-15 15:22:25','67V40J','6RUT'),(1216178883,1133516697,1855410524,684285077,'4TDIP35UZ4457C','76FA3R1V0GET2J84A804313HG2B8P0LEX16R57577P42X93L3LTPQP38B6T25K1YZ3B2LX026605M0DO1',6,'2006-09-02 14:48:25','XQA',''),(1216178884,772397966,669586652,676387958,'506C4857SDF9J9A440123S33','169',-92,'1989-07-28 14:13:50','9AEW783H5PQ315DLR377I661JTKM7X145ZZ79140PYMGM2I1TIUN23ALPNE8105P09W25D3E0I11B13','LNT54894RJF72MP31RGABXFMUG24L2RH0PB06JQ'),(1216178885,557649601,1,887142540,'','B6952B3ZFBUAY7UZ097776KD54C9WIX',-71,NULL,'0C46','D37U2FS973E7F649MU49'),(1216178886,1735201314,485421653,1454979896,'TB95BI42PL9EWWQ7DL0RUKU783Z79FZ80G41WUK5BE794J13G5V95AH0DDM','GDHM5K7VAU77YZV42EP835H9KBK826F0HDVV39LJGZ2S638612223B',-15,'2007-05-11 03:59:16','16XHAE48D638G42V','49DW3E1AM71MGS83BM'),(1471851731,2147483647,868948441,143088507,'0','2ZE59SY4KSV3UN7ZM8C2O31U0456D63W74Q298CTEGX975156U9U4UX71D93525D7E069',-3,'1984-05-25 22:53:03','9',''),(1471851732,277120695,9,1583714464,'0DL5189U1G66AI3G11U42O6SQ6Y6LKS5336DVB','26C019P6O54B5GPD87',-55,'2014-03-18 18:39:46','U302Z3E5Z8CES7P5A4G0A0486LS50R7G53419O5S102JI0','373RA303'),(1471851733,557649599,2061018309,1370370153,'','WTGQ81LR19N256BUY8HERQ4X81HE8V26M4MTS8',-10,NULL,'',NULL),(1471851734,1553783799,1853,2132556207,'5U98308DYE','',40,'2016-02-18 20:10:22',NULL,''),(1471851735,1339035434,1294610226,810,'GT60650804O765LGVEC4325BHH112SV9R','Q5K04W46J',16,'2010-01-16 20:08:12','66EZ',''),(1471851736,1133516700,236516105,1062143959,'V7OT8ZN0','R7Y6I4PQTD9277Z70Q332YS5PP4MKOR74QQF459781',70,'2011-01-17 21:04:36','','LHWLX7O9KS892NHFPU015654OQM2Q71739YA59ZW03LWE'),(1686600096,1553783797,101242820,414,'','877M34K20UQ5F78FQ05CVPDBX6D3335',9,NULL,'Z4XFX0H2QLY1QG3071N24LW','08N862F6ML82AWD1LE66K5G926S3I698933Z0W74M13I3I7E0EUH8U28B0LCSNN8ZC3S7L9Z08RG5XW0V3N68'),(1686600097,772397961,4169769,214635436,'W01MB16','MAP7RD5G8SL3393V021QT0YZ4OB1PFZXYOD4PP72M76H1AA8H',-35,'1970-01-01 02:45:20','','C48FM4KL83'),(1686600098,557649598,2026359672,649965216,'4KY123Y626TU7MU81ILSBNY5674N4E8011A6O','A5R1C77',121,'1985-07-10 15:45:24','H4KWDV86O3312','8'),(1686600099,277120697,1386662243,4426,'44U5TR7762P1R5B73BT','2952440PAJ8MYUOBH1332KQPX42H426TC2V6908J31E8B5899952U6JPE294A0OJH0IC0MX5SH2NR5',-8,'2000-12-18 12:56:17','9Q3DGW6C570K360FWMZPO07528I',NULL),(1686600100,62372332,480929439,1557776592,'YSU6726OD1SB071V10','6F80OXYE31E3CG7230CK1084QPCJRC709VS2WX204',92,'1970-01-01 00:00:02',NULL,'7RV3B1Q91332U'),(1686600101,1553783800,939122752,324298344,'A3SI2CSUK98OAA021','608VGJZL5Q476L2RMSZY3R06JBG772N14YU7L4F6437NQ35NZS5UEJV6A05JUPB905P1318XA3Q021U27Q06TB62',78,'1970-01-01 00:01:02','6883F0VEC37E','9Q9V9H9GKGK6M028ZUSHRX3795FF4X062W978I8031TJV165X9IRXS2G6ZVA9UM89K50LL84MA54F0336RG5MDOP14495C0V4804CGZX'),(1744880359,557649597,230600350,252355641,'','UN4ZK2SCDH86AI900IY',107,NULL,'C9KXGK02PX5J8PWFBL0LP',NULL),(1744880360,1339035433,685491397,55864711,'J6WJ6S0B47','J18XD8OEE7C5S8780FV695KE4OW4Z5A0F3TP780A121251HY35RB48HCO79HB772ZDXLD8Z1K94YUD7U0V6D5CO614L8X',5,'1975-02-10 13:19:45','GIQ6WE12623T9DEUEZHFI384YNCO320L845RF14YL0X454W','G968T07A993H'),(1744880361,1339035436,156447635,1315900635,'2WNV3NS6IG0G5L7PQS6TW04XO7788R97M9M81','41H12BEAV081LXD3N02QRH9D3501A5D2072055NU447G49MTGV39P2U6A',91,'1970-01-01 00:00:03','P0TB6A796DH32S','TI6D6MIE1YVE3ER01RAR7M2176B56PT05CX7750H90H5PM0409RK'),(1959628720,918768331,772032612,422,'5GS9L6QE65959V0NRJ256R6P60H0C147693ZJJC0H2B79V7O84V0970VDASBNX4Z','98PG370B8X3KC2821MB3C64FG830PN66B9ND2AZM96HV5J15K7U',112,'1979-04-19 02:55:25','','5'),(1959628721,62372331,13,9,'O6DA935Y3E08','8Y6U00764CO7M39215CQ9GXY67L232720HRKNCC9',89,'1988-03-24 08:59:59','Q32A2CH8OA2TKA44N1',NULL),(1959628722,918768332,1141892917,9,'YMKFH0Q','',6,'2012-10-19 01:47:53',NULL,'T1QLH5DBC49V7F13FI8DRE282A11MTRM660UYI16HZVMDX82C65UNA6K46L5X999IX743414B6H'),(1959628723,277120699,68,452,'232UD64','9KAL0WEM62U10W48CDQ3R4A5D65J705HJ0MQ33',-43,'1971-11-03 00:50:19','O0PYXZ1SOY887820IU4FA4OU170WM3R',''),(2147483647,62372329,531,1458335498,'','8W6UUODG',-5,NULL,NULL,'');
/*!40000 ALTER TABLE `cb_sms_send_history` ENABLE KEYS */;
UNLOCK TABLES;

--
-- Dumping data for table `cb_social`
--

LOCK TABLES `cb_social` WRITE;
/*!40000 ALTER TABLE `cb_social` DISABLE KEYS */;
INSERT INTO `cb_social` VALUES (44,'7599FKE3IZN4ON2QWABRQWFC1MS02TQOYRWOC','277X96Q5PAFI8227AD1ZV84WT4BQQ','G54F','X0FEI28Q422VPU'),(45,'582106U','N2X274X9PX6HM06TTENG4S02L7ARI54W','62331OE51Y2M1C','MTLY8H2DM691MH73N38C88XF41G776G1ZC22T77227M8VU'),(46,'Y30JO9S77K2336V9H7AKAL04','EEC2YY5DO4P8CS432P54QU93I0R22505TVZU4C77','WVUIA53U7C1U4VYN5703496M25R323A04KCYF367C3CVY4V5AW6DQ8TXHLU49EV198S4D91RYRW8X38D0H',''),(47,'','EL9NN75Q01TYBWE56T5ODOKO0M3128Z91033R1164S27','L3WABPWQTRRN6P3SDX375DP1FHGJ7Y7H3Y67T7OA9M4TPP8W','5LYM7F85FC94O724972'),(48,'S1DOOC318I6M4ND9V9C4573Q72RP6C530VDXE4636OF1234I12778HU2LB3F542GUG56K1V42OWV77S4N8750SUJ6595X64W9O','S6G9Z891F9X063ET4','2LVSOOXY',''),(214748410,'WDMDP4RN9OQ99G3N054522H9645B6W2VSIV54OE2M5G4310C6L1221','54OYC29TC2KQF9AI','76H0788O173F8E31EA5','I5T976EL5ZY81VVWDU60DU40E9DHDJJS3LWS60YT3NOX71P5A954T3'),(214748411,'ZJ7F11B1KNEE','FBD5','I','939WE2186E1N0ST'),(214748412,'','CG78RFT938Q79PA2499I94847Z4CW','MRIG00L470Z4X153U398BYJ9QY32W36','KDNTS511A4H5U0A5IAPD722VH9R2CO03698UONDPQL73DGE03HUZ539SV58N'),(214748413,'','FE6736GMBWQEO8OPXGH','XPVE41JKC0317OWH1PGXCTX19358I6265M11I907385847B37B1U0XQ74L2696E50ABP03NDT2HA1XJ9UGFXCUWUI0FLOT6U8BJ7','QL3H15LM95LP7G38YK5W43ZS050O4Y90W26V5773131S8D90VM61RRI728W5582Y2ES5RD5558XSZE70BHKWK123T1KQD00LC7Z24SG02159KOP1OXEVI58UD5Y5M5LAN04WLL32WFL3Q53UC8DR51COVKP8E'),(641236867,'9UKY4Y45554X0W8845','E6R5S0K982B9SAJA9U77808SNMYSB85508YX5L452R1X0121CU96D322ZCNSNC8441C41Z28G2A27M','N697424GRH70BS7E6',''),(641236868,'G101K4997A9X65V4GW0IN5SZ0VY0743PZBU1O32LU8KP40Q953S1DZ4ZFKRTC3','KM7A5650A9L2A9P71ZB7GL77B153Y5ZNBPYW69W75X456U3948CXWRBQX1F05ACR516S5AL586Z18','935FZ6Y30I5IPAC8WV956V05PS5F465XKT1VK160','PN4G128T56879D2SVZ919275UDNN12558PQ2AU7Q5'),(641236869,'YV1LIP1XU3276FRE29E41VQZFZG108ME8PM43O1654WVZK0X7J','W403RT39G41RHGXDM265K0Q024Z0D0S5699L8T0V1A2S89N6539M1RD53W0H57IJ1XO93','A90XY','KSA7CQS955F8K'),(641236870,'33NT6O961I','0MLBRWHRC1QH85HDZ67','',NULL),(641236871,'8GQHL60J7H65UI6453C1O2444','','0O5GJ44F6335Y0QNJP8D4BG975TXU67332U32JB6LMR9JJ39SN',''),(641236872,'33MNWSBYR','DX8I729035Y5Q7U30G9D3DP6J2866S8ZUS1E97F786A1W6P938K33E8XN5J0HC8I4CR92BU7UWXYN48VX3G2YJB0YE6MU6135E2HTI0D0486158VN79885','BQT6UCJ132','F7T510'),(855985233,'4A7432D386N95669','VV0T2','J8QG37146O835GT3697VZAV8881OWUBQU1Y76OW27',''),(855985234,'','8','0J',NULL),(855985235,'CL25WRQF','AMRSPU0U97W9V7E15718C201S0S923H38ZPK0JOIB6910Y58MB06BK','IZ93NUVPS2B6744432YL7986093LM39J1WFFH9A29L04YZ6YUF26R08N340MS5PGEDK3C1771EO1A071852AB5BTGGV73Z30','68THN'),(855985236,'64UGWV3I','72D5O','8O6','W70E5AA9R8H7LT2DYZ780X29452R8YBR9T3P8V6T36678EXI6232V90Z9M06ORS8'),(855985237,'997U6Y588G7T7R50H44T882890H85L4Z3D6OE185032XAAWRJKVDDS0ITTNI03C42WZH1E15801T4SWY6A1L8IS83B0G70784UQ714O308A0O3307QD0','C5J7C25H2U1MV2U938DO1FI7883','0X42W3JNFI7U16H9B64','QW7X1OVPE60N6915RGBO7FA2309361I3NFF175RP0V38XSDY86ICGNQQV93'),(859002303,'86LV3R9DDU7O8042','T0B6WMH6YAL2','7SCUKJK7NSGUW4420L2PS',NULL),(859002304,'307D379786Y9GSOJZDSPM1Z6JA0','N7S','744YBV895FMI7SG6462XSGO1JSYF23292H8929C5VIO6O65KK74S096AM6V31D623F443',''),(859002305,'L8F5W2022FZCP6L8VVY01GX104607IC','DIC9VPCZ0T2K4Y','K98HF350LZ','1611I339653TCEX062AKQ1RV21CKU270F966307H32SH198M1DH1BKFP86219238G1883ZZ557S660LM9K47X5R2EJU0SRNF6DFE137983O8N76L8194AR1R7KB6QU2B8YXN9JUEK99UO8L8UR7A'),(859002306,'YH0P0SJN8B93V8062VH3BQ31I2MV4','0YV9OAY932IP916EV447FJ3X7','UAO27LZRW2DX32K4ABEO2W',NULL),(859002307,'Q448IWJ','K','V3PFMDM3370J2UZ4OEVKTAHVG1CZ4I1GH8OM00U','55JSL1Y5T479GT4W'),(1073750669,'J8B38E5DJ593D6X8OC57922GA070VF4376YG8ZX1','','',''),(1073750670,'879SYC3E85LJ2YO8ZNG3W24083REO78B7','62H7UH7B99KWI245EJD5915JOIU4824159B4G6C7FP5B7H1T29IFFMH0FUF0APZ02992192','65TZWAKA26OB8D5753','N8A5WL7276O8DPL978DS6H2PGL5PBP3C91Y300QV7E2E01R6G52W3'),(1073750671,'869','57045H250KPB50N060154X6WZ66','','N7Y6PX9MON81P241ZWZOYUG0G'),(1073750672,'5C9UZ409447A4452G3QWSI5U9UJG6SZ9L2TQD5N44E','X4Q6N04U22ZVZ2Z4W7944BKASX24KMUH7','9','40M0C505N0C1Y460ALT6IN7267M7D5GL8O448H212'),(1073750673,'XMDR305KK','N0B5TJG1YYP218HV8','0G01AP6C7','RHK8V30K0LW3C58ADV5'),(1459756029,'K41JDBM8KQQ1MNR17791W119560H4QO0T9749SSK485V4BS3M649LV16KREGZTLZ8L2062C6EZR7YUZTTPNJ29YU4LA32','0K3DUYL00032DF48M0S25R8QJK20F8O1A7H60O59Y74XMM01NTOL97ZOG9KLCJW78415HQP92','6A',NULL),(1459756030,'1B29GV66Z28N6B697Z4CMFT4IRAR4YZA8S76U175QCA8847','J5NG2QPMN1GLR886T5DOZ9R73B','','6K6B1BF3'),(1459756031,'A254O222XD4W4','8EMW','GOG94V84SU6TWRN6176B8SA','EO9'),(1674504395,'CS2','FBE09V8569Y3P9A07ND6GN0855D1440G16T9O5BS2389HTZR6H4431J70D6O6BG77697PIX38287M068L4810OMX10M686985','2GM61D3BV1866U','163268Q7T91P4OY258906Y0I1CYDIUZ0EX0'),(1674504396,'KLAIUB0674LYHU0I93AV713L47R0ZS7482QK87775D53UPT770PF0924H0WDE1','892089CSZCR314067E8T0Q6GW6ERXYU5HX','X3738P9ZUB70U8B6BB37G97Y2R2Q35VEK605VB2813EDH','5Q3'),(1674504397,'N14HJTG','1T93JIVX5NK4558U16KFXGF8MU7H824F1Y56WF2BER72E6941GB69Y4YT702B074BS33SZF28T17BZD7E18V1FB229S315DLU3PC71X8ZP0E463U15','M9G3660R6BR167ZE4D1FU5T56WPD7OZSOH47FVYSD74WZS3','8XR7'),(1923115181,'716R57','30YINCE7L934E6E8ZS604WTU067K4108EB48XWFWQ4K7995W45C4798P635G7MG7NPPPGS4','Z293QI8C',NULL),(1923115182,'85L3D6K','BSVL69259C','6H5WS76W88TDBR1W042N42T8NXU3DER9INM4MVQO2HW68D5C8LU618',NULL),(1923115183,'0PQ7','T4P4966VLY115485553','UGGLV1SE9FK5QPWE4CK',NULL),(1923115184,'G0VH1V590S4QBD675985E7YE5','ZRV5Z9C89CN38','2FY155M',''),(1923115185,'Y9OP30TZ7YM0B7767311D1WR5QQJ','K7HEY1I6ND5E7S283U19B87XJ45J89CIPDXP651C3R452F3ABX52113238EJJNM38S4UI','D29G5B31C1VG2SMSMSF23F9929LOMX46NSKJR','6OJ8MQXP6AZ505T'),(1923115186,'','','J7P2IOZ0547E','06CZ9HL6189CM0O93L9MPYTKLZ79CX9'),(1923115187,'8205P0X579GQ','','PLFBJH0WP894KA33Q2W12HOUB30HHR0528MP440V8CLL09H8346M0519VOH0067L1X5S9KF5Q1ZLFBJUULG4W7Z1TZ527TT1ZXR','W1POVW'),(2137863543,'','2HJK50','27B6C0W43830XP6732L0XWLGFOZSRIB2IW6B6LW341VFU6J990KHQHZN042C3259L5K6QL','C9678AJBIF1JSZ2HN0U5Q'),(2137863544,'8L1KU376T1S','FS9X6NCUZJ41Y','JO9CKAR5572R2C7ZX79I1F8GWN5K4943VXPQ3W104I7UUP48HS1V0OWQ78500L2U73334T7G2H1X9B49P5B16HE4',NULL),(2137863545,'IN852RZ4E0JNOU8AE2M19F211Q78B2S','','X6Y31YISXFY653G14K16Z0121P0',NULL),(2137863546,'657BVE954M0IG4O3VF9S1F25H472654IWY09129Z6F143VZ','P9','TR85704',''),(2137863547,'610P6','67NQ3GYM050O338178179U36QFFJQ24BZH238PV8W8','2NVH33WT815YPO0QC2E71FB4FFCV7462DC698PMAR142XRP1U0WX23Q948H1813J9IP5GL6V9JC9','3H5JUU8A9L5F7SWM480G660H0QY5G1V3KL54234F26H781R1LW58259GV3D67169SQYAK3NNPE7M3A9F15BB478Y64060'),(2137863548,'S7T5EJ181I7K5KB21169OQVA55D2R1L8','AL8OAR3Y','73KU788M634SH6OV33EYS99A6RLRK04KDMWJ203Q5FM607J1FTKL0JM87IG67M4T6IY8MU17GPVP19I92P208DN3ITZR42FTK2CF','K2OP3A1FHXOLH'),(2147483647,'5Y5RGV65I1L01679531C9UT18D2G05X76G160248A34WJV0PHZVF9P','765X25QL1HD','CBA44YDMGA2LN9Z95QI8A4410IW30Z14','');
/*!40000 ALTER TABLE `cb_social` ENABLE KEYS */;
UNLOCK TABLES;

--
-- Dumping data for table `cb_social_meta`
--

LOCK TABLES `cb_social_meta` WRITE;
/*!40000 ALTER TABLE `cb_social_meta` DISABLE KEYS */;
INSERT INTO `cb_social_meta` VALUES (163516665,'02ASFFOJ5XBO814L5SSJS169IAJ151QR5Q53LTBCL767T5V3QR6','58D6T03S7Z793'),(163516666,'7D883VLBSIB056NY6Z44633J4E9M0I4D845049I5VDW599411X912','0P9675A5I6345E40TT32QN'),(163516667,'M4037MNS1LB1I','39JLN09M2J'),(163516668,'469','OGRZ5N496858IJV79EYVABMLA7K56R78942S7E3YG0O7F4U3TXQJXG0MT538FY733805TCBDOIUVJ4455O6UOWXD4D86V7MPKUZ0QXUGE12P'),(163516669,'2FKHZ8L07H8X9B3W329OX0T1N97ZDOY8FC9022','QD02QN01K53'),(378265030,'896TF3BR0BGGEL423XZZFH7GP6F8KF6HBFF6UPHI39HIG708N60V9363R4','YU1B28F0UF07B6Y2TVBJYEL97QH9JQ'),(378265031,'622D11COAQ0Y9CG0YK7GJE2234205MPZU0ZS','60ZNSCFG0JFH5915IN1L5697NX9HT7PQ4A7DJ2R79IN9A'),(378265032,'033504410JP653081N07583JP261X','G42I3958K610W026VOX96OC042T4P8HH7S6T7H8OV0QT1NOXW7D9M3R0DTT1X1FEW631H4QAX3T78P24ULFB00TQG0R2W68T1BVBB5F5AE71SN06'),(378265033,'4N1006991D0101GHLT64K90Q9AQSN7F8O84OG0P317','49VXL3983F365'),(378265034,'C7XT0ZRAY1S','6NBT6Z7D033HW6VX1H3D221W46PDQIX4YM0ZL3'),(517234106,'80HZDY4X2LU301L5JA3TJA548L19S9I7G1K9EH5NKSBJ','L057'),(517234107,'2B6LW2H0W075KSG9US59TKZUD852','NM6WO686U'),(517234108,'UDA30','VM3484P756X9HPK9OB1PCH14RW9O8GVFO489872L'),(517234109,'414L4NDSD78','G0383F7LS6SLF6'),(517234110,'SBN4U4L0ZJHLB1208676708HLZR7214W818Q27YAXS8I4ZW','PB0K85D48323D87I'),(517234111,'','71WOMYBX12Q5X69NSA8'),(731982471,'9YHWCGQ82CUUJN5CS294HAVQ6U','O8UX959ZJ66YD6P414V80Z1PNK40JPIE812F1949715YEKQUW8VHGDDKPF'),(731982472,'HS2F23ID894O07M',''),(731982473,'9X1EVKGSB20H11AV8H1HA90K4','AMZ12OXZ3YL'),(731982474,'0407MWST55QG4E1684','7T95W00GA3JL2149L64199862CUI30LQ9U738H3NF7JF5QD2E62255G0I2V187BXXEJ37NKA36L9T6'),(731982475,'V11F162D5','882TIG2JII8J2TDR6XS6VM1AH0Z2Y6O45'),(731982476,'','43OF46V5614T98Q823'),(1014141184,'4L41T006DB03V8N4O3D46I06P75OB1JM','MN'),(1014141185,'0CZ4P2K1AZI8QVI7718Z118CDI15C','LAPDOPS6T7LCIJ'),(1014141186,'LO5I1TU8E80V',''),(1014141187,'NF9054LIMH28MIV4SW76BI37F29F81A897Y133','57XP7W50D0VGQUHX7X865RLMVJ1PY0WNZ0D'),(1228889550,'0391D0699LA34G63','BZ107S5OH6NN'),(1228889551,'','A86WYY5E5M94009K0Q53JW2EB24QSAS87F1Y8NXAFB5N3CY7057H55E3391WZ903WR76K278GN37KW3DAX'),(1228889552,'RWBCUQV7WK9D2Y01JAD5TQ1D3627P5BM894025G813OG1409283B5UKEG6S0Z0495FFJK449L5I4H88ZN97','TI8QS9H6T2H2I40U2JI9PK1RLT0MT5F10Q6DM9ZD2X9GHZ30B7FAA0FZX2242I436E0WK7UC3U4F12'),(1417490392,'V8VL0FL27BM5E','67X55OJQI649922LHV'),(1417490393,'DMAT59','36Y040NTAIM74J'),(1417490394,'JGU7M57VK48G26318DBA773272078556N29','9030HL0JE03HL4AC00WI1O2V'),(1417490395,'XL82G76ZH800I842OCEAQJ712W3YW1O46T12','AQ'),(1632238758,'8MP5C35K34956GG0O0B69P4FM1474EFYE12UOP3276A0','L7D6AGT525TJH05S8LUZ02ILSX26994XJM305S6SK8O253C7KV5E4838V256HU5L0534J1G9U68M7X326I5L8Z48IG2N2CD04P318'),(1632238759,'5GHGOEO05QK72O3E3Z9','NMZ39814D48EDJPE173298N798FQ2Y'),(1632238760,'259VK6QQ9SC5NOR30UTFG9V5NQELT5J596OR7O5SAVV7G1WH6W6WQA57X3M10737GX8VGM9GRV4AYU3B','AI325HUZ4D5L90958NIE915JUV128T7AQ'),(1830381944,'SQGIV47GHWO8VSFQAJV13','6E4GZ6G308DC49X6J4XAKOP6Z2HQE9ZNA4615BSLQ4XZP64HC191352494U5QD'),(1830381945,'7V2','8QNH10A97AIVD0IJ490J436PRI3682P148J5OKWQUP009G0RL82OWCM3R6V69NZ65134D081'),(1830381946,'17TG76C76875K6TRC7JHIT037F7DGJ6T71844J22XYV18JF36','J1724XH414L4RPUU55U'),(1830381947,'YM4YK8039Z261606IV93NXU4R29939TYDH81A78ZZ714KOX67A9W58AI2NV4I0V56455LIE1V2G85N0K50KO02470','662'),(1830381948,'3X2WVM074IR43T954','3P2AKTH96QKH91M5F381709555QFQ'),(1830381949,'59851LH5152OFDPZZ87K11','B7C6CNE56N37V832DX685IBI1N742ER2'),(2045130305,'6D82','93PR3152KG5UYEYV0647TI307K935GXC90B'),(2045130306,'0CCD8O02F32XN23225DGW2B56U9OR5110N9L881DJFP548QDZT38I7O18Y1XA9TH2DA2W123OMGZAKU1FZH0T5V6B59OVO29','A2'),(2045130307,'3K54H41L5R312B9095XX8X3F86D0X0LX4S18NXMA17D601G','B1Z44Q936BJPHUF3Z'),(2045130308,'59YY50195U41W5N1831','95V5Y6211QCZ3099Z46DT98Z84282H05VY7LRBL78LU5T4DF1DGNAYKF8X5PO4H8C4R8'),(2045130309,'17J67192411N',''),(2045130310,'','R6SL25Y2C4078L4'),(2045130311,'58KTY78BAN04499HL','485C4JT1ZO6Q01K054WWJ24V3B3UY62X1UNGP'),(2147483647,'3U78B5TMH4003K8MTQ8P84M0RYS','K06MT7K19I201VFE2H1548L49EURIXP432BVD64476D9FY4L128C787N71K3Z9UAYE1P1L8FNQL6D9');
/*!40000 ALTER TABLE `cb_social_meta` ENABLE KEYS */;
UNLOCK TABLES;

--
-- Dumping data for table `cb_stat_count`
--

LOCK TABLES `cb_stat_count` WRITE;
/*!40000 ALTER TABLE `cb_stat_count` DISABLE KEYS */;
INSERT INTO `cb_stat_count` VALUES (209215868,'47KS0N97I1','2013-08-14','04:49:52',NULL,'903TW7M2H3595NHCY2AJRSGR0GD2UN5V7','641R42W91OZ85U9LKWB6G8NN027VZ21B51UY62080FY264KM21FR2ZMY92DVM1F9NCIT1M65U754Y35MBEHNI5549H8RL63BIY0BSM959'),(209215869,'545F9NM2G9','1970-01-08','00:00:08',NULL,'UU74VTY3WPM7538HC7K0U06D37J15757','6C100202D5GT'),(209215870,'JB2QNH8099G6UJX1HA26Y4','1982-02-09','11:09:12','FBNB215T6T',NULL,''),(209215871,'058NN6YU413N962FS67QP2Q3748H9X17QIMD89KPHJ6YV','2000-01-22','06:45:34',NULL,NULL,'I02'),(209215872,'ULI5HYG099ZR','1981-05-18','16:56:41','C6YATBGUH6OFGW0OE8KO699689Z24MA0D10DH708CY7C637I1A6E90WC94C7498R06LL84Q3Z73J4211','',''),(209215873,'5J0','1970-03-17','00:01:16',NULL,'','9X3'),(423964234,'YQ8GA52P89UY','2013-10-05','16:47:29','608E9I','GYE805SL0NVNASH4256YZ5462LC7003','J387XUSZ052BHBI7YWZ1EJ7HWB0O14DN'),(423964235,'9V5H2Y0O3608JHG0ZU5Y9KI046V5IW49T63QP7V89L60H1NMGD','1970-01-08','00:00:08','536XXK4','7330Q9MTYH8TP2LNNI','CYIGE9T0C2'),(423964236,'','1970-03-09','00:01:08','K79TBH2Y7Q8OZ9CPULBGSEVF1','','0A'),(423964237,'','1992-10-18','10:33:46','0W21410V55XDJK2KMJR32CFELPJ9',NULL,'Z638'),(423964238,'','1984-01-05','02:34:37','9TH7EIR76B9GNIH7599R17UIPWU2336EWV09T38RB75R89SHL4F51','','4B3V0TQPK2VJ4BZC7M4J0Q327Y'),(585064050,'485518GGD2LH','2003-01-22','17:04:31','LV0XP3126X4HJ8R9RS7H1N18KWS0AK3JQ','70F1SR5W610M1W4545EW76S0KS04X880QXE5389I7RILZ6EDE3ZIG47PY8PM0262Q67U2','83A6312QQ8SB6'),(585064051,'PQF280X1752084RU0308U376Y50IP18FIMP6DR4PO13NF','1988-11-05','03:50:57',NULL,'QM84D7GD123CFNYJMGSA083HN8UBI925M86F1YSL8QHWBDK7L1762I90D9UPYQTT3S9D026BN71T9IYF4706','08JKIB0222O46R7Q1'),(585064052,'2','1982-06-29','18:10:25','','','911121F29Q9'),(585064053,'Q67EM9VL47231SGZV35NI4SUVO7','1989-12-08','02:02:13','6G6NC7PSF46UMCN8SD310A384UK80184Z996AK19','H375TFF4X4SJ5CNJ6291GRV821GU8Q','VR54Q140N61Q151FS8NA6TV36D25MC2'),(799812415,'46FLOAZ5UFH0PZ8T70I','2017-03-20','17:36:01','','HBC5Q5F0F0R5WZ3I6004031G592T6C67G38UT4Y2F170M5U1','TO206X4X88AXR10A7YM3U1U79F786PU73779JD0X04FG578684FYU56O2G7P9436JVPW6SPS'),(799812416,'X','1970-08-28','00:04:00','R204S9141',NULL,'G93KG2CKH'),(799812417,'ZCLDVD1E39','2010-12-08','10:03:55','1H3T560K12QFQG96198652F8V','9AP29DT13S07D9745P','8IWS6AR22I89RG169O9PBC73F44VQC94M'),(799812418,'305B3U2VX0EAN953DZZ5P637E22HM2A','2013-05-05','22:06:56','UW66H71NY82098','851O80M12F1US1PF7LP51GA88M9036K3P7WIS7624XYX6AK89R6A5498IVP5JT7P4V19FNK0RVZ8WH3EB','C4P50C3'),(919057268,'1902L945XT3PC','1994-06-01','18:44:15',NULL,'LH021ZL8K36K','B042G'),(919057269,'133423E7JSLFFX95VC378803HUI1F72UTN42BE','1972-05-08','22:39:23','T4T5619A2ECJOIN9B5Z92G9G2S17JQ797Y1A8M84','4F66L0V2EP9A2T1I782Y4M1','8X9XP8Z9EL0YGFT0B318L48MPC173'),(919057270,'965Y46G8HG0C2Y608R2ZRTBH4S2X097VE9508S52FX530813BH','1970-01-31','00:00:31','XX5R91898Y16OR8C','01F30F0DF7F1P07C977SBS00266B16','873697R4U8120BS7BF8KJ2SYB7'),(1133805634,'1O0G9SEHA5S4413ZEGYA8U329KLAZ','1970-01-10','00:00:10','NRS89U6TY5415F353W8S8HSH3PHZF55O743V817K0FB0QIVLJG39Z3QGN40E52D7298E829','JK1M4IYHF48GO98','SR2O39Z9Q7MO8R044N63058WCAB6X32C24A2UL9D3216E34D7G'),(1133805635,'83JZ4J124','2007-08-19','19:16:27','','Y6KH','J2FP26'),(1133805636,'825ZA115975J6L040Q4LG7ZKX059V6BB3P035SXC07S10324G5','1973-03-15','21:38:20',NULL,NULL,'N004'),(1413494717,'M0','1971-03-04','00:07:08','','04ZU12MVQ7D47NW69665QGK','70858MB0SQ1YHVB55PC2W0IB7JG5NWIS'),(1413494718,'69BM','1972-01-23','00:12:33','L27K7','P0YX3U94I52725M0P8R6Q29','Z2EA4A5N790497896JG11O6KV9253983115N4972'),(1413494719,'9DNKI8Y1E47W18C9R62FJ1V','1972-09-20','00:16:34','E37SR9N4UWWT0C2NI5Q459B','VM4DFUY2NK03209C37D5R2ZW0ST6B0MBQ6ZQUTS1PF5WPYB22Y8G79L29HNW44H482V6B6V432023F','FZJT9I5K8YAD'),(1413494720,'K','1981-11-18','11:12:12','4QLY1SI34ALD466Y','N3EQN8IB62B1662QZT15K9Z4002SFO6HRO23D2468K8F',''),(1413494721,'T','1970-04-04','00:01:34','ZW658KMKA895875KDNV19693TC3L70CK0BD24UQ5Y3WY1813OQG4FJP54WI23657893573W50BS41','','872IA069WEZ3QZP'),(1413494722,'','2019-06-17','21:12:47','84G','1969AH1','175GM9578G4A9GGX16V0IH'),(1413494723,'ZP5SV00AB1','1972-10-12','00:54:22','883603NAJ6SZ1MDU3J3RQ9E','58A6404O4B2','8DWIA7D3XVBVD1UFUTB4472HN45152O91PJG6IGC1MZS91Z78D29N190IN70D9I61BWN9B3WX7MP'),(1628243083,'1678HC882Y','1981-05-08','11:54:45','17L76JDF01X7VXN4U6143Y4KU3ZYG3U61KVP9DTQ7F','1T7F5BCY277OJUQIDI7V3H8','6M9KOT27CAT8464KY771787UG329Z5L7QA4C4126529JGJ0GP5SAW312M7O0E0HC5YL3CNU871BVYS1545EG9NBB2ON3S6919LI7'),(1628243084,'QZKP3340VVOM4B83821IT51L0B','2012-01-01','12:03:01',NULL,NULL,'ZMBI899'),(1628243085,'0','1999-02-03','19:48:26','','1GU9LK001DZY7YLND0OUXC2GD7J6425RCE7154EQD7ML59Y0W5A8Z1278Z73PRAV1G9374H61830KX35145645UDPDI29P11S5U','7ZR3C1R76IW4V00HLU812930'),(1628243086,'VU','2000-01-09','21:05:43','T1805132157STQ6ZP1JZ04EE0D703D55403BF76687ZQ51QBVBI111L0',NULL,''),(1628243087,'0SA4QPUDVY422A0AP55XC7XMC4IJ0IN1HC69516W1BXPO164I9','1985-11-17','01:36:40','',NULL,'159671Y4ORAA88C85460VD2D9G'),(1628243088,'61K41X15I376V8Y5247RG0SA2CJV25AK0','2004-03-06','21:30:11','0Z30QQRG23V2','211AU9NY2M','A'),(1920824657,'265EXJ830050WP3839BG6K3P8YXTITB1Q4','1976-08-06','19:51:46','F','KQBJ19FGG85408V1YDPV151IPROB55VP8B4B916WSUGA0','D5H4013D7'),(1920824658,'78143R41H13R21PZVKG114K12NJ18E160OLI','1972-09-26','00:16:40','','09UVROYMI2OS693P195B2Z930A6SI','MC2ROG244O'),(1920824659,'LZH9Q1818QAE58H053O','2001-01-03','18:13:26','8VEIENX9O1Y96LR904M285XQ',NULL,'1FCDAFJ0ANEZ7S486651AAL8UC9WB0O9OY3NIQ76845O1GT582429WAC0ES63'),(1920824660,'0B54F','2015-12-03','04:06:03',NULL,'','3P4U82Z4DZ71S54QAH'),(1920824661,'2V3Z','1995-01-25','16:44:40','6D7C01HNLO4C937TWL720JMHG6C93I6UM','8S9AZ8IO9','BMWZ80O742Z0X321BS2ERRKI9X2ALQ9SK053G34U7OL538Y684R8M9'),(2135573018,'33Z3VQ2A10UE4T4P86484M4E1ZVJ5','1971-01-31','00:06:36','QRHI25KHH9TP5VJ4X49I','43Q17OR2RKN379IQB6ZL564L28M2AP6YOGS80PGM4W31LPC2S1HOIISHKZ3A7LC40AFE71','0U53LW'),(2135573019,'M3','2012-11-15','07:59:29','WX500II29S3RDWH8YB599SNSLWEP3W7494289F6UZJHCI3DN3U6S18','',''),(2135573020,'L950XVBZ3F1C','1971-10-02','00:10:40','X30',NULL,'5KW35JB6L7EN3FVK'),(2135573021,'AW287','2014-01-02','03:18:30',NULL,'','9HSD'),(2135573022,'QC9C87','2011-11-23','13:27:59','','ZHOM1F7RD4HJJLQY7FCX3R1A1R8V6EN','10AP7OTDA'),(2135573023,'7SRB24NW','2014-06-26','14:44:39','3HF','6RK083IC3MNO90IN38UD071371X8P3O80B17655ME2KXN7QF7L1L9','737Y99H79CFO9800K51Z9D'),(2147483647,'979GE6GU80H18124TTOXK4AI883U7725SG90QFAQONHO','2002-12-08','19:06:52','7L','364GAN','8ME5A8G9Y70753F56G2');
/*!40000 ALTER TABLE `cb_stat_count` ENABLE KEYS */;
UNLOCK TABLES;

--
-- Dumping data for table `cb_stat_count_board`
--

LOCK TABLES `cb_stat_count_board` WRITE;
/*!40000 ALTER TABLE `cb_stat_count_board` DISABLE KEYS */;
INSERT INTO `cb_stat_count_board` VALUES (204776930,'1994-09-21',1174335173,-3590232),(1773,'1974-11-09',1390222385,-1228173406),(118332366,'1985-06-15',1139888142,-949462294),(0,'1970-01-01',1384912100,-1528830198),(426586434,'1988-06-15',1439448948,-1991963705),(5075,'1983-11-24',1369613046,71),(29,'1970-01-30',381663815,-1657122236),(426912097,'2012-11-15',1384190703,-244108285),(2120774556,'1971-01-14',7737,-78),(93,'1970-04-04',2098257084,-3),(10,'1970-01-11',3107,-1792380698),(1036993484,'2016-09-18',56520263,-1727346985),(6133,'1986-10-17',0,-617170328),(9,'1970-01-10',1222364883,-1856994381),(676209507,'1973-04-27',1487316626,-544391300),(216,'1970-08-05',1669511172,-473778363),(7496,'1990-07-11',1827609381,-538764183),(2046499297,'1983-12-18',2049919769,-233554543),(38426786,'2017-11-18',0,-1492137276),(286845744,'2015-12-30',1462319761,-1350745046),(4149,'1981-05-12',35870840,30),(6,'1970-01-07',342,1997),(2065119768,'2015-01-09',851939391,8552),(62,'1970-03-04',892442355,-1543929128),(2,'1970-01-03',2041502687,-70),(430,'1971-03-07',0,-1610375610),(2118125239,'1970-03-07',749889263,-1424611575),(913916321,'2018-06-24',9,-844016297),(2065770581,'1984-06-20',2083761960,-951),(2381172,'1982-01-18',1722155813,-5),(2047651699,'1987-04-16',794831392,-1907900362),(2132557214,'1994-06-01',1961348761,0),(26,'1970-01-27',0,-196),(1664511860,'2002-09-19',1,58),(5225,'1984-04-22',1759144284,61),(4720,'1982-12-04',221463461,-781912353),(926797004,'2007-09-11',0,7142),(1573623158,'1986-07-08',1137756107,-52874774),(1434214812,'1986-11-07',6841,2),(31,'1970-02-01',1908092626,318),(1065902176,'1972-07-24',982331888,0),(1662799048,'1985-09-12',1894763607,-87653822),(1,'1970-01-02',1877447137,-90762033),(149725298,'2015-07-10',418,-2098603029),(944,'1972-08-02',314928310,603),(94,'1970-04-05',137954307,-1999344233),(1,'1970-01-02',2000,-695),(2,'1970-01-03',332120122,4722),(3592,'1979-11-02',81,-2034247385),(445971638,'2009-08-23',8,-945);
/*!40000 ALTER TABLE `cb_stat_count_board` ENABLE KEYS */;
UNLOCK TABLES;

--
-- Dumping data for table `cb_stat_count_date`
--

LOCK TABLES `cb_stat_count_date` WRITE;
/*!40000 ALTER TABLE `cb_stat_count_date` DISABLE KEYS */;
INSERT INTO `cb_stat_count_date` VALUES ('2019-03-15',-1181515636),('1970-01-03',23),('1986-01-06',-5849),('1985-08-10',-5700),('2001-01-30',-337755909),('2011-09-06',-1704585868),('2013-06-27',-662550780),('2000-06-15',-146627020),('1996-07-17',-634774322),('2002-11-24',-149404343),('2011-02-08',-205690389),('2006-08-11',-2109363062),('1970-09-05',-24),('2017-04-15',-1069811547),('2012-09-27',-513146438),('1991-03-15',-2088420279),('2015-11-28',-672894908),('2014-11-14',-1504648971),('1970-01-04',39),('1973-07-15',-1298770956),('1993-04-07',-8497),('1970-01-09',8),('1972-06-27',-839301401),('1995-11-02',-1992340851),('1993-08-14',-1784848105),('1998-10-13',-1023292369),('2004-03-26',-1666509227),('1988-07-14',-1284706341),('1973-02-20',-967758796),('1970-02-04',345),('1999-09-06',-1963492680),('2017-11-16',-325831625),('1993-12-24',-875),('2010-03-16',-1009857433),('1976-09-28',-1045030981),('1970-02-11',417),('2010-07-09',-2002124799),('1990-01-20',-37131193),('1994-04-07',-23947028),('1974-12-11',-800344302),('1970-12-17',-3),('1992-09-15',-1208277695),('2012-03-25',-1583171490),('1977-02-13',-260),('1999-11-03',-798792662),('1972-09-10',-1417147074),('1972-05-19',-129540362),('1970-06-01',-15),('1970-01-09',800),('1970-03-07',-2082284624);
/*!40000 ALTER TABLE `cb_stat_count_date` ENABLE KEYS */;
UNLOCK TABLES;

--
-- Dumping data for table `cb_tempsave`
--

LOCK TABLES `cb_tempsave` WRITE;
/*!40000 ALTER TABLE `cb_tempsave` DISABLE KEYS */;
INSERT INTO `cb_tempsave` VALUES (2793,1198256423,59379385,517234108,'7IG1328EYQK7D2','89160HW6J','2002-05-19 11:57:41'),(2794,1474428827,820206901,1830381948,'9DH20ZH18E96I7V',NULL,'1986-11-28 19:32:35'),(2795,1474428830,59379387,1228889551,'99R3UY311HOIOST5T7C1381V6C5CS3J20YR1C6J06TE1CLEYG6',NULL,'1970-01-01 01:16:47'),(2796,983508053,59379382,2045130311,'ZGGJS7HVMS2M96DO2000Z4HJE713C','807Q','2001-05-26 09:22:17'),(2797,1968583228,994193108,2147483647,'U84K1XI78OWI',NULL,'1981-09-05 01:35:11'),(2798,1753834868,2042785074,731982471,'9L00084580WN707I4OX1W276126ZO3E6KSH7256HDR3','36Q2D9HOM0N2MKG9B8KXCO2V456H849N4A8XWZZ64OFTEO4379D86MUF1MI9L5E','2016-04-14 09:38:07'),(214751159,144514031,2042785070,517234110,'MP19163FZ79Q','ZBL68R3','2003-08-19 08:40:40'),(214751160,1198256421,1543094099,1830381949,'895374MM43PQ9FBBMD4SDQPDE001EZX4A7',NULL,'1970-01-01 00:08:31'),(214751161,1968583230,274127750,1830381945,'J70954',NULL,'1970-01-01 00:00:08'),(214751162,359262399,994193109,517234106,'2573802Z07GSL9886QE10084SV4177B2YE8724J9','86SA90TXB3R41CQ9NDH67','1984-05-26 15:38:09'),(214751163,711947045,1828036712,1014141187,'9','E6XR40ZE84YH4T42G0F8VFMALZWC7GB42','1970-01-01 00:46:34'),(520481285,1968583229,1828036707,378265031,'P7C908X6D62O8126UY4V26LBKQW8WB15V4D56DZG','181X3X28EGR548W2FDSOO','1982-07-17 22:32:23'),(520481286,144514032,274127749,731982475,'',NULL,NULL),(520481287,1689177193,605458533,163516665,'AP376W8QI8V6N802SQ84BH4H84G48W2T50Y26B1ZJ','GAEW0TDA2RJ71MKA907X2OF718B66K91AKT2','1970-01-01 00:00:10'),(520481288,359262398,820206898,1417490395,'958L1GO61X0433','','1971-09-06 15:29:04'),(520481289,1198256422,1543094100,1830381944,'S345HP914J332D59NU7DSLE3H00T725Y88K461486PQV623PCG7685II1AYH518OYF8144E2M9BT910238IY8HW3PMB3BYD12Z361H286NLQIHD9MX4I7DM','1A79IXLI8YX346L85934QXR9L','2005-09-26 09:40:19'),(735229650,359262397,605458532,378265034,'4O27UD6Y8T4D51','','1970-01-01 00:15:15'),(735229651,359262396,2042785071,1632238760,'NQ3O2FLL1V1FL4SK1E5070864GW60QTOG','','1995-08-11 14:14:08'),(735229652,1474428828,820206900,1632238759,'C316S3G0SRNTF8','V65OEHE3UXQU871D3H3PHA107L121VB17ST853JJW5H','1973-07-05 16:29:07'),(735229653,983508054,2042785069,163516668,'8','0TVAELS0F73B068VUY7C7FBV8','1970-01-01 00:00:03'),(735229654,497198677,605458534,378265032,'L','CX76M3H73841B890274081HB4QD1FGWWR8O0989','2012-08-26 19:07:06'),(735229655,1753834867,59379386,163516667,'4NGOGBY248E9VZ223QS68203Q2G53QR515',NULL,'2009-04-17 16:17:12'),(925721325,144514033,2147483647,2045130310,'FY315Z237N5ADHQN175L343I5YBX1568A1G2XS262309K4J1JU604YZ0',NULL,'1979-09-20 08:54:34'),(925721326,497198678,1208941472,1830381947,'ZXRNWPEBY12XIBZ39X1NB','','2009-11-22 01:38:20'),(925721327,1689177196,1828036709,731982473,'626A38N8E4','','2003-08-18 02:43:04'),(925721328,144514030,1208941474,1417490394,'7K340','5Y0VUG2O7U68A56KENZKLV03','2009-04-13 03:13:28'),(1140469691,497198675,2042785072,1014141184,'0','597H66334BO1Y60X5S7SM50UX09BB50MIJQ93VI3AKE5E8046CG1','1970-01-01 02:32:35'),(1140469692,497198676,605458535,731982472,'637IN8Q71BJ3Z00LOBA054','AOCP0135NWR5WE53Y9A180154L','1995-08-07 18:30:44'),(1140469693,1198256420,274127751,2045130306,'9J','9NCRXK824ZRCX','2013-03-05 23:45:16'),(1491591728,1198256419,1828036706,1228889552,'Y914P9LZZO9519A3XD300O59AX536P4840P0BR5YJ8PZQ7W5M',NULL,'1970-01-01 00:00:05'),(1491591729,711947044,994193107,517234109,'2H0YH2A75G7NMPT626',NULL,'2007-06-15 16:26:02'),(1491591730,711947046,994193110,163516666,'4BN8JK51YH4D52E02P25840UY950D35WAR8C2MKC79F27R6BP37Z487406B35W68S3X2UY2ER60ZJ4IRFJ31U488A7O1HM4JFV','0NJXK156VEP3','1993-07-21 14:16:08'),(1706340093,983508058,1828036708,731982474,'K8F9M64RO6972EM3K1R7JA34Z','0LEE6CKGNU99I','2000-05-26 17:39:40'),(1706340094,1968583231,1208941475,378265030,'V0GJW26FB7SHAT8EWA5A7QFFL3RD8RGAP7M37778A3Z08OCHP56063Y','HH659DCF468J78B53A4PO20','2008-01-19 11:50:48'),(1706340095,497198680,1328345734,2045130308,'ET9YXVNP8R0X','J7RH','1970-01-01 00:01:07'),(1706340096,983508055,1828036710,1417490393,'4325965XH10KW1544K04IVQJ77R44G47687EG1L47F5277M1O79O070','','1980-11-17 05:12:21'),(1804183621,983508057,59379381,1014141186,'W','8OJ8AV1060RXVV4Q93LE91N6D526','1970-01-01 00:00:05'),(1804183622,711947041,820206899,1632238758,'Y0','','2013-04-11 08:43:17'),(1804183623,1968583232,1208941476,2045130307,'','2IK15QYTM03Z573YCPN14316N49035OH61M3120H',NULL),(1804183624,497198679,1328345733,1830381946,'172G1OT','ZCUYKF22W7KEBL','2009-06-15 15:38:44'),(1804183625,1753834869,1828036711,2045130309,'','VJ39851IS12BKDQX022',NULL),(1804183626,1689177195,1208941473,163516669,'','FC4S32FE2IGKI2L5',NULL),(1804183627,1474428829,274127752,2045130305,'5C9HC51LGUZG78','','1974-07-03 09:49:20'),(2018931983,1689177194,59379384,1417490392,'40999F2VV658G32X50MTR1OZF9X3608AW506F9MG124HPP3T1VUSZ86JZQ68H265360R1V6DUA6706X215W0G97H5YA86HL11T6OU5P20303H1VBCI57','318UOUF9L65I7SG9DBTLA69QEWMTHANX0KQSZ6Y0ZN9GQVQ4J323536','1972-05-14 19:22:27'),(2018931984,1753834870,274127748,731982476,'KXZQDXR3B43JEMRASI0N328S8157SA6YR1A4TKW5UMDE0075SQQ89DA553R401287POZT567574O2MO48RKR82ARD95E84G5M1I99CTHHV70B25G4M3T4559','N7E446766FI7E9','1970-01-01 01:42:22'),(2018931985,711947043,605458536,1014141185,'U1NMYH3N6UJH41X79431S7GG0083RS1P780J5FBL','','1970-01-01 00:00:09'),(2018931986,497198681,274127747,517234111,'2ZJX42','6G8263Q2247IY58BHIKI921GH9265U67MBR','2011-02-25 18:53:52'),(2018931987,983508056,2042785068,517234107,'KO1F8BUG1XA9UB2NX614W5D3','GNAPB','2012-09-14 17:56:43'),(2018931988,711947042,59379383,1228889550,'O043VIM41E9N85M28Y4042IC220D93F2U2NVJIMCPDM9E8QN9UX599I7LF9059W9B','','2017-09-12 07:38:51'),(2147483647,2147483647,2042785073,378265033,'','9RWSI4A461466QQSUJ7G8LUSQV007Q0B6TNXPG',NULL);
/*!40000 ALTER TABLE `cb_tempsave` ENABLE KEYS */;
UNLOCK TABLES;

--
-- Dumping data for table `cb_unique_id`
--

LOCK TABLES `cb_unique_id` WRITE;
/*!40000 ALTER TABLE `cb_unique_id` DISABLE KEYS */;
INSERT INTO `cb_unique_id` VALUES (8310933972267607066,'3KK951V4W08NNC8NV8LF0ATD'),(98,'B02X0'),(6393863757945279234,'78X446E0QS4621KUQ6B8C78G9TKWQ8NIA8BA922Q5Y02'),(4648561192357635686,'YV8GCB075F84FFSIU7LU'),(830,'T'),(6514911849502045918,'26BZY0W2MHET97WB184ADN445RZLVD61VMH604TX8N917'),(5824946893624517313,'7M323T'),(4797222125535209661,'ERQN470192L8O5XR0PY29E'),(6933751579903617741,'AR6TWB741CL2FGBOQ3IKEQULSIA1V'),(2486,'29YQ'),(6352596871349358082,'9GM7AZ09NM4G'),(3048453231990621013,'ZDWP7V6A6MTJSNK3S62'),(3631569023231724548,'ZHD7Q79B197UX1651XOM7JS'),(8804532304305720336,'YL'),(3531832434524830735,'4YX8UPY43V92M79NQK430EC3A6'),(8038039722884510602,'18XT04P96L3W6ZVEI9T0316'),(4,'IE6IZ0027YV9K04NFLP305RCIE1742'),(5299885641970371961,'4B2PS7T6KZX'),(6771436601750929905,'9'),(8739992830025598790,'JJW1F525E6QDE3X441WAQ753SAE61N40399M85W7D3JEP6H0BM'),(4816901335054506105,'Q22P43H669K8986GX9BM'),(4498924733121751379,'GQGU7J21L'),(3232017359963243045,'LJ80O3M71518447795C747G9Q8U3CE1B'),(3813240843620956628,'89F15BTC2G94'),(6235448321416917392,'RZ48YX221W7C'),(6046366367130838955,'36JU690C6PS45ZKHS599U5O0YU21724UA162W8'),(3025542725254092161,'59AJ8U6GXY8298M3ODG7N506VT6428M5FNXO06ZP6U526WYN76'),(36,'6DN'),(1003660491433549477,'PUB83116HU7S15U98'),(7486848444264642499,'4'),(6409023025392212602,'7X190B6012A1NP0550XJ907O56YV7A3GEY'),(787698120514348114,''),(5897142398440189709,''),(8284128902461665220,'315YEGHMSR7I8DIWS00UJCTWA5NZU4PN7181PX'),(59,'6I4194P18VTM'),(8322324479377435302,'5G552L57VLUAWD20L9NJ3A4G9Q1'),(215962373066685010,'8B6M5N83T5'),(1589706047971936437,'JYOOWYPF9WNB0SDXS'),(79,'H2SN792QSZMV7XE99X7BPW3W4'),(3448965461626567023,''),(7308595657317805277,'4624N86IE9YS926'),(8486733479270407175,'K5D2A5295C45JEZY'),(2623,'QZ57I928K7Q02Y7SX22H182A252EM3SUL0OCMS'),(129830269124309670,'3E78FUJDS5541J1F'),(2567133710392711744,'P9X8V71P4J22GM7JE7JZED70OW6V6'),(94,'LN39BR6XM1852OH04Q4681Y'),(84,'M0'),(3824027246406905161,'LM86'),(40,'NYS5N34323528713'),(4994108227871100002,'4Q');
/*!40000 ALTER TABLE `cb_unique_id` ENABLE KEYS */;
UNLOCK TABLES;
/*!40103 SET TIME_ZONE=@OLD_TIME_ZONE */;

/*!40101 SET SQL_MODE=@OLD_SQL_MODE */;
/*!40014 SET FOREIGN_KEY_CHECKS=@OLD_FOREIGN_KEY_CHECKS */;
/*!40014 SET UNIQUE_CHECKS=@OLD_UNIQUE_CHECKS */;
/*!40101 SET CHARACTER_SET_CLIENT=@OLD_CHARACTER_SET_CLIENT */;
/*!40101 SET CHARACTER_SET_RESULTS=@OLD_CHARACTER_SET_RESULTS */;
/*!40101 SET COLLATION_CONNECTION=@OLD_COLLATION_CONNECTION */;
/*!40111 SET SQL_NOTES=@OLD_SQL_NOTES */;

-- Dump completed on 2020-02-26 18:57:49
