-- MySQL dump 10.13  Distrib 5.7.27, for Win64 (x86_64)
--
-- Host: localhost    Database: dotclear
-- ------------------------------------------------------
-- Server version	5.7.27-log

/*!40101 SET @OLD_CHARACTER_SET_CLIENT=@@CHARACTER_SET_CLIENT */;
/*!40101 SET @OLD_CHARACTER_SET_RESULTS=@@CHARACTER_SET_RESULTS */;
/*!40101 SET @OLD_COLLATION_CONNECTION=@@COLLATION_CONNECTION */;
/*!40101 SET NAMES utf8 */;
/*!40103 SET @OLD_TIME_ZONE=@@TIME_ZONE */;
/*!40103 SET TIME_ZONE='+00:00' */;
/*!40014 SET @OLD_UNIQUE_CHECKS=@@UNIQUE_CHECKS, UNIQUE_CHECKS=0 */;
/*!40014 SET @OLD_FOREIGN_KEY_CHECKS=@@FOREIGN_KEY_CHECKS, FOREIGN_KEY_CHECKS=0 */;
/*!40101 SET @OLD_SQL_MODE=@@SQL_MODE, SQL_MODE='NO_AUTO_VALUE_ON_ZERO' */;
/*!40111 SET @OLD_SQL_NOTES=@@SQL_NOTES, SQL_NOTES=0 */;

--
-- Dumping data for table `dotc_blog`
--

LOCK TABLES `dotc_blog` WRITE;
/*!40000 ALTER TABLE `dotc_blog` DISABLE KEYS */;
INSERT INTO `dotc_blog` VALUES ('00A848KWUQ74','WC','1970-01-01 00:07:13','1970-01-01 00:00:04','JK1','WX2706O1HVS83MC9P3BR3','System.Byte[]',-43),('06P4','5','1970-01-01 00:00:01','1970-01-01 00:01:06','U2','','System.Byte[]',0),('07C026274Y7E8W7R','NM99','1972-05-17 00:46:21','1970-01-01 00:10:39','U2V4I3HJ10Z0PZ43C9MR1R3N379','E26Z1L068E21LO4139041I7P55C6MG8VP9ZQ7JFHETG71D2C58IE0N115P','System.Byte[]',-31681),('161240M','','1970-01-01 00:02:22','1989-02-17 12:02:44','','B218002377K3VF',NULL,-14),('1A26','1K9B7','1995-03-15 05:26:49','1970-01-01 02:09:09','57AGQ1204DCC05CUKSC','F0M5G310L86C8GK','System.Byte[]',-25104),('3','848Q244','2003-12-11 21:42:28','2001-09-09 17:29:39','P','OZ11VTY2MHR','System.Byte[]',5757),('41PATXT0321IH0F9QA81CX1WA6G','N','1970-01-01 02:45:15','1974-01-21 16:13:35','G1ZT497TLJK9FD9EXF658GR2','2VG516N8991PJI908','System.Byte[]',-9914),('474','YD','1974-10-23 06:08:32','1988-08-02 23:16:32','Q7W29GZG0Y38','96OFN7DHP2K2VAC6A2','System.Byte[]',-14951),('4G','7T081J041U61','1999-04-26 21:25:50','1970-01-01 00:06:55','2D31VP0JSIS3S81D4JY3Q52M','94C04R3RH','System.Byte[]',3069),('4X3','GB','1977-10-04 14:35:04','2008-08-10 12:31:07','','N2SOMWW7UO76PV40Y8219O69O660537E1A7PL796L8Z14HNAX1300S2','System.Byte[]',-24842),('5W4CL4223','V7K','1970-01-01 00:01:28','1994-03-22 05:54:22','53','88062ZV9MY763285577J3',NULL,872),('75','M66K868L','1970-01-01 00:05:13','1970-01-01 00:00:10','','V1XCURJ6W109KN9I9N3SHC1',NULL,-31),('7Q','K11Z5','2006-01-18 14:09:01','1973-07-22 16:24:49','7JM2N92SA89475HES3G535AG85Y58K6UVVE587EAWWQ1JT2E9IH4KG856T21Y2D2N86E4U','D6NBCLLTQB075WKXH1P521GW27D218EYVV5835T3UPS693Z22N8P38Z598KR5J5','System.Byte[]',-22129),('8','98W937ISU648F','2009-01-27 06:57:20','1973-05-04 07:07:59','DC4CZ2RQBF587CZ683898','PBDRGQQ8IN6WGV22RD0541GD11D400S7K0C1GVMH3U1MM1FNKN3ERJ37B0D1185C686RXNOD0B6G898ILS5','System.Byte[]',25590),('85D','J9','2008-05-16 01:48:11','1975-11-09 00:40:13','6O81Y3GB0FH74VW1202ZA14A23P0B2H1O07694T2UMX699D7D988H1O5A','BNF','System.Byte[]',29246),('99367KD9216','5X','1996-01-13 08:43:57','2005-12-20 08:05:17','R2OHU0VVO3S4W5N4321QJ385L3Z828Y44IV','04H76VRJ2DUUA3O','System.Byte[]',29248),('9XW','192','1993-08-20 07:32:19','1987-08-05 03:27:38','M6FQUM32L','8LWJZUL9569U7MTSACFVY9SNE808659','System.Byte[]',-8029),('D80X','3','1970-01-01 00:01:04','1987-06-07 19:34:21','D3WPF2V90','9VN059QYV47K7EC4YNY3F1D5868JJ1763','System.Byte[]',6389),('DX','1','1998-03-14 16:19:24','1970-01-01 00:00:04','4228N4404ST75A','Y8MSA7TMM6207VC7U8HOTVLAK06844RV1885390B55968Y928D51T43K0EV72','System.Byte[]',30969),('E9DL2Q5','H9A','2009-08-21 11:16:18','2000-03-15 07:48:29','92VE56S94S7QQ7S00','4PCF2Z25','System.Byte[]',-4514),('FZ','6Q810VMJZY880','1999-05-03 23:14:36','1995-01-01 17:59:28','TLWB965E2I9IK62ZLIDKMH6J6','B2K3R5BW','System.Byte[]',2045),('G4M0','B9Z','1983-05-25 10:55:44','2012-10-20 20:59:33','UM567I7M7I2875F837K4Z750587LK4OLSWQHO','2FV','System.Byte[]',-30566),('GD3428T1A','U9805','1993-07-27 23:47:13','1970-01-01 00:00:13','8XJWPZZ80Z91','SUB18US9D84T18ZA45N240V','System.Byte[]',19746),('H','9M8843208ADSK90R7TA8J7F','1970-01-01 00:01:38','1971-10-04 22:44:52','70LX219P511Y78H43320ZM7048SV5VCTJ9AQ87G8U1R6ZU3JP7F205YMX096G3H5XP9166A253JLVMIO7858K419I2FQDW4R3324KK0K0ADRP59582P28L1E60SOJ58636BR4T9141IR1824Y8XUEQG80L3FJ3ST354','1A3C6F27IRECRBN0Y5869FQTI0','System.Byte[]',979),('H49','56W004GA8','1973-12-15 02:38:34','1970-01-01 01:59:55','T1N033RJ6181','G4080K626J2O18O8U289D5R18EZ9570BIQ58AJ4T476P7S298X4I4X228G38394P66Z64ADG82Q1RLS1T47R008286OU6D61SBJ0WK9','System.Byte[]',16224),('HCC5M970G3PJQO10XA','O','1970-01-01 00:00:05','1970-01-01 00:56:40','XS5YG8IO8X3','C95DK9LVASGV0WR68491PNENJT207D0UZ0','System.Byte[]',4),('HN4N3U','0U9M5186E4J63S7JZC5016J29','1970-01-01 00:15:42','1981-09-15 22:07:12','E018H365XH11928Q9T19B375C45RWB6SNZ822F65C58CZ1C9MK9185297','B5',NULL,-94),('I0WHIO7S','5CJ','1970-10-25 12:13:46','1970-01-01 00:00:38','Z8','44469330CDH2B5LA87C8G3D5F9S0J46GCC8VO7584DI4YJ613C',NULL,31799),('I7','G0Z56','1993-08-14 23:14:04','2019-12-08 03:58:43','37032FFS8787I2MDW7V','3HFHL58X38IU7V17A','System.Byte[]',-19465),('J34','NIL1','1990-09-02 12:08:25','1970-01-01 00:00:25','E','J7813',NULL,-6321),('JD8','VJ114IN5N5TX','1987-12-11 10:12:23','1980-10-27 16:48:19','BF62UTVS6S88K82C8F6NLK44UKL7RKAZ817F3Q5SMV20VS2D52SV0WE1JKGX381XK22U3M4','RPFN62882NULU0Q9A7K9IE7J24JZ74U1A78FG3928AV14',NULL,27332),('JE','0','2009-11-13 03:22:53','1974-11-19 10:00:48','DT0R5U1UZKR5446AFUJ55N0F2','26LK2B59274E72YU5163SK83965B3J33QG410H9RW8G59X639ML61NKN5Z8SHSRY937C','System.Byte[]',-22929),('M4','Q','1987-08-30 05:38:35','1973-08-20 14:05:47','','0C4F3L8A7LSMXY41ZI093R7K251D83897D2V8VV1D3OO2XJ0PI07LQQ5E35813','System.Byte[]',-10602),('O40','S7','1976-06-21 13:53:06','1970-01-01 00:00:08','E7UKXI020499C3L1XC','4519DA949378HDH6655AUL60Q5I','System.Byte[]',11213),('Q','931C56ZADG81','1992-02-01 14:27:08','1970-01-01 02:25:46','L4E2ZS2X2Z593U7WK963543I657','WM4XEXK0J4N044I4438N5ZY1U4ZGC48525AJF24A81J41N37887YAI33SBNY4J4','System.Byte[]',17471),('R7','PU7782','1986-08-09 06:37:45','2010-05-02 08:54:21','2ZOV32C4WY0EJ7G2','Y4FL7Q8538XX0','System.Byte[]',32075),('S','XU287N8G8H7379','2019-03-09 06:35:28','1984-04-03 13:08:19','Q54DX2W98IUDDO9GG5EYKFN3LQQCI89T882OW8NO815KE5RCTNGKA610MU517OAPUI9U4988VEP9A2Y46491502949VKITJG14U7OOPUV0I8W1DBBE','9RL4V9ROQ','System.Byte[]',-11570),('S34I017R290M4UY','','1979-11-22 21:32:10','1970-01-01 00:05:07','3PH9X467RCFS01R7T57FHSO28R65C1NHIS8X40LKX6K0L4IT2EY0BXI6S0478GG2NRX6963I8ZBINU1C64RRD3J49K2DOKXU9CRS2XCK36PK023665K3OH684TUJSY6','79K78KOHLZV77OH9VUNN0NC03','System.Byte[]',-27073),('SI15','','1974-02-05 13:06:46','2019-01-30 22:13:51','','8IOA7E6T104RK1P19955TXF5GH9HAKVOUJH3C1HFRV2FAO',NULL,10126),('T3N','C94WA7','1974-12-14 19:41:54','1974-03-01 17:35:53','','BMO478045Y6JPKAMW7','System.Byte[]',-8449),('U0E85J6W','07I2OL8','1987-08-05 00:50:12','2012-04-13 05:01:53','85958','R73PL','System.Byte[]',26402),('U1','1027HEV1F47A95B5B','2019-10-07 21:03:45','1987-08-07 06:15:13','3B3Z9RT3I05V7KE5DS406LP','7K47BC3EWI3Z856ZCUW1VM2KPCCZ042254166N17TXKH2O83999ECR0Y84XA0RR89GK066377KS730T85B2929V1G5BQM855A5B6RW7UU9','System.Byte[]',25195),('U41','WU','1977-01-17 05:32:31','1970-01-01 00:10:02','AGYV7RQV52E9UK27MZ7','66NA0K35H',NULL,-28041),('UIXN059MTLU','WJQ6TV8QBV8D','1970-01-01 01:00:18','1978-03-22 07:52:24','671IP8M04C06GF3KNF','','System.Byte[]',-3617),('URM6','26Z41K16G4H','2000-03-13 09:43:47','1970-01-01 00:16:31','TG4628H5SCLD441BPE0537534S71R','29YKIN5918V0POCP67RKD7BFSE1SJ394','System.Byte[]',-4205),('V1N3','AGBQ7GY16Y4','2007-02-14 10:04:10','1970-01-01 00:07:20','DD3B','031G99OZY',NULL,15771),('VDCUE7230QKCZD65Y4N545KJ2I','87','1970-01-01 00:01:23','1970-01-01 00:57:34','H1S9EMJ','80JMU730S89I97141D92','System.Byte[]',8252),('VU80I5','32M78','2006-11-11 04:31:45','1985-04-09 13:40:16','9Y9R05591W29817R1370J13','P4Y4DVM92N12IP61WI0VAIU684SB02ML098BW65','System.Byte[]',-13124),('W4575I527T','9DFL85','1989-04-11 23:14:48','1989-10-05 07:23:17','7131B47V358826Y6TD7819C70198CDC90','F1AW63GM253F59','System.Byte[]',12347),('X3LQ8','J6O3','1989-02-17 12:39:00','1988-01-22 17:29:50','L2404P06C8AK68RH6698J642SJGO3UR616I0QQVXBB720206WQ19D2VYC568N45PIGRU7XB39F0Q14T4W','H6U67DJ8ZUW953A0PECZ80LJ94S69YN96L0461SFG','System.Byte[]',28832);
/*!40000 ALTER TABLE `dotc_blog` ENABLE KEYS */;
UNLOCK TABLES;

--
-- Dumping data for table `dotc_category`
--

LOCK TABLES `dotc_category` WRITE;
/*!40000 ALTER TABLE `dotc_category` DISABLE KEYS */;
INSERT INTO `dotc_category` VALUES (8022,'161240M','780FN1Q368KOPU9SV8EY9N8','20ES88L80G16958FT6W5D6YP869EO337332O3LN0JFB0K2CF5CI6M6XQ96JA368516FIIDZ56H6','System.Byte[]',-1978680242,-145864143,-358640399),(8023,'U1','KV0XINGNO','283BS4OQ6P','System.Byte[]',-248316457,-8175,-571079991),(8024,'U41','YXFWD3SZFW43G','0230LN8J1KS200DCG38E8HU394QRXMQRK04Y35U','System.Byte[]',-1747315778,-713299118,972),(8025,'UIXN059MTLU','2G2JR44Z5074212597P46684WV0BO88113L8KE6G1XKP7T40PY1B2DI8LU42','3WFYMJ885LD40U5WGGATH0E4Q82EA06Q82600546K00J7X9N043KH6V106U39JL6N0F6K3D68QZETO0E640I5RWK5715MS744EP','System.Byte[]',-435636308,-1866501799,-1463838595),(922337203685485604,'I0WHIO7S','4M649K3QGA6H9TVXVW8708A','Z8F091XS38H2YA29QV7Z6SV89',NULL,-888759,3098,NULL),(922337203685485605,'SI15','2S09DR34T338S08BC7230WE298I45H5V338C33I15A8R81M45CMN28S87K0X2RTBR33D9QYS771','8NVK840093RGXX93QS970Z203','System.Byte[]',-407956908,-838172443,-6309),(922337203685485606,'00A848KWUQ74','256C956TN61FN96MUB5J792E03F17074168SL47547297IV1T8Z70S009OP2','K18TQ71R127Y96A0CED6HJAJ53','System.Byte[]',-776196547,40,-1608832123),(922337203685485607,'W4575I527T','','H6WTPIE734RZ9E94J4G26SAW',NULL,NULL,5749,-220),(1958024592585964330,'HN4N3U','LX30948D9AX6T','M8R3UJ3UT','System.Byte[]',-611296160,-145350678,-4122),(1958024592585964331,'8','1O','0A3Y8X02UV89L692D109246QFY3811RN8E37D','System.Byte[]',-1010250639,-91,-1450989276),(1958024592585964332,'06P4','273B69H8','U160','System.Byte[]',-92,-219604355,-61),(1958024592585964333,'7Q','39Q2569TYZC64527FWMAO354DAUB3J61N233B3','2NQ','System.Byte[]',-395624865,58,-1415257097),(1958024592585964334,'07C026274Y7E8W7R','CZS','LF66LLF095HJ739Y7BLOMZ8WBDY5961LASSGZH','System.Byte[]',-1450014244,-2046077599,8),(1958024592585964335,'H','IO8G37396EQJQC80189537LJ8T89EW847','S357Z3YCD4VB1H65C','System.Byte[]',-1720299079,-835213159,-799855023),(1958024592585964336,'URM6','J529Z','8','System.Byte[]',-1442076440,-303119868,-175614216),(1958024592585964337,'T3N','9','R4K560IO17I9QA77PD56R3IKV7PC6AW',NULL,7,-2,-5),(2880361796271441911,'D80X','C3S3F416651XCCD5G','','System.Byte[]',-617853697,NULL,-616262821),(2880361796271441912,'5W4CL4223','AS1MN4DEW0OO4C12C27A8YL89Y2U1619QRO83Q8V5S5Y0','N75X2EG4','System.Byte[]',-2074967167,-2086140314,6717),(2880361796271441913,'S','5DFE40U26J3U7K8U912Y3M85Q8163V2FIU02435W8M0LK8A185JF2UPQ6YRS9586255ML602L1PW76H4D4DD1XA0390451','W4','System.Byte[]',-2132679197,-443590315,-1627396220),(2880361796271441914,'4G','G8PK8G74824031PYM3MV01090ZRWLCV75R68W3Q01TJ1I','57UK8AA25','System.Byte[]',-1025055090,NULL,-1074134761),(2880361796271441915,'E9DL2Q5','3676LC989Q56XO7NM6N07IE26XV1IB56212G0H16BZIQ8D0N0RUGO8Z6DI60T55YD52QBYECVDD03','75R1S86NKL6IXWA2P','System.Byte[]',-1103051678,-1874041020,-1712426144),(2880361796271441916,'3','55N3496C3A21B','C7R1O5Z3258T73994W1OW0S6CR7','System.Byte[]',-1507272580,-6,-845483662),(2880361796271441917,'FZ','X8','U584OI438KL1F0QDYSP9EC9M5LGUFI4G1P95745VR4T1892718T8NBH',NULL,-28233071,-317904159,20),(2880361796271441918,'474','C2B5ZSS601E237UAW3Y7P53EH3M3431FTPF','W2','System.Byte[]',-22,5363,6),(2880361796271441919,'R7','','51D256LF2G6',NULL,NULL,-1935617048,4),(4468950391805746753,'V1N3','M65GVT4','LP9WWEVNE48MW93S58L2W','System.Byte[]',-1062906427,1389,-2037364754),(4468950391805746754,'GD3428T1A','Y6S5DCQIKI638J5G14V79A30603C5JKB5ZQD96JC7A9928FA0X32G2U34L2X0FY737I14728','YH42822F8W81S320B2GVU94L9G124N4642P0614N6UVN1AO446GC00LX2EM',NULL,-385002188,-1497664312,NULL),(4468950391805746755,'99367KD9216','3HJ19Y5F182NWG1A2KVQBH3PQA2XR52WVT85VP1ZX87LMTQ66DSC08Y9297A9GA5ZPYG0M8D17878','7U2S2J693082T','System.Byte[]',-1263665069,-3087,-858368929),(5391287595491224334,'VDCUE7230QKCZD65Y4N545KJ2I','0','GC94T8Y6I4O4','System.Byte[]',-779709428,-1105489138,-394673047),(5391287595491224335,'VU80I5','4810RRWTT6427IXW','TMTBH9A434I9STO7JX2804','System.Byte[]',-1198082057,-923543739,0),(5391287595491224336,'1A26','Y075B','D4TI5977YA7W32W37MSGQD0GAU9968U6E49079IP8CA5YFD22PJ0','System.Byte[]',-1617477340,-1748363887,-364797519),(5391287595491224337,'O40','7GY4Z4G4G0S3','4J',NULL,-46,-64894388,4094),(5588738452287082879,'85D','AO24FQBN7B3S516HVJ587PAAC4CFSF4VO1Y01S2K8U7B3','6R33447PB83YW908DWK27583V8OH2BTW969M5712OE2VN00SU9M595HVB1ZVHG3EM','System.Byte[]',-42143390,-56,-1879078749),(5588738452287082880,'4X3','4U187AWCVAVGO348Z5969BPK2FINF5','STBBW3ACS507ZB3UQUXGM80D0SSXMW1HGO','System.Byte[]',-1126720611,-1821398907,-804943989),(5588738452287082881,'X3LQ8','G3162QYMN7NJBZ3FC6RNT4L5E02','6087V19','System.Byte[]',-903010867,-343,-185405645),(5588738452287082882,'DX','H8','GZJF4E8SN','System.Byte[]',-2043566585,-88606210,-1626863389),(5588738452287082883,'J34','NR3CC84K2255627DR11RJCPH200O0K1','J','System.Byte[]',-1413,-2073355062,-251910699),(5588738452287082884,'H49','E5','835','System.Byte[]',-1785613075,-9,-1579804064),(6511075655972560461,'Q','L1O0916X7V2UVI','019H93CVUP9XFMJ3OL5KBK4619I1P6ZN4MB6','System.Byte[]',-1198970815,-716658829,-468759293),(6511075655972560462,'I7','','WB55','System.Byte[]',NULL,NULL,-1574211406),(6511075655972560463,'75','81QC5CMN13','F9K95','System.Byte[]',-425689709,-764043857,-1003131416),(6511075655972560464,'M4','H15C8G600113N008B69R2UY15Q9830','E51K890H5',NULL,-1,-622,-2062346695),(6511075655972560465,'HCC5M970G3PJQO10XA','OLO4JN9EV09LP6SI873S41B1C18Q4TR811P6J','EPR0B02NK5DA43H362T5',NULL,-309902211,-206744491,NULL),(6511075655972560466,'JD8','KMS7N7PJX','12','System.Byte[]',-671772784,-3,-991454491),(7416452804672570837,'JE','Q2D16150MEGZTJ5Z2RLH1U1CY9MLQ6A7F1J816R2O1Z2X1EXGIN1I62B129PWJ93K3543V28CSG2L62A75GMD5207D8I46091550TPQT0OP5Q4K6M8659Z5X9BLA30754R05PLY3YPT6XDW722','TZ72061823453S5MU64S1LO2MO7P28012866TRI74EG96772J',NULL,-1529059329,-286315720,NULL),(7416452804672570838,'9XW','ZE3LO946690DT9OU2PN322YO8TFTX323CVX53','S6SG9HB1IAYOY74I8H','System.Byte[]',-1054381363,-295350700,6415),(7416452804672570839,'U0E85J6W','P4X14K3252','VZYK7HSME8OI7362C02BGXF5W092','System.Byte[]',-1006591735,-139476745,-7023),(8338790008358048415,'41PATXT0321IH0F9QA81CX1WA6G','Q02C1815MIM1PB6389IM8O081VF3N2FX11A25RO178OC1UB4G12CL6D39860UOUQIF4S','945G','System.Byte[]',-1351511751,-1906880373,-1845662322),(8338790008358048416,'G4M0','AGOOC79F374H85T6I1HX5Q9BN540T0HJ69AS5UU769X7J7BS37P8L57346B1S48VG18','669FI8Y4L5J395J1Z922EQ','System.Byte[]',-1692066009,-517309001,-1138535064),(9223372036854775807,'S34I017R290M4UY','LQYL881P3ZSNT396Q59C29798MDL2V9L92J7RGW528B6D07134H','E','System.Byte[]',-8022,-1360574059,-391015816);
/*!40000 ALTER TABLE `dotc_category` ENABLE KEYS */;
UNLOCK TABLES;

--
-- Dumping data for table `dotc_comment`
--

LOCK TABLES `dotc_comment` WRITE;
/*!40000 ALTER TABLE `dotc_comment` DISABLE KEYS */;
INSERT INTO `dotc_comment` VALUES (221038586490570228,6995215018435144107,'1970-01-01 00:01:22','863S39','1975-06-11 01:33:18','','SI4H2BLPG9E587ELP','80VOK80VQ9IPA1WHF157T6ZIIV08UG26Y9KXPKK','System.Byte[]','System.Byte[]','TY6H2K0H3Z4W4I7EM000C46C9C0',8197,'TCWVA48YE8KKA0J4',NULL,-1475),(221038586490570229,1781066714238482754,'2014-01-02 13:36:08','85CWN901I03W','1991-01-28 23:59:09',NULL,'FB05J438ZJOVON6OE17208SL37852790PU89QD','1144MGPKWG0J8L1B2HRDMZ92I6MI1726U273','System.Byte[]',NULL,'',17032,'5514J0I461062930AM1U9','3CBSGG91X8IX3',13698),(221038586490570230,1781066714238482752,'2018-08-15 06:57:01','02YGQC1B7J5PK5MBW8M79VM1F43TLVH324C97V21702QY1EV56FMS449YZ2SLTC2N5RIN11WBP686M3E2A','1977-12-12 18:08:57','30U4UFL7W83O7R8SN0C6EGCRF63GS65AD5960QCUW4WEQ3SJSD6NX3X8492340JX5ISPFB0UE675N6NU72Q93CSPS54U31',NULL,'037A62700RLVHEFE30WON4123M16I3OLYE20L0FM2H5YA9U2J8TI00B295MRAA15B705','System.Byte[]','System.Byte[]','S914Y240FUXE',-22323,'21952ANR44ZAOTGY102PS0L6P','2W',6937),(221038586490570231,2340423014966713935,'2016-12-23 04:28:58','','1970-01-01 01:10:18','WDBAA4Z351F8801W6AVNZ7G2POT561V38A7210VDWTAWLZUQX8O4D6Y3L4','OFP8A9I7VKN0WH773YA','5XE3V5474Y49J8N','System.Byte[]','System.Byte[]','8KYQ59V3707DN8L',NULL,NULL,'7',-421),(221038586490570232,8111170049128086091,'1970-01-01 00:00:06','L6Q9TJV85MJ80L21M69IT7726Z7RM0U5G1S9U','2017-03-21 04:49:06',NULL,'13RAZRH33TTA52I54','NLE781F83B97TBKWHNP52GGE313','System.Byte[]','System.Byte[]','3',-21971,'Q5MIFM02HETEH89NQ108R430QCQS7710TE0QCR2K5902G7JMU2U8Y48EA67Y372392OU6Z53IALK82PW95U','H4BG5',11225),(221038586490570233,2340423014966713933,'1991-06-24 07:25:26','6X6PBQ8MU6Q0C1T2Q1T9W91','1990-10-19 12:00:35','2ALDI51F2Q3SU',NULL,NULL,NULL,'System.Byte[]',NULL,-17147,NULL,NULL,-24099),(1143375790176047810,4937475622690542563,'1975-06-02 16:11:00','1K2M6M018K47L63LFI110977UF','1988-05-12 04:17:05','7SAZ5477','2C93O3P34E','33DMMTDCRO535B870L23MMDTARZO04786V830XRE8641P8D30968RT33NCC7R1O3X','System.Byte[]','System.Byte[]',NULL,18002,'M06TNPCFMLA9U94XXY18GY9FX','P3P',-810),(1143375790176047811,1781066714238482751,'1970-01-01 00:00:04','1NH','1970-01-01 00:03:18','0Z',NULL,'0C2L754BVD4E2WLGEFET93HEZX5EJUSX548ZXV',NULL,'System.Byte[]','8',-22030,'LC334513N04C00PT183H1AEC89985O7HSFL','1M8932B',-1),(1143375790176047812,3262760218652191514,'1970-01-01 01:33:42','','1991-11-27 07:34:24','03CI98Z3WSHDR8GN73D3F','0PI11AGGM114CAN7TC3H3BTI45H8790H0011','9','System.Byte[]',NULL,'WB48BN7D',NULL,'L746959L','TEQ1AT1NP2W',-12277),(1143375790176047813,1781066714238482753,'1970-01-01 00:00:52','12C3E9K92PT47','1975-02-11 03:18:31',NULL,NULL,'','System.Byte[]','System.Byte[]','8XK',27481,NULL,NULL,23548),(1143375790176047814,6072877814749666527,'2004-12-12 09:05:29','D42W3XR434691KB16GB85O8GYSK0489J7F80QI1165O2IOTJR14F0G7109M6E10','1981-10-29 05:19:17','3VF5NI86CMT5J75Y0GVES08Z28BMHL5575YWFC5JE17Y0557F3UC2TK420Z2WJZ0G21','R5G1','O90BFKV7',NULL,NULL,'0B5',-12738,'9IZW','K',-1385),(1143375790176047815,6072877814749666525,'1991-05-30 12:06:46','N2J','1988-01-14 06:50:45','XL9E2T2LS3O761U2A1C11N82PIV78D7ET0Y4N3PV5PV1F1C1MWJ29K76TQUF05W',NULL,NULL,NULL,NULL,NULL,24798,NULL,NULL,-27122),(2709316691410204125,2340423014966713934,'1970-01-01 02:39:05','1F8N0V5TWJA65X74PI3EX6LAER979Y3E5VTEWLVOR1K','1989-03-12 05:38:38',NULL,'','4UFFU3SO4BX4B37781MEZOT0N38R6YH897','System.Byte[]','System.Byte[]','EW',32,'P3SM','Q526M6',10088),(2709316691410204126,9223372036854775807,'1970-01-01 00:00:38','8H98L2E574KFLIXOF6BCXMN7PIQY0V51D0B175BZ927RL8JL8GNYUBQT516MGZ','1975-06-07 17:43:58','6RUIF08TNBG45119','FY5K7O3T2DLLV8B19D34WN0OYUL5I0381Y1874B0O9B4U10Q8F1HK0','RP224S6R8D370BT3WR65KG','System.Byte[]','System.Byte[]','9BP',4838,'','IA41JM675C3ST8B1',27782),(2709316691410204127,6995215018435144108,'1973-06-13 09:12:18','RUSK7B5H68H38P7E611YUVRX40','1978-12-02 10:07:06','5N','4V1V70S7Z6598V5G',NULL,'System.Byte[]','System.Byte[]',NULL,-25811,'8ML0HVLBZ7LOBJF3T5','U',-577),(2709316691410204128,1781066714238482754,'1992-11-07 04:06:22','8W51NQ43Q9UCH01J8OK064FZD394I1244U74I9238Z2079595','1999-06-20 09:48:15','G081YZ262R1E57HNN58ZFLP6130K5V8C','',NULL,'System.Byte[]','System.Byte[]',NULL,515,'2WD2BJGSW7L','G9011CZG12OH8N7N7F',-2351),(3631653895095681707,3262760218652191515,'1970-01-01 00:00:01','6QA9P5GW5217L8EFC9H9K5GD9711H5VL1D574022TRK41FH6DZKNSMT4MZ4P66','1972-04-05 04:48:18','K5XVAH082206E91C2848XZ781454V6A','50B8B1DM6CT5C84DVQGC91S7Z1CGQZW0450XKBE021V853D78YS8O1DJ7U1UX1SMQ','0G46BPCJ5J4','System.Byte[]','System.Byte[]',NULL,-9544,'4U82X0B48','VT45GL8U5J34T',17594),(3631653895095681708,4937475622690542564,'2002-10-09 01:59:44','','2002-08-21 20:02:52','6EQGVYTP787R19E4U685QI2TDJ','3Z03NV1FEO109J','S1PVP','System.Byte[]','System.Byte[]','PIQ9',NULL,'M0','4G',24785),(3631653895095681709,9033507252813563667,'1981-08-16 11:27:41','F5MBZ2ZJ93KORT46VAA8QXLJ0FM97IZY7BX92ZD65042','1989-08-15 03:37:34','A5UZTB854JQW2L','R37769467UOND3X62U5',NULL,'System.Byte[]','System.Byte[]','EON',-19801,'V80816F537B3','5A',-7033),(3631653895095681710,3262760218652191514,'2008-06-18 06:41:29','','1981-02-23 01:55:24','','3OJZDD6Z19L9P2NE95','',NULL,'System.Byte[]','A',NULL,'5WHT7HP253HI4R21956JO74DW11ZH42HYHW918D','G451AI',-26936),(4384247086455765599,4937475622690542560,'1975-02-21 11:20:54','O6T89K3HX','1980-01-29 03:25:57','','6N83840PT7RF2J2694E853','Z494214O2H678TDB','System.Byte[]','System.Byte[]','CJ8MNU94TO16',-12129,'H808S20','5H2F75197F6OXZOX',19454),(4384247086455765600,4015138419005064979,'2008-06-27 01:10:02','','1984-11-15 18:36:08',NULL,'','',NULL,'System.Byte[]','EOJ88B4M0GAY16GGIRH0Q998O',NULL,'2NMG20HLNJ3035U745UHSMQI','1',8258),(4384247086455765601,858729510553005170,'1977-02-22 19:15:38','6N955I9F9IZV6V','1999-03-09 15:08:21','D952L9K24PYE34PXLQ9PYMH6','G12AL161C','','System.Byte[]','System.Byte[]','',-31042,'','',-805),(4384247086455765602,4015138419005064982,'1981-10-06 02:12:58','M8B7056I3DH97J2770WTOT494D','1970-01-01 00:00:04','','ZS31M5PFH94O5BX7D6PIS277HTRJ89V89K16L0KV285DZ98','Q99GV52X8NNG2BF59E','System.Byte[]','System.Byte[]','',9570,'96','J3S4',32),(4384247086455765603,6995215018435144107,'1982-03-17 19:13:52','P6SJAK1TV11I23O65K','1993-05-14 20:49:39','3OIP83T3GG8FREU5L6LLYI2691967Q',NULL,NULL,NULL,'System.Byte[]',NULL,-716,NULL,NULL,14314),(5306584290141243180,8111170049128086090,'1995-03-19 17:36:28','T705H0T18O998465K8Y93FG6EG391H6PPAOY2UOX1GP80VCA8CP063HA09VS','1994-09-04 03:45:34','1CIY4Y3ND5PODH9FK5NWYAN8KEAG0K75PX6O5GAQ5T2566WB8B0E7D2081B17K1J4X4490OR34C308X0CC4XHQB24T82','S18R6CH','Y65RLN9P12P94L','System.Byte[]',NULL,'',-2758,'Q1Z5J87982O02ZP70S24YU5T3','HT0KT493R',6793),(5306584290141243181,6995215018435144108,'1978-01-18 09:35:14','38G3RP9775UVB5G76H9G4IV5FX','1984-05-04 13:51:56','','',NULL,NULL,'System.Byte[]','1JE0279',32,'Z3705Q3V18GAP1145GAN19ZO62RISW0F9KT881DWH1CL5BS00GME20GXI73U1OOU649563SLI','759Y2B01YV',-21318),(5306584290141243182,8111170049128086088,'2017-06-27 23:01:58','25O143MNU5D6A6DA26JEM46F','1983-04-08 03:47:43','','ZM278KS6SJ0Y0K812SV3H9L5XIAE02B',NULL,'System.Byte[]','System.Byte[]','Z5T1',24424,NULL,'',-28770),(5306584290141243183,4937475622690542560,'1970-01-01 00:11:24','9490','1984-04-29 11:37:44','','X466HWBZ1PMBK344R15G14G04TQ74F2878E06J5NI4V','YI0VI563IU8VA568X4YGSPOE8R9OBIRIDGFL','System.Byte[]','System.Byte[]','680SL',-207,'0L3JREKW4KWPFVYD7E119S83E4G9BGYJC4Y9N0AA27E7OO736RCVINIWA0X6KVX6D0R7X719JBA','8HH668A6665WM009157Z',-11895),(5306584290141243184,1781066714238482750,'1971-06-27 05:07:09','MN3UT','1994-01-26 02:03:39','R4YD3TP7UM88I12WD44',NULL,NULL,NULL,'System.Byte[]','2R24H33Q5D7E',-68,NULL,NULL,21188),(6241807364253130275,6995215018435144104,'1984-06-14 04:30:52','7MX2MSFI9TFGT83','1970-01-01 00:00:10','','21','2GIJ29YLJ5IMF04I170H0A34905OV6A821JEELFMN7HHO6X3YX1N8C4U6NQ5YY6336XY236C9QHYX7QJP89A14R73S6945710W3P1UU92VR3LG8PXR09I4040X2DIU36N64PWMWCX7NV7232R9GO0','System.Byte[]','System.Byte[]','4MU5',-15752,'CD95QIDI60VDVGLX44V9ERX9F2V15F9',NULL,9),(6241807364253130276,3262760218652191514,'1970-01-01 00:08:16','','1990-11-08 03:23:02','2M9Z6T39025UE8848Q30','20HCT0094AUUM61IFK2G8M','67NJ9W64PHL2FQHUUUUQO8946M00578B','System.Byte[]','System.Byte[]','',NULL,'OJ26503T5490ULHSCX1T5T42EMKV16VRG94N07VYZ0KV1WPWU81',NULL,-2629),(7164144567938607856,9033507252813563666,'1970-01-01 00:00:06','ZE1PAH476MIAI279N18T37SN8GR25BKKBM','2014-03-17 01:50:24',NULL,'44HM1CVH','7J638P1941','System.Byte[]','System.Byte[]',NULL,10574,'D9Z54UW16C80Y954C53OB1JVN66UPB4N3TPD702Z3PIWMV76D42DKV8K','G',12504),(7164144567938607857,6995215018435144107,'1991-08-22 02:58:40','383M4Q23Y46Y66B3UB01DM6PL6BW7U17G7I96LWWF0B5PUPNKF101713Q0Y5942Y237G35537OWLK257PL4AQ2A','1970-01-01 00:02:21','24X37K31S4LW3TL4K','81D3VAL56YV2VXRZ8KGQ05EC0HQWXRJ1','S5007ND96W1N3DGKSNB9I5D6VDAEV30DAJS9UE69PJE2EK8339RGPQ9QL9CDSW','System.Byte[]','System.Byte[]','VT9K005P3IM',-19822,NULL,'',-140),(7649369232019756900,3262760218652191515,'1984-08-06 01:17:07','','1973-04-25 16:14:39','F201D4OFXJ8QSD0EMX466B2WGM7','DICPJW05OSFW','98T12XYJ2Z4W71W7F1W9U2TK65Z','System.Byte[]',NULL,NULL,NULL,'8X8Z8J2FP','',-13364),(7649369232019756901,2340423014966713933,'2010-03-04 05:03:55','6ZN1941L3902652K04J1615P5C7IRVCR877','2018-05-29 08:51:41','S13E19PHY5',NULL,'7ME6H95619ZLGS95T229H8T3UCQO','System.Byte[]',NULL,'',-19643,'X23K65GE3H7R3JM8ON82UZ8X83H497I57T8299A92VJ71PFHIJ909XJ9S3Z19TPYU14W','6A',28846),(7649369232019756902,9033507252813563667,'2001-07-26 14:25:00','QP93KY5YJH76DJ85KQFC07630636CYOJD0BPML2L5B8CO622W0T4MLCP02NM45KG21P4M33J06P09274MVU82IE94P82D71WKKE9024','2011-11-12 15:57:01','737I0','04','0MH4V58BZJY4G4Y1CHY66Z820',NULL,'System.Byte[]','0CQ8K',-5621,'97YZ6BT3373QCA7XKY2G8L49K289WH38760KR3C961G9IY66XO94330','T16',-21386),(7649369232019756903,9033507252813563667,'1970-01-01 00:34:40','SJ3H418019QK46M0IJT060G1J3HOG7E92F68XD3CHQU05YO213I81I980W8ZVUR9OKZ6QV9D97P1P82G8O2R83GZ08003SKAMH','1978-07-19 09:09:32',NULL,NULL,'','System.Byte[]','System.Byte[]','QPLWFIU3U497TY4LM0L',9,'DD31920BDO1S2E9TOGFT','2Q1',9360),(7649369232019756904,2340423014966713934,'1976-08-12 17:50:51','H7JALWLVGRL244UIA8755L','1996-01-02 04:55:15','60TZB4046B0R34YNIW625Y5YU1835ED4IT669IYC0V7KA3FDGOKIT856VO3Q0TSG4DW85PR8H75X919K4149RN3599B263CEAL85T','','11PC34JH47220293MC1G00OEG466LIG5Y36PJE517CD5N0T7CC69R671119E2M2DH31','System.Byte[]','System.Byte[]',NULL,22372,'DP83653Y2221UN8Z57O51DN8Z088J7EM0P97XLZB2A816HUR4Q9X','G13PLE',19192),(7649369232019756905,6072877814749666525,'2001-03-28 01:57:23','','1991-06-14 06:25:08','5519LRHAR553KIN','R7Z88770198MYMW','','System.Byte[]','System.Byte[]','8SM2AHV85QWTG5A',NULL,NULL,'2C9WU',-7705),(7649369232019756906,6072877814749666527,'1970-01-01 00:00:14','','1970-01-01 00:15:42','E80JG3JHM5CY0B4E9R5WMY29S',NULL,'S2U8FJ68Y9','System.Byte[]','System.Byte[]','4AKXPFD',NULL,'','MS2R11',-9),(8571706435705234477,8111170049128086090,'2016-08-26 16:10:39','3','1996-01-23 06:45:28',NULL,'Q0V6MSUG9SMM68WF7896B8','81K270','System.Byte[]','System.Byte[]','0P09Z3X50',23388,'794DB97NC18435G97WN6M4IZKA09WI0OZX2839C','N',-23489),(8571706435705234478,1781066714238482753,'2006-05-18 07:29:56','9','2006-08-18 11:25:55','B2','DM','7OC5OA42PN1HW7TNW','System.Byte[]','System.Byte[]','DMWP5TL8GTXYZHQ',0,'8JE2XJNT9X5W3TE97J4TRF','XUL705C4HK',12611),(8571706435705234479,4937475622690542561,'1970-01-01 00:00:04','7RGMOS5H402JX3B5DQ4I0B','1970-06-27 01:45:10',NULL,'10WO450W334G7X52','K90','System.Byte[]','System.Byte[]','',-28663,'BK5','S',20540),(8571706435705234480,4937475622690542562,'1970-01-01 00:00:10','5M6C3F6056NAYRJXDQ476451XC1TP0NL4Y7OW2U14HC427YDY2186TI9Y718MQAKNH881JAYF6Q923EWEF87YYR','1970-01-01 02:01:37',NULL,'45AS5MY31I4HOI57B3KQ9Y',NULL,'System.Byte[]',NULL,'5O2YVBMJ',376,'',NULL,-7296),(8571706435705234481,1781066714238482753,'1970-01-01 00:00:03','L862EZS3V3J09C428CGF40CATQ24752BMWT0K5LNW394S0M5Z4GBQFMK723Z0D1433S6I67U4782GKIR68SV05634USI5363LG257PUZY0C08347K3O6GALYI47INQJ0','1996-02-24 18:48:22','5VVTH0FE4PW58','DJ130T1C42VB10','OI0797R9PVW3EB76AS9SNX4VI14T3505E5X12PG310CQ10V273TT6H5K22FT42ZG58ZIP833615NBD191WVM519814UXZ4BACE','System.Byte[]','System.Byte[]','AY4F3A',-23296,'','W5M5ZH1BK',-22381),(8571706435705234482,6995215018435144107,'1970-01-01 01:59:21','','2014-02-10 02:45:46','87S3TABKX83SK3TXZ8JLD53BJ5579LH51C56X31132RRVI0SL6KY0XYN1E8TA6S1Y02489S3Y2777UY8X0XTEHQLFRXD0972856037TOGK7A4WK649PYGGBF73M3M4EKT15RT690U','AANHX3099EAU4IYP2Q','326M2GQ8DB1','System.Byte[]',NULL,'WJ4P817O5N8',NULL,'7X0ZWIVU31W7B5DCTJ9UQ','9',8460),(8571706435705234483,8111170049128086091,'2017-02-21 07:16:12','9P2U27080AC0IROM981Y','1999-09-20 10:24:47','0UW1JGTC078MGLQM7R20QPTEJ99','VJY8NCJU3C90R7GJT1Z9L5SE3N8UO','75E1GA','System.Byte[]',NULL,'7',27,'4X216Y0RU','524W6',22281),(8571706435705234484,4937475622690542562,'1970-01-01 01:09:37','53F1U2T12C849F50HWGT579BM6894','1970-01-01 00:00:04','0378A411NP34PMAZ76FP7876','YL6CM','C2J9116QK5J1MB1A8S32N21847QG90187A5QAT8FPT6YK3EYWKR2544Q1Z8Z5','System.Byte[]','System.Byte[]','5U4JEUG71W9V',19691,NULL,NULL,3),(9223372036854775807,8111170049128086087,'1977-06-15 18:40:30','039U2FE02467RST3H899O1315VVZ5068FHAPRRJ683','1990-02-24 18:29:51','','S7W13363T5Y9UPA9DHM60B5VI02389RR0KODU3G79HK0E5ESZW342Z01H768','1YWJP7L4Q84M4','System.Byte[]','System.Byte[]','17374W8HKYNK6QY5X8CF9AWM8Z421250F',52,'H1W','7KRRM',15554);
/*!40000 ALTER TABLE `dotc_comment` ENABLE KEYS */;
UNLOCK TABLES;

--
-- Dumping data for table `dotc_link`
--

LOCK TABLES `dotc_link` WRITE;
/*!40000 ALTER TABLE `dotc_link` DISABLE KEYS */;
INSERT INTO `dotc_link` VALUES (821298037784627156,'99367KD9216','7PH18SDZ0N234QT2FB35R','2QTJ40850985R12XML3FUY29P0E27B5D16IO858','2','Q8JC4',NULL,87),(821298037784627157,'85D','O','68FZ68GD96XY89111A0H7T7',NULL,'5B','03WGK57YHI5R97Q',-1120600405),(821298037784627158,'J34','2DRUR1EHA3FH4T3J','BUJB16P7433TR42RVAB9HM9G7835AA9A360S4E4B3F634IX7','RGE5WE0M9E4X3D7S31471RFYCC6H55CY3HNCLTVK79AEU7JS8TI76T0C5NKMLU918',NULL,'UAXW3FHXG63L6',-890363848),(821298037784627159,'4X3','X3R2W5POZ68255RU1THQ03TR39VHO40R50E19UX91A2D','1D','T7PF1',NULL,'',-534726462),(1743635241470104738,'DX','O2G3G639WV0','R7UMW6S253S8L6893588EMZTQ8G0CS73UTQWNJ6T6PSHWOYY502IUHN45PP59UQ74VO8BS560056ZG3019B40MVV37P79487Z93146MT6VY88780B7Y554P','AIO1482CUYA3C154M34X',NULL,'1',0),(1743635241470104739,'GD3428T1A','ZV2RNF8A160','',NULL,NULL,'4D177NH40LIOUQK09H0XP4669Q8W',-68),(1743635241470104740,'VU80I5','KODZ4442A4O8S8PNGJ8RNUM4','03990GK05I111AG37E76LR99IB47ENE80WO8R7TN4H98Z8TCNG371','1AAZ308V4FM5O432','N','C5MVCGZ3JJ497378',-1052188259),(1743635241470104741,'X3LQ8','','1N','B4N9842TF7KON4XS17R4Q03O0WY4','',NULL,-74693086),(2030753295223400060,'FZ','35BQ94OR6PK5D694831B8W3165SZNQQ55PJ3LIDM8ATF453A91YG7LPC2KP844V967PNKM00JNP','3S266W',NULL,'277','ZQQ2Z2CZ5SX6E',-1960726208),(2030753295223400061,'41PATXT0321IH0F9QA81CX1WA6G','','VHH','35AN2X46HWG142QT420472OIU9CQR2HOT52Q1B7G1O9437308','EZ','0GW5P6LP523ZSKV11432P0324LD3MAV6ST01943D6F1F40XD69K61',-1089280074),(2953090498908877641,'U0E85J6W','DJ41IL8V73CUT8E321YIS71T2D4SWF37EQ962WGP535HP1S568','LANJ8T0QF8QIUWX9E8B0YVNM030I98F9EO9IA559512H72112O9CDO',NULL,'','',-98),(2953090498908877642,'4X3','D0D2LP2OE','BV314H6','4D7','B',NULL,-335207885),(2953090498908877643,'S','6Q8D6Y6VCJX4T48DK904FP690JPFX5D25','','O5VDRZCWUDY2F028HVPX52G67','','',-1726512000),(4199723808335692896,'5W4CL4223','E9Q78FNT284U5NA0B8SG','99OKD052510','7I7Z2Y4FOT1233R960M0X9XGE7K','4054L','5CH8YSL',-997713899),(4199723808335692897,'E9DL2Q5','0','NP14OWRLE4HW8437NTK418J9','D9550KY9ZO5714P0ABJ6K79I6Q9XPY4MJIX9','','51REAV0Z8770W4VNT4GDGN5QZON328Z8QVGTEK07S9HM64XQ3ATBFT4189442Q0',-231),(4199723808335692898,'M4','82Y1X2M49M0HV8M45T81Z9EJM7M9IAQWP68IV6Y3KE1280','GM','09844H3WK342U49S319H1408V3Y935060UG51809LI64A9Z0CIT1C89TVN2AV125HM7K5NYT860W91CNZDV159G25Y4K','','I2',-560),(4199723808335692899,'I7','W3RLUZA85131','E1','','2','05T38I7MUFUPFFTDVPO04L2Q9T5V2814JP19T',-838133017),(4199723808335692900,'G4M0','3R3U1WB04Z32VV0H1O9ON99SMC8YN8TIE7Q','',NULL,'9QV2Q','',-2089407047),(4199723808335692901,'9XW','0K6','VT8ZKJW5L17S10EB0744X300SPU3S8RS1221VQ43T33YFFK5U5T','HNC','84','W',-102410662),(5122061012021170477,'4G','26I1441C2S70RNMPUAK48H11EH','RH80RK7KXS601','4EN144098','7','14Y10MUHY0X78B9PXR9J938P28T3GPUX50L7N4HZX00CR0XY9W',-1030416957),(5122061012021170478,'75','HGS6','44T5D3U49974IA494JWVEDOI20VC199BARF3','WKYSUW6D3BNFSQS08TF83E36V5YVY4U5D4K5','8KG72','EZXS30B6H0CQ774OD87WV95835I2091JZ138897',-1765423586),(5122061012021170479,'06P4','4E4K0P61W5PIA2272ZN','3PI7536353827',NULL,'J','PX1UF4NM9O5WJRO30SW5W22K09YJZ14Y0O2Z6A690I3Z5552L2461569SC1EPNLB52I335038FUI69445GR322OH9K8307DDVMCRG',-1728225444),(5122061012021170480,'U1','OET64KZ93GCO2ZFER0P9O4M562C3248B85HC3Y79LSVQ3','38877Y',NULL,'BWM',NULL,33),(5122061012021170481,'M4','2996M9J414WBOKW36491X1F84F3SGO71CC1','KJ7SO039H01B7XLR1PUAI',NULL,NULL,'U9X70RIQ4ZHA63PO8K54J8D547BXEYK5FJ23GPU054P2G67FQ43QF85N4EP97B2C5Q851B77QL',-2024878791),(5122061012021170482,'I0WHIO7S','8CL856OA','7W8H52T3S8X9COM42OG1E7XN33ATAJN98227','','0V','S57VSS1H53',-53701857),(5726339979331683594,'06P4','P005R0Q1PO85X036JT457G528QD3BR02HZ207H5X85Q307P35D594F0QKWG3SPAIWE0U0M590E34C9N7U','C','','C','4EVULXZO6H68Z4XH7725001XO80HV9TU4XT667K4B9D',-8177),(5726339979331683595,'4X3','','2L5HFK71D84JIX82R6G7EV5SFYTT7','FG103I66LK62NS465','0I331','7',-499394584),(5726339979331683596,'8','A','2YJ6XR6583R0X53EC0QX12O6KQ8AY8SI5XUC','','','LXP6D26GC305CA0IYG41G5V37VAY7N7J2847',7),(5726339979331683597,'H49','0GNNTGH926VJLG6M84PXV6U79U99P3R8OD8R27ZRD1VY2E3S422D','4MHF87P85414JM4I7X7W1NA938O726Q4U8SHKGVLKW6171N3W7JTNU1G8I0NUG777BH66344I3A6T0JX3D21STCH04XAQ4L4VR','','8',NULL,-1769301196),(5726339979331683598,'161240M','EX71','','9','','6',-674764348),(5726339979331683599,'06P4','2HUS0JQ1I5D72CZ48G','86U610DNMP36R4LS1QSPR09UDY0SZDA9HZ4YK21NAD5VBV44V70A97X1YZ64VTIVQE22','','1MYKI','MOC3194CF1TMAR59GWRE9LH00564I',-1740720387),(5726339979331683600,'7Q','35X23R4I7468EJ398YHQX0777S3B816','H39E4AP3ASF679T7474','7LUZ290A8Q51S',NULL,NULL,9),(6648677183017161175,'UIXN059MTLU','EQ2UL9X936XD7P8H73T57ES66XPX3RH438LMT','TQUMG8FMA5046Q3KH2G4PRX9I39XC7BG80409FMFY319Q4XCG73UC0U682V96FPJO','348C0M0A196LGHWTQ1UP2XZ92II0A3A030A','X6U2D','WRZ1B0WQ0JM48L',-1794334035),(6648677183017161176,'SI15','5I9L8VZQRIMH4084','N9','',NULL,'N79P7T7DGDQX61FJJ76AR5AK0Y',-269),(6648677183017161177,'W4575I527T','4P6MU24JD1E44231VI2033','NAYD8673X96QT1SJ8WYTGC9N','M1G227E6','245','HGJ21P629S59586A8A4R7Q282I7V08599OUKG1976V0I61NW680XZ9',-164353808),(6648677183017161178,'U1','80478NI3GOS01PBRWA2QY97C1BUCI161250MV1FNGJHT9FM83S02EGBD','I5DY6JE8UE','','BZ','E8X69I53Q32646Z',751),(6648677183017161179,'U0E85J6W','NJB02BQ4NK5JIPKZ10697F','YS','','2',NULL,-326886560),(6648677183017161180,'U1','MY6UUHSJ365WXD79R76846R5DG2FD4I7U7C5Z7Z7','2LA3LLJ8B4099X1R36W55D80RD74A','P8H9FDQ6AAWW3S6L9FAGMBF6V260E9981H2Z','54D8','',1),(6648677183017161181,'VU80I5','K8OZ40IE6PI6D4AR53J8X7U3W3IC588K21L3WO49','','','',NULL,-1595903923),(8094270769305122475,'V1N3','3L45W8OBL28Q','2LAIUZFIO4','W99L410F6WIXY3909IQ2UYBZCGCKYS3B1V21ZEWW5YZO76BI96P3','J7S87',NULL,-1157183679),(8094270769305122476,'Q','4VC21V5773IKFZ8N1JK104D32ET815867ZB09H4M03GXE8389B1WGXL2AL3L9CQ3812W34FU9WT4J17W1W4V5V2RC4Z62Y3JD81ABCC4JKBWM17YHIQ86077T2','YF6678552RN69S0H4W085KT125','K91C7JIFK7961890D699HF0RT',NULL,'O9685DMZECWDS',-1377813044),(8094270769305122477,'HCC5M970G3PJQO10XA','88X55217','6034HK103J352KP4ACME06OF21HW9Q7NCMQHXL42QZB45S3TM78T6D1216B0B5X8X39O1V','UC','','88RYX51JB2SH18P1T07C50459U89F5503I4KH83620C9N200T739204Z697XO531S1191G9B5210',-371),(8094270769305122478,'U41','W02YBVR2R','54478JI2I2R9522LY8134K6GZ9GRYQT8OKD2WTMC2X0N49IBC8QR5267CKFEI438706BS7OE61P1I9H5VEA7B5ZM7KS0582V569VE82',NULL,NULL,NULL,-497018496),(8094270769305122479,'D80X','8361R072AKRC77379513','418','449','2J','0F1CSG1W914829G045OB54IUW4LC3P30R12NE0N66KZUS1Y45KEHD267Z7CSN1N8V9K166VOJHT2E7OY3E8Q70',-1640056529),(9016607972990600052,'00A848KWUQ74','','6498XG72JH0R4Z807FJD008U93H2W5S8J4FF8T34510A6ZP57O8W49J','TP8602GR5KX64W6J7O80OJPP36V','7','J5LJSQN',-1925050876),(9016607972990600053,'G4M0','PE2DT87W7ME','R99Z43C8X6J4KW5D2RD','FQ02','R','',79),(9016607972990600054,'9XW','4Z31YC09YLX218LOU9508CVD','S8MZ4J8','X0544NF0796IK0JIB4','VL0','5526M4HV5N4C55',-1487623419),(9016607972990600055,'161240M','5YY93VQ9904S7VXRV31V9','G4E5242ZK6Z46R0M2X2572J9ESEE1UN1YC19P70',NULL,NULL,'NQSVJAP07',-807249409),(9016607972990600056,'UIXN059MTLU','P03V6R134U372AEEW7Y1INZKWCBH2UY310796423674PVZ225ZIG1T5BFRAB3PNSC1722B9E45EM473C6F13529HSO461J31OW88W656VY2EIL890V4L64B4HHVE7S132RXHB15951IBKS3M51HYD0QN9C9QNQVQ626T95WW3','ESSTG7NL744332H3528HPOUO6GPSHR0J52','9A0G26J4K61Z7DME9395Q02OB6KE','RC','',6532),(9223372036854775807,'161240M','H7I2K14','6P4674GS4O14Q849C9495BXI4V2Z1672S6OE7IG4XIEMCD6BPH61I48NR1P9U2LTN2Q9IY3','8641HE7Z62S7Q57545C016K2XM872K192H26S3U','J7O4S','U58',-1432851621);
/*!40000 ALTER TABLE `dotc_link` ENABLE KEYS */;
UNLOCK TABLES;

--
-- Dumping data for table `dotc_log`
--

LOCK TABLES `dotc_log` WRITE;
/*!40000 ALTER TABLE `dotc_log` DISABLE KEYS */;
INSERT INTO `dotc_log` VALUES (539884063554173227,'WJ0QYB','161240M','','1985-10-24 06:48:02','U27K','System.Byte[]'),(539884063554173228,'RY7P1F8YV62526Z7','VU80I5','','1979-10-30 13:07:00','F1546','System.Byte[]'),(539884063554173229,'44M5EL6E','UIXN059MTLU','SB3UN1K2A1X2TLPL02OALJ00YV4CZ14121OD73417GV15Z7','1970-01-01 00:00:02','0I','System.Byte[]'),(539884063554173230,'SYV1','07C026274Y7E8W7R','9D2KG35M','1994-03-05 02:11:57','1E','System.Byte[]'),(539884063554173231,'2','U0E85J6W','RB2R75RVGJVJ80VK313Y7916LQ6838U0B65J240A04OVN','2015-04-01 09:08:24','KPZ5VB17EJ2','System.Byte[]'),(539884063554173232,'32TXB','9XW','3Y3PRZ7N','1991-07-06 23:16:17','91OOV376DX65W5EIB43I1OLJHM83','System.Byte[]'),(1462221267239650809,'F25Q1QJ','HCC5M970G3PJQO10XA','BOA6BZ18ZC2WL512Q4U8TK8T263DPA5DAWH69B472G4G36VQPDM63K33B76ZK72KF1H9IZ01ZWM0EB2S654K3JD86K3','1982-11-08 12:46:04','C9','System.Byte[]'),(1462221267239650810,'7H','SI15','5L760MUZUEP9','1981-04-30 10:46:56','','System.Byte[]'),(1462221267239650811,NULL,'W4575I527T','2MTU736PD2TBPO9C19Y94DC0U43GH9G7LBZQF55FJ58K9HMO9GT44434ICSX0YWTSS18Y9UQCAD105Q9763KSZ2J01P33VJ7BEY8','1970-01-01 02:40:28','BMM39LACK948KR',NULL),(1462221267239650812,NULL,NULL,'793FUL30763TWPBI5JJ3TY1UOWP','1992-07-19 21:00:52','8O06','System.Byte[]'),(1462221267239650813,'U98','SI15','451WMD2','2016-02-12 05:57:45','H',NULL),(2063701250271978414,'','85D','AT0PFE6MJ8I43IWO','1970-01-01 00:01:11','G','System.Byte[]'),(2063701250271978415,NULL,NULL,'7DP4J93SE3756SL6P44AGF225CZM0V1QVSK1GDTL','1970-01-01 01:25:02','VJN34X3073O06YN7511G','System.Byte[]'),(2986038453957455996,'','H49','09S5D5QS','2004-11-20 03:39:25','42','System.Byte[]'),(2986038453957455997,NULL,'JD8','S24TA6W','1970-01-01 00:11:38','ULNWC34',NULL),(4199692769910284469,'1J','HCC5M970G3PJQO10XA','9YF09PP1HRHYJGY7WG8GPMTE6DEMJ2W122VU4W593K9DVS3SWWB1ZH25OP64021100B95PLX37M42','1998-06-08 03:29:32','Z87TV5','System.Byte[]'),(4199692769910284470,'ASCE30K','U1','BXZ08UZ1ZK','2009-02-08 12:54:37','07FC3W3216QVI2U1N',NULL),(4199692769910284471,'HX668K5L9','S34I017R290M4UY','Z73ON3G09OD4HUE2J61UHWD6KY812KJV7LC','1970-01-01 02:26:29','N2','System.Byte[]'),(4199692769910284472,'F9','JE','9RQLD4BJA0FJ5Y0JUOPIVCEN','1970-01-01 00:00:02','B','System.Byte[]'),(4199692769910284473,'U954D705VV','D80X','438Y1','1993-05-21 23:34:30','H','System.Byte[]'),(4199692769910284474,'','4X3','79WX4L99316FF5','1970-01-01 01:16:14','A7AL117NRM7I7','System.Byte[]'),(4199692769910284475,NULL,NULL,'O','1982-03-28 15:02:47','1Y1','System.Byte[]'),(4199692769910284476,'','U1','2M1450KQ5L69537958952NXT4C16SVM4GJ4IPALHYS62N4611S4XN946HPDP7I5G9N0I5X','1970-01-01 00:00:03','857549F','System.Byte[]'),(5122029973595762051,'AES702','UIXN059MTLU','6169QPV','2015-12-23 04:54:38','','System.Byte[]'),(5122029973595762052,'I0QP30249','HCC5M970G3PJQO10XA','35AM6737NQV520DJ57VLPU86E91S180H4PT3O36016S87G0W0F7K','1997-03-02 09:30:30','CS7O1VFW3B2OFX2Q55MM151609Z566J5NXZ0759',NULL),(5122029973595762053,'AQ81U','VDCUE7230QKCZD65Y4N545KJ2I','N3P1C2YW35EWT5BG2Z6610C9ZA6R6326EV5K3K6TOE1K45','2013-07-10 21:05:54','5','System.Byte[]'),(5122029973595762054,'B6A47A0WP97C13','JE','0D9VJOD95D6167N2CNRR6X1P88U5GR8K221221T','1970-01-01 00:00:13','OOG','System.Byte[]'),(5122029973595762055,NULL,NULL,'888G354DAY451ZNR2HMBX4Z4WUKCZD8Y2ZA','1970-01-01 01:36:59','79594W3NS3',NULL),(5122029973595762056,'','URM6','BD24M8YLU5IZ99','2008-07-14 14:42:13','98N5','System.Byte[]'),(5122029973595762057,NULL,'VU80I5','9EU074Y6044RZ9','2013-06-11 05:33:49','','System.Byte[]'),(6157342577690238344,NULL,'S','M8PD1YCG7Q991TOGBIUU3H52FKI1DDC6QJM3P27P62MOSZO38M2Y968','2015-06-11 21:20:53','56YP4NK2P98I580SB391D4PV','System.Byte[]'),(6157342577690238345,'FQR7LM6N3D0RQ9','S','HWC01370XX8UA8YRXHHU20J3WYTS4PK4Y5MHEIC','1986-09-18 07:07:25','62645FQ04','System.Byte[]'),(6157342577690238346,'L18EM66989','4X3','X5','1993-04-26 22:11:18','','System.Byte[]'),(6157342577690238347,'G2R3L5Q','00A848KWUQ74','9288E1045V095HN4CY6P2P0YZ37','1970-01-01 01:14:06','V3','System.Byte[]'),(6157342577690238348,'ID','99367KD9216','595G','1989-12-31 16:51:36','84','System.Byte[]'),(7079679781375715926,'X','SI15','5N5355LYC','1991-01-08 15:06:15','H2K3SI2X01LM',NULL),(7079679781375715927,'H6N','I0WHIO7S','4SJE9ZPUKO9','1970-01-01 00:14:34','YITK4YKH584U31FU94','System.Byte[]'),(7079679781375715928,'78954','G4M0','0PR28Y4T0Y565BM6V7095EPBDLS27','2017-04-25 02:55:57','Z0','System.Byte[]'),(7079679781375715929,'2X50QCD2FE716K1','VU80I5','7P5TA484O7IQM46395O3320ZEG59GJRQ5Z1K','2011-02-18 16:11:25','N51OIV2S3BN40DF5R75KH14HK',NULL),(7419101039804924528,'51X667O','H','','1970-02-15 16:41:49','FY37WTQ','System.Byte[]'),(7419101039804924529,'0K8','U1','9S9','1971-11-07 16:08:34','1Q0801','System.Byte[]'),(7419101039804924530,'0','8','','1970-01-01 00:02:30','33TS','System.Byte[]'),(7419101039804924531,'7','00A848KWUQ74','P','1985-12-16 13:15:58','0E','System.Byte[]'),(7419101039804924532,NULL,NULL,'72RRCO2','2003-06-07 17:55:46','IV463','System.Byte[]'),(8341438243490402106,'0DF3Z9H34TSU2TQ12G51URHPSEU1K51A','1A26','K4YC1X6AL2','2001-02-16 05:03:26','4H0','System.Byte[]'),(8341438243490402107,'6VVH','3','7UL9NDHL4','2018-09-26 14:26:45','08J0676F77710',NULL),(8341438243490402108,NULL,'V1N3','Z4U6KOOS1873S26DBEU03C7U5BD21BOS1','1974-02-18 14:06:35','0LIZ8B89YZ1W0','System.Byte[]'),(8341438243490402109,'HYMO8I','474','2MAQ3PQ4J6OLYPAV22W43JVF216YU9ZW3G8THI5VDPJ9RQLOY71923S80N7PYSD12FD78CWEV658I27P2803ENC3TCIKUYF1WJE8C31O8YC3H8E8JM9X9C70293K7','1992-04-03 11:08:49','7L6T07M325NG','System.Byte[]'),(8341438243490402110,'','Q','HZ87KA9','1992-09-10 18:07:18','Y7','System.Byte[]'),(9223372036854775807,'W002','URM6','C40DD213GONOX7QYFB40S6D9VZ80ZC41L0RY6JJ2YMB5BTD111RNO1A3U5T','2008-08-27 00:20:46','KDTON691',NULL);
/*!40000 ALTER TABLE `dotc_log` ENABLE KEYS */;
UNLOCK TABLES;

--
-- Dumping data for table `dotc_media`
--

LOCK TABLES `dotc_media` WRITE;
/*!40000 ALTER TABLE `dotc_media` DISABLE KEYS */;
INSERT INTO `dotc_media` VALUES (499220315457977561,'DHM8F5W','R3WCAMN4D6FTGYN60VT1YW564EOK496ZR756301RIQ','C10','9OH8LRG955KGGN8GJJ5J0M4U75NHK6JV9P1833IPS','8U5981U1DH3W6CDDUO0QTP5Z2PI6829ZXR012PJW1RDI4LI19V5Q0',NULL,'1993-02-16 08:06:51','1982-01-22 07:19:10','2019-04-17 09:50:45',5813),(499220315457977562,'FVN','K5CP348Y30L205X17590T','439FCIS012Z553XWSW47675ZCU179Y5052642572','03YN9Z89VDYW039V81IDU204','J71Q868D92644T72RE','System.Byte[]','1970-01-01 00:00:02','2015-05-29 02:06:08','2003-01-11 21:58:04',13),(499220315457977563,'37S5Q10V0N01265SF63V43X','C043C62S9Q8E0R86KG8BY3W79F1UC1C700R4O4','6VF2QH94N3U9YB4WAU2P5J3Z28J1M39201A9','1HPYZQ039Y290K2C7U69M5ZP1I','J50J77355','System.Byte[]','1970-01-01 00:00:02','2010-07-14 13:36:04','1993-04-20 17:46:06',14),(499220315457977564,'5V02HSSD4','YMRKG7GF7I79R5E2508583ELQJD9E6528S14F53BM000','W10MUP77LVLJ6RPTB35UYFNSG244AHK96S0AR49315','0GX0L12LS3O03OMQN57E73Z4O93AQJ57273Y2MC1741J4WCV','NPU784962BUTI29OF4WFAOV9B2','System.Byte[]','1986-08-20 14:25:18','2001-09-02 03:39:01','2006-12-29 01:17:15',5861),(499220315457977565,'00','','1P6250','','7IH4ZOB4FKOB94T937N3VAX3V3OENS2YF5KR24GXMH7XHHK','System.Byte[]','2004-09-08 04:25:38','1983-05-24 23:25:09','1970-01-01 00:00:02',-19927),(499220315457977566,'1R4','T2X47R56758577FK4XO49FLX1Q980O300Z8B97689H64102KAQ2G3YI0083FCOAOCG345UCUXS97VM6HV2I97U0J8HFQTX6PRI6IUT74D3XY','VK2U50GY25OT361BK','4NKR7QEYBN3979793E3NQ4004B8182269UDULCS7H','80P84R168Z1CIUZLR5','System.Byte[]','1970-01-01 00:21:05','1976-08-13 00:33:08','2010-08-29 13:02:39',-126),(1421557519143455142,'36Z8D33UMV6','1','E90B7U','6903679XVBIYQ862C50XQ1','HAH150P3U03160DMYFTT2280WUDF9HG3RF47UUK7525XU7608L84GO22YOE45LA4E48F4T2U0PC7D2XV679Q0S','System.Byte[]','1975-07-21 22:57:53','1993-10-08 01:11:18','1970-01-01 00:00:08',-22423),(1421557519143455143,'7','2MF','7E70Z84CUDTSUX3L45LPK','U9','M5Q4',NULL,'1970-01-01 00:00:29','1975-06-10 05:06:32','1999-03-22 19:09:35',2816),(1421557519143455144,'QVMN1M','CPN28B9EVAL','I9KRV6E7KMZRV64RGSV62WT6V80304E5OX4JHBVS3W3MN93G6A4XYM2576XQ3P570VE653P0M260S3','349CHS5J7804QVKIX534I254FZ64UFO9L287FE12NP76X870F73A02BD1K','2',NULL,'1975-04-27 05:02:07','2016-10-23 15:06:50','2010-10-04 00:48:12',-19418),(1421557519143455145,'V45N','617243FS56P49EQBNZ91C87OP9KBX52K9YCWR80UVP1','IBPNS5IWZYDE0063L9W32372MN8760HVA01U26AL26','14EC2013I','X63754YL0IL6',NULL,'2007-11-14 15:02:46','1989-07-27 05:30:56','1970-01-01 00:03:13',26861),(1421557519143455146,'17ODR7ZQ','M','','','5X659VV92PF91Y33QS','System.Byte[]','1970-01-01 00:00:33','1973-06-20 23:26:44','2018-10-14 12:59:44',3256),(1421557519143455147,'Q3543L7Z55YU6','X4RKMYS296NZ81','8E4BRJ4499J3C873PIJ8B558S63O','749B1K23Q','VUS','System.Byte[]','1970-01-01 02:12:56','1970-01-01 01:46:37','1970-01-01 00:00:01',-7975),(1421557519143455148,'X4','YG0Q09M0E7OT3994ASMK','LR93KYD3ACYAHL25H00FI6C76O4F35JFJA178859W6509B2L','11UZPP84RA146RN74CG6JR9H6PZ088N1DH7BLP76CHE82QE48JOV69YF2R9UG0RK165HLV68XE6Q64N6SVL63287357CN6','','System.Byte[]','1992-07-05 02:26:14','2016-10-13 12:51:05','1970-01-01 00:00:06',188),(2274527072657302518,'7','CHCTAZZEDG1P3B0TA6KRM09ZV403J08BP52OL845TPBF3XQBK6LE2JA13E6JX79NMJZ14M9','61HJ2G3CL4ZJC3W','O789V4C908687Q68S5ME50M32NG715Z653FVDZOOG592257823M5K1CAX41Q50BX2Y','FX8796',NULL,'2009-09-17 22:18:22','1970-01-01 00:00:54','1970-01-01 00:00:06',25024),(2274527072657302519,'17ODR7ZQ','ZXVF6WO55NVR65E719QE55P6BJOOCXC','','BYQEO2KV95MG7M6VSCEBHY323JKP37H7M251','PSI4J56924','System.Byte[]','2012-06-20 15:12:00','1999-11-22 21:12:38','1970-01-01 00:00:09',-2826),(2274527072657302520,'H','3','GRZ3W27F512NE6FLQR5N70SJL9X99WVF736CU7H0S59C1722G794B4G92V09T9F9','7FK','KJ43FYJZ5V4J24L74805Q','System.Byte[]','1970-01-01 01:39:01','1987-01-19 09:15:46','1996-04-09 07:44:07',-594),(2274527072657302521,'7B','','JW0AGT','4PU56LG51T57G7DKF54RHR33A20F5JO7KN35XKWB6PLSXK080VS07381U','KQ899A6BO12QL6Y13KYT',NULL,'1970-01-01 00:00:07','2014-02-03 12:09:50','1991-02-12 11:15:31',6),(2274527072657302522,'37S5Q10V0N01265SF63V43X','D0Y7QM265F0C508E63508MEG','9500CUA1M565O22WHJ2F6X9N4Z9ZMV6Z6IEUX690U22M9Q7613BCN66WD25L512','9C7BLEAW5CZ461JVU85D4G2IS3KN4157QX69DU46','MN3K646',NULL,'1970-08-12 20:43:43','1970-01-01 00:21:08','1984-10-03 15:38:14',24841),(3196864276342780099,'36Z8D33UMV6','6992SUL6O4G669J13','XH77Q336372WS9B7EEBEBT9182416','9U6K2Y','7P179H023A8','System.Byte[]','1996-04-01 05:14:10','1983-06-28 18:45:49','1970-01-01 00:01:31',31578),(3196864276342780100,'H','3B','A4Q6KL4HML7837Y20X4U','Z02Y3F0053O3Q0','04984H9LN3G9','System.Byte[]','1978-07-04 12:53:34','2013-07-08 14:27:31','2008-09-21 00:05:03',-24683),(3196864276342780101,'X4','26E95K1','1O2MP450X2OTT4C0AJ2','7S5340C733EI6YX5','','System.Byte[]','1983-03-29 07:45:53','1994-01-26 00:39:49','1996-07-07 15:15:39',13171),(3196864276342780102,'X4','U62NV20DJJ2N','','B87OQQ1Y7P8WD','BRW3NBLA','System.Byte[]','1978-12-02 01:13:53','2001-01-30 07:58:29','1978-11-05 09:56:18',19803),(3196864276342780103,'X4','Y025U418J528QKD09132S600A05927ESD6K40O2P4XV93','450KU7I16XRL12OG435Y17','','X74WSQ','System.Byte[]','2012-05-06 04:10:06','1970-01-01 00:00:04','2018-04-16 11:43:12',-19241),(3196864276342780104,'49766W021140R4EDQ0EGS9','H1CW258DL3EFG7A069GIF6U7GFC696R8MKFD7I3AQI9UV833','4085652PJ1B3M4DW4S5BA5CE1SU8E857QB06M91N6NFA4113','J84P','','System.Byte[]','1994-01-07 08:44:35','1989-05-21 20:54:12','2001-07-11 03:03:30',-18555),(4015200495855881832,'Q3','','YM1','7F5RFAB19U401ZKSR2G4EK57E18294H0958R26VZY5FI70G23','6MQU1B980WOK','System.Byte[]','2016-10-10 00:44:17','1986-07-24 05:46:24','1970-05-11 14:10:04',-11940),(4015200495855881833,'R76H7C3Q345N24U2CK0','Z41ET97YQ0A84472A2DG37H49J2J0KF5EI1O6J1V696AE08966U90N7UK6HN52X8OK89AJ0','648FO886W14301FEA90BKUX','','M9GW11SC','System.Byte[]','1988-03-30 15:49:37','1970-01-01 00:00:07','2017-02-08 00:14:43',10015),(4015200495855881834,'V9J89Y19RU92EF39HN9S','UDB68OS915NZ9P28KH0R54TQ9OCEBF1J4XE781I454M9I1U0G1Z1XU97YDBWG9808V49M87H4WIMBL3HA5037Q','5Z6XZ','309MJO707JNURL5V086I81406DZ0NFIKBL1E33835NCA2325DN5BR2U6Y','6WW77C2N5R6CRE89N82506TW9','System.Byte[]','1999-06-04 04:19:56','1977-10-26 16:35:17','2010-02-25 17:26:28',-11446),(4937537699541359413,'Y307','284K57DV08ECX227Z','AM456141TQ7QN37Y76QAIT1KL2V030ZXZG','','AP843SX85CUFW','System.Byte[]','2011-08-27 19:06:57','1984-08-20 07:30:06','1970-01-01 00:03:17',-4227),(4937537699541359414,'V45N','4WV33QMY2SOL757','92G423KJ35QQN24LA83FM37W808XKF8F0L1G966A26W78TXS6JQU5T5H1O1813G86','UY73X6XS387WU0308H16MXKEJK0888EE64PNCTH0PG5RA61XZ9COOI607OZN973I888U91GAN82V3741ST6MV15YM','KJBH35GNE49XB30JIRMX28OUWI31',NULL,'2006-03-09 23:41:02','2010-01-23 07:36:18','2017-06-22 08:56:00',15714),(4937537699541359415,'52Q7R6TAO3P4MW4','JJ3QC5X98S57CVGCT5ZIM3S260122M11ZRZU8G','FVPOCI','874ZW','78B7YV3','System.Byte[]','1970-01-01 00:00:10','1970-01-01 00:08:53','1986-10-30 17:38:41',97),(6133209800243198141,'V9J89Y19RU92EF39HN9S','IB35B99X8','NN305Q18WWI9G6','P613T6MA09173Y7D46EX3BYE75U0U3X42IJCY3J7J3C','QF98','System.Byte[]','1988-02-08 10:31:18','1998-01-26 12:41:59','1970-01-01 01:52:44',31183),(6133209800243198142,'A','FJX17M44NXBAPY950EM743Y6DYLOO4591','DZM4P6','4A2O54','JD35E8757UMRS63FTBU07YV1CA9RNJ5I8U74S52A2Q856192FO6FNF4H62Y6PW9PW',NULL,'1974-06-14 13:45:11','2006-02-15 01:17:17','1972-01-10 22:40:12',-11436),(6133209800243198143,'SJ68T4TC','8Y32830','Z5568WRZ8Y','GN4L3XZ0VXO733F881X61','I7K85X7S062596F83','System.Byte[]','1970-01-01 00:09:58','1989-07-02 08:16:56','1972-04-04 00:52:20',-5),(6133209800243198144,'Q3','TBB7','0Q61B846G51IH097ZRKNQ3WV97CL1KNWL30V489O178O1543VT62B4FQ5Q4','','H58U82TXH920TVHMU24D01XII73HU712L323C25R841QG50ATXF14EF8GJWF31144LKY5JRMN','System.Byte[]','1980-07-15 22:56:21','1981-12-03 02:02:17','2019-07-25 07:53:09',-16610),(7055547003928675723,'Z3C0B3ZX12E9ZY2','N1HL59BDGG','10N99Z1B0ASAO71897WOHS8OT61FHW9LSQI96C0183BJ59IHOQA9OGHT28R03EVP6T9EQCVE0DL7J83','V7E1IZ8Y68V4B223L313991357ONZD9VM8203114','04LE8DI12PL7MWR6XY','System.Byte[]','1975-07-06 17:18:08','2012-01-30 04:12:18','1987-08-16 02:38:49',-3964),(7055547003928675724,'GG','99VD412','93D7183K3O6','B1961Y22S','76J663NG5J56P7','System.Byte[]','1986-10-28 16:29:28','1987-10-03 11:09:17','1977-04-30 09:28:26',6032),(7055547003928675725,'Y307','AE1R16F','29F4244408PN0C','K867SM3H32644XX32O4K851W150B3JWVM235P7','L7PA4WFR','System.Byte[]','2017-11-15 20:51:53','1970-01-01 00:00:09','1970-01-01 00:00:10',4326),(7055547003928675726,'7','G7TP6G68A21','QU3MU8C9D5QC69193R55X4D','I88BY44CW9M18PV21K46W0L4FMUVJ936U5YZ','944D4R3CL57Y53U10TQ3155TZA8F34V2URVP21DVNIT0X33T4L10EX','System.Byte[]','1970-01-01 00:11:26','2017-07-04 03:43:58','1983-04-03 03:03:24',-6),(7616834959023606123,'V9J89Y19RU92EF39HN9S','3H7UG4PJ9854959BLNP3G23UTI','W1COV45SP4H57T68KR8OY413Y60UV36CKWX','Q0123','9JK498Q96X1736416RKB5MY35LN9','System.Byte[]','1970-01-01 00:01:17','1990-03-24 18:53:24','2008-08-11 08:17:16',7691),(7616834959023606124,'17ODR7ZQ','7BL9267GBKRJR7725WT9X7Q34NNG903RW2EPU69G65BC9001262L8C2B8783H86C5586FDS8DK69E356MC9XJVKA89HPXB857GNJVC558RJ3N1GWPHMN','BLH6J2','1C2N08CTED','0H9PIHN9X3U96A3F5N9T0W96N7UHC8R89V2328R0','System.Byte[]','2010-02-28 10:24:29','1974-12-31 04:45:42','1997-01-23 04:59:41',-27386),(7616834959023606125,'R76H7C3Q345N24U2CK0','','I90OQ5CUXNPW0O4HSQH8V6P4RB4EOP0XUT555550C04ALPYWDV69JG8P1GXH54JW0IFJOB5457T9X06R0M35W375R06VENB9304BV1A1H3','25JU9EQ6D670N3','A2R500I53170KH4T77S19KUOFTWNQ44X11X73','System.Byte[]','1997-03-22 10:53:27','2005-03-01 01:17:04','1975-11-06 10:48:24',-9610),(7616834959023606126,'KEB6','218V8','51227186ZGYO353F3NSKNOOX355Q9U1K21C0X6Y159S3V7Z50UU79G','M','SQP58BOM6','System.Byte[]','1970-01-01 00:10:50','2004-07-10 21:40:56','1984-09-28 19:29:22',-64),(7616834959023606127,'4J','03322HG6C0A71477K3H2AZ89','PVHEI36BFKIUGZ11GJTH8DNBP9RG85YIGT9L9','CI48','Z65881E74898483LE8EW8430XS7CT3V87E7338JEA53','System.Byte[]','1991-02-04 08:20:51','1984-05-09 03:00:38','1993-03-16 15:53:00',7524),(7616834959023606128,'QZ','','99I8IXF33O1K9TQM8R0U0LM300CAP4L1938E7T9M1C83ZS6128979NNIWR6FY811YW8Q66O9JCCOK1H40IOO8Y800S1217I00KS49E6309YS2KSJDO615W7742D292UP4J718NG75LUOJI54K59WZ','79XYC0CJ17SN8DKXQ9O8769J5F19KDTLQ86ISC4X0PLZ66NF967I2JR35VAG01D7628F69AAH919B2Z41J97U30S6Q57063YK8A9D66ES54H643M015ZS7H82BPUKX84','EXB8CPVNX52PS','System.Byte[]','1978-08-11 16:24:59','2000-12-31 04:03:07','2019-04-03 11:08:00',-26569),(8539172162709083701,'JB4AK','32WS7DG94LPI28V93JOK3QF021Y23Q4','L9V1BDTG8JOBL','U4OY8O040NTOPEK7M80D5Q57J3Z9B35WE1I4Z74I5EQPQ981D5J219P87XNG3D0J320','FQ56G2','System.Byte[]','1970-01-01 00:48:02','1975-09-24 19:37:15','1985-01-10 06:08:59',-2881),(8539172162709083702,'1R4','37DLYZE544CPIEO065P9EQQ9K3J5A6G17','817129XI2G41649X68D4I26C51X24I0W2PTQ0CY0NF','H7898FUC0B5T8SNFYVP0MV3LPCEOU','RVMN2WJ6E0FU6I4N3784N61WR42225B61S771PYJB3','System.Byte[]','2002-01-10 03:58:50','1993-02-25 14:15:20','1970-01-01 00:41:57',-23055),(8539172162709083703,'QP','','U66Z8RUDUVG9B1NADJT6VN4VC476WSOQUMTE39E94A0WS86ZFP26755I7272N78WXZD212W6MI4ZTHZ420SK','XX9L77HGR011VD513A1NLV5WWVED23S99Z4CE9L8X','N50D9F9088K5104I9B4B4BJ14HWSSJO6H643I','System.Byte[]','1989-06-05 07:09:21','2006-10-23 02:50:59','2014-10-25 13:36:06',29388),(8539172162709083704,'0F','20J67774734V0Y4K19927FHRJ2H2189Z82559M4VF30','AA7Q6W32GM6W64Z3','4OSA6LHVU8UJDLHZMF9G0G66','O3YFIUFI8H809P65225PK85KP59DL99','System.Byte[]','1998-12-18 16:11:20','1970-01-01 00:51:57','2005-08-04 19:48:42',19298),(8539172162709083705,'0F','','4AWNK7E0C2144DR0WHP3AZ1DII6DG4OLM1QMLFG6','YWU7G1SUJ53KRZC8FTFN','','System.Byte[]','1993-05-04 19:45:11','1982-12-30 17:01:18','2019-06-04 17:33:47',27763),(9223372036854775807,'SJ68T4TC','','JLT3650N','X72LA3J4EM4M3J2P0M7','KH',NULL,'2011-03-02 09:29:40','1970-01-01 00:01:29','1970-01-01 00:01:49',-23366);
/*!40000 ALTER TABLE `dotc_media` ENABLE KEYS */;
UNLOCK TABLES;

--
-- Dumping data for table `dotc_meta`
--

LOCK TABLES `dotc_meta` WRITE;
/*!40000 ALTER TABLE `dotc_meta` DISABLE KEYS */;
INSERT INTO `dotc_meta` VALUES ('421X65YW4907E46I65Q74812','GV9OA87Q',858729510553005168),('D579FDZ6X5CVLCLPELR58D63G9G14L','2C4XYM481VE1',858729510553005169),('56M5M37E44','7JE0WEGZ8EGON4S56',858729510553005170),('6PSPQ103RD5Q03C9CPDIH6LS299E0R6W68522W38GO99RZDP3','71UF1',858729510553005171),('VQU03','3565I1I9',858729510553005172),('R5UK158S3289S68V424OZU5JB','L',1781066714238482750),('S657TQ292JP2074S51Q644E0V78K','9WRS0W01NNU7HUV77R',1781066714238482751),('7BI9TIV36','V8ROJ55DT4UR22C3Z',1781066714238482752),('QZE2V4C68C6YIL3FEDORBB1S1','06A1066',1781066714238482753),('KF3P712N2MQH3U10FINZE87','X7S4VEDN0L28INIB1XH3J94',1781066714238482754),('4Z7VN0L391HNG368ED7IMIE10C88NP','0K2F2387SZE755B7MJ',2340423014966713932),('714C70B85V60RU88291D57JDIX98O3W9778TM07UGH8MF1W8O5SJC00BSPP1LZU','G0526A7',2340423014966713933),('0351AIH2M0594V34YK4N5SEQA3I96252TU722X7K7HP','19MU8R521Z92AN3V05VT158Z7B0T5UHWZMJQG6RLLOK71070F565143BDN8JPK1Y',2340423014966713934),('20R9X','',2340423014966713935),('I0D0OT5Y2317M1J6PJZ7G7','550AG124P0L4ZJOR438NLT4G55Y5Z79YJ1LA861O6F7TEAF83',3262760218652191513),('1BB','135NPUP2X4CAT1I1WR83O57LV3',3262760218652191514),('I1S8855YW50346SM9','7',3262760218652191515),('314ICT0172O8','8W95S69CZRUHMO21051IB6EINQ0I2625W48CX6138O',3262760218652191516),('O5I0ZPOP2PJ4YV04W58876P0SDVLRVZ4PDUEI','1YJD3396NC308P401G0371356CGS3CTJBY62ZVLVCD9E',4015138419005064979),('22Q0GAPC120Q82T9K99FVB52603IHYH71F77M3UI746VTJXSA1RA1XI83CX649X1BO576ZF9UW196H68CT','88QHI5A513',4015138419005064980),('N1931E739TLO2LA55K0DTA9FFE60B2KYY768F46F238K8','780CF0',4015138419005064981),('2D6E406Q08R02742ZW4Z2N60B4LFXRADK4UR3QJ352','5OLW2Z8316W1286ML7416T25UB54TSOE2UI8EEPSX3BHDAM4L1E',4015138419005064982),('85J0','Z5968D21A29621Z2D9V4XGT',4937475622690542560),('X5UJHMWL7OA9602GP06OC731HOL933F6D7OP8DQ12A54YUN9B9A8JGNLN97NUO1YL779302W85W706BNM31689','I1B2154C1X6XRS0695',4937475622690542561),('SCTRC88619470WY1A0ZO04Y78MW','849',4937475622690542562),('47D3YK9','7J7T2',4937475622690542563),('67N1Z7T16230B81X6V3W9CAPW84353K4H19147WF4MP0OPE8L483P9A7733R9Q74L399G59O8Q20BKR99VHMR60C2372K0R4M','MF1',4937475622690542564),('0N','K9TQ8J8WT38',6072877814749666522),('74F17BAGYL798527PC35R86G0CMU4NUY4KAL3HE889KR6W2QWVB9N513L2QKOW934551PN','I079507958GQ61DT013ILI0P8',6072877814749666523),('HR72PC81K2V9JT30DM5','8941UMRLFA67EJ5060Y5SS52OET43',6072877814749666524),('G1WSECL15345O8KTISUA2SJ137FC1IP4C846C6BLA7HAH7YOC0A3H6S6239286','5B91',6072877814749666525),('2671PAW5ZLY64FWBJ2R4A22MM9216499X12591X1746AIURW6','K134479T',6072877814749666526),('L3X654P1S1V5','2LRTO',6072877814749666527),('SBIL3P9EUD5M41G718Y6','5',6995215018435144103),('R25FK17RPYHHCQYH','8',6995215018435144104),('H1666DM','4F2I',6995215018435144105),('6386L5F06R1WU7MUR7H6YX','8IC058UJGU109D473',6995215018435144106),('7751097','GY54102N9NR75CQVP2XG8V2S3O1966639PXU02XB4I8Y89027302JK1X1J1N',6995215018435144107),('S','57QPNYQT5ZET',6995215018435144108),('ZB2KU0P05CJ3T5K5E91I70RL80V2GJX28QQJGM3U14XNP36P5R97VRRA0IZT4C8420ZQ','98W2',8111170049128086087),('939RW5EL1D59EB0L','X29AC34701',8111170049128086088),('Y37PHC8P81E7G6I4VWNIJ2300U86J6WU5S13ZRSCO15BW','HS4O1',8111170049128086089),('G848T3J','0RD7646038PJ50VBWY11WLKR',8111170049128086090),('HS6588AX037T83293GA0332J3KR6PH69PMIQP0L7L2PR9E73915','P4H05C3MD16E97J8FN9O991Q68020',8111170049128086091),('B8H893L0E8I6963080742E33ORF6BD','XRU4HBCE5HIN069P0GSQK7RY2W305',9033507252813563665),('71OJV353XPSMM073VH998RW0B69VBLG7ZBM','ZI99X2URPJ82PCP',9033507252813563666),('GZ7LMCQJ444515JAY49S8W0HCGQI420MH5ZB878O7027047R795U1I7JD708RS3PDY627','G5D7O2W',9033507252813563667),('S66PHDA385N34POX0IU65S4','K',9033507252813563668),('VP607','B0KJ186VPN838OK9O89TJJ0E40',9033507252813563669),('O9K4M1R1YK986','N7LF2HW8D63B414X2H2RTL1ASLH5393EN8NW2KZ825NRMKFL991SCWLV5J533803',9223372036854775807);
/*!40000 ALTER TABLE `dotc_meta` ENABLE KEYS */;
UNLOCK TABLES;

--
-- Dumping data for table `dotc_permissions`
--

LOCK TABLES `dotc_permissions` WRITE;
/*!40000 ALTER TABLE `dotc_permissions` DISABLE KEYS */;
INSERT INTO `dotc_permissions` VALUES ('00','HN4N3U','System.Byte[]'),('0F','VDCUE7230QKCZD65Y4N545KJ2I','System.Byte[]'),('1','H','System.Byte[]'),('17ODR7ZQ','S34I017R290M4UY','System.Byte[]'),('1R4','JE','System.Byte[]'),('1Y0L1Z','99367KD9216','System.Byte[]'),('2COO3461WQSF','G4M0','System.Byte[]'),('2GJK3Q70O4564','FZ','System.Byte[]'),('3','4X3',NULL),('36Z8D33UMV6','H49','System.Byte[]'),('37S5Q10V0N01265SF63V43X','D80X','System.Byte[]'),('3J46P','161240M',NULL),('49766W021140R4EDQ0EGS9','07C026274Y7E8W7R','System.Byte[]'),('4J','75','System.Byte[]'),('52Q7R6TAO3P4MW4','HCC5M970G3PJQO10XA','System.Byte[]'),('5932','DX','System.Byte[]'),('5V02HSSD4','J34','System.Byte[]'),('60N','5W4CL4223','System.Byte[]'),('7','474','System.Byte[]'),('782','9XW','System.Byte[]'),('7B','1A26','System.Byte[]'),('7IK7T5','06P4','System.Byte[]'),('8S','O40','System.Byte[]'),('9O','T3N',NULL),('A','I7','System.Byte[]'),('DHM8F5W','7Q','System.Byte[]'),('FVN','U0E85J6W','System.Byte[]'),('G6C','X3LQ8','System.Byte[]'),('GG','E9DL2Q5','System.Byte[]'),('H','M4','System.Byte[]'),('J','VU80I5','System.Byte[]'),('JB4AK','00A848KWUQ74',NULL),('JU','URM6',NULL),('KEB6','85D',NULL),('L6V9','U41','System.Byte[]'),('MY','V1N3',NULL),('O91623V433W7T6Z8','S','System.Byte[]'),('Q3','8','System.Byte[]'),('Q3543L7Z55YU6','41PATXT0321IH0F9QA81CX1WA6G','System.Byte[]'),('QP','U1','System.Byte[]'),('QVMN1M','UIXN059MTLU','System.Byte[]'),('QZ','SI15','System.Byte[]'),('R76H7C3Q345N24U2CK0','4G','System.Byte[]'),('SJ68T4TC','Q','System.Byte[]'),('V45N','R7',NULL),('V9J89Y19RU92EF39HN9S','GD3428T1A','System.Byte[]'),('X4','JD8','System.Byte[]'),('XA','3',NULL),('Y307','W4575I527T','System.Byte[]'),('Z3C0B3ZX12E9ZY2','I0WHIO7S',NULL);
/*!40000 ALTER TABLE `dotc_permissions` ENABLE KEYS */;
UNLOCK TABLES;

--
-- Dumping data for table `dotc_ping`
--

LOCK TABLES `dotc_ping` WRITE;
/*!40000 ALTER TABLE `dotc_ping` DISABLE KEYS */;
INSERT INTO `dotc_ping` VALUES (858729510553005168,'89X8G3JX26GWJ3A0T','1998-02-28 09:58:26'),(858729510553005169,'6VRM3PS5','1988-10-31 23:37:28'),(858729510553005170,'VM86LK653YG','1994-11-23 08:29:10'),(858729510553005171,'Y','2001-11-07 00:55:14'),(858729510553005172,'L5N1JQ4','1991-03-16 02:19:33'),(1781066714238482750,'Q285JO5NPEAQEK9SFQJ','1981-05-07 07:13:14'),(1781066714238482751,'DI1D09','1980-01-18 00:52:01'),(1781066714238482752,'0MLG916226W4','1994-08-13 10:19:49'),(1781066714238482753,'32EO28X060809O172349CJ8FQLSK3KJ8','1970-01-01 00:04:44'),(1781066714238482754,'ZS7929Z80WRGQ3','1970-01-01 00:01:03'),(2340423014966713932,'PZ03Q568OY09O560M820427L8281ZJ41A0F06P10CK0','1970-01-01 00:00:36'),(2340423014966713933,'3','1970-01-01 00:00:01'),(2340423014966713934,'3D','1970-01-01 00:00:52'),(2340423014966713935,'4EP76H4JT4VK716U592377Y8VWMJE6D57NED1G1','2015-01-15 23:14:20'),(3262760218652191513,'0NJA0W786EV7JCN','1978-05-28 23:24:47'),(3262760218652191514,'W8TG48O4K6G9MTK4U3M599A55034ED9C4B6Q','1999-11-17 19:19:18'),(3262760218652191515,'DL0G63T','2016-04-21 06:54:57'),(3262760218652191516,'TUN6483D59045W1YEN18S9JS88O7JHS893157XKDOJO39Z8DH83LH','1970-01-01 00:00:33'),(4015138419005064979,'XUVOH7M989230VJZ76S0XJCM3V9XJ82J0A5MG6R9KADCB2J5E411W38KF54I517B77O579W44O4K8VF51R4VM316B4UU5LX04ZSDY73IA322','1970-08-27 18:28:47'),(4015138419005064980,'S575','1994-06-13 19:51:19'),(4015138419005064981,'4QP66T8EFU7B8NC6960504416S1EEZZ44WI9287QL19HJN4V83L9H62W4RAP71SE2L173L9834D','1982-01-31 03:43:44'),(4015138419005064982,'6E071L054B2','1970-01-01 00:00:20'),(4937475622690542560,'B3','1991-05-29 02:39:48'),(4937475622690542561,'LDV2QS5OD58O5MZKM08308D9H2TSB8MO4BD0IPDLRD290IQCP7131','1981-04-12 07:28:35'),(4937475622690542562,'441O535910J13XW1','1976-11-01 17:48:07'),(4937475622690542563,'7V81EG6JA6OF676Y116CP0K6GHB8CY2JGF0XS8OL7Y9W2I0JR1','1997-03-23 10:09:23'),(4937475622690542564,'8T63QDF2V40Q7QY363AJN8WBU0854SK1Z93180U6R9B13OYLLS0','1970-01-01 00:01:29'),(6072877814749666522,'65R29W','1991-05-05 19:24:04'),(6072877814749666523,'736371Y97UBL57IEE05LLP56O19K7UQKEL22K4S','1970-01-01 00:06:21'),(6072877814749666524,'W40F8433168ZFE46J9SSEX4R22538G82C24AY54CN5A25ISK038962I9SVXQ25E87B0','1970-01-01 00:01:06'),(6072877814749666525,'G28N43543II6359AFWF84NI','1970-01-01 00:00:02'),(6072877814749666526,'0','1997-10-24 20:12:56'),(6072877814749666527,'7U8','1970-01-01 01:24:43'),(6995215018435144103,'UD4MH5399085Q','1970-01-01 00:01:08'),(6995215018435144104,'0J1VFXPMBJ','1972-03-26 13:58:59'),(6995215018435144105,'RXC96J87S8X30YCNU5K82MFI10P3FJV','1994-07-10 13:42:19'),(6995215018435144106,'ZZO90D1X28351B6G5JUM2E6PUQ','1970-01-01 00:00:10'),(6995215018435144107,'680W2Q0648N85865T725C261WBP368ZMG','1991-10-24 18:40:53'),(6995215018435144108,'45Z6PR2YD1KLM42Y6PR09SRD','1983-07-31 03:12:40'),(8111170049128086087,'M94969695H114','1996-06-07 10:47:34'),(8111170049128086088,'DQIQ90ZZGR4BJS8','2006-10-19 16:34:27'),(8111170049128086089,'948R2G638U71OJSX','1993-10-12 01:37:39'),(8111170049128086090,'T1ZKL','1995-08-28 08:19:59'),(8111170049128086091,'MMH0QN19LCN0Z85S7X','1988-04-05 23:09:32'),(9033507252813563665,'O5D0SJW3O79XWKFT36LYF091CFHL4133474C4S5C8E8K1Y23IA5IW5NF07O4727F2D1Z9H2PX18A7YX0EVT07JR19817VTF0U1YOHS2D3547A149SN7I5757A2U0MSF1107','1970-01-01 01:50:22'),(9033507252813563666,'3N7RC0AEP849784ACPJ2FOEJ6V9VJTV1LV7PFXEA990UF4GR0QW98A28852U0O336B788WUP94G0YIO5U2KX6BD435689K6II7H79TCVDVRS60V2GC98DM7N5L454F3JY22','2017-06-17 01:48:39'),(9033507252813563667,'99TS8KYAJV34514C','2016-07-24 17:35:25'),(9033507252813563668,'I','1991-05-07 17:50:12'),(9033507252813563669,'73B608T6548585KG7545OLK9UIZMFE955G99OA503F7SEJKAA2WBL40UMKX715Z6T754AGZJFKSEV72X7SMS4U7F7N7EK60NXDI9U72EN','1977-09-22 18:23:04'),(9223372036854775807,'O215M85WZ6CATNPD5AFT3IMI1D12BXN3QQ18NB91ITL','1970-01-01 00:04:56');
/*!40000 ALTER TABLE `dotc_ping` ENABLE KEYS */;
UNLOCK TABLES;

--
-- Dumping data for table `dotc_post`
--

LOCK TABLES `dotc_post` WRITE;
/*!40000 ALTER TABLE `dotc_post` DISABLE KEYS */;
INSERT INTO `dotc_post` VALUES (858729510553005168,'HN4N3U','DHM8F5W',2880361796271441911,'1970-01-01 00:10:42','J539V4P908','1973-05-01 16:51:53','1981-05-02 01:01:46','177IG770LI09TT','NZ','I093','U6G3L57I63H33IGI5513','','U35XR5WR454AT','System.Byte[]','System.Byte[]','System.Byte[]','System.Byte[]','System.Byte[]',NULL,NULL,-64,-1059,27077,-64,-29419,7281,-631669795,-1770985019),(858729510553005169,'Q','782',5588738452287082881,'2009-03-03 01:53:48','EI41AXK72Q9OXW8LF44G0J236N0Y1GB0WMOYX','1970-01-01 00:00:09','1980-02-13 01:36:48','XYJ0U','9KRP6294','HZBW1','098H6TE06Y65309BBYM3O915575UZ4FPMW','8U','','System.Byte[]',NULL,'System.Byte[]','System.Byte[]','System.Byte[]','System.Byte[]','System.Byte[]',18325,8,20911,-1995454571,-6,-32408,8,-1997286993),(858729510553005170,'GD3428T1A','5932',1958024592585964331,'1970-01-01 00:09:37','C31K5A2BRC4F3ITJHLGZR885Q7','1975-05-01 21:49:00','1970-01-01 00:00:01','7FAAV5YG4T0','67','FRAVTC','7KV47QY4T59Q448BTY5EQV42G3UNV2Y7TFP5KG1RN7','Q482','32','System.Byte[]','System.Byte[]','System.Byte[]','System.Byte[]','System.Byte[]','System.Byte[]','System.Byte[]',-57,-3647,0,-57,-4497,19475,-693669439,0),(858729510553005171,'H','V9J89Y19RU92EF39HN9S',6511075655972560461,'2015-03-20 06:19:11','4B1MS84GVE2S4NGG0C29E','1999-10-25 16:09:41','1991-04-05 03:22:12','S6','3CD','X95LSN9B','O6D15',NULL,'V52SEZSRC245PFPEGK881Q23936253P1N9LMN37YUMTW10F624JRI4','System.Byte[]','System.Byte[]','System.Byte[]','System.Byte[]','System.Byte[]','System.Byte[]','System.Byte[]',-121,21741,-22631,-1591115897,300,18058,-1101081363,-498128999),(858729510553005172,'U41','7B',NULL,'2008-05-19 18:09:07','O694KZ55HD1GY9WY5V0646CJNXY7H1E8PC3H5H37AP2JFC58285BI4TFM6','1970-01-01 01:52:56','1970-01-01 00:00:08',NULL,'3BE','','F4HJI4BJV140YAXO3XY0140SS0AY87XA5Q2A2891J6Z6TP7LW4GI2PORJ2Q2403XO40X7BA76F','E9W','1','System.Byte[]','System.Byte[]','System.Byte[]','System.Byte[]','System.Byte[]','System.Byte[]','System.Byte[]',-31582,-677,74,-301661022,12903,624,-677,74),(1781066714238482750,'85D','7IK7T5',1958024592585964331,'1977-06-18 04:05:01','87EPPM0ZYYR0E183741LXMIK53F3V8CP59ROLSGPEV434589L6A186D2WBT9TX0J7574E00X09YHY8','1970-01-01 00:39:27','1970-01-01 00:01:37','V79VIQKDW','GZ5ZWI','','M',NULL,'','System.Byte[]','System.Byte[]','System.Byte[]','System.Byte[]','System.Byte[]','System.Byte[]','System.Byte[]',-32492,-236,963,-625540844,26259,7688,-236,963),(1781066714238482751,'VDCUE7230QKCZD65Y4N545KJ2I','7IK7T5',922337203685485605,'1970-01-01 00:06:30','27Q9J3E91PV2LU0U780QV12P0E37593LL4I9T452FO16X4FRLJX3V98','1970-01-01 01:23:54','1970-01-01 00:00:07',NULL,'7M15D24','39H6QJZ9R6TV58Y0C1IG','1085KI44GI127K44I2UJRY3SJ31RU8K6E1VW1LB70M71NP0N281O63ET0','N','AR1O1PK3I36Z9Q76M49Y25Z401E1DDN8','System.Byte[]','System.Byte[]','System.Byte[]','System.Byte[]','System.Byte[]','System.Byte[]','System.Byte[]',-3,-503,6,-3,730,208,-503,6),(1781066714238482752,'7Q','0F',922337203685485607,'1990-05-21 03:55:45','PVYB6AEQPSWRIPGR110MIYP0532A9S3NGRZVTQNH6SP0875EQ18NLFBHD6KKX86AFC2GER7KJD334Y67725XX','1985-07-28 21:14:17','1990-03-21 16:15:45','','4668CN','','3RTB2YJ3N0R8','R','V3U769V7ZWBJT','System.Byte[]','System.Byte[]','System.Byte[]','System.Byte[]','System.Byte[]','System.Byte[]',NULL,-21299,12179,-25915,-231330611,2480,-18313,-1139232877,-1274930491),(1781066714238482753,'FZ','7IK7T5',6511075655972560461,'1970-01-01 00:01:17','','1970-01-01 00:00:34','2007-09-19 09:50:10','34QT','413701','3AU','16O45I2G13',NULL,'BU2523717L8O2E9U367N33JORA0L25290P1JT','System.Byte[]','System.Byte[]','System.Byte[]','System.Byte[]',NULL,'System.Byte[]','System.Byte[]',768,3361,-1155,768,-24421,20955,3361,-1247839363),(1781066714238482754,'HCC5M970G3PJQO10XA','L6V9',1958024592585964330,'2015-11-07 14:56:50','M9BN22343I4T815A385IZ40F87HANF0SJO1TFYZUFO04FV525S38J2FH18NRF3J','2008-08-08 23:51:38','1970-01-01 00:00:10','V2XXU61C79KP36B','6TG','DO0M7S1C136','AGQF5',NULL,'','System.Byte[]','System.Byte[]','System.Byte[]','System.Byte[]','System.Byte[]','System.Byte[]',NULL,8035,-3974,9,-812867741,-1599,4931,-1487179654,9),(2340423014966713932,'06P4','60N',2880361796271441915,'1970-01-01 00:00:05','P21Y2B7M5','2007-02-15 16:14:25','1982-02-19 03:44:13',NULL,'FH6','','W95IX','0O','3K5Q70LGYAR99ZQ90V786U17QV11D','System.Byte[]','System.Byte[]','System.Byte[]','System.Byte[]','System.Byte[]','System.Byte[]','System.Byte[]',4,-13387,7260,4,27907,0,-307803211,-481911716),(2340423014966713933,'75','4J',5588738452287082882,'2017-07-08 18:44:15','407AOKHJYQ2713FVNW5457CM1YVFTA0FR97KLUV276CQ96CEU76N4211R1D61D7UEY001420AU5ROSVVUC5H4JN2FA11AC8K6T','1970-01-01 01:19:27','1989-08-10 06:57:12',NULL,'I20325NIJ','5749VU0JEK4BO1O28AZJ10Y89NHK4U','YKNUXP6P9733F31C1AI25YKP40WB265MO1L0NDLO','Z','8DJPF3XQU2DJAV7CG5CJX16512EPFWA7T23HR44N090ZNQ3VLTW5Z02UD05ADV1S372186X49SHI78JVWQ','System.Byte[]','System.Byte[]',NULL,'System.Byte[]','System.Byte[]','System.Byte[]','System.Byte[]',-10528,-4766,1832,-912894240,3892,-13222,-4766,-1759410392),(2340423014966713934,'U0E85J6W','4J',8025,'2006-04-28 23:37:41','A2340Q23W5625U9LH9G749DVO10P1QM408','1981-08-30 09:58:36','2011-11-15 23:42:26','1NN4I06KZ8F','DO4RWU5KDXS15K3U98K38FL57LM1Y0Q8','S8298','18U5IGWZ265','','O6K69RR8S8796NGW82F94C65FW42114','System.Byte[]','System.Byte[]','System.Byte[]','System.Byte[]','System.Byte[]','System.Byte[]','System.Byte[]',-26410,6072,13095,-1537140522,-9,-7443,-1189177416,-1489718489),(2340423014966713935,'JD8','L6V9',1958024592585964335,'1999-09-20 10:21:44','58519','2002-08-04 11:09:26','1970-01-01 00:38:56','29','V2','7JEK2DO','941Y3SC4','XY45M','','System.Byte[]',NULL,'System.Byte[]','System.Byte[]','System.Byte[]',NULL,'System.Byte[]',20185,10674,-2335,-628764967,-27703,20309,-1311725134,-2335),(3262760218652191513,'4X3','FVN',5588738452287082884,'2020-01-02 17:41:46','4D0HWEQX119ZK2I326YVEO0RN1Z34R5','1985-11-12 10:03:57','1980-06-12 08:36:29','B4771YUY95P','V2774VD79G','6A1V7ZF','','','8RC','System.Byte[]','System.Byte[]','System.Byte[]','System.Byte[]',NULL,'System.Byte[]','System.Byte[]',-7797,-17653,-11369,-388275829,-2616,-26360,-1600963829,-1509862505),(3262760218652191514,'X3LQ8','DHM8F5W',5391287595491224337,'1970-01-01 01:40:22','9U13UB4R87REZG5KTV954C35ZGS853DL','1970-01-01 00:00:51','2013-01-15 06:32:49','8206','4E','E','JYU0HQ0M2WL0L7X2V86P','4R6E7','XO',NULL,'System.Byte[]','System.Byte[]','System.Byte[]','System.Byte[]','System.Byte[]','System.Byte[]',-6021,506,-14294,-6021,3367,-15321,506,-62896086),(3262760218652191515,'H49','9O',1958024592585964331,'2012-11-28 15:02:10','T24XF5OUQ','1970-01-01 02:07:32','2017-01-03 20:30:40','4','UO526P','','JO01V','B',NULL,NULL,'System.Byte[]','System.Byte[]','System.Byte[]','System.Byte[]','System.Byte[]','System.Byte[]',15258,-765,-28344,-431965286,3128,-18541,-765,-637923000),(3262760218652191516,'474','O91623V433W7T6Z8',NULL,'1970-01-01 01:17:09','MRII61HI1593W3617T49OBD6FD4FII4R944WLX87549JAA9','1990-07-18 12:21:15','2001-01-07 07:22:15','3','QN9OLMB8','AAW','ZI0C','6','FNQBY9RMGWI1FZ5UI38UXYIN3S29088V5P82B016XYM5F6M8HU21L17Q0JRT2M00E9V5G49JTQ82839CRNK6',NULL,NULL,'System.Byte[]','System.Byte[]','System.Byte[]','System.Byte[]','System.Byte[]',-4628,28077,-14301,-4628,3261,105,-1483018835,-2076358621),(4015138419005064979,'V1N3','J',5588738452287082882,'1970-01-01 00:00:07','86C3','1970-01-01 00:16:30','2020-01-02 01:52:38',NULL,'5JO05K907P6B9Y3C0','TG1O','08R8','09C','','System.Byte[]',NULL,'System.Byte[]','System.Byte[]','System.Byte[]','System.Byte[]',NULL,65,-98,-22813,65,19752,1465,-98,-1870518557),(4015138419005064980,'07C026274Y7E8W7R','1',5588738452287082879,'1994-04-02 09:43:08','S67I910812WAN0DA19567RCPMV','2000-11-16 15:20:27','1970-01-01 00:21:16','34V5A53','M3R6460O7Z','428AGIXM5','8TR91EO011Z5B5D35','XW5','98W06Z1S88','System.Byte[]',NULL,'System.Byte[]','System.Byte[]','System.Byte[]','System.Byte[]','System.Byte[]',-9341,24723,-127,-1214555261,-4267,777,-822091629,-127),(4015138419005064981,'G4M0','Y307',8023,'2006-08-05 23:44:50','V39D696OVN866EU5X1KLWY09428OV806GYU0K6W','1980-05-20 22:41:57','1989-06-18 18:31:18','12','NH','2IEKK4','SG8XLC0UVIDO4N94E81461945BQ7H3C8778MG5X8WH0T0882OB8JB80XF403373','','2R8TB6M6XZ976G80P1394N8372872PZJ3G02PZ6F2688TG125VY07IF3180JG3O9966ADT8UYF1C2','System.Byte[]','System.Byte[]','System.Byte[]','System.Byte[]','System.Byte[]',NULL,'System.Byte[]',-6111,25094,11292,-1684051935,14058,-28881,-1283399162,-1397773284),(4015138419005064982,'URM6','8S',2880361796271441914,'2014-10-22 12:52:32','','1971-01-31 18:10:22','2017-01-18 11:57:01','5W32BH93RBC','86V9U125W85QL96','CN1D31F88','20M636BV1NZXZC5NR2K6NC756OWFP6T7AA06622YI7391ZU422D41Z7D1JDE748KQ','Q2','Q6B924J55I24ME32Q2B1164V','System.Byte[]','System.Byte[]','System.Byte[]','System.Byte[]','System.Byte[]','System.Byte[]','System.Byte[]',6360,-22474,16790,-1762879272,11330,-6035,-1678694346,-859913834),(4937475622690542560,'JE','R76H7C3Q345N24U2CK0',6511075655972560465,'1970-01-01 00:00:33','X482O','2018-10-05 09:05:54','2003-02-05 18:06:23',NULL,'W','','O176U829X1O387VQTJ2285X8467B02','6','ZSSI23I2VJI84769HW2PC8CZ3323XIB6T',NULL,'System.Byte[]','System.Byte[]','System.Byte[]','System.Byte[]','System.Byte[]',NULL,324,-1804,-13339,324,16232,-1843,-70354700,-1026143259),(4937475622690542561,'4G','2COO3461WQSF',7416452804672570839,'2000-01-14 17:12:58','71SVSD66F3V7UA46391M65HSBZG3CF7BB6M590E','1970-01-01 00:00:01','1976-09-20 08:17:04','821MW9H389E7V5FD1HPHTP95KJW1OX','PG8ZVYQX056P4T62VTCAE8O60M','L5OB1','3I7','1','168V4B348RIV655NF30Y9RM5','System.Byte[]','System.Byte[]',NULL,'System.Byte[]',NULL,'System.Byte[]','System.Byte[]',20904,9,-28116,-288304728,849,-2386,9,-641789396),(4937475622690542562,'9XW','3J46P',5588738452287082881,'1978-05-17 18:00:24','72','1970-01-01 00:01:30','2015-03-25 12:57:04','','0FLR7K6','IO8J7FA','IZJ59I4IN872CK2EF38H2EDWU69EM9FZ',NULL,'8T0QIR5IQNWML77JL8M6URKJ1892K9991B261Q0B8GPF5',NULL,'System.Byte[]',NULL,'System.Byte[]',NULL,NULL,NULL,-18540,896,21146,-23054444,31881,7176,896,-1212034406),(4937475622690542563,'00A848KWUQ74','3J46P',7416452804672570839,'2000-02-14 09:00:09','','1970-01-01 02:04:07','1971-01-30 04:58:17','','UC4GR662312XE4H5MBDU9','AF','3TIA78C5L32A273VLDE','',NULL,'System.Byte[]','System.Byte[]',NULL,'System.Byte[]','System.Byte[]',NULL,'System.Byte[]',26543,-7446,-25564,-18421841,-28997,3,-7446,-1643504604),(4937475622690542564,'99367KD9216','782',5588738452287082881,'2018-09-03 09:22:37','45JANO0U48P','1995-07-25 00:26:52','1970-01-01 02:45:44','06H','K1OXX52B11BH2','WEA1PL5','L4Q4T5S8AROKKK4ZJ6B91X2U533OX40V41FWB74',NULL,'ZHYM1H1SI02B6CJ8JVN4HX95176AGH9K58M0MI47','System.Byte[]','System.Byte[]','System.Byte[]','System.Byte[]','System.Byte[]','System.Byte[]','System.Byte[]',16115,2622,-9943,-1083785485,-13,22520,-1463645634,-9943),(6072877814749666522,'5W4CL4223','QZ',2880361796271441911,'1970-01-01 00:33:14','09NN42940YLRW8Q44729T9UUUT4VKJ958DV6Q23BCFM6IB5KCH088','1984-08-18 20:43:13','2008-09-12 14:48:54','456K20LC6M31Z','D54T','0DKV50TJ0B98Z89B6EF06D','0N292361O374BF1BZMD3PF7',NULL,NULL,'System.Byte[]',NULL,'System.Byte[]','System.Byte[]',NULL,'System.Byte[]','System.Byte[]',-199,-29051,26236,-199,-3821,1955,-906490235,-587995524),(6072877814749666523,'8','J',5391287595491224336,'2011-01-09 08:25:29','26M','1973-07-25 20:35:59','2004-02-27 12:00:36',NULL,'1F060','','06F0H','P','30OYE7757OWUTQEAPSOOQEO8AMU0XRS7576M1S3H6EAAJ4K93K2N8W2J6U8W24','System.Byte[]','System.Byte[]','System.Byte[]','System.Byte[]','System.Byte[]','System.Byte[]','System.Byte[]',-20001,-15236,-10472,-704040481,-47,-30620,-2100673412,-1349822696),(6072877814749666524,'VU80I5','V45N',5391287595491224336,'1995-07-15 13:42:02','','2016-04-15 08:00:52','1994-12-05 03:39:53','9IS132A83Z','XG','3W58U5E51','88E73TP612V510NM409JSZWUBIV8X7UAR23J104O3C4N4EAL4D3','L','Q0816BYEZ7T12W9AOI767Z9074R3ZA','System.Byte[]','System.Byte[]','System.Byte[]','System.Byte[]','System.Byte[]','System.Byte[]',NULL,-13625,22443,-31042,-2105849145,-8269,-1478,-838936661,-546437442),(6072877814749666525,'U1','49766W021140R4EDQ0EGS9',6511075655972560465,'1982-06-20 06:43:19','67I0YH','2010-08-23 03:49:45','1989-11-24 17:15:57',NULL,'1A1RR898U1O6B6X1P5JIXTG9X7','L','15K2IX1SOOGO7166','L91','14','System.Byte[]','System.Byte[]','System.Byte[]','System.Byte[]','System.Byte[]','System.Byte[]','System.Byte[]',19207,-8417,-7341,-1777349881,-13479,10074,-1086169313,-758946989),(6072877814749666526,'UIXN059MTLU','QP',5588738452287082883,'1970-06-04 02:53:41','EG53OEU293P5L7X702IIO02H9V83C8SQLJ37Y525739L17CY','1985-06-21 05:42:40','1984-10-03 08:12:37','V','E2','C','MH87','','70QDHQWEN20XBJ1ZW9U6YJ7G7UM4ER2QF0GR21J7Y98N69O9X972ET67B4','System.Byte[]','System.Byte[]','System.Byte[]','System.Byte[]',NULL,'System.Byte[]','System.Byte[]',-22249,-1497,23824,-320001769,-895,3400,-2090108377,-257499888),(6072877814749666527,'O40','52Q7R6TAO3P4MW4',NULL,'1975-07-19 17:29:13','59CEV5954W','2014-02-02 08:28:34','2010-02-16 00:37:39','K78AG1B6WUGO8GU','1E56WYBJB584BC5','Y','1Q','12',NULL,NULL,NULL,NULL,'System.Byte[]','System.Byte[]',NULL,'System.Byte[]',-9758,-29318,-5575,-453355038,5794,7002,-1873015430,-1469552071),(6995215018435144103,'D80X','V9J89Y19RU92EF39HN9S',8338790008358048416,'1983-01-28 19:49:49','','1987-11-20 09:26:04','2011-09-01 13:32:44','','0AF1HDD0ZL','9X','2DL805O76',NULL,'','System.Byte[]','System.Byte[]','System.Byte[]','System.Byte[]','System.Byte[]','System.Byte[]','System.Byte[]',10018,-25965,-4143,-1387813086,-13,-2843,-1858725229,-2095091759),(6995215018435144104,'161240M','5V02HSSD4',5588738452287082879,'1983-12-19 11:34:23','9','1970-01-01 00:00:27','1985-11-21 09:31:44','8M42B30P47L1E115VS','H0Y9K7','EM7IVNNOBRQ','T2KM','',NULL,NULL,'System.Byte[]',NULL,'System.Byte[]','System.Byte[]','System.Byte[]','System.Byte[]',-12890,265,-28989,-1158525530,-203,-28466,265,-1139667261),(6995215018435144105,'S','O91623V433W7T6Z8',922337203685485604,'1970-01-01 00:15:48','UJHFQ6J96','1977-04-28 03:58:13','1970-01-01 00:00:04','','PFPMS','7I4T','Y5H43A','X',NULL,'System.Byte[]','System.Byte[]','System.Byte[]','System.Byte[]','System.Byte[]','System.Byte[]','System.Byte[]',-9,1572,38,-9,3233,0,-342718940,38),(6995215018435144106,'1A26','JB4AK',8024,'1970-01-01 00:16:21','8Y6L4L32HU5AT725OJLDA61','1970-01-01 00:01:19','1975-02-21 09:39:13','','XV6WFVQ7','J','4D9','6Y710','DL55W41JXNQ89SW070OZ5F457','System.Byte[]','System.Byte[]','System.Byte[]','System.Byte[]','System.Byte[]','System.Byte[]','System.Byte[]',-98,782,-3428,-98,19849,26514,782,-890342756),(6995215018435144107,'J34','2GJK3Q70O4564',1958024592585964337,'1980-11-05 02:02:16','','2019-07-06 02:53:14','1970-01-01 00:11:12','6V','Q6B57CS89D7M60NS539W','2IKN370R5','4138723FD9','N','57S0H50K5','System.Byte[]','System.Byte[]',NULL,'System.Byte[]','System.Byte[]',NULL,'System.Byte[]',-29234,10630,-6,-1186263602,27743,-719,-1030641274,-6),(6995215018435144108,'R7','7',NULL,'1980-03-13 05:54:09','AK81','1970-01-01 00:01:40','1978-06-22 19:39:22','H0','0K0A94X','1','03D0R7632906','431',NULL,'System.Byte[]',NULL,'System.Byte[]','System.Byte[]','System.Byte[]',NULL,'System.Byte[]',-28274,993,13392,-1391455858,1604,8809,993,-550914992),(8111170049128086087,'41PATXT0321IH0F9QA81CX1WA6G','1',1958024592585964333,'1993-02-20 01:44:03','WI47','1970-01-01 00:11:18','1970-01-01 00:00:02','','O2','','3214L63L5285PRAL35SZJ13S9','2H960','40IZ3DS','System.Byte[]','System.Byte[]',NULL,'System.Byte[]','System.Byte[]','System.Byte[]',NULL,27038,-6,1,-688658018,25319,29925,-6,1),(8111170049128086088,'I7','V9J89Y19RU92EF39HN9S',5588738452287082884,'1970-01-01 00:13:49','FQ23914TN307FK','1991-08-19 13:55:48','1970-01-01 01:43:00',NULL,'ZC2RKQ3206W4PGJ','49517','PD7190RD67J8EP48','VV1','2570N36J','System.Byte[]','System.Byte[]','System.Byte[]','System.Byte[]',NULL,'System.Byte[]','System.Byte[]',-82,26104,-617,-82,23181,52,-1609177608,-617),(8111170049128086089,'3','782',5391287595491224334,'1993-10-25 14:55:05','W129THC071KOI1E4Q3X96X52HIO','1983-05-13 03:58:44','1995-11-04 10:22:20','D5Q24V9576NS8V369','3A6','EV5RR583XR2','A68HWDO82U957S95QX478Z8AZW71N1289XJ424F9S4058YK7V06NK83NDPJ9F',NULL,NULL,'System.Byte[]','System.Byte[]','System.Byte[]','System.Byte[]',NULL,'System.Byte[]','System.Byte[]',-6376,2973,21843,-494442728,30428,-13571,-1208448099,-1915103917),(8111170049128086090,'DX','JB4AK',2880361796271441911,'1989-11-20 21:46:50','6190W3U62N606','2012-02-18 08:10:10','1984-03-06 10:09:08','','L6V05FET','M19T','W',NULL,'','System.Byte[]','System.Byte[]','System.Byte[]','System.Byte[]','System.Byte[]','System.Byte[]','System.Byte[]',7325,8271,-3122,-609117027,2128,28976,-1542348721,-1069190194),(8111170049128086091,'W4575I527T','7',5391287595491224337,'1996-04-24 09:04:08','Y1704516IB61GZ98AZ7','1978-01-06 01:01:28','2008-11-15 23:57:51','','6','3WQ3F62','49401DXDUJ0IIYUCXX8K6E7B8Z8BPA3J0604CV','X4S','6',NULL,'System.Byte[]','System.Byte[]','System.Byte[]','System.Byte[]','System.Byte[]','System.Byte[]',10764,32553,-14082,-1187993076,55,16914,-316276951,-124827394),(9033507252813563665,'I0WHIO7S','Q3543L7Z55YU6',1958024592585964336,'2019-05-05 19:41:43','HJ8A1W9N03Q7O4Y4D13G1P95E7XQ44HQUS110W5XA94D2X6M39BCT53BT360A33FJ94HV1L0CL8B309P6XWE5002SPC','1970-01-01 01:01:46','1970-01-01 00:04:50','4PG0','3656YB438L','1986TP0WNT8W9','D30YL71T5AE0B55EZG','N7','17','System.Byte[]','System.Byte[]',NULL,'System.Byte[]',NULL,NULL,'System.Byte[]',10495,-370,-2,-1780897537,24041,27034,-370,-2),(9033507252813563666,'E9DL2Q5','Q3543L7Z55YU6',1958024592585964330,'1976-12-09 06:38:40','','1970-01-01 01:48:42','2003-06-13 19:28:53','','02NF','79N2','3','4WJR','Z3ZS347P47S843AK7BV6U1D313294LUKR9G44W57BSJD6Y9H2671I752R4V32A271MI2E0QZE1X0Y17784V9O3ZRVG67UEE7','System.Byte[]',NULL,'System.Byte[]','System.Byte[]',NULL,'System.Byte[]','System.Byte[]',-28592,-652,21748,-205582256,4080,-23858,-652,-1535650572),(9033507252813563667,'SI15','J',4468950391805746754,'1971-08-19 00:47:38','M2','2009-03-10 08:47:31','1996-11-30 06:46:52','55','ZSKS8','6','0XS9709','9S',NULL,'System.Byte[]','System.Byte[]','System.Byte[]','System.Byte[]','System.Byte[]','System.Byte[]','System.Byte[]',-10085,-12936,-11638,-791390053,-83,20844,-1736618632,-861842806),(9033507252813563668,'M4','QP',2880361796271441914,'1970-01-01 02:33:16','XGL87EY1','1970-01-27 16:17:38','1976-05-04 23:36:15','A9T','9CNC5TKNV0N','WM937O3LF39H5','377BZ3ISZ54E0N07372GBM7BJUR8QI812NW054890YR349604XD3352L1','','W13AR86J58KHS089U2I8IK90J2HE93C63','System.Byte[]','System.Byte[]','System.Byte[]','System.Byte[]','System.Byte[]','System.Byte[]',NULL,-919,26756,-32072,-919,30924,-399,-1578506108,-703069512),(9033507252813563669,'T3N','5V02HSSD4',NULL,'2011-09-10 15:00:24','A0P5SUS460FY19OZ604M2UJP4G5J60F79Q3S2431JNW8MFN4ZAYW8B177I8M8D1D20N89','2016-03-02 14:19:50','1970-01-01 00:04:41','C9N','P0M1S221S','6D470KG415M1F43U3141','R5D8S30LBFSWCLBUB','','K72157M94G6T3',NULL,NULL,'System.Byte[]','System.Byte[]','System.Byte[]',NULL,'System.Byte[]',4159,-32227,-28,-704606145,7,20947,-1998781923,-28),(9223372036854775807,'S34I017R290M4UY','G6C',2880361796271441916,'1988-01-18 13:45:15','6U5','2007-07-20 00:02:45','1970-01-01 01:46:49',NULL,'CJV','WB','80W1OHDS69768U7','62X7T',NULL,NULL,'System.Byte[]',NULL,'System.Byte[]','System.Byte[]','System.Byte[]',NULL,21564,-25312,-640,-191114180,12007,30666,-1369039584,-640);
/*!40000 ALTER TABLE `dotc_post` ENABLE KEYS */;
UNLOCK TABLES;

--
-- Dumping data for table `dotc_post_media`
--

LOCK TABLES `dotc_post_media` WRITE;
/*!40000 ALTER TABLE `dotc_post_media` DISABLE KEYS */;
INSERT INTO `dotc_post_media` VALUES (7616834959023606123,858729510553005168,'3R28'),(7616834959023606124,858729510553005169,'ORK03'),(8539172162709083703,858729510553005170,'37E'),(6133209800243198142,858729510553005171,'H30G998Y0'),(1421557519143455146,858729510553005172,'1A'),(1421557519143455142,1781066714238482750,'95J1XSC5'),(7616834959023606125,1781066714238482751,'1M4D'),(1421557519143455145,1781066714238482752,'N93JF56Q'),(4937537699541359414,1781066714238482753,'0'),(4937537699541359415,1781066714238482754,'6PD6M9W115AA4'),(1421557519143455143,2340423014966713932,'0E'),(2274527072657302522,2340423014966713933,'3U6B07'),(7616834959023606126,2340423014966713934,'221'),(8539172162709083705,2340423014966713935,'8Q2'),(2274527072657302519,3262760218652191513,'8NKIVY9B7A50'),(4015200495855881832,3262760218652191514,'1H'),(6133209800243198144,3262760218652191515,'58'),(7616834959023606127,3262760218652191516,'JQMMO'),(3196864276342780101,4015138419005064979,'OO1X4I3O4I8DD982686994CMO63Z'),(2274527072657302521,4015138419005064980,'3NYFCW1T44'),(499220315457977565,4015138419005064981,'RCHS4BYG5C'),(8539172162709083704,4015138419005064982,'P64L20MSUB'),(2274527072657302518,4937475622690542560,'ZB6N6GBOC'),(499220315457977562,4937475622690542561,'S'),(7055547003928675724,4937475622690542562,'Y'),(3196864276342780104,4937475622690542563,'AV339S0THE'),(4015200495855881834,4937475622690542564,'1V4'),(3196864276342780100,6072877814749666522,'V2'),(499220315457977561,6072877814749666523,'2'),(1421557519143455144,6072877814749666524,'HJF91520W'),(7055547003928675723,6072877814749666525,'6'),(7055547003928675725,6072877814749666526,'52T5OP'),(1421557519143455148,6072877814749666527,'B32HV'),(9223372036854775807,6995215018435144103,'5E'),(4937537699541359413,6995215018435144104,'4G562X043BB3361B902'),(8539172162709083702,6995215018435144105,'59O12D0SIGE'),(2274527072657302520,6995215018435144106,'9A'),(1421557519143455147,6995215018435144107,'KB98C3Y24TG4'),(7616834959023606128,6995215018435144108,'37D6VP652NY1A2C85SU5JKY3'),(8539172162709083701,8111170049128086087,'Z3MX13'),(499220315457977563,8111170049128086088,'41P'),(3196864276342780103,8111170049128086089,'I21'),(4015200495855881833,8111170049128086090,'URKZE4W0JVG3I3OU4MO44857EH5Q5K8L'),(499220315457977566,8111170049128086091,''),(6133209800243198141,9033507252813563665,'5MBR2Z'),(3196864276342780102,9033507252813563666,'O2W'),(499220315457977564,9033507252813563667,'K2J109'),(6133209800243198143,9033507252813563668,'6M6'),(7055547003928675726,9033507252813563669,'U46'),(3196864276342780099,9223372036854775807,'E9F93PEK7IT06');
/*!40000 ALTER TABLE `dotc_post_media` ENABLE KEYS */;
UNLOCK TABLES;

--
-- Dumping data for table `dotc_pref`
--

LOCK TABLES `dotc_pref` WRITE;
/*!40000 ALTER TABLE `dotc_pref` DISABLE KEYS */;
INSERT INTO `dotc_pref` VALUES ('H805D1202U09QNC9D4','17ODR7ZQ','KSS4SF14OT',NULL,'1X3',NULL),('W244558WVU2BRA93T55BIK3M70XO7205B3WZ','37S5Q10V0N01265SF63V43X','8','System.Byte[]','3QR6','System.Byte[]'),('VQYY4YQC394U7PY4I1KWF793','00','FK75',NULL,'K',NULL),('380971646TO5AR86XP6MS8UW26M9743RGOV2X28K91OI7N0W82H8QF3BZ01QJA0DI965W2EGR','1R4','088','System.Byte[]','V','System.Byte[]'),('0G68987YDN28GDX6BRU22UF','60N','KH28OP6T4KU8','System.Byte[]','I4P56EDX',NULL),('9B7L8IDDCRZ2UM2F186K08LCTNB01JJI43534Z55W31S3C445MI4XC088VD441D7PI0T82F048','Q3543L7Z55YU6','1F7DKSN6PPG5A81S','System.Byte[]','D81G7','System.Byte[]'),('5F0086DN3886ECY28X2IJ1D1I7TCG','3J46P','ROU2OU10V','System.Byte[]','','System.Byte[]'),('1UH30K8092B40K18B8CRKM4Q32277Z8QA82C2IYXL0567377FLG0ER0RSV437214KD','KEB6','PZ5J9HP842EFGQ4R606LG8U3QF','System.Byte[]','E5U','System.Byte[]'),('6Q','Q3','9214PI','System.Byte[]','','System.Byte[]'),('E12870J56102HTF27243','SJ68T4TC','O7ONW','System.Byte[]','X7P51KB','System.Byte[]'),('6VW3WGUV6GLB06','3','24KU0','System.Byte[]','','System.Byte[]'),('4VVURD4E5','O91623V433W7T6Z8','X6','System.Byte[]','STA5W5I','System.Byte[]'),('1FOF95XU5','Z3C0B3ZX12E9ZY2','03FE287V1PDFEDYM2','System.Byte[]','XFM07583',NULL),('6','7IK7T5','755XOX76','System.Byte[]','J','System.Byte[]'),('J5F16PQ3W4L5GH2793S10SGHUC880V','0F','94','System.Byte[]','A4',NULL),('B74','MY','PDP45',NULL,'6','System.Byte[]'),('95WZ','R76H7C3Q345N24U2CK0','20OM5292J41AN7','System.Byte[]','9P','System.Byte[]'),('EOF60N00L','J','IECES2','System.Byte[]','2E4',NULL),('2L8','V9J89Y19RU92EF39HN9S','HH453X6','System.Byte[]','UI8OO9','System.Byte[]'),('R8W71','7B','24F5U0PG','System.Byte[]','I','System.Byte[]'),('J8012836CP4916112WONNNGC35407H8S7N780E1OV6Q6N','A','L4Q','System.Byte[]','2','System.Byte[]'),('Z7N71310A62WO3F9W','DHM8F5W','955AX','System.Byte[]','Z','System.Byte[]'),('60FKA69301K777PFP03','GG','23Q26E','System.Byte[]','6U','System.Byte[]'),('VEN9AT8EU19GSHFH0CYRI4LN7','QP','02I5','System.Byte[]','EI6N36','System.Byte[]'),('F3FDB8HFQ4C6K1P2','G6C','9F9',NULL,'9','System.Byte[]'),('PDY0Y408D7U0T','49766W021140R4EDQ0EGS9','P2OE747O','System.Byte[]','88BB','System.Byte[]'),('XVPDQIC6STM36N245E63NO5VA72BS2EX785UF3W1ZV','XA','ZSA8','System.Byte[]','N3','System.Byte[]'),('1418T54781F47WBF','1','79LVDSHF6',NULL,'7N',NULL),('G95X311PM4QRPP0N24I9K57HZQ9TFM14W8870DCCAU3E7033E','4J','G737XK','System.Byte[]','AAN15V7','System.Byte[]'),('9CW','782','6KC7CVHO0O',NULL,'2V','System.Byte[]'),('D2GWZF711GY515RXS87HZ0G30Z4D9S02W540MY9B4N1T3DM19253D84E94L5L','2GJK3Q70O4564','7E93','System.Byte[]','V26Q12L1','System.Byte[]'),('57A8683NF8R4Q69JMW3RXF247525SJXVCV1XSDO8XG3YT07TFYZ91ZP677P5WE6VS3GMG210039RFO80BLEB9O017946MW9ARK2D171Z044497RAR0WCQFH6W5M97','QZ','8LN54WX','System.Byte[]','',NULL),('V76QZBM23H84Q8DGC80IBFWPNLU42JOW5JX86RNH51R','5932','5XYEF1F10C6Q3FH','System.Byte[]','LC6WDR',NULL),('737W19N5UED412CN8HVXC3LA7FKJ2','L6V9','888I','System.Byte[]','5L',NULL),('1YTG6HW1O4N34UD3G8L6XEHSIF77WY5IE3','H','HD','System.Byte[]','ANN','System.Byte[]'),('5R8','2COO3461WQSF','43K',NULL,'1','System.Byte[]'),('YK52NW08791O6YK3YS51AMUTD5','5V02HSSD4','LK7844S3','System.Byte[]','N','System.Byte[]'),('8P7EA7','52Q7R6TAO3P4MW4','97M7','System.Byte[]','A4K8EQ','System.Byte[]'),('Z2D9LZ20E12K0VOYM95I5UWF4V9A','JB4AK','I95Y',NULL,'10X','System.Byte[]'),('758E9628E35N','QVMN1M','','System.Byte[]','4R','System.Byte[]'),('NLA0NXA3DY83XARS','36Z8D33UMV6','G','System.Byte[]','M','System.Byte[]'),('4WG666Q','FVN','LI','System.Byte[]','O','System.Byte[]'),('A39441EAH3G1I20GH933G4K0B748I5C99UR1467O4V','JU','166OT417DFVP','System.Byte[]','Z5','System.Byte[]'),('N8DB1E38YT54SHG5T027E14739JSCR907KMF','Y307','4KO5M8GBF58Z021QE','System.Byte[]','I','System.Byte[]'),('47505678AIPRH703M870','1Y0L1Z','N7E3AB04567','System.Byte[]','2','System.Byte[]'),('1LN47164LX2OL','7','3',NULL,'0US','System.Byte[]'),('P10B8V272111ZXSF3WJ','X4','I',NULL,'UTS3014','System.Byte[]'),('07I95DS03A09YXYW43FYLD33DST07H51SKEBO7V567X828BP5Z0T1SHUKW39LN2XDN10VS408P5BDBJ','9O','IPI8A0H2G102FZK3Z3R','System.Byte[]','YY','System.Byte[]'),('PM0Q1363','V45N','82','System.Byte[]','GWJT','System.Byte[]'),('3HN401R3KRD66H8CI15H7A53AT7','8S','VZ90IIS43SPZ9Q93','System.Byte[]','','System.Byte[]');
/*!40000 ALTER TABLE `dotc_pref` ENABLE KEYS */;
UNLOCK TABLES;

--
-- Dumping data for table `dotc_session`
--

LOCK TABLES `dotc_session` WRITE;
/*!40000 ALTER TABLE `dotc_session` DISABLE KEYS */;
INSERT INTO `dotc_session` VALUES ('',-428624216,-508639449,'System.Byte[]'),('00Q73E7XNJV8Q0P412WQ6J2Z2CY',-817953920,-227519128,'System.Byte[]'),('1',-579107606,-681544793,'System.Byte[]'),('1625TFA8Q',-1626670595,-798643462,'System.Byte[]'),('16MC40570',-613224150,-1961,'System.Byte[]'),('217HU4',-843642550,-90493933,'System.Byte[]'),('26EGN61',-1671063941,-1247981136,'System.Byte[]'),('381E27',-5800,-1244801521,'System.Byte[]'),('3B5Y',2449,-335669304,'System.Byte[]'),('400M289',-1408895729,-271515321,'System.Byte[]'),('4JLH133',29,-901774599,'System.Byte[]'),('4L7CQFF7QKC7JYR7',-40704222,41,'System.Byte[]'),('6L11',-1322262880,-1111797213,'System.Byte[]'),('6Z3F61312',-1230311047,-334783393,'System.Byte[]'),('7',634,-2109223231,'System.Byte[]'),('7085VN',50,8204,'System.Byte[]'),('7851G543Y5218ODQ4',-33801565,-2097820128,'System.Byte[]'),('789',-9779,-774624748,'System.Byte[]'),('7BV8',-3,-770,'System.Byte[]'),('89Y78',-403388416,-209336479,'System.Byte[]'),('8DZ33B7K63QQ90O5X',-241830054,-805119453,'System.Byte[]'),('9THI367TKD0AS',9979,-1789,'System.Byte[]'),('9Y85T0U8',-394,-1479038469,'System.Byte[]'),('AQD1',-1139424528,-304081754,'System.Byte[]'),('B5T4958',-2099644358,-1,'System.Byte[]'),('BKQ',-2114415731,-1498715485,'System.Byte[]'),('C',667,-3693252,'System.Byte[]'),('C3ZXU8442',-977923646,-1129174,'System.Byte[]'),('D',-1751584748,-268816680,'System.Byte[]'),('E',-550848250,-1157149912,'System.Byte[]'),('EDR5829',-74505786,-1085802388,'System.Byte[]'),('FQJUT2Q4BM05E835Y4',-184599935,-5353,'System.Byte[]'),('G1S6',-1257271985,-1160129030,'System.Byte[]'),('IK84V8J2T9DTP4P39A79075899466A62NPXG',-2,-155600763,'System.Byte[]'),('K',0,-1661250683,'System.Byte[]'),('K3',-16245418,8,'System.Byte[]'),('KAT6',-58617641,-1721905129,'System.Byte[]'),('L5TJOUV3',-1735339331,-1935082155,'System.Byte[]'),('LE',890,-4,'System.Byte[]'),('M6AG76C9',8718,-140,'System.Byte[]'),('P',-95975232,-912020463,'System.Byte[]'),('P98I4',-77,-969179272,'System.Byte[]'),('RN95',177,-9740,'System.Byte[]'),('RW',85,2,'System.Byte[]'),('TH1',-6661,-759311349,'System.Byte[]'),('UVQDH',-496283099,7788,'System.Byte[]'),('V92',8118,-1430791004,'System.Byte[]'),('WC5D0E4D',-577838742,-224,'System.Byte[]'),('XC',-7,-1668262527,'System.Byte[]'),('YL4ED',7,96,'System.Byte[]');
/*!40000 ALTER TABLE `dotc_session` ENABLE KEYS */;
UNLOCK TABLES;

--
-- Dumping data for table `dotc_setting`
--

LOCK TABLES `dotc_setting` WRITE;
/*!40000 ALTER TABLE `dotc_setting` DISABLE KEYS */;
INSERT INTO `dotc_setting` VALUES ('057V88P9D5359GG990V0Q5N3FB3Y2ER80','S34I017R290M4UY','08','System.Byte[]','3QVB',NULL),('2OF25A283Y8C0PBA71JQ7K29HF6Q9FC6545QANDO9UE85SW4S45C','D80X','6W','System.Byte[]','5XG','System.Byte[]'),('WC9CKCGGO446KH4S83','HN4N3U','E','System.Byte[]','HVPZ','System.Byte[]'),('W0ZH33RA91T0YUO0PU22S07AM72U4586GV6G40TZF8A18989CQN349UBQ65UD6A77T5M124S2149QF93KRCJ3E50Y9591','JE','2W2',NULL,'','System.Byte[]'),('93369M119GE7M14F','5W4CL4223','70X6','System.Byte[]','1','System.Byte[]'),('GN9YLF5CN68FG','41PATXT0321IH0F9QA81CX1WA6G','Q6WF97','System.Byte[]','8',NULL),('D64T63DTL55C861SJ7WB007829','161240M','30RFG','System.Byte[]','04','System.Byte[]'),('30J6D7JCCG60213265N3UED','85D','OL0',NULL,'KK','System.Byte[]'),('L65SFM96D231','8','IL097','System.Byte[]','',NULL),('5FWF1683M','Q','T8694MG0CSNW','System.Byte[]','K3','System.Byte[]'),('MU47Y7Y140','4X3','K3N0F0V',NULL,'2Z7','System.Byte[]'),('20H4462N','S','T2',NULL,'5K','System.Byte[]'),('2L12A4G85C28','I0WHIO7S','1190','System.Byte[]','LLU17','System.Byte[]'),('C1PGNJ0DWFI9I49F3N032A878602338QD766B1H9Z3R5KZ5MEW0L2137IW30O','06P4','477K2N11N5AK0E628RZ',NULL,'I4C0PNXI','System.Byte[]'),('ZJ56H88OA714','VDCUE7230QKCZD65Y4N545KJ2I','0P','System.Byte[]','246B','System.Byte[]'),('Z496JBHTH10QU3P017H63M40S513I34H2','V1N3','7AP4IZA87BND',NULL,'O1','System.Byte[]'),('I27Q8W530','4G','49CII17JO',NULL,'','System.Byte[]'),('P','VU80I5','29','System.Byte[]','','System.Byte[]'),('22J49P5C','GD3428T1A','6OC2P54MM54GPO',NULL,'H7J05SAB','System.Byte[]'),('2G7YB17471ZF46H25Q30T5HK','1A26','P','System.Byte[]','5EY','System.Byte[]'),('3950L2278KZ5743W87M5S83NO0NZP82IS4BC0YE6XI293071K25FS007533ZP2','I7','I954NY','System.Byte[]','PMD900T4','System.Byte[]'),('2KFD4687DRS2YOXXF5XU4O53XPB15L7944E4762IY9U0T99611U165T','7Q','I9WA9',NULL,'4T8R',NULL),('15A422443OLHUW4Z988DGZ1XFT8964Z185W6FH7385D6DPR','E9DL2Q5','E0NP8VIK066Z8D98S6D84E9Q9Y','System.Byte[]','944JK','System.Byte[]'),('34CY8Q0','U1','AF23JW','System.Byte[]','02L','System.Byte[]'),('B6R6I50C2UH84GZ92TO2YJ09057OGU391I57','X3LQ8','47Z0N6U5U01WP45R13',NULL,'87','System.Byte[]'),('59X0340I88','07C026274Y7E8W7R','4X68T2','System.Byte[]','6',NULL),('Y4V72DE3VCC3YS636N8Y00Z2EXG08HK862265LP3L5302','3','','System.Byte[]','R05H',NULL),('K82U932MPV','H','A2H','System.Byte[]','O','System.Byte[]'),('YP5272LJ29BMXU23XO86VUPJXY32248OV72TRXXZP','75','0X6GS51S03684SOWS99A','System.Byte[]','YN','System.Byte[]'),('4776221','9XW','ST3','System.Byte[]','WHW','System.Byte[]'),('72V095V3C','FZ','083M2D7','System.Byte[]','P332',NULL),('4E13UMVR54F42M1','SI15','77','System.Byte[]','7','System.Byte[]'),('OFZ3736IG2Y995WV715V8B9AX876264BBDP1BC4','DX','2U4BA','System.Byte[]','5O',NULL),('45N7841IO','U41','W1','System.Byte[]','0','System.Byte[]'),('X955N926O6FMRP0VIU3BO4U1SFJK248C9239616D283WB5Z03D3QIPQ3279UX5Q21','M4','A','System.Byte[]','U',NULL),('665NIP3TEM8941JTPDR1785LH7Z166BH0','G4M0','2W','System.Byte[]','8',NULL),('G2OATN0D7628DA7062U58E457877HWE833DF8525S1PDL006Q0UJK50728I592NTKQ3KU4V69NEVHX7S13718Z7UI030JLVMVF99IA9QONSIHFUF1762S0V6KT10UT66JP2RYRF8H2','J34','180','System.Byte[]','3','System.Byte[]'),('TQ0ZII88N1861030J9Z9161E665I062RVS7AYUA9127009V01EW5P5N33696K79Q3','HCC5M970G3PJQO10XA','J64','System.Byte[]','G','System.Byte[]'),('RQNMEADMMOK1HTFTFLS08W','00A848KWUQ74','8WVPO7P08M91Q','System.Byte[]','ARRF065','System.Byte[]'),('26','UIXN059MTLU','36','System.Byte[]','G','System.Byte[]'),('S','H49','6MX1','System.Byte[]','','System.Byte[]'),('7T0TF1WWI22V','U0E85J6W','CO4B','System.Byte[]','0','System.Byte[]'),('4QS0','URM6','L4W','System.Byte[]','ER','System.Byte[]'),('551D9Z5Z7P53N3L4L11LMT4K24UP1X0K11ZUNNW910Q06O7B94TWN98KC3ILM116071M953TKZJTM4ST0K83P9WQ49A11D8TN0UFI0M','W4575I527T','T','System.Byte[]','8J991A5','System.Byte[]'),('41YH9N0N8OS091C23W1PJFYNTREWS84S59LRB7586X42095V1N2OC01894S85S5','99367KD9216','4','System.Byte[]','L','System.Byte[]'),('875LPN4','474','Y7296','System.Byte[]','6X','System.Byte[]'),('GJ5J09F3SM3VWZ1078T','JD8','9510H65','System.Byte[]','9GL','System.Byte[]'),('9ZW93PY6FLG1H7756OTA7VY5KI152DQ5RWV8O98I0WXZ4688J17DG0I4QWC46F9V8V4CU','T3N','82G02RL9','System.Byte[]','LR','System.Byte[]'),('216GO3J754EPP100K','R7','I7I','System.Byte[]','83','System.Byte[]'),('945IS','O40','XD8THE','System.Byte[]','T','System.Byte[]');
/*!40000 ALTER TABLE `dotc_setting` ENABLE KEYS */;
UNLOCK TABLES;

--
-- Dumping data for table `dotc_spamrule`
--

LOCK TABLES `dotc_spamrule` WRITE;
/*!40000 ALTER TABLE `dotc_spamrule` DISABLE KEYS */;
INSERT INTO `dotc_spamrule` VALUES (574083233077446183,'DX','2','MO50'),(574083233077446184,'GD3428T1A','7','SDH1J1QU505D5TKIOQ3F946QM9779B21C8UV988M5CF'),(574083233077446185,'VU80I5','7C','5HNIZ341B07KC07EA17D9RQU64WXX50J07330L0KP1VV2O8XJ9Y36'),(574083233077446186,'H','0D','T65JND0Q507W4QXJ45Y73B'),(1496420436762923764,'U1','SKW4C','DM9830676SSUZQ958R88J'),(1496420436762923765,'O40','Y','A9S1B69Z98X0TS796P0APJ5'),(1496420436762923766,NULL,'','6O92TD9AW7369X0VWQOEOG7759HW4RGLEC2E01Y0P5YT4L'),(1496420436762923767,'U0E85J6W','3F3U','8ZCBL04HS9SY97MUUSW25KA74M23'),(1971529308458452680,'HN4N3U','GH','6PF61NC068JDW8CS2WD8N44510LGGDG4W'),(1971529308458452681,NULL,'',''),(1971529308458452682,'7Q','0','044C5P24'),(1971529308458452683,'4X3','QH7B8Y7B7',''),(1971529308458452684,'D80X','ELR','JQMCJ669866BJ43LZIX92RYEQS853PN13B'),(2893866512143930262,'GD3428T1A','5','6UL9474212'),(2893866512143930263,'JE','0OKT','I2YE6O2S0JKH8'),(2893866512143930264,'75','B861LFW2N',''),(2893866512143930265,'UIXN059MTLU','6','7Q9YPQ79T76290M87U5E92TGPG8VZKJYZ'),(4568366959534809243,'URM6','Z6','P75G99HLLB8P2ND3'),(4568366959534809244,'SI15','D','ZMA3383VQ3OYF0YRB99FI57K1G2NOC6W37T160R7DLR5CSU4DL043O643JN70920U6T104S94YS2B79'),(4568366959534809245,'4X3','LAM','I2GR08R86S95XU26H20U0LKK64NO5G2IU4ZRW13ML6NF'),(4568366959534809246,'I7','YG366','P0P9A8TYC5498HQ48YJ6'),(4568366959534809247,'41PATXT0321IH0F9QA81CX1WA6G','X',''),(4568366959534809248,NULL,'UQP','706GW1WSRT894W2U4Y8S4GGSOLYJ741'),(5490704163220286825,'161240M','70YQPNX387','9Y3F88243BM5W09LM5'),(5490704163220286826,'41PATXT0321IH0F9QA81CX1WA6G','3GA','99TLFO3K'),(5490704163220286827,'00A848KWUQ74','8SU',''),(5490704163220286828,'I7','W7','QTZ33VN518PYPUOC8Q02K1OCMQ5DLTBBO2B50DC4M6671CZS24IRY6EAYR9UP454SF'),(5490704163220286829,'8','52FG3T','84C4U24641X6P8P9EXX50FA0Q7M3YM99IVKC41F6J53IA7TV715614H1A98P041Z1'),(5903948271688653719,'8','RY7','2ZWQF6214L341MTUF2R3Q19PYV061989Y8HR362SKV71B05104Z5193Q095'),(5903948271688653720,'W4575I527T','1ZRQWV0','54NHIGI5VQ5941244KELEQ9O690WFT835A1242HVD35CLGE97R943K1IAEAEY166W6381B5KEQ2LYH694YFE8IJSR4O7OPYH1QHG'),(5903948271688653721,'SI15','5',''),(6826285475374131300,'E9DL2Q5','3J6','09EU4K'),(6826285475374131301,'85D','1',''),(6826285475374131302,'07C026274Y7E8W7R','X','9J7'),(6826285475374131303,'00A848KWUQ74','R','131MWZK55GPT67OX08632G4NB67J8L'),(7650633522964500611,'FZ','95VJ1V42JB3L','Z649E54N'),(7650633522964500612,'JE','6F6','5O'),(7650633522964500613,'U1','WC3O9',''),(7650633522964500614,'06P4','Y654K0','7Q124E'),(7650633522964500615,'HCC5M970G3PJQO10XA','39GM','21XNPMYC7JPI97U'),(7650633522964500616,'I7','F','EN3V647QP7S351445W'),(7650633522964500617,'JD8','41AO6','1B8CT3RJA06165584PUO9RX4890G552E93A7Y74192RQ50W2813D33AJPHNZIZFP728428N10IL55MLXKNDFH0C5H28EOHA7431KMD2TN6908K8T89UEA98247BSL6VY'),(8572970726649978189,'HCC5M970G3PJQO10XA','EUOG','9Y0OTEFB13A82IN23HM01V'),(8572970726649978190,'00A848KWUQ74','ZO','19H'),(8572970726649978191,'7Q','2','D241KP3E64K0261F238SDUSOTDVXRODH44APO7F3ED3IAT7DN37HL'),(8572970726649978192,'URM6','Q4','9VM1FQY4W5RI40928HWHTJP'),(8572970726649978193,'4X3','L07DU09JSI5A','9XX7275Y318MPUX50BG2'),(8572970726649978194,NULL,'','2RT1PNBHX1B22Z0246GEQ'),(8572970726649978195,NULL,'','8TL30M6D46JL7ZAS9DFN1P20PF4EXT737V08SI3HRQOSLLAMZ8CJ2LXPKLM00H4925'),(9223372036854775807,'Q','JIR4295V84LW45UU','K9A63X72317TO244NL0BYOAPHX1H5I9FT79MW78KT17U95441DIX9013SDXO6D32Z73JF59WOT');
/*!40000 ALTER TABLE `dotc_spamrule` ENABLE KEYS */;
UNLOCK TABLES;

--
-- Dumping data for table `dotc_user`
--

LOCK TABLES `dotc_user` WRITE;
/*!40000 ALTER TABLE `dotc_user` DISABLE KEYS */;
INSERT INTO `dotc_user` VALUES ('00',11212,-29707,'V003H4UP4HX2Q931OZ1H88IJ7FCZ3GH5CJTN78Z50GW7FN48VA9DP22M56N8G5GD55',63,'','7L65P1T72PT1DW29M6110F','60RADA85DGGBW7N44RLE7ROT2D9NZ','6143O3JRDSLL58B0K3BH4FP435G75TO5I',NULL,'','System.Byte[]','HN4N3U','System.Byte[]',NULL,'28EWYQ24DNCP8VB68QC596K03704',-31549,'1994-10-27 22:14:41','1989-04-18 19:24:25'),('0F',-6850,10535,'L46B',-31280,'677K880',NULL,'4NVG4154S14YLE2Y1FA47Q23E05Y','','T335GZ5','1L2D31HU5PF47E69562RGC6225M836T68VLGF5','System.Byte[]','S','System.Byte[]','Y','J5W7620U9L2NJ',13667,'1998-03-24 07:50:42','2013-01-03 10:58:11'),('1',NULL,9383,'86NNBNRB737N08I5S3X4378HD0PDMWVUR177P036YFQYCW5D1NB17LFD8A619O91Q3H2HIE653MCF08V2V83PQ6W78490B64PT9O8JVHI17QH35146N',16334,'2IS366ZK8','HM4236LPQG1439ENZKL452E1R93839L66AZ435E1M5KY897G7D5KAK9I6ALD37S1','Z0867A8842MXER9JRJDP2GYRXE67U01X6M72UE509KVJREC1204A4A241X4SFF53X9Y5OS6K3EB1AJQIB59ARK1IQVWAG2','WSQ0N0S93QUGEK08E0ULHALYM3R37US953JGT098T67212IAGQU72I6ZHYBP52UJH2J1540O291MWJX5N6ZZ7908SZ6FZJZ623241LP1X0J41R4DK64K6619J2GY0ULIF','','W5KES4M6FRTDKW1X7D9','System.Byte[]',NULL,'System.Byte[]',NULL,'791QVB274WF18P1276B864Q128',9260,'1971-12-31 21:20:49','2017-03-25 16:06:21'),('17ODR7ZQ',29635,-11766,'85U176RF7B6PA8D295HH307QJF7C5BY81YEC6HP',29259,'4JK4E89EN8P','',NULL,'H0YSJFBENRV22R3V2','01PCW4O8464O','6MBC3S1QXQ1Q77X50',NULL,'URM6',NULL,'HP','I9T0J',-7322,'1970-01-01 00:00:22','1975-10-07 14:26:34'),('1R4',14057,-26274,'',21826,'27','55H6031586UABZ37202EHA03O0N6','0SHN8672VB7T45X78AM4B8LJQPQ3O','','3X30N3W17K2RH6E73UW08395ECP6552ZRL2H3X18XXEOB10P3BPZ0BOMJ4B1UH7DN923QF2B3WK9GTL7','','System.Byte[]','4G','System.Byte[]','','',-14139,'1986-01-16 08:11:11','2006-02-11 06:52:50'),('1Y0L1Z',-1,25431,'W',12022,'','J','Y6','36K463','6N574E3BVX9N7M2UQDQLD84JRO0HU4EH6F5I4X49V2HBC428LLQME36FM8FLEIR01ILHJ139497QMP92ST563KVH2NM0PVIEPV101V3A3P7393YE3Q','899A9544CJZ5D28EB1RY665O24WG0U58V1Q4249EE62R83GZ7KO36D','System.Byte[]','I0WHIO7S','System.Byte[]','YJ','IPX83ZU3Z610X107UXG6KQJU34HL',-9,'2002-11-25 04:10:20','1998-04-08 15:59:49'),('2COO3461WQSF',18599,2928,'43N5A59N3B6OPM1AWTQ665RPN',-21851,NULL,'','8H2V86HHG68OUGI7YJ20O2866D58J1B934450IZB',NULL,'RU00P72F','O91OX92432AH4','System.Byte[]','I7','System.Byte[]','920','1IZ877POG946LW882EN05Y701E6HW4GRNRUUTQ30I8Y3IM8Z93A9YZ0ITB89644116513ECLN49Q15Y1T7861Q423IMX452T33144P7F25J',-2378,'2012-09-04 22:11:33','2018-10-14 06:37:55'),('2GJK3Q70O4564',-26216,2620,'BJA4NZ1L4MW93JJYAJ374FV0T3F8E47149J01Q8K6WE',4792,'RYDBJ18TB22JA',NULL,NULL,'','P6HVIR1IF78WN457SZ3O28','9HX6A','System.Byte[]','J34','System.Byte[]','X79','75490U585VRZH',25615,'1993-05-01 06:43:43','1975-07-27 02:47:31'),('3',4151,6068,'39',181,'RH6SOZQ8ZRI648K7769','',NULL,'','1GX2T4FMM91YZN25571Z2ZEF7Y7438K2',NULL,'System.Byte[]','75','System.Byte[]',NULL,'9X1EID7MJYV1IH837124GQ2CGV90Y98938Y9KQVHE804P7Y63JZ0',6969,'1970-01-01 00:00:08','2011-06-19 20:03:58'),('36Z8D33UMV6',17262,989,'171',-25555,NULL,'05WKTW1ZQSG68LR0HC98B170UKW4','R219T655W','S3R7AZ11828C98ZQ8CN8YJ4NZFW4B7GI701Y0KHZDU05N26I','D6JR0AX3BY6B4Z21','F72C70',NULL,'1A26','System.Byte[]',NULL,'5MLCH45OEU16SWO8418F4L4549XE05Y0CEJTLRFU9U49FX92198W4S9DCZC214222H1P44VL6JK3E',6855,'1987-08-12 16:58:04','1970-01-01 00:00:10'),('37S5Q10V0N01265SF63V43X',-8142,-25910,'NX17LL6DV12E169DP4VU',-452,'4Z1EB5H9','N3G','97S63E1RK580C45YVFD44AA4H5Q0E5S10F4545WAP8GO9JETL8MHU1WD6430VV04Q6BPX93','','',NULL,'System.Byte[]','9XW','System.Byte[]','','92',-6678,'2019-02-26 17:51:59','2019-06-26 03:54:47'),('3J46P',32,-574,'OD38P2',1,'U65F6135U807','F5CM5R90717SMF3','GGQJ9I35D3131','RQ4RTHUN002XIZG904','783ZU8T2','FA31LHN7NRN6NJ1ZLBUMO7C117','System.Byte[]','474','System.Byte[]','EQ','O616T9Z01LQ2OJ1212G1039ER0KW2',5075,'2005-08-15 19:08:35','1970-01-01 01:35:49'),('49766W021140R4EDQ0EGS9',-8421,94,'JL91L2CKWI2L12519VP93CHHQ335SG4ER59PBHPB7N4AUGIXY061PC520Z5C85970P471CAC5RL82J1HDUKV30Z39HXS5HV60J',13189,'Z',NULL,'NB1A3BWYAURH5JT48WM7O6EF7A4T3S5O68KKW10IV6WT17FIE1MK1V1GF34',NULL,'73R44712509MCA1E7E965ER',NULL,'System.Byte[]','VU80I5',NULL,NULL,'R30MZB17HNA9MG5EG3O',-10556,'2000-07-23 04:10:48','1970-01-01 00:00:10'),('4J',-413,14523,'8B2HZDL75X67N41',30062,'32118KZ83','3TP93GX','65Z8XLM63292G4M991E34X63775','497G26V67O73T','LHJOOW971840E97B6LZ5EY38AA8B4P315XIL5GP530F','','System.Byte[]','07C026274Y7E8W7R','System.Byte[]','49','3KVV',8895,'1982-12-23 21:27:44','1987-06-01 04:51:56'),('52Q7R6TAO3P4MW4',NULL,-13727,'L04',-15185,'2P','','SS','17KX79O8NSED7B0507I49375F06N00919W','YS0BX4JD',NULL,'System.Byte[]',NULL,'System.Byte[]','D','5RG1D167241A3BA9IL98BDF4SQL78N13ZANL57BY7',16063,'1984-12-29 01:53:20','2001-07-22 08:55:22'),('5932',-5612,-1707,'83X62I96KX5',-14454,NULL,'F','3IJF','66L57YEJ92W7YPT1Q0IP4ON',NULL,'Z3O3T2GVP13WN','System.Byte[]','FZ','System.Byte[]','I','1NI84Q04L5948T64460754YBPO2K23B7L13R4YV84F14QT545D5C7F0AE8BZ0YC3MKRKE98DUFZNQ5P9B80OOVV0',28257,'1970-01-01 00:01:43','2015-08-11 12:01:58'),('5V02HSSD4',-30229,219,'5T0PY1M26Q87DQT3Q7HM5',-9,'U6B','757EPY4','6YMVHV32R7ROE2JA98Z6099UK273T','',NULL,NULL,NULL,'JE','System.Byte[]','7O87','VZ',-25031,'2007-11-15 14:40:28','1970-01-01 00:00:03'),('60N',21972,-28048,'WO44',12992,NULL,'V4YTSO9XBG2S9Z7N8T092','V99796R480U160X2DP687688XFN5585Z4W0A5NL55FXK7Q1SAN1','92P67YX60BW9BCJ923M62L3G1FS107XB','I7G90IYE91XX2723OR448XU8','3W1C8WI6JSX1367E090RVB4HS2105F','System.Byte[]','J34','System.Byte[]','5','8Y4ANT3VCR',-28533,'1974-02-01 12:00:38','1972-08-11 11:11:49'),('7',-26785,-3451,'74NT8FGCZ33',16936,'','S23E93WR6IJER0E6954C84H1QOTC28OLX2SP','','19KJ673N4IP751M5XB92K057ZSD0G9H6TN8O4VMG4TEY0IH5B48F2ZC2GMQ558','','3N4WV8QZ95CWDK188A944M4JNO0LWZLL7E5L',NULL,'M4','System.Byte[]','I','2G0862N5U9',9018,'1972-11-20 23:44:13','1992-10-25 20:51:32'),('782',-5360,-22401,'F6AP7BKBC712U9XI4122S9JA25G81PDYS129JSGNXD0IUPGK2925GZVNCLZ9D66U8A29SQ0TBJDF6359GKI9ODYJ102CXLR31MP4E6YEQ70',-26019,'0W0Q9','IJ87RT','861KO0878R0181','93DO44BFKJF7298518133AN13B6I3Z','','','System.Byte[]','V1N3','System.Byte[]','H','A46168OHBC2K',2377,'1970-01-01 01:08:59','1978-04-01 20:53:52'),('7B',-21069,-29690,'XTO7Z3043K1R78Q8DLVMJ4W',85,'Z','5QAS9E5','0K441V33I1PG7','5BYW6381YK8535RBZ0PFR9V786Q36D350B5560V6','7TAT4535V2MFI1GS5HS80D58Z8F6','','System.Byte[]','U41','System.Byte[]','8','F558U07UB0QCRVXVV0B4NZJM7G0B860JKW3B7SH9A03B465N1',667,'1984-05-08 11:34:12','2010-09-22 11:48:53'),('7IK7T5',NULL,3,'811PZCOI7BH1ROOZ3V732DE2X',6126,'A0J5P','8QQ3VXJF8CAD','3WZ3K2BAWB6FS774ZMCLI907UQ6CX9113J1M9P21VUXHF0WH51N',NULL,'PHZP23DOI5B876520M0Y40GZYGU72E9256',NULL,NULL,NULL,'System.Byte[]','7G','2G',6,'1970-07-30 12:14:57','1970-01-01 00:00:04'),('8S',5,16806,'B20AW4LAVB7NZ88A4EW61L57RRT4DK1HF6VFPN243039R24032',0,'1','20M6UB892L07W2P1','FW858L4K721EDVNBGL04Z5677KXB193D173S9647685LW2WUNBGB0D4JB90CG3QVDWCBE9J2Q05V0WT3S7UAZQB',NULL,'8KQT',NULL,'System.Byte[]','06P4','System.Byte[]',NULL,'09DS1JJ',-20344,'1970-01-01 00:00:06','2007-06-12 05:38:58'),('9O',-77,8650,'Y39O4ZQ0D3O63WE0W45VE6R96WJBR026HORT14KMXIAU9EZ',-27333,'X786','VZN2G76R986','',NULL,'7JV1G2K00I0D1X37O74LL63F915KMJ312Q6VA0YWN2398E753L6C7QQ0PQQOE05TMMS4VMS46V8080916',NULL,'System.Byte[]','G4M0','System.Byte[]','X','8FW1D49209B1G3EZD4389OG6TBSUM8E3G17821YQSK436',7,'1970-01-01 00:12:56','1971-09-01 19:40:38'),('A',-21318,-7049,'Z',18199,NULL,'VM3VICK8N39W4984QP0J2J3K0049IG','84RZBG3OX0E7DWU3H1R0NOPSWPS77H3JIWTLN0',NULL,'9ICD2QKJ46L2I460S8329O','','System.Byte[]','V1N3',NULL,'3ROA','9804TAN2S5',10411,'2004-12-04 17:55:38','1994-05-12 04:00:41'),('DHM8F5W',-17520,-24612,'',17357,'B90KB8R4V','48701','95RL13M946MJB','47807M953HWV27572JX867JI557N98K',NULL,'K82413','System.Byte[]','I0WHIO7S','System.Byte[]','','55942EBSL57SIEJN3359NK6AD9MIU21',-11180,'1992-11-18 17:07:19','1984-01-02 01:21:46'),('FVN',13416,-7158,'',-4411,NULL,NULL,'X3ZG54E4ZH6XV','L3O7H4QMBH07UWL4W2H1N728J84997HL3W44OI6BSLLEU7B3SD0V15N2L',NULL,'','System.Byte[]','S34I017R290M4UY','System.Byte[]','67','0FZW1W433GLT2',27945,'1970-01-01 01:33:33','1970-01-01 01:59:19'),('G6C',-9410,-32723,'SA',-10306,'75','BKH6N5CVO45T1BSC7864RJT23P4EA3M50E75PW01U2157DIVZ','7B8CPG19T8K8356Q9FE5AN7DB6NR296921V4X8DPEI508YB3PE',NULL,NULL,'','System.Byte[]','5W4CL4223',NULL,'BE','3H57GUIB6PS28P9AV796',10321,'1980-02-10 08:19:05','1970-05-01 04:58:09'),('GG',NULL,19728,'GBID14HGZ53CX3Z8',4,'303ZW7',NULL,'','1NODEGZ6ISN092O0L83B57IBBA8NUL2MV3XUTK5UXM50191T3JTF242IGGD476PU4','','5OU7SV94KDP7771Q1EB606','System.Byte[]',NULL,'System.Byte[]',NULL,'XT4PVMOP062O9DH54HNJQD1NI57ESA08487X4120412Z1I577823K650D3B4V111LIA90QGZ841HYPO34131A3XL1R87C6I5XY53E5',2844,'1974-07-20 10:12:44','2019-10-08 09:17:35'),('H',24067,32750,'ARN063RCA93F63IE90X066SPQRIGA0610C9867A8G945PV759B93983T123187844Y5R04F25QQ8OGE218UQ8963ZOG7E32A1XWTCXQLN59XU4',6,'0Z09EQ','9UAK2B08S44S597U','YLA0139S30XB93230CWO4C3O64013P403C1L23OH',NULL,'055BEQE202A8L2J1B76SP864IGH9I593032P5YDGCX53B57OXDIW663MJ1539O1IQ3R7RYVE7A0VJ4AER1XMRJ27C727SBH952E6GS8Z9O30RBN52R9AJ38T67U8U87I0S','OMUGR7YF1IZ5I','System.Byte[]','UIXN059MTLU','System.Byte[]','6PIJ','3Y7Z4B432GP6MOQDUBNL8ZNR3UN37AGQOH1',32607,'1984-02-22 20:27:33','2002-05-22 11:48:56'),('J',-29918,9096,'J76QXYO3D9AAR8X3M',-8273,'',NULL,NULL,'36X6R01','J48WCQD2NOBG50AR17AXFAT6IFKI81IKB3DF84N677L7B','HIOP6',NULL,'3','System.Byte[]','G','15',7,'2006-08-01 03:57:23','1970-01-01 00:01:31'),('JB4AK',1100,10183,'K9SP0ZEK9UI57S1',28843,'T4','191964JEJEC4IDLV0Y26H75K79C6OLGZ07',NULL,'WM3HKQ0F9FK392260AUE','G6IFUYL8WT16O','5','System.Byte[]','VU80I5','System.Byte[]','8','46',-18034,'1970-01-01 00:00:12','1977-11-06 22:29:40'),('JU',564,-28079,'NK2S72SWNHDV261KHFYE92MZ5T78KK6UB67I128PI759S2RL5LKRK3058KZ488F90O08NC211SJ747M2AJ1ZUO4D8N6X7GPLM1KB917J26',-17935,NULL,'DBR13','WY444468B3QVR005I83NDBDU937G86N5P877322K20DC1H348KA2WWAN26Y60046LU0LH82T842WEA8MEV7210NM73URKEEQG2B','I4432B232EXM734F00159VPB8773GZQHAD38K2YGEQ7F91U4DSQ9TCNDMNVS3AXQ149C0S80497TRE5',NULL,'9Z3WOFP8W2C4K69318EU90856ENTZ2FBKRYSXA1B','System.Byte[]','GD3428T1A','System.Byte[]','W','82C0NWX6J6Q9Z710BR8Z71E52ET59902TJ006SO453N5OY7BG2BPSW394LM',-2104,'2001-02-01 00:40:04','2011-03-16 00:36:36'),('KEB6',0,26376,'ZCOHV41MC3GOWNTM7KZ40H2L808VZ9452UZ9J2M',-6977,'Z8R7','1Q6890DEVJ6H',NULL,'PUAO93D2HCUKA7EMIL9L9V30697','','U',NULL,'7Q',NULL,'X10','7YQ14820WRO794I2PE4SW8Z4S1YO3163O1VD39Y1QJW87S26MMY41',4963,'1991-11-06 10:18:32','2006-05-05 12:16:50'),('L6V9',NULL,20345,'D3G83U',-25978,'',NULL,'486L2303TQKX9C7K71VC524197Q2O02H352864KQH7D2L8V3S06W55O9897DC4A9GM594B','','OL1P3R9CQV','C26D3H',NULL,NULL,NULL,'ZY7B4','7324FUZ24RCKCU54D284X6G1XG39X08Q6JQ2K7P1T6NLN2057USQP43',-23689,'1970-01-01 00:00:04','1976-08-11 16:10:47'),('MY',16058,8,'E',-20624,'4451','',NULL,'UW1A43F47445QC8O29N3ML212','E7L09KUH1IC7A3IIRE396S9','F378US2O18FJN6TY8DNZZQBI8N2XY9GN11DW43EEUP17V6F241USABGZ415664Q2D748',NULL,'JE',NULL,'006P','N8X33GTZKX26273585707MLZS8Y2I',-8,'2008-01-04 08:18:45','1970-01-01 00:00:09'),('O91623V433W7T6Z8',19,-4294,'88VA1848M895H36UPZV94B2SZQ590R8O0R3QZ1L6L4MP4Q8FQ29L1K2UH53I11GZ9F50941IM00Q69UI2GDSL9G8SA38X5YQZJGVQL5R5NL8K5790X74',14458,'MOT','','G8','2557D85UU','2F601OIEG77H3K9209K676BCDU2XY4HQ2G',NULL,'System.Byte[]','JE','System.Byte[]','','',-9274,'1970-01-01 01:29:21','1998-08-13 23:14:40'),('Q3',17815,11710,'932NX82Y04L755XL32182083DJ616L3KTR3T5W31S2GI2R',-32348,'EAGW5Q5N42P8G8R6A9',NULL,NULL,'438X466J','DPAFN494IGZ215I2011B550681D3ZDPW57Q32K31I','J29WF0DUP0738TK9E0EEH962TWLG','System.Byte[]','I7',NULL,'','3V33QR85U80KMI4SRH7C',-51,'1977-08-02 01:14:47','1982-10-19 20:05:04'),('Q3543L7Z55YU6',NULL,-1729,'R3G334328QNBZETBUH421R9L322XIUUNNV78U01GT91Z7P9N595GMF4664JYB60951IC1TOO235135A010SHP3AW2MO0D25',23952,'','JN5H7EIVP374A',NULL,'3EW72LF69JR1Q4Y06C062W177QNRH1J22JC37TB2PL953HC0I4DQY679','UZ336EQY823L8733FM3SGM9226262ZB','QM962J',NULL,'I0WHIO7S',NULL,'','8281GP4928J20F0X94K2U400CUF2BO54E80RH3ME1U8E',25525,'1970-01-01 00:14:26','2011-06-04 15:06:04'),('QP',7,-6672,'EZH34E',-17646,NULL,NULL,'','L4K9XSE','2L010','N8H21NT73274ZMVS','System.Byte[]','474','System.Byte[]','','0W3P94',-34,'1970-01-01 00:00:02','1990-01-25 11:58:01'),('QVMN1M',-2177,-578,'EH99VRN0X1KB3T7P6738AQ6P9BP9780Y0A4SJL',621,'MU1','5EM19Z7O7L80P42O29838H170FRS9ZW79302T3A4PO14KZ5J84Q8','6A6',NULL,'9PH1XJ9K523XO423DI9I3791M7EX6B9221260F3013Y3L295','UX1I8C7781VUS618CR236VFY78PPWR558XNJHTNDMX23177JB4E','System.Byte[]','O40','System.Byte[]','PX','B095RUQSZ0L501EWERB25UB883JI5AP7U4Q035H0SB7YVIM1OG40197M89JT2X',21747,'2011-10-31 14:21:31','1970-01-01 00:09:39'),('QZ',-5603,-7,'HT7K08T7YNVM3B0NNHT29IDP254XDZ469NJV8N0U5EP8E4SV9643263',-15198,NULL,'7R69OA4XPR4AF7C0GKEMQ7DW3E2FYUBX019KZWEENQOZ9Z1NF2EY9YSS38N9P96QW7197F67YMS25I55WI5R6504HVJ543766Z2XUJKN','1LMZV0W4K34N','',NULL,'0860Y1B3IOD9K5YCDZNSR9Y0KH07CV21458T','System.Byte[]','VU80I5','System.Byte[]','2827U','6C5D77LYRGTD551PG29603DIWO3CX07YCBAH8MBC2CA5Y6L',22980,'1975-12-24 06:10:50','1970-01-01 00:11:49'),('R76H7C3Q345N24U2CK0',-6994,20272,'7YSI46OH94365',7,'CB','4FG45735E175P4DJP05T2JDEJ13YVA385WXAFG9MSUR957503F','T71PDTOSGGVALNY0VLQRF5IKV5F7ZY63J','85312XSG6L3S45295SKXR4S3U9T6287NWU9089ZV3XSM0LV728UDB374M5SE073C019WWBX4RW0557G9F2HU','P344D2D83N61V1Z1OY1R68M6U35781Z4E0B5C2KD3573D98SDJ',NULL,'System.Byte[]','41PATXT0321IH0F9QA81CX1WA6G','System.Byte[]','','7',84,'1979-06-07 05:37:06','2002-07-15 00:30:47'),('SJ68T4TC',8721,-32067,'M2R3',16015,'TT','BB0X50M976W874WX58U8VA67DVNM1J58BD806DDV365149NJ0V','014JV6K9OR9Z4W5J9F5VQO987NXAPYS3DO','8SF7DJVPW7T66HMB9244C36',NULL,'','System.Byte[]','D80X','System.Byte[]','MC1','807QB3',-1653,'1998-09-11 04:22:04','1993-01-16 06:46:46'),('V45N',30724,20291,'1N9X0Y614JJGAF9F2X8731L7W0ZMGRSM6X2H2G0C',-545,'8T3O620832R2','57U4733X8',NULL,NULL,'','FSQBMKV','System.Byte[]','S','System.Byte[]','G','WIHW14AC42WOR3465F7T83318',27170,'2019-11-05 04:14:30','1988-03-02 02:00:10'),('V9J89Y19RU92EF39HN9S',-6530,-11784,'2GBC9X047D722A1L4X042Z7MI4S8HAV66J0FB4MN038BDGIY66C5KXBQPI86549II84R1GP0M89YS6IST5AP27JGI',14190,NULL,'6T6M80E2J49A7ECX76X5EF67N4','HWH2SA0455SP90NP3E24QFUDF','LWSGW5599JVQ15Z5J2Z2E6MQC361363O75ZT4VL2S3SU1O079J757KR2LM0FA3QO','','I6268HW','System.Byte[]','00A848KWUQ74','System.Byte[]','O','QQ92JR1CG8696SN2B2H9R8KA6KW9221VGXXW3R3',26695,'2018-02-24 16:00:18','1970-10-24 12:03:11'),('X4',2309,6427,'9C2X96973YZL7PL92CW7I9W94FUOG',-56,'','9M14','9MQXW587TP6CQYJ','','','B8C5B4ACP3SD66VK307LOIV712AS','System.Byte[]','75','System.Byte[]',NULL,'7154H21S00PI6WK70CI1PJC92810',-24023,'1991-10-19 00:51:58','1984-12-27 22:06:41'),('XA',-21810,-3762,'VPA8JJ64951ZT97R8U942T5036HI82559G2YDZO',1,'0','','GGHA4ZK8L365','Y6U8311RKC9HBPDD24J9A49X1J1S','','','System.Byte[]','FZ','System.Byte[]','','FCX4T',-1019,'2010-10-29 10:40:24','1970-01-01 01:02:43'),('Y307',-29977,-47,'1YJONWY4I406U44I158V39WZ1TY9H23',15055,'','BPPH97F097I3YUX4WW','445630PC9OJ7827966885MBYG548UOH9313R5MK6FIWPUQ7CCS401730IOP1S2JZA5','G60P3IY9ZN4R3Q5',NULL,'K6KJ18PSZL1MH96E13099UWUAGTV549WO4N72Y1K0T5L1AS4N8P721320TMD5T5X0Q302A4QQ5QX5FZ3OW2J37IFXPCR','System.Byte[]','75','System.Byte[]',NULL,'M632MP78X61B11NT8QTM',1526,'1998-03-19 14:50:33','1970-01-01 00:07:53'),('Z3C0B3ZX12E9ZY2',NULL,-355,'JON722X0',-22469,'',NULL,'WYU5RBPTRD65AV0Z30S9ENE12S7AXRSPZ7SFW6S','','D41LDP2D04T1KGNF5R68R60A6C2G0X3093SZM','9NP13GI3H1FN0VO407KU7RG5T34H7VM6F4R5YK1R','System.Byte[]','75',NULL,NULL,'W5OJ3OCD85K05J5QMH44G8F3I6BU3A9Z',391,'1970-01-01 00:00:09','1970-01-01 00:59:16');
/*!40000 ALTER TABLE `dotc_user` ENABLE KEYS */;
UNLOCK TABLES;

--
-- Dumping data for table `dotc_version`
--

LOCK TABLES `dotc_version` WRITE;
/*!40000 ALTER TABLE `dotc_version` DISABLE KEYS */;
INSERT INTO `dotc_version` VALUES ('099AL5N2DK05D9LS140B1J56DUYHSO8C4FP6','7V79DR'),('0DT865U78','3'),('0QO1AVR9KI8LP8MEAI6B6TT2LLM552G6Q1XB1E7G77616RLPVYPY35P9EH4912ZB','Q8'),('1','1'),('11WYZDEPPX4541D2LC7310PO89','0D'),('265SJ756S5M43M','T99G'),('329D6RZK5C14SA2','2JYG'),('35','7'),('3F','6K'),('3R8Y2W7562AG6M609M29H8LN9FEUDUZK',''),('438V','5'),('5Z8D6D44TUKY8779B',''),('6010036CQG','K12F2'),('6Z55Z335FQDPJ152P56907',''),('71','EL3452Y'),('71LY94DH2VWS4JMF88MKACB7ZV2G327ZJM78H807X900','XU09E4Z26W'),('767A8D19TX9H4DVKX07657HTJ609','JE'),('78PTZJM','536T4R'),('7IJZBVNJK4MPDU9D','33WM2'),('82784ZWZ579E','0VS9V4S'),('8ONYX736JD71K6PNR3SERNRZ38O','B9Z10640Q9'),('915U15V687N6Q6TNF55J1WXAYK6XDCNME8JDR67','Y9C01GL'),('96O9H','R5S'),('A2K064WFKAK2K1KGL882EM','D'),('A83MRA3YGTZK7LH8QMCPTT141F7A0398933574J439VT975QWZ728BNI3113617X','KB'),('A9X8RZ8LBXNU95D0XGZTAZF',''),('BK69061Z','BJRMIX'),('BV','A8GZ262N5X45GT4FWMVE'),('C24P17C','719L9'),('C7NZGB1','ZT0B08823MUD5935ZFY'),('EJH94624V1RAG89C','LM9'),('FF','GS880'),('GB','9KS'),('GM4D15S5001KM83QTR06T2MX73GH3823B24','493Z9L986V65A17V6ODU11G7'),('HC4PZ','6829910'),('HMK6FZ46NDBJZ9NZ13ZM50N0376P0HS356','3577470U7W8O7'),('IAYOL2WG8HN3I12','F26'),('JM2N6002SAN22538X5W9P0',''),('M90','I7S1'),('NWWRT32DKJ82N','8'),('PXC62UKG9NK58K01E99A6','VE607A'),('Q72RR0JRH',''),('QE5621V65039M453B5F4DWU9T792I04','20944SOO'),('RZQS7V3646135JB0IV5SX2T140DC1H3ZAQ5CUAKC6E92M7Y458H6JL48VBXU9','8HN'),('V141A1625W',''),('V79W5S7D27L15UH44T4G5ZK0SIIA',''),('VUY9DVM5B9068Y',''),('X6D5T5952RGJ','11SRO718DD1'),('Y633L0OR664U8Q7ADE2C237P8','9'),('YN0X77VT0R6619OGP8A591FQKRW85BB','');
/*!40000 ALTER TABLE `dotc_version` ENABLE KEYS */;
UNLOCK TABLES;
/*!40103 SET TIME_ZONE=@OLD_TIME_ZONE */;

/*!40101 SET SQL_MODE=@OLD_SQL_MODE */;
/*!40014 SET FOREIGN_KEY_CHECKS=@OLD_FOREIGN_KEY_CHECKS */;
/*!40014 SET UNIQUE_CHECKS=@OLD_UNIQUE_CHECKS */;
/*!40101 SET CHARACTER_SET_CLIENT=@OLD_CHARACTER_SET_CLIENT */;
/*!40101 SET CHARACTER_SET_RESULTS=@OLD_CHARACTER_SET_RESULTS */;
/*!40101 SET COLLATION_CONNECTION=@OLD_COLLATION_CONNECTION */;
/*!40111 SET SQL_NOTES=@OLD_SQL_NOTES */;

-- Dump completed on 2020-02-26 19:23:12
